field,job_category,job_id,job_name,middle_category,selected_skill,skill_name_ko,skill_description,why_learn,prerequisite,difficulty,relevance_type,learning_type,course_name,course_id,offering_id,provider,provider_type,course_description,curriculum_keywords,course_level,course_format,cost_type,support_type,location,duration,recruitment_period,training_period,target,certificate,url,source,source_type,verified_date,status,alternative_resource,recommended_learning_order,note,data_origin
개발·제작,기체·공력·구조·생산,DJ-019,고정익 무인기 기체개발 엔지니어,기체개발,고정익,고정익,"고정익은(는) 드론 기체의 공력·구조·설계·해석 업무에서 사용하는 도구·개념·절차입니다. 실제 직무에서는 설계, 운용, 분석 또는 의사결정 결과를 만드는 데 적용됩니다.",고정익 무인기 기체개발 엔지니어이(가) 고정익 무인기의 날개·동체·조종면 개발 업무를 수행할 때 고정익을(를) 이해하고 적용하기 위해 학습합니다.,기초 수학·물리와 공학 도면 이해,중급,PREREQUISITE,국비지원 직업훈련,드론 조립 및 분해(유지보수),AIG20250000516588,1063,신한글로벌인재교육원,직업훈련기관,소형무인기운용·조종 기반의 고용24 훈련과정입니다. 고정익 학습에는 과정명과의 직접 연관성에 따라 기초·포함·선수 경로로 연결했습니다.,소형무인기운용·조종; 정비; 유지보수; 조립,중급,오프라인,국비지원(일부 자부담 가능),고용24 직업훈련(국민내일배움카드 적용 여부는 과정 상세 확인),경기 의정부시,총 36시간,,2026-09-28~2026-10-06,국민내일배움카드(일반),수료 여부 과정별 확인,https://www.work24.go.kr/hr/a/a/3100/selectTracseDetl.do?tracseId=AIG20250000516588&tracseTme=3&crseTracseSe=C0061&trainstCstmrId=500020031915,고용24 훈련과정 상세,정부사이트,2026-09-28,현재 운영,,공학 기초 → CAD·해석 기초 → 기체 설계 실습 → 설계 검증 프로젝트,대시보드 원본 교육데이터(예정)를 Skill과 연결. relevance_type=PREREQUISITE.,dashboard C.html / Work24 원천 링크
개발·제작,기체·공력·구조·생산,DJ-019,고정익 무인기 기체개발 엔지니어,기체개발,공력,공력,"공력은(는) 드론 기체의 공력·구조·설계·해석 업무에서 사용하는 도구·개념·절차입니다. 실제 직무에서는 설계, 운용, 분석 또는 의사결정 결과를 만드는 데 적용됩니다.",고정익 무인기 기체개발 엔지니어이(가) 고정익 무인기의 날개·동체·조종면 개발 업무를 수행할 때 공력을(를) 이해하고 적용하기 위해 학습합니다.,기초 수학·물리와 공학 도면 이해,중급,PREREQUISITE,국비지원 직업훈련,드론 조립 및 분해(유지보수),AIG20250000516588,1063,신한글로벌인재교육원,직업훈련기관,소형무인기운용·조종 기반의 고용24 훈련과정입니다. 공력 학습에는 과정명과의 직접 연관성에 따라 기초·포함·선수 경로로 연결했습니다.,소형무인기운용·조종; 정비; 유지보수; 조립,중급,오프라인,국비지원(일부 자부담 가능),고용24 직업훈련(국민내일배움카드 적용 여부는 과정 상세 확인),경기 의정부시,총 36시간,,2026-09-28~2026-10-06,국민내일배움카드(일반),수료 여부 과정별 확인,https://www.work24.go.kr/hr/a/a/3100/selectTracseDetl.do?tracseId=AIG20250000516588&tracseTme=3&crseTracseSe=C0061&trainstCstmrId=500020031915,고용24 훈련과정 상세,정부사이트,2026-09-28,현재 운영,https://innovationspace.ansys.com/courses/academic-courses/?template=academic,공학 기초 → CAD·해석 기초 → 기체 설계 실습 → 설계 검증 프로젝트,대시보드 원본 교육데이터(예정)를 Skill과 연결. relevance_type=PREREQUISITE.,dashboard C.html / Work24 원천 링크
개발·제작,기체·공력·구조·생산,DJ-019,고정익 무인기 기체개발 엔지니어,기체개발,공력,공력,"공력은(는) 드론 기체의 공력·구조·설계·해석 업무에서 사용하는 도구·개념·절차입니다. 실제 직무에서는 설계, 운용, 분석 또는 의사결정 결과를 만드는 데 적용됩니다.",고정익 무인기 기체개발 엔지니어이(가) 고정익 무인기의 날개·동체·조종면 개발 업무를 수행할 때 공력을(를) 이해하고 적용하기 위해 학습합니다.,공학 수학·물리 기초,중급,INCLUDED,공식 튜토리얼·문서,Ansys Innovation Courses,ANSYS,,Ansys,기업 공식교육,유체·구조·열·전자기 물리와 Ansys 해석 워크플로를 무료 온라인 과정으로 학습합니다.,Ansys; CFD; Structural; Thermal; Electromagnetics; Simulation,초급~고급,온라인,무료,,온라인,자기주도 학습,상시,상시,대학생·취업준비생·재직자·일반인,완료 배지 과정 있음,https://innovationspace.ansys.com/courses/academic-courses/?template=academic,Ansys,기업·기관 공식사이트,2026-09-28,상시 운영,,물리 기초 → 해석 설정 → 메시·경계조건 → 결과 검증 → 드론 부품 적용,공식 제공기관이 운영하는 교육·튜토리얼·문서 기반 학습경로.,공식 웹사이트 직접 확인
개발·제작,기체·공력·구조·생산,DJ-019,고정익 무인기 기체개발 엔지니어,기체개발,복합재,복합재,"복합재은(는) 드론 기체의 공력·구조·설계·해석 업무에서 사용하는 도구·개념·절차입니다. 실제 직무에서는 설계, 운용, 분석 또는 의사결정 결과를 만드는 데 적용됩니다.",고정익 무인기 기체개발 엔지니어이(가) 고정익 무인기의 날개·동체·조종면 개발 업무를 수행할 때 복합재을(를) 이해하고 적용하기 위해 학습합니다.,기초 수학·물리와 공학 도면 이해,중급,PREREQUISITE,국비지원 직업훈련,드론 조립 및 분해(유지보수),AIG20250000516588,1063,신한글로벌인재교육원,직업훈련기관,소형무인기운용·조종 기반의 고용24 훈련과정입니다. 복합재 학습에는 과정명과의 직접 연관성에 따라 기초·포함·선수 경로로 연결했습니다.,소형무인기운용·조종; 정비; 유지보수; 조립,중급,오프라인,국비지원(일부 자부담 가능),고용24 직업훈련(국민내일배움카드 적용 여부는 과정 상세 확인),경기 의정부시,총 36시간,,2026-09-28~2026-10-06,국민내일배움카드(일반),수료 여부 과정별 확인,https://www.work24.go.kr/hr/a/a/3100/selectTracseDetl.do?tracseId=AIG20250000516588&tracseTme=3&crseTracseSe=C0061&trainstCstmrId=500020031915,고용24 훈련과정 상세,정부사이트,2026-09-28,현재 운영,,공학 기초 → CAD·해석 기초 → 기체 설계 실습 → 설계 검증 프로젝트,대시보드 원본 교육데이터(예정)를 Skill과 연결. relevance_type=PREREQUISITE.,dashboard C.html / Work24 원천 링크
개발·제작,기체·공력·구조·생산,DJ-011,드론 개념·형상설계 엔지니어,기체개발,CAD,컴퓨터 지원 설계,"컴퓨터 지원 설계은(는) 드론 기체의 공력·구조·설계·해석 업무에서 사용하는 도구·개념·절차입니다. 실제 직무에서는 설계, 운용, 분석 또는 의사결정 결과를 만드는 데 적용됩니다.",드론 개념·형상설계 엔지니어이(가) 임무 요구에 맞는 기체 형상과 주요 치수 설계 업무를 수행할 때 CAD을(를) 이해하고 적용하기 위해 학습합니다.,기초 수학·물리와 공학 도면 이해,입문~초급,INCLUDED,국비지원 직업훈련,드론 조립 및 분해(유지보수),AIG20250000516588,1063,신한글로벌인재교육원,직업훈련기관,소형무인기운용·조종 기반의 고용24 훈련과정입니다. CAD 학습에는 과정명과의 직접 연관성에 따라 기초·포함·선수 경로로 연결했습니다.,소형무인기운용·조종; 정비; 유지보수; 조립,입문~초급,오프라인,국비지원(일부 자부담 가능),고용24 직업훈련(국민내일배움카드 적용 여부는 과정 상세 확인),경기 의정부시,총 36시간,,2026-09-28~2026-10-06,국민내일배움카드(일반),수료 여부 과정별 확인,https://www.work24.go.kr/hr/a/a/3100/selectTracseDetl.do?tracseId=AIG20250000516588&tracseTme=3&crseTracseSe=C0061&trainstCstmrId=500020031915,고용24 훈련과정 상세,정부사이트,2026-09-28,현재 운영,https://www.autodesk.com/learn/ondemand/collection/intro-to-cad-cam,공학 기초 → CAD·해석 기초 → 기체 설계 실습 → 설계 검증 프로젝트,대시보드 원본 교육데이터(예정)를 Skill과 연결. relevance_type=INCLUDED.,dashboard C.html / Work24 원천 링크
개발·제작,기체·공력·구조·생산,DJ-011,드론 개념·형상설계 엔지니어,기체개발,CAD,컴퓨터 지원 설계,"컴퓨터 지원 설계은(는) 드론 기체의 공력·구조·설계·해석 업무에서 사용하는 도구·개념·절차입니다. 실제 직무에서는 설계, 운용, 분석 또는 의사결정 결과를 만드는 데 적용됩니다.",드론 개념·형상설계 엔지니어이(가) 임무 요구에 맞는 기체 형상과 주요 치수 설계 업무를 수행할 때 CAD을(를) 이해하고 적용하기 위해 학습합니다.,기계 도면과 컴퓨터 사용 기초,입문~초급,INCLUDED,공식 튜토리얼·문서,Introduction to CAD/CAM,AUTODESK-CADCAM,,Autodesk,기업 공식교육,"Fusion 기반 스케치·3D 모델링, CAM 공정과 CNC 가공의 기초를 프로젝트로 학습합니다.",CAD; CAM; 3D Modeling; CNC; Manufacturing,입문~중급,온라인,무료,,온라인,자기주도 학습,상시,상시,대학생·취업준비생·재직자·일반인,과정별 확인,https://www.autodesk.com/learn/ondemand/collection/intro-to-cad-cam,Autodesk,기업·기관 공식사이트,2026-09-28,상시 운영,,스케치 → 3D 모델 → 도면 → CAM → 가공 프로젝트,공식 제공기관이 운영하는 교육·튜토리얼·문서 기반 학습경로.,공식 웹사이트 직접 확인
개발·제작,기체·공력·구조·생산,DJ-011,드론 개념·형상설계 엔지니어,기체개발,중량추정,중량추정,"중량추정은(는) 드론 기체의 공력·구조·설계·해석 업무에서 사용하는 도구·개념·절차입니다. 실제 직무에서는 설계, 운용, 분석 또는 의사결정 결과를 만드는 데 적용됩니다.",드론 개념·형상설계 엔지니어이(가) 임무 요구에 맞는 기체 형상과 주요 치수 설계 업무를 수행할 때 중량추정을(를) 이해하고 적용하기 위해 학습합니다.,기초 수학·물리와 공학 도면 이해,중급,PREREQUISITE,국비지원 직업훈련,드론 조립 및 분해(유지보수),AIG20250000516588,1063,신한글로벌인재교육원,직업훈련기관,소형무인기운용·조종 기반의 고용24 훈련과정입니다. 중량추정 학습에는 과정명과의 직접 연관성에 따라 기초·포함·선수 경로로 연결했습니다.,소형무인기운용·조종; 정비; 유지보수; 조립,중급,오프라인,국비지원(일부 자부담 가능),고용24 직업훈련(국민내일배움카드 적용 여부는 과정 상세 확인),경기 의정부시,총 36시간,,2026-09-28~2026-10-06,국민내일배움카드(일반),수료 여부 과정별 확인,https://www.work24.go.kr/hr/a/a/3100/selectTracseDetl.do?tracseId=AIG20250000516588&tracseTme=3&crseTracseSe=C0061&trainstCstmrId=500020031915,고용24 훈련과정 상세,정부사이트,2026-09-28,현재 운영,,공학 기초 → CAD·해석 기초 → 기체 설계 실습 → 설계 검증 프로젝트,대시보드 원본 교육데이터(예정)를 Skill과 연결. relevance_type=PREREQUISITE.,dashboard C.html / Work24 원천 링크
개발·제작,기체·공력·구조·생산,DJ-011,드론 개념·형상설계 엔지니어,기체개발,항공역학,항공역학,"항공역학은(는) 드론 기체의 공력·구조·설계·해석 업무에서 사용하는 도구·개념·절차입니다. 실제 직무에서는 설계, 운용, 분석 또는 의사결정 결과를 만드는 데 적용됩니다.",드론 개념·형상설계 엔지니어이(가) 임무 요구에 맞는 기체 형상과 주요 치수 설계 업무를 수행할 때 항공역학을(를) 이해하고 적용하기 위해 학습합니다.,기초 수학·물리와 공학 도면 이해,중급,PREREQUISITE,국비지원 직업훈련,드론 조립 및 분해(유지보수),AIG20250000516588,1063,신한글로벌인재교육원,직업훈련기관,소형무인기운용·조종 기반의 고용24 훈련과정입니다. 항공역학 학습에는 과정명과의 직접 연관성에 따라 기초·포함·선수 경로로 연결했습니다.,소형무인기운용·조종; 정비; 유지보수; 조립,중급,오프라인,국비지원(일부 자부담 가능),고용24 직업훈련(국민내일배움카드 적용 여부는 과정 상세 확인),경기 의정부시,총 36시간,,2026-09-28~2026-10-06,국민내일배움카드(일반),수료 여부 과정별 확인,https://www.work24.go.kr/hr/a/a/3100/selectTracseDetl.do?tracseId=AIG20250000516588&tracseTme=3&crseTracseSe=C0061&trainstCstmrId=500020031915,고용24 훈련과정 상세,정부사이트,2026-09-28,현재 운영,https://innovationspace.ansys.com/courses/academic-courses/?template=academic,공학 기초 → CAD·해석 기초 → 기체 설계 실습 → 설계 검증 프로젝트,대시보드 원본 교육데이터(예정)를 Skill과 연결. relevance_type=PREREQUISITE.,dashboard C.html / Work24 원천 링크
개발·제작,기체·공력·구조·생산,DJ-011,드론 개념·형상설계 엔지니어,기체개발,항공역학,항공역학,"항공역학은(는) 드론 기체의 공력·구조·설계·해석 업무에서 사용하는 도구·개념·절차입니다. 실제 직무에서는 설계, 운용, 분석 또는 의사결정 결과를 만드는 데 적용됩니다.",드론 개념·형상설계 엔지니어이(가) 임무 요구에 맞는 기체 형상과 주요 치수 설계 업무를 수행할 때 항공역학을(를) 이해하고 적용하기 위해 학습합니다.,공학 수학·물리 기초,중급,INCLUDED,공식 튜토리얼·문서,Ansys Innovation Courses,ANSYS,,Ansys,기업 공식교육,유체·구조·열·전자기 물리와 Ansys 해석 워크플로를 무료 온라인 과정으로 학습합니다.,Ansys; CFD; Structural; Thermal; Electromagnetics; Simulation,초급~고급,온라인,무료,,온라인,자기주도 학습,상시,상시,대학생·취업준비생·재직자·일반인,완료 배지 과정 있음,https://innovationspace.ansys.com/courses/academic-courses/?template=academic,Ansys,기업·기관 공식사이트,2026-09-28,상시 운영,,물리 기초 → 해석 설정 → 메시·경계조건 → 결과 검증 → 드론 부품 적용,공식 제공기관이 운영하는 교육·튜토리얼·문서 기반 학습경로.,공식 웹사이트 직접 확인
개발·제작,기체·공력·구조·생산,DJ-012,드론 공력설계 엔지니어,기체개발,CFD,전산유체역학,"전산유체역학은(는) 드론 기체의 공력·구조·설계·해석 업무에서 사용하는 도구·개념·절차입니다. 실제 직무에서는 설계, 운용, 분석 또는 의사결정 결과를 만드는 데 적용됩니다.",드론 공력설계 엔지니어이(가) 날개·동체·로터의 공력 설계와 해석 업무를 수행할 때 CFD을(를) 이해하고 적용하기 위해 학습합니다.,기초 수학·물리와 공학 도면 이해,고급,PREREQUISITE,국비지원 직업훈련,드론 조립 및 분해(유지보수),AIG20250000516588,1063,신한글로벌인재교육원,직업훈련기관,소형무인기운용·조종 기반의 고용24 훈련과정입니다. CFD 학습에는 과정명과의 직접 연관성에 따라 기초·포함·선수 경로로 연결했습니다.,소형무인기운용·조종; 정비; 유지보수; 조립,고급,오프라인,국비지원(일부 자부담 가능),고용24 직업훈련(국민내일배움카드 적용 여부는 과정 상세 확인),경기 의정부시,총 36시간,,2026-09-28~2026-10-06,국민내일배움카드(일반),수료 여부 과정별 확인,https://www.work24.go.kr/hr/a/a/3100/selectTracseDetl.do?tracseId=AIG20250000516588&tracseTme=3&crseTracseSe=C0061&trainstCstmrId=500020031915,고용24 훈련과정 상세,정부사이트,2026-09-28,현재 운영,https://innovationspace.ansys.com/courses/academic-courses/?template=academic,공학 기초 → CAD·해석 기초 → 기체 설계 실습 → 설계 검증 프로젝트,대시보드 원본 교육데이터(예정)를 Skill과 연결. relevance_type=PREREQUISITE.,dashboard C.html / Work24 원천 링크
개발·제작,기체·공력·구조·생산,DJ-012,드론 공력설계 엔지니어,기체개발,CFD,전산유체역학,"전산유체역학은(는) 드론 기체의 공력·구조·설계·해석 업무에서 사용하는 도구·개념·절차입니다. 실제 직무에서는 설계, 운용, 분석 또는 의사결정 결과를 만드는 데 적용됩니다.",드론 공력설계 엔지니어이(가) 날개·동체·로터의 공력 설계와 해석 업무를 수행할 때 CFD을(를) 이해하고 적용하기 위해 학습합니다.,공학 수학·물리 기초,고급,INCLUDED,공식 튜토리얼·문서,Ansys Innovation Courses,ANSYS,,Ansys,기업 공식교육,유체·구조·열·전자기 물리와 Ansys 해석 워크플로를 무료 온라인 과정으로 학습합니다.,Ansys; CFD; Structural; Thermal; Electromagnetics; Simulation,초급~고급,온라인,무료,,온라인,자기주도 학습,상시,상시,대학생·취업준비생·재직자·일반인,완료 배지 과정 있음,https://innovationspace.ansys.com/courses/academic-courses/?template=academic,Ansys,기업·기관 공식사이트,2026-09-28,상시 운영,,물리 기초 → 해석 설정 → 메시·경계조건 → 결과 검증 → 드론 부품 적용,공식 제공기관이 운영하는 교육·튜토리얼·문서 기반 학습경로.,공식 웹사이트 직접 확인
개발·제작,기체·공력·구조·생산,DJ-012,드론 공력설계 엔지니어,기체개발,풍동시험,풍동시험,"풍동시험은(는) 드론 기체의 공력·구조·설계·해석 업무에서 사용하는 도구·개념·절차입니다. 실제 직무에서는 설계, 운용, 분석 또는 의사결정 결과를 만드는 데 적용됩니다.",드론 공력설계 엔지니어이(가) 날개·동체·로터의 공력 설계와 해석 업무를 수행할 때 풍동시험을(를) 이해하고 적용하기 위해 학습합니다.,기초 수학·물리와 공학 도면 이해,중급,PREREQUISITE,국비지원 직업훈련,드론 조립 및 분해(유지보수),AIG20250000516588,1063,신한글로벌인재교육원,직업훈련기관,소형무인기운용·조종 기반의 고용24 훈련과정입니다. 풍동시험 학습에는 과정명과의 직접 연관성에 따라 기초·포함·선수 경로로 연결했습니다.,소형무인기운용·조종; 정비; 유지보수; 조립,중급,오프라인,국비지원(일부 자부담 가능),고용24 직업훈련(국민내일배움카드 적용 여부는 과정 상세 확인),경기 의정부시,총 36시간,,2026-09-28~2026-10-06,국민내일배움카드(일반),수료 여부 과정별 확인,https://www.work24.go.kr/hr/a/a/3100/selectTracseDetl.do?tracseId=AIG20250000516588&tracseTme=3&crseTracseSe=C0061&trainstCstmrId=500020031915,고용24 훈련과정 상세,정부사이트,2026-09-28,현재 운영,,공학 기초 → CAD·해석 기초 → 기체 설계 실습 → 설계 검증 프로젝트,대시보드 원본 교육데이터(예정)를 Skill과 연결. relevance_type=PREREQUISITE.,dashboard C.html / Work24 원천 링크
개발·제작,기체·공력·구조·생산,DJ-012,드론 공력설계 엔지니어,기체개발,항공역학,항공역학,"항공역학은(는) 드론 기체의 공력·구조·설계·해석 업무에서 사용하는 도구·개념·절차입니다. 실제 직무에서는 설계, 운용, 분석 또는 의사결정 결과를 만드는 데 적용됩니다.",드론 공력설계 엔지니어이(가) 날개·동체·로터의 공력 설계와 해석 업무를 수행할 때 항공역학을(를) 이해하고 적용하기 위해 학습합니다.,기초 수학·물리와 공학 도면 이해,중급,PREREQUISITE,국비지원 직업훈련,드론 조립 및 분해(유지보수),AIG20250000516588,1063,신한글로벌인재교육원,직업훈련기관,소형무인기운용·조종 기반의 고용24 훈련과정입니다. 항공역학 학습에는 과정명과의 직접 연관성에 따라 기초·포함·선수 경로로 연결했습니다.,소형무인기운용·조종; 정비; 유지보수; 조립,중급,오프라인,국비지원(일부 자부담 가능),고용24 직업훈련(국민내일배움카드 적용 여부는 과정 상세 확인),경기 의정부시,총 36시간,,2026-09-28~2026-10-06,국민내일배움카드(일반),수료 여부 과정별 확인,https://www.work24.go.kr/hr/a/a/3100/selectTracseDetl.do?tracseId=AIG20250000516588&tracseTme=3&crseTracseSe=C0061&trainstCstmrId=500020031915,고용24 훈련과정 상세,정부사이트,2026-09-28,현재 운영,https://innovationspace.ansys.com/courses/academic-courses/?template=academic,공학 기초 → CAD·해석 기초 → 기체 설계 실습 → 설계 검증 프로젝트,대시보드 원본 교육데이터(예정)를 Skill과 연결. relevance_type=PREREQUISITE.,dashboard C.html / Work24 원천 링크
개발·제작,기체·공력·구조·생산,DJ-012,드론 공력설계 엔지니어,기체개발,항공역학,항공역학,"항공역학은(는) 드론 기체의 공력·구조·설계·해석 업무에서 사용하는 도구·개념·절차입니다. 실제 직무에서는 설계, 운용, 분석 또는 의사결정 결과를 만드는 데 적용됩니다.",드론 공력설계 엔지니어이(가) 날개·동체·로터의 공력 설계와 해석 업무를 수행할 때 항공역학을(를) 이해하고 적용하기 위해 학습합니다.,공학 수학·물리 기초,중급,INCLUDED,공식 튜토리얼·문서,Ansys Innovation Courses,ANSYS,,Ansys,기업 공식교육,유체·구조·열·전자기 물리와 Ansys 해석 워크플로를 무료 온라인 과정으로 학습합니다.,Ansys; CFD; Structural; Thermal; Electromagnetics; Simulation,초급~고급,온라인,무료,,온라인,자기주도 학습,상시,상시,대학생·취업준비생·재직자·일반인,완료 배지 과정 있음,https://innovationspace.ansys.com/courses/academic-courses/?template=academic,Ansys,기업·기관 공식사이트,2026-09-28,상시 운영,,물리 기초 → 해석 설정 → 메시·경계조건 → 결과 검증 → 드론 부품 적용,공식 제공기관이 운영하는 교육·튜토리얼·문서 기반 학습경로.,공식 웹사이트 직접 확인
개발·제작,기체·공력·구조·생산,DJ-017,드론 기구설계 엔지니어,기체개발,3D CAD,3차원 컴퓨터 지원 설계,"3차원 컴퓨터 지원 설계은(는) 드론 기체의 공력·구조·설계·해석 업무에서 사용하는 도구·개념·절차입니다. 실제 직무에서는 설계, 운용, 분석 또는 의사결정 결과를 만드는 데 적용됩니다.",드론 기구설계 엔지니어이(가) 프레임·암·마운트·짐벌 기구 설계 업무를 수행할 때 3D CAD을(를) 이해하고 적용하기 위해 학습합니다.,기초 수학·물리와 공학 도면 이해,중급,INCLUDED,국비지원 직업훈련,"자율비행 드론 설계 및 제작(솔리드웍스,카티아,3D프린터,제어)",AIG20240000498076,1056,글로벌산업기술교육원,직업훈련기관,소형무인기비행체개발 기반의 고용24 훈련과정입니다. 3D CAD 학습에는 과정명과의 직접 연관성에 따라 기초·포함·선수 경로로 연결했습니다.,소형무인기비행체개발; 측량; 3D; 맵핑,중급,오프라인,국비지원(일부 자부담 가능),고용24 직업훈련(국민내일배움카드 적용 여부는 과정 상세 확인),서울 금천구,"총 1,000시간",,2026-09-28~2027-03-30,K-디지털 트레이닝,수료 여부 과정별 확인,https://www.work24.go.kr/hr/a/a/3100/selectTracseDetl.do?tracseId=AIG20240000498076&tracseTme=9&crseTracseSe=C0061&trainstCstmrId=500020021390,고용24 훈련과정 상세,정부사이트,2026-09-28,현재 운영,https://www.autodesk.com/learn/ondemand/collection/intro-to-cad-cam,공학 기초 → CAD·해석 기초 → 기체 설계 실습 → 설계 검증 프로젝트,대시보드 원본 교육데이터(예정)를 Skill과 연결. relevance_type=INCLUDED.,dashboard C.html / Work24 원천 링크
개발·제작,기체·공력·구조·생산,DJ-017,드론 기구설계 엔지니어,기체개발,3D CAD,3차원 컴퓨터 지원 설계,"3차원 컴퓨터 지원 설계은(는) 드론 기체의 공력·구조·설계·해석 업무에서 사용하는 도구·개념·절차입니다. 실제 직무에서는 설계, 운용, 분석 또는 의사결정 결과를 만드는 데 적용됩니다.",드론 기구설계 엔지니어이(가) 프레임·암·마운트·짐벌 기구 설계 업무를 수행할 때 3D CAD을(를) 이해하고 적용하기 위해 학습합니다.,기계 도면과 컴퓨터 사용 기초,중급,INCLUDED,공식 튜토리얼·문서,Introduction to CAD/CAM,AUTODESK-CADCAM,,Autodesk,기업 공식교육,"Fusion 기반 스케치·3D 모델링, CAM 공정과 CNC 가공의 기초를 프로젝트로 학습합니다.",CAD; CAM; 3D Modeling; CNC; Manufacturing,입문~중급,온라인,무료,,온라인,자기주도 학습,상시,상시,대학생·취업준비생·재직자·일반인,과정별 확인,https://www.autodesk.com/learn/ondemand/collection/intro-to-cad-cam,Autodesk,기업·기관 공식사이트,2026-09-28,상시 운영,,스케치 → 3D 모델 → 도면 → CAM → 가공 프로젝트,공식 제공기관이 운영하는 교육·튜토리얼·문서 기반 학습경로.,공식 웹사이트 직접 확인
개발·제작,기체·공력·구조·생산,DJ-017,드론 기구설계 엔지니어,기체개발,공차,공차,"공차은(는) 드론 기체의 공력·구조·설계·해석 업무에서 사용하는 도구·개념·절차입니다. 실제 직무에서는 설계, 운용, 분석 또는 의사결정 결과를 만드는 데 적용됩니다.",드론 기구설계 엔지니어이(가) 프레임·암·마운트·짐벌 기구 설계 업무를 수행할 때 공차을(를) 이해하고 적용하기 위해 학습합니다.,기초 수학·물리와 공학 도면 이해,중급,PREREQUISITE,국비지원 직업훈련,드론 조립 및 분해(유지보수),AIG20250000516588,1063,신한글로벌인재교육원,직업훈련기관,소형무인기운용·조종 기반의 고용24 훈련과정입니다. 공차 학습에는 과정명과의 직접 연관성에 따라 기초·포함·선수 경로로 연결했습니다.,소형무인기운용·조종; 정비; 유지보수; 조립,중급,오프라인,국비지원(일부 자부담 가능),고용24 직업훈련(국민내일배움카드 적용 여부는 과정 상세 확인),경기 의정부시,총 36시간,,2026-09-28~2026-10-06,국민내일배움카드(일반),수료 여부 과정별 확인,https://www.work24.go.kr/hr/a/a/3100/selectTracseDetl.do?tracseId=AIG20250000516588&tracseTme=3&crseTracseSe=C0061&trainstCstmrId=500020031915,고용24 훈련과정 상세,정부사이트,2026-09-28,현재 운영,https://www.autodesk.com/learn/ondemand/collection/intro-to-cad-cam,공학 기초 → CAD·해석 기초 → 기체 설계 실습 → 설계 검증 프로젝트,대시보드 원본 교육데이터(예정)를 Skill과 연결. relevance_type=PREREQUISITE.,dashboard C.html / Work24 원천 링크
개발·제작,기체·공력·구조·생산,DJ-017,드론 기구설계 엔지니어,기체개발,공차,공차,"공차은(는) 드론 기체의 공력·구조·설계·해석 업무에서 사용하는 도구·개념·절차입니다. 실제 직무에서는 설계, 운용, 분석 또는 의사결정 결과를 만드는 데 적용됩니다.",드론 기구설계 엔지니어이(가) 프레임·암·마운트·짐벌 기구 설계 업무를 수행할 때 공차을(를) 이해하고 적용하기 위해 학습합니다.,기계 도면과 컴퓨터 사용 기초,중급,INCLUDED,공식 튜토리얼·문서,Introduction to CAD/CAM,AUTODESK-CADCAM,,Autodesk,기업 공식교육,"Fusion 기반 스케치·3D 모델링, CAM 공정과 CNC 가공의 기초를 프로젝트로 학습합니다.",CAD; CAM; 3D Modeling; CNC; Manufacturing,입문~중급,온라인,무료,,온라인,자기주도 학습,상시,상시,대학생·취업준비생·재직자·일반인,과정별 확인,https://www.autodesk.com/learn/ondemand/collection/intro-to-cad-cam,Autodesk,기업·기관 공식사이트,2026-09-28,상시 운영,,스케치 → 3D 모델 → 도면 → CAM → 가공 프로젝트,공식 제공기관이 운영하는 교육·튜토리얼·문서 기반 학습경로.,공식 웹사이트 직접 확인
개발·제작,기체·공력·구조·생산,DJ-017,드론 기구설계 엔지니어,기체개발,기구설계,기구설계,"기구설계은(는) 드론 기체의 공력·구조·설계·해석 업무에서 사용하는 도구·개념·절차입니다. 실제 직무에서는 설계, 운용, 분석 또는 의사결정 결과를 만드는 데 적용됩니다.",드론 기구설계 엔지니어이(가) 프레임·암·마운트·짐벌 기구 설계 업무를 수행할 때 기구설계을(를) 이해하고 적용하기 위해 학습합니다.,기초 수학·물리와 공학 도면 이해,중급,PREREQUISITE,국비지원 직업훈련,드론 조립 및 분해(유지보수),AIG20250000516588,1063,신한글로벌인재교육원,직업훈련기관,소형무인기운용·조종 기반의 고용24 훈련과정입니다. 기구설계 학습에는 과정명과의 직접 연관성에 따라 기초·포함·선수 경로로 연결했습니다.,소형무인기운용·조종; 정비; 유지보수; 조립,중급,오프라인,국비지원(일부 자부담 가능),고용24 직업훈련(국민내일배움카드 적용 여부는 과정 상세 확인),경기 의정부시,총 36시간,,2026-09-28~2026-10-06,국민내일배움카드(일반),수료 여부 과정별 확인,https://www.work24.go.kr/hr/a/a/3100/selectTracseDetl.do?tracseId=AIG20250000516588&tracseTme=3&crseTracseSe=C0061&trainstCstmrId=500020031915,고용24 훈련과정 상세,정부사이트,2026-09-28,현재 운영,https://www.autodesk.com/learn/ondemand/collection/intro-to-cad-cam,공학 기초 → CAD·해석 기초 → 기체 설계 실습 → 설계 검증 프로젝트,대시보드 원본 교육데이터(예정)를 Skill과 연결. relevance_type=PREREQUISITE.,dashboard C.html / Work24 원천 링크
개발·제작,기체·공력·구조·생산,DJ-017,드론 기구설계 엔지니어,기체개발,기구설계,기구설계,"기구설계은(는) 드론 기체의 공력·구조·설계·해석 업무에서 사용하는 도구·개념·절차입니다. 실제 직무에서는 설계, 운용, 분석 또는 의사결정 결과를 만드는 데 적용됩니다.",드론 기구설계 엔지니어이(가) 프레임·암·마운트·짐벌 기구 설계 업무를 수행할 때 기구설계을(를) 이해하고 적용하기 위해 학습합니다.,기계 도면과 컴퓨터 사용 기초,중급,INCLUDED,공식 튜토리얼·문서,Introduction to CAD/CAM,AUTODESK-CADCAM,,Autodesk,기업 공식교육,"Fusion 기반 스케치·3D 모델링, CAM 공정과 CNC 가공의 기초를 프로젝트로 학습합니다.",CAD; CAM; 3D Modeling; CNC; Manufacturing,입문~중급,온라인,무료,,온라인,자기주도 학습,상시,상시,대학생·취업준비생·재직자·일반인,과정별 확인,https://www.autodesk.com/learn/ondemand/collection/intro-to-cad-cam,Autodesk,기업·기관 공식사이트,2026-09-28,상시 운영,,스케치 → 3D 모델 → 도면 → CAM → 가공 프로젝트,공식 제공기관이 운영하는 교육·튜토리얼·문서 기반 학습경로.,공식 웹사이트 직접 확인
개발·제작,기체·공력·구조·생산,DJ-023,드론 랜딩기어·전개기구 설계자,기체개발,CAD,컴퓨터 지원 설계,"컴퓨터 지원 설계은(는) 드론 기체의 공력·구조·설계·해석 업무에서 사용하는 도구·개념·절차입니다. 실제 직무에서는 설계, 운용, 분석 또는 의사결정 결과를 만드는 데 적용됩니다.",드론 랜딩기어·전개기구 설계자이(가) 착륙장치·폴딩암·투하장치 등 작동기구 설계 업무를 수행할 때 CAD을(를) 이해하고 적용하기 위해 학습합니다.,기초 수학·물리와 공학 도면 이해,입문~초급,INCLUDED,국비지원 직업훈련,드론 조립 및 분해(유지보수),AIG20250000516588,1063,신한글로벌인재교육원,직업훈련기관,소형무인기운용·조종 기반의 고용24 훈련과정입니다. CAD 학습에는 과정명과의 직접 연관성에 따라 기초·포함·선수 경로로 연결했습니다.,소형무인기운용·조종; 정비; 유지보수; 조립,입문~초급,오프라인,국비지원(일부 자부담 가능),고용24 직업훈련(국민내일배움카드 적용 여부는 과정 상세 확인),경기 의정부시,총 36시간,,2026-09-28~2026-10-06,국민내일배움카드(일반),수료 여부 과정별 확인,https://www.work24.go.kr/hr/a/a/3100/selectTracseDetl.do?tracseId=AIG20250000516588&tracseTme=3&crseTracseSe=C0061&trainstCstmrId=500020031915,고용24 훈련과정 상세,정부사이트,2026-09-28,현재 운영,https://www.autodesk.com/learn/ondemand/collection/intro-to-cad-cam,공학 기초 → CAD·해석 기초 → 기체 설계 실습 → 설계 검증 프로젝트,대시보드 원본 교육데이터(예정)를 Skill과 연결. relevance_type=INCLUDED.,dashboard C.html / Work24 원천 링크
개발·제작,기체·공력·구조·생산,DJ-023,드론 랜딩기어·전개기구 설계자,기체개발,CAD,컴퓨터 지원 설계,"컴퓨터 지원 설계은(는) 드론 기체의 공력·구조·설계·해석 업무에서 사용하는 도구·개념·절차입니다. 실제 직무에서는 설계, 운용, 분석 또는 의사결정 결과를 만드는 데 적용됩니다.",드론 랜딩기어·전개기구 설계자이(가) 착륙장치·폴딩암·투하장치 등 작동기구 설계 업무를 수행할 때 CAD을(를) 이해하고 적용하기 위해 학습합니다.,기계 도면과 컴퓨터 사용 기초,입문~초급,INCLUDED,공식 튜토리얼·문서,Introduction to CAD/CAM,AUTODESK-CADCAM,,Autodesk,기업 공식교육,"Fusion 기반 스케치·3D 모델링, CAM 공정과 CNC 가공의 기초를 프로젝트로 학습합니다.",CAD; CAM; 3D Modeling; CNC; Manufacturing,입문~중급,온라인,무료,,온라인,자기주도 학습,상시,상시,대학생·취업준비생·재직자·일반인,과정별 확인,https://www.autodesk.com/learn/ondemand/collection/intro-to-cad-cam,Autodesk,기업·기관 공식사이트,2026-09-28,상시 운영,,스케치 → 3D 모델 → 도면 → CAM → 가공 프로젝트,공식 제공기관이 운영하는 교육·튜토리얼·문서 기반 학습경로.,공식 웹사이트 직접 확인
개발·제작,기체·공력·구조·생산,DJ-023,드론 랜딩기어·전개기구 설계자,기체개발,메커니즘,메커니즘,"메커니즘은(는) 드론 기체의 공력·구조·설계·해석 업무에서 사용하는 도구·개념·절차입니다. 실제 직무에서는 설계, 운용, 분석 또는 의사결정 결과를 만드는 데 적용됩니다.",드론 랜딩기어·전개기구 설계자이(가) 착륙장치·폴딩암·투하장치 등 작동기구 설계 업무를 수행할 때 메커니즘을(를) 이해하고 적용하기 위해 학습합니다.,기초 수학·물리와 공학 도면 이해,중급,PREREQUISITE,국비지원 직업훈련,드론 조립 및 분해(유지보수),AIG20250000516588,1063,신한글로벌인재교육원,직업훈련기관,소형무인기운용·조종 기반의 고용24 훈련과정입니다. 메커니즘 학습에는 과정명과의 직접 연관성에 따라 기초·포함·선수 경로로 연결했습니다.,소형무인기운용·조종; 정비; 유지보수; 조립,중급,오프라인,국비지원(일부 자부담 가능),고용24 직업훈련(국민내일배움카드 적용 여부는 과정 상세 확인),경기 의정부시,총 36시간,,2026-09-28~2026-10-06,국민내일배움카드(일반),수료 여부 과정별 확인,https://www.work24.go.kr/hr/a/a/3100/selectTracseDetl.do?tracseId=AIG20250000516588&tracseTme=3&crseTracseSe=C0061&trainstCstmrId=500020031915,고용24 훈련과정 상세,정부사이트,2026-09-28,현재 운영,,공학 기초 → CAD·해석 기초 → 기체 설계 실습 → 설계 검증 프로젝트,대시보드 원본 교육데이터(예정)를 Skill과 연결. relevance_type=PREREQUISITE.,dashboard C.html / Work24 원천 링크
개발·제작,기체·공력·구조·생산,DJ-023,드론 랜딩기어·전개기구 설계자,기체개발,액추에이터,액추에이터,"액추에이터은(는) 드론 기체의 공력·구조·설계·해석 업무에서 사용하는 도구·개념·절차입니다. 실제 직무에서는 설계, 운용, 분석 또는 의사결정 결과를 만드는 데 적용됩니다.",드론 랜딩기어·전개기구 설계자이(가) 착륙장치·폴딩암·투하장치 등 작동기구 설계 업무를 수행할 때 액추에이터을(를) 이해하고 적용하기 위해 학습합니다.,기초 수학·물리와 공학 도면 이해,중급,PREREQUISITE,국비지원 직업훈련,드론 조립 및 분해(유지보수),AIG20250000516588,1063,신한글로벌인재교육원,직업훈련기관,소형무인기운용·조종 기반의 고용24 훈련과정입니다. 액추에이터 학습에는 과정명과의 직접 연관성에 따라 기초·포함·선수 경로로 연결했습니다.,소형무인기운용·조종; 정비; 유지보수; 조립,중급,오프라인,국비지원(일부 자부담 가능),고용24 직업훈련(국민내일배움카드 적용 여부는 과정 상세 확인),경기 의정부시,총 36시간,,2026-09-28~2026-10-06,국민내일배움카드(일반),수료 여부 과정별 확인,https://www.work24.go.kr/hr/a/a/3100/selectTracseDetl.do?tracseId=AIG20250000516588&tracseTme=3&crseTracseSe=C0061&trainstCstmrId=500020031915,고용24 훈련과정 상세,정부사이트,2026-09-28,현재 운영,,공학 기초 → CAD·해석 기초 → 기체 설계 실습 → 설계 검증 프로젝트,대시보드 원본 교육데이터(예정)를 Skill과 연결. relevance_type=PREREQUISITE.,dashboard C.html / Work24 원천 링크
개발·제작,기체·공력·구조·생산,DJ-014,드론 비행역학 엔지니어,기체개발,비행역학,비행역학,"비행역학은(는) 드론 기체의 공력·구조·설계·해석 업무에서 사용하는 도구·개념·절차입니다. 실제 직무에서는 설계, 운용, 분석 또는 의사결정 결과를 만드는 데 적용됩니다.",드론 비행역학 엔지니어이(가) 안정성·조종성 모델링과 동특성 분석 업무를 수행할 때 비행역학을(를) 이해하고 적용하기 위해 학습합니다.,기초 수학·물리와 공학 도면 이해,중급,PREREQUISITE,국비지원 직업훈련,드론 조립 및 분해(유지보수),AIG20250000516588,1063,신한글로벌인재교육원,직업훈련기관,소형무인기운용·조종 기반의 고용24 훈련과정입니다. 비행역학 학습에는 과정명과의 직접 연관성에 따라 기초·포함·선수 경로로 연결했습니다.,소형무인기운용·조종; 정비; 유지보수; 조립,중급,오프라인,국비지원(일부 자부담 가능),고용24 직업훈련(국민내일배움카드 적용 여부는 과정 상세 확인),경기 의정부시,총 36시간,,2026-09-28~2026-10-06,국민내일배움카드(일반),수료 여부 과정별 확인,https://www.work24.go.kr/hr/a/a/3100/selectTracseDetl.do?tracseId=AIG20250000516588&tracseTme=3&crseTracseSe=C0061&trainstCstmrId=500020031915,고용24 훈련과정 상세,정부사이트,2026-09-28,현재 운영,,공학 기초 → CAD·해석 기초 → 기체 설계 실습 → 설계 검증 프로젝트,대시보드 원본 교육데이터(예정)를 Skill과 연결. relevance_type=PREREQUISITE.,dashboard C.html / Work24 원천 링크
개발·제작,기체·공력·구조·생산,DJ-014,드론 비행역학 엔지니어,기체개발,상태공간,상태공간,"상태공간은(는) 드론 기체의 공력·구조·설계·해석 업무에서 사용하는 도구·개념·절차입니다. 실제 직무에서는 설계, 운용, 분석 또는 의사결정 결과를 만드는 데 적용됩니다.",드론 비행역학 엔지니어이(가) 안정성·조종성 모델링과 동특성 분석 업무를 수행할 때 상태공간을(를) 이해하고 적용하기 위해 학습합니다.,기초 수학·물리와 공학 도면 이해,중급,PREREQUISITE,국비지원 직업훈련,드론 조립 및 분해(유지보수),AIG20250000516588,1063,신한글로벌인재교육원,직업훈련기관,소형무인기운용·조종 기반의 고용24 훈련과정입니다. 상태공간 학습에는 과정명과의 직접 연관성에 따라 기초·포함·선수 경로로 연결했습니다.,소형무인기운용·조종; 정비; 유지보수; 조립,중급,오프라인,국비지원(일부 자부담 가능),고용24 직업훈련(국민내일배움카드 적용 여부는 과정 상세 확인),경기 의정부시,총 36시간,,2026-09-28~2026-10-06,국민내일배움카드(일반),수료 여부 과정별 확인,https://www.work24.go.kr/hr/a/a/3100/selectTracseDetl.do?tracseId=AIG20250000516588&tracseTme=3&crseTracseSe=C0061&trainstCstmrId=500020031915,고용24 훈련과정 상세,정부사이트,2026-09-28,현재 운영,https://matlabacademy.mathworks.com/details/control-design-onramp-with-simulink/controls,공학 기초 → CAD·해석 기초 → 기체 설계 실습 → 설계 검증 프로젝트,대시보드 원본 교육데이터(예정)를 Skill과 연결. relevance_type=PREREQUISITE.,dashboard C.html / Work24 원천 링크
개발·제작,기체·공력·구조·생산,DJ-014,드론 비행역학 엔지니어,기체개발,상태공간,상태공간,"상태공간은(는) 드론 기체의 공력·구조·설계·해석 업무에서 사용하는 도구·개념·절차입니다. 실제 직무에서는 설계, 운용, 분석 또는 의사결정 결과를 만드는 데 적용됩니다.",드론 비행역학 엔지니어이(가) 안정성·조종성 모델링과 동특성 분석 업무를 수행할 때 상태공간을(를) 이해하고 적용하기 위해 학습합니다.,기초 미적분과 동역학,중급,INCLUDED,공식 튜토리얼·문서,Control Design Onramp with Simulink,CONTROL,,MathWorks,기업 공식교육,"피드백 제어, 동적 시스템, PID 튜닝과 제어 설계 워크플로를 Simulink로 실습합니다.",Control; Simulink; PID; Dynamic System; Feedback,초급~중급,온라인,무료,,온라인,자기주도 학습,상시,상시,대학생·취업준비생·재직자·일반인,수료 진행상태 제공,https://matlabacademy.mathworks.com/details/control-design-onramp-with-simulink/controls,MathWorks,기업·기관 공식사이트,2026-09-28,상시 운영,,동적 시스템 → 피드백 → PID → 모델 검증 → 비행제어 응용,공식 제공기관이 운영하는 교육·튜토리얼·문서 기반 학습경로.,공식 웹사이트 직접 확인
개발·제작,기체·공력·구조·생산,DJ-014,드론 비행역학 엔지니어,기체개발,시뮬레이션,시뮬레이션,"시뮬레이션은(는) 드론 기체의 공력·구조·설계·해석 업무에서 사용하는 도구·개념·절차입니다. 실제 직무에서는 설계, 운용, 분석 또는 의사결정 결과를 만드는 데 적용됩니다.",드론 비행역학 엔지니어이(가) 안정성·조종성 모델링과 동특성 분석 업무를 수행할 때 시뮬레이션을(를) 이해하고 적용하기 위해 학습합니다.,기초 수학·물리와 공학 도면 이해,중급,PREREQUISITE,국비지원 직업훈련,드론 조립 및 분해(유지보수),AIG20250000516588,1063,신한글로벌인재교육원,직업훈련기관,소형무인기운용·조종 기반의 고용24 훈련과정입니다. 시뮬레이션 학습에는 과정명과의 직접 연관성에 따라 기초·포함·선수 경로로 연결했습니다.,소형무인기운용·조종; 정비; 유지보수; 조립,중급,오프라인,국비지원(일부 자부담 가능),고용24 직업훈련(국민내일배움카드 적용 여부는 과정 상세 확인),경기 의정부시,총 36시간,,2026-09-28~2026-10-06,국민내일배움카드(일반),수료 여부 과정별 확인,https://www.work24.go.kr/hr/a/a/3100/selectTracseDetl.do?tracseId=AIG20250000516588&tracseTme=3&crseTracseSe=C0061&trainstCstmrId=500020031915,고용24 훈련과정 상세,정부사이트,2026-09-28,현재 운영,,공학 기초 → CAD·해석 기초 → 기체 설계 실습 → 설계 검증 프로젝트,대시보드 원본 교육데이터(예정)를 Skill과 연결. relevance_type=PREREQUISITE.,dashboard C.html / Work24 원천 링크
개발·제작,기체·공력·구조·생산,DJ-013,드론 성능해석 엔지니어,기체개발,MATLAB,매트랩,"매트랩은(는) 드론 기체의 공력·구조·설계·해석 업무에서 사용하는 도구·개념·절차입니다. 실제 직무에서는 설계, 운용, 분석 또는 의사결정 결과를 만드는 데 적용됩니다.",드론 성능해석 엔지니어이(가) 항속·체공·상승·탑재 성능 예측과 검증 업무를 수행할 때 MATLAB을(를) 이해하고 적용하기 위해 학습합니다.,기초 수학·물리와 공학 도면 이해,중급,PREREQUISITE,국비지원 직업훈련,드론 조립 및 분해(유지보수),AIG20250000516588,1063,신한글로벌인재교육원,직업훈련기관,소형무인기운용·조종 기반의 고용24 훈련과정입니다. MATLAB 학습에는 과정명과의 직접 연관성에 따라 기초·포함·선수 경로로 연결했습니다.,소형무인기운용·조종; 정비; 유지보수; 조립,중급,오프라인,국비지원(일부 자부담 가능),고용24 직업훈련(국민내일배움카드 적용 여부는 과정 상세 확인),경기 의정부시,총 36시간,,2026-09-28~2026-10-06,국민내일배움카드(일반),수료 여부 과정별 확인,https://www.work24.go.kr/hr/a/a/3100/selectTracseDetl.do?tracseId=AIG20250000516588&tracseTme=3&crseTracseSe=C0061&trainstCstmrId=500020031915,고용24 훈련과정 상세,정부사이트,2026-09-28,현재 운영,https://matlabacademy.mathworks.com/details/matlab-onramp/gettingstarted,공학 기초 → CAD·해석 기초 → 기체 설계 실습 → 설계 검증 프로젝트,대시보드 원본 교육데이터(예정)를 Skill과 연결. relevance_type=PREREQUISITE.,dashboard C.html / Work24 원천 링크
개발·제작,기체·공력·구조·생산,DJ-013,드론 성능해석 엔지니어,기체개발,MATLAB,매트랩,"매트랩은(는) 드론 기체의 공력·구조·설계·해석 업무에서 사용하는 도구·개념·절차입니다. 실제 직무에서는 설계, 운용, 분석 또는 의사결정 결과를 만드는 데 적용됩니다.",드론 성능해석 엔지니어이(가) 항속·체공·상승·탑재 성능 예측과 검증 업무를 수행할 때 MATLAB을(를) 이해하고 적용하기 위해 학습합니다.,기초 수학,중급,OFFICIAL_RESOURCE,공식 튜토리얼·문서,MATLAB Onramp,MATLAB,,MathWorks,기업 공식교육,"MATLAB 언어와 환경, 배열 계산, 데이터 분석·시각화의 기본 워크플로를 대화형으로 학습합니다.",MATLAB; Array; Data Analysis; Visualization; Script,입문,온라인,무료,,온라인,자기주도 학습,상시,상시,대학생·취업준비생·재직자·일반인,수료 진행상태 제공,https://matlabacademy.mathworks.com/details/matlab-onramp/gettingstarted,MathWorks,기업·기관 공식사이트,2026-09-28,상시 운영,,환경 → 배열·연산 → 스크립트 → 데이터 분석 → 공학 문제 적용,공식 제공기관이 운영하는 교육·튜토리얼·문서 기반 학습경로.,공식 웹사이트 직접 확인
개발·제작,기체·공력·구조·생산,DJ-013,드론 성능해석 엔지니어,기체개발,모델링,모델링,"모델링은(는) 드론 기체의 공력·구조·설계·해석 업무에서 사용하는 도구·개념·절차입니다. 실제 직무에서는 설계, 운용, 분석 또는 의사결정 결과를 만드는 데 적용됩니다.",드론 성능해석 엔지니어이(가) 항속·체공·상승·탑재 성능 예측과 검증 업무를 수행할 때 모델링을(를) 이해하고 적용하기 위해 학습합니다.,기초 수학·물리와 공학 도면 이해,중급,PREREQUISITE,국비지원 직업훈련,드론 조립 및 분해(유지보수),AIG20250000516588,1063,신한글로벌인재교육원,직업훈련기관,소형무인기운용·조종 기반의 고용24 훈련과정입니다. 모델링 학습에는 과정명과의 직접 연관성에 따라 기초·포함·선수 경로로 연결했습니다.,소형무인기운용·조종; 정비; 유지보수; 조립,중급,오프라인,국비지원(일부 자부담 가능),고용24 직업훈련(국민내일배움카드 적용 여부는 과정 상세 확인),경기 의정부시,총 36시간,,2026-09-28~2026-10-06,국민내일배움카드(일반),수료 여부 과정별 확인,https://www.work24.go.kr/hr/a/a/3100/selectTracseDetl.do?tracseId=AIG20250000516588&tracseTme=3&crseTracseSe=C0061&trainstCstmrId=500020031915,고용24 훈련과정 상세,정부사이트,2026-09-28,현재 운영,https://www.autodesk.com/learn/ondemand/collection/intro-to-cad-cam,공학 기초 → CAD·해석 기초 → 기체 설계 실습 → 설계 검증 프로젝트,대시보드 원본 교육데이터(예정)를 Skill과 연결. relevance_type=PREREQUISITE.,dashboard C.html / Work24 원천 링크
개발·제작,기체·공력·구조·생산,DJ-013,드론 성능해석 엔지니어,기체개발,모델링,모델링,"모델링은(는) 드론 기체의 공력·구조·설계·해석 업무에서 사용하는 도구·개념·절차입니다. 실제 직무에서는 설계, 운용, 분석 또는 의사결정 결과를 만드는 데 적용됩니다.",드론 성능해석 엔지니어이(가) 항속·체공·상승·탑재 성능 예측과 검증 업무를 수행할 때 모델링을(를) 이해하고 적용하기 위해 학습합니다.,기계 도면과 컴퓨터 사용 기초,중급,INCLUDED,공식 튜토리얼·문서,Introduction to CAD/CAM,AUTODESK-CADCAM,,Autodesk,기업 공식교육,"Fusion 기반 스케치·3D 모델링, CAM 공정과 CNC 가공의 기초를 프로젝트로 학습합니다.",CAD; CAM; 3D Modeling; CNC; Manufacturing,입문~중급,온라인,무료,,온라인,자기주도 학습,상시,상시,대학생·취업준비생·재직자·일반인,과정별 확인,https://www.autodesk.com/learn/ondemand/collection/intro-to-cad-cam,Autodesk,기업·기관 공식사이트,2026-09-28,상시 운영,,스케치 → 3D 모델 → 도면 → CAM → 가공 프로젝트,공식 제공기관이 운영하는 교육·튜토리얼·문서 기반 학습경로.,공식 웹사이트 직접 확인
개발·제작,기체·공력·구조·생산,DJ-013,드론 성능해석 엔지니어,기체개발,비행성능,비행성능,"비행성능은(는) 드론 기체의 공력·구조·설계·해석 업무에서 사용하는 도구·개념·절차입니다. 실제 직무에서는 설계, 운용, 분석 또는 의사결정 결과를 만드는 데 적용됩니다.",드론 성능해석 엔지니어이(가) 항속·체공·상승·탑재 성능 예측과 검증 업무를 수행할 때 비행성능을(를) 이해하고 적용하기 위해 학습합니다.,기초 수학·물리와 공학 도면 이해,중급,PREREQUISITE,국비지원 직업훈련,드론 조립 및 분해(유지보수),AIG20250000516588,1063,신한글로벌인재교육원,직업훈련기관,소형무인기운용·조종 기반의 고용24 훈련과정입니다. 비행성능 학습에는 과정명과의 직접 연관성에 따라 기초·포함·선수 경로로 연결했습니다.,소형무인기운용·조종; 정비; 유지보수; 조립,중급,오프라인,국비지원(일부 자부담 가능),고용24 직업훈련(국민내일배움카드 적용 여부는 과정 상세 확인),경기 의정부시,총 36시간,,2026-09-28~2026-10-06,국민내일배움카드(일반),수료 여부 과정별 확인,https://www.work24.go.kr/hr/a/a/3100/selectTracseDetl.do?tracseId=AIG20250000516588&tracseTme=3&crseTracseSe=C0061&trainstCstmrId=500020031915,고용24 훈련과정 상세,정부사이트,2026-09-28,현재 운영,https://innovationspace.ansys.com/courses/academic-courses/?template=academic,공학 기초 → CAD·해석 기초 → 기체 설계 실습 → 설계 검증 프로젝트,대시보드 원본 교육데이터(예정)를 Skill과 연결. relevance_type=PREREQUISITE.,dashboard C.html / Work24 원천 링크
개발·제작,기체·공력·구조·생산,DJ-013,드론 성능해석 엔지니어,기체개발,비행성능,비행성능,"비행성능은(는) 드론 기체의 공력·구조·설계·해석 업무에서 사용하는 도구·개념·절차입니다. 실제 직무에서는 설계, 운용, 분석 또는 의사결정 결과를 만드는 데 적용됩니다.",드론 성능해석 엔지니어이(가) 항속·체공·상승·탑재 성능 예측과 검증 업무를 수행할 때 비행성능을(를) 이해하고 적용하기 위해 학습합니다.,공학 수학·물리 기초,중급,INCLUDED,공식 튜토리얼·문서,Ansys Innovation Courses,ANSYS,,Ansys,기업 공식교육,유체·구조·열·전자기 물리와 Ansys 해석 워크플로를 무료 온라인 과정으로 학습합니다.,Ansys; CFD; Structural; Thermal; Electromagnetics; Simulation,초급~고급,온라인,무료,,온라인,자기주도 학습,상시,상시,대학생·취업준비생·재직자·일반인,완료 배지 과정 있음,https://innovationspace.ansys.com/courses/academic-courses/?template=academic,Ansys,기업·기관 공식사이트,2026-09-28,상시 운영,,물리 기초 → 해석 설정 → 메시·경계조건 → 결과 검증 → 드론 부품 적용,공식 제공기관이 운영하는 교육·튜토리얼·문서 기반 학습경로.,공식 웹사이트 직접 확인
개발·제작,기체·공력·구조·생산,DJ-018,멀티콥터 기체개발 엔지니어,기체개발,경량화,경량화,"경량화은(는) 드론 기체의 공력·구조·설계·해석 업무에서 사용하는 도구·개념·절차입니다. 실제 직무에서는 설계, 운용, 분석 또는 의사결정 결과를 만드는 데 적용됩니다.",멀티콥터 기체개발 엔지니어이(가) 멀티콥터 구조·배치·진동·냉각 설계 업무를 수행할 때 경량화을(를) 이해하고 적용하기 위해 학습합니다.,기초 수학·물리와 공학 도면 이해,중급,PREREQUISITE,국비지원 직업훈련,드론 조립 및 분해(유지보수),AIG20250000516588,1063,신한글로벌인재교육원,직업훈련기관,소형무인기운용·조종 기반의 고용24 훈련과정입니다. 경량화 학습에는 과정명과의 직접 연관성에 따라 기초·포함·선수 경로로 연결했습니다.,소형무인기운용·조종; 정비; 유지보수; 조립,중급,오프라인,국비지원(일부 자부담 가능),고용24 직업훈련(국민내일배움카드 적용 여부는 과정 상세 확인),경기 의정부시,총 36시간,,2026-09-28~2026-10-06,국민내일배움카드(일반),수료 여부 과정별 확인,https://www.work24.go.kr/hr/a/a/3100/selectTracseDetl.do?tracseId=AIG20250000516588&tracseTme=3&crseTracseSe=C0061&trainstCstmrId=500020031915,고용24 훈련과정 상세,정부사이트,2026-09-28,현재 운영,,공학 기초 → CAD·해석 기초 → 기체 설계 실습 → 설계 검증 프로젝트,대시보드 원본 교육데이터(예정)를 Skill과 연결. relevance_type=PREREQUISITE.,dashboard C.html / Work24 원천 링크
개발·제작,기체·공력·구조·생산,DJ-018,멀티콥터 기체개발 엔지니어,기체개발,멀티콥터,멀티콥터,"멀티콥터은(는) 드론 기체의 공력·구조·설계·해석 업무에서 사용하는 도구·개념·절차입니다. 실제 직무에서는 설계, 운용, 분석 또는 의사결정 결과를 만드는 데 적용됩니다.",멀티콥터 기체개발 엔지니어이(가) 멀티콥터 구조·배치·진동·냉각 설계 업무를 수행할 때 멀티콥터을(를) 이해하고 적용하기 위해 학습합니다.,기초 수학·물리와 공학 도면 이해,중급,PREREQUISITE,국비지원 직업훈련,드론 조립 및 분해(유지보수),AIG20250000516588,1063,신한글로벌인재교육원,직업훈련기관,소형무인기운용·조종 기반의 고용24 훈련과정입니다. 멀티콥터 학습에는 과정명과의 직접 연관성에 따라 기초·포함·선수 경로로 연결했습니다.,소형무인기운용·조종; 정비; 유지보수; 조립,중급,오프라인,국비지원(일부 자부담 가능),고용24 직업훈련(국민내일배움카드 적용 여부는 과정 상세 확인),경기 의정부시,총 36시간,,2026-09-28~2026-10-06,국민내일배움카드(일반),수료 여부 과정별 확인,https://www.work24.go.kr/hr/a/a/3100/selectTracseDetl.do?tracseId=AIG20250000516588&tracseTme=3&crseTracseSe=C0061&trainstCstmrId=500020031915,고용24 훈련과정 상세,정부사이트,2026-09-28,현재 운영,,공학 기초 → CAD·해석 기초 → 기체 설계 실습 → 설계 검증 프로젝트,대시보드 원본 교육데이터(예정)를 Skill과 연결. relevance_type=PREREQUISITE.,dashboard C.html / Work24 원천 링크
개발·제작,기체·공력·구조·생산,DJ-018,멀티콥터 기체개발 엔지니어,기체개발,진동,진동,"진동은(는) 드론 기체의 공력·구조·설계·해석 업무에서 사용하는 도구·개념·절차입니다. 실제 직무에서는 설계, 운용, 분석 또는 의사결정 결과를 만드는 데 적용됩니다.",멀티콥터 기체개발 엔지니어이(가) 멀티콥터 구조·배치·진동·냉각 설계 업무를 수행할 때 진동을(를) 이해하고 적용하기 위해 학습합니다.,기초 수학·물리와 공학 도면 이해,중급,PREREQUISITE,국비지원 직업훈련,드론 조립 및 분해(유지보수),AIG20250000516588,1063,신한글로벌인재교육원,직업훈련기관,소형무인기운용·조종 기반의 고용24 훈련과정입니다. 진동 학습에는 과정명과의 직접 연관성에 따라 기초·포함·선수 경로로 연결했습니다.,소형무인기운용·조종; 정비; 유지보수; 조립,중급,오프라인,국비지원(일부 자부담 가능),고용24 직업훈련(국민내일배움카드 적용 여부는 과정 상세 확인),경기 의정부시,총 36시간,,2026-09-28~2026-10-06,국민내일배움카드(일반),수료 여부 과정별 확인,https://www.work24.go.kr/hr/a/a/3100/selectTracseDetl.do?tracseId=AIG20250000516588&tracseTme=3&crseTracseSe=C0061&trainstCstmrId=500020031915,고용24 훈련과정 상세,정부사이트,2026-09-28,현재 운영,https://innovationspace.ansys.com/courses/academic-courses/?template=academic,공학 기초 → CAD·해석 기초 → 기체 설계 실습 → 설계 검증 프로젝트,대시보드 원본 교육데이터(예정)를 Skill과 연결. relevance_type=PREREQUISITE.,dashboard C.html / Work24 원천 링크
개발·제작,기체·공력·구조·생산,DJ-018,멀티콥터 기체개발 엔지니어,기체개발,진동,진동,"진동은(는) 드론 기체의 공력·구조·설계·해석 업무에서 사용하는 도구·개념·절차입니다. 실제 직무에서는 설계, 운용, 분석 또는 의사결정 결과를 만드는 데 적용됩니다.",멀티콥터 기체개발 엔지니어이(가) 멀티콥터 구조·배치·진동·냉각 설계 업무를 수행할 때 진동을(를) 이해하고 적용하기 위해 학습합니다.,공학 수학·물리 기초,중급,INCLUDED,공식 튜토리얼·문서,Ansys Innovation Courses,ANSYS,,Ansys,기업 공식교육,유체·구조·열·전자기 물리와 Ansys 해석 워크플로를 무료 온라인 과정으로 학습합니다.,Ansys; CFD; Structural; Thermal; Electromagnetics; Simulation,초급~고급,온라인,무료,,온라인,자기주도 학습,상시,상시,대학생·취업준비생·재직자·일반인,완료 배지 과정 있음,https://innovationspace.ansys.com/courses/academic-courses/?template=academic,Ansys,기업·기관 공식사이트,2026-09-28,상시 운영,,물리 기초 → 해석 설정 → 메시·경계조건 → 결과 검증 → 드론 부품 적용,공식 제공기관이 운영하는 교육·튜토리얼·문서 기반 학습경로.,공식 웹사이트 직접 확인
개발·제작,기체·공력·구조·생산,DJ-022,무인비행선 개발 엔지니어,기체개발,경량구조,경량구조,"경량구조은(는) 드론 기체의 공력·구조·설계·해석 업무에서 사용하는 도구·개념·절차입니다. 실제 직무에서는 설계, 운용, 분석 또는 의사결정 결과를 만드는 데 적용됩니다.",무인비행선 개발 엔지니어이(가) 무인비행선 부력체·추진·조종계통 개발 업무를 수행할 때 경량구조을(를) 이해하고 적용하기 위해 학습합니다.,기초 수학·물리와 공학 도면 이해,중급,PREREQUISITE,국비지원 직업훈련,드론 조립 및 분해(유지보수),AIG20250000516588,1063,신한글로벌인재교육원,직업훈련기관,소형무인기운용·조종 기반의 고용24 훈련과정입니다. 경량구조 학습에는 과정명과의 직접 연관성에 따라 기초·포함·선수 경로로 연결했습니다.,소형무인기운용·조종; 정비; 유지보수; 조립,중급,오프라인,국비지원(일부 자부담 가능),고용24 직업훈련(국민내일배움카드 적용 여부는 과정 상세 확인),경기 의정부시,총 36시간,,2026-09-28~2026-10-06,국민내일배움카드(일반),수료 여부 과정별 확인,https://www.work24.go.kr/hr/a/a/3100/selectTracseDetl.do?tracseId=AIG20250000516588&tracseTme=3&crseTracseSe=C0061&trainstCstmrId=500020031915,고용24 훈련과정 상세,정부사이트,2026-09-28,현재 운영,,공학 기초 → CAD·해석 기초 → 기체 설계 실습 → 설계 검증 프로젝트,대시보드 원본 교육데이터(예정)를 Skill과 연결. relevance_type=PREREQUISITE.,dashboard C.html / Work24 원천 링크
개발·제작,기체·공력·구조·생산,DJ-022,무인비행선 개발 엔지니어,기체개발,부력,부력,"부력은(는) 드론 기체의 공력·구조·설계·해석 업무에서 사용하는 도구·개념·절차입니다. 실제 직무에서는 설계, 운용, 분석 또는 의사결정 결과를 만드는 데 적용됩니다.",무인비행선 개발 엔지니어이(가) 무인비행선 부력체·추진·조종계통 개발 업무를 수행할 때 부력을(를) 이해하고 적용하기 위해 학습합니다.,기초 수학·물리와 공학 도면 이해,중급,PREREQUISITE,국비지원 직업훈련,드론 조립 및 분해(유지보수),AIG20250000516588,1063,신한글로벌인재교육원,직업훈련기관,소형무인기운용·조종 기반의 고용24 훈련과정입니다. 부력 학습에는 과정명과의 직접 연관성에 따라 기초·포함·선수 경로로 연결했습니다.,소형무인기운용·조종; 정비; 유지보수; 조립,중급,오프라인,국비지원(일부 자부담 가능),고용24 직업훈련(국민내일배움카드 적용 여부는 과정 상세 확인),경기 의정부시,총 36시간,,2026-09-28~2026-10-06,국민내일배움카드(일반),수료 여부 과정별 확인,https://www.work24.go.kr/hr/a/a/3100/selectTracseDetl.do?tracseId=AIG20250000516588&tracseTme=3&crseTracseSe=C0061&trainstCstmrId=500020031915,고용24 훈련과정 상세,정부사이트,2026-09-28,현재 운영,,공학 기초 → CAD·해석 기초 → 기체 설계 실습 → 설계 검증 프로젝트,대시보드 원본 교육데이터(예정)를 Skill과 연결. relevance_type=PREREQUISITE.,dashboard C.html / Work24 원천 링크
개발·제작,기체·공력·구조·생산,DJ-022,무인비행선 개발 엔지니어,기체개발,비행선,비행선,"비행선은(는) 드론 기체의 공력·구조·설계·해석 업무에서 사용하는 도구·개념·절차입니다. 실제 직무에서는 설계, 운용, 분석 또는 의사결정 결과를 만드는 데 적용됩니다.",무인비행선 개발 엔지니어이(가) 무인비행선 부력체·추진·조종계통 개발 업무를 수행할 때 비행선을(를) 이해하고 적용하기 위해 학습합니다.,기초 수학·물리와 공학 도면 이해,중급,PREREQUISITE,국비지원 직업훈련,드론 조립 및 분해(유지보수),AIG20250000516588,1063,신한글로벌인재교육원,직업훈련기관,소형무인기운용·조종 기반의 고용24 훈련과정입니다. 비행선 학습에는 과정명과의 직접 연관성에 따라 기초·포함·선수 경로로 연결했습니다.,소형무인기운용·조종; 정비; 유지보수; 조립,중급,오프라인,국비지원(일부 자부담 가능),고용24 직업훈련(국민내일배움카드 적용 여부는 과정 상세 확인),경기 의정부시,총 36시간,,2026-09-28~2026-10-06,국민내일배움카드(일반),수료 여부 과정별 확인,https://www.work24.go.kr/hr/a/a/3100/selectTracseDetl.do?tracseId=AIG20250000516588&tracseTme=3&crseTracseSe=C0061&trainstCstmrId=500020031915,고용24 훈련과정 상세,정부사이트,2026-09-28,현재 운영,,공학 기초 → CAD·해석 기초 → 기체 설계 실습 → 설계 검증 프로젝트,대시보드 원본 교육데이터(예정)를 Skill과 연결. relevance_type=PREREQUISITE.,dashboard C.html / Work24 원천 링크
개발·제작,기체·공력·구조·생산,DJ-015,무인항공기 구조설계 엔지니어,기체개발,AS9100,항공우주 품질경영시스템,"항공우주 품질경영시스템은(는) 드론 기체의 공력·구조·설계·해석 업무에서 사용하는 도구·개념·절차입니다. 실제 직무에서는 설계, 운용, 분석 또는 의사결정 결과를 만드는 데 적용됩니다.",무인항공기 구조설계 엔지니어이(가) 기체 구조·하중경로·접합부 설계 업무를 수행할 때 AS9100을(를) 이해하고 적용하기 위해 학습합니다.,기초 수학·물리와 공학 도면 이해,중급,PREREQUISITE,국비지원 직업훈련,드론 조립 및 분해(유지보수),AIG20250000516588,1063,신한글로벌인재교육원,직업훈련기관,소형무인기운용·조종 기반의 고용24 훈련과정입니다. AS9100 학습에는 과정명과의 직접 연관성에 따라 기초·포함·선수 경로로 연결했습니다.,소형무인기운용·조종; 정비; 유지보수; 조립,중급,오프라인,국비지원(일부 자부담 가능),고용24 직업훈련(국민내일배움카드 적용 여부는 과정 상세 확인),경기 의정부시,총 36시간,,2026-09-28~2026-10-06,국민내일배움카드(일반),수료 여부 과정별 확인,https://www.work24.go.kr/hr/a/a/3100/selectTracseDetl.do?tracseId=AIG20250000516588&tracseTme=3&crseTracseSe=C0061&trainstCstmrId=500020031915,고용24 훈련과정 상세,정부사이트,2026-09-28,현재 운영,,공학 기초 → CAD·해석 기초 → 기체 설계 실습 → 설계 검증 프로젝트,대시보드 원본 교육데이터(예정)를 Skill과 연결. relevance_type=PREREQUISITE.,dashboard C.html / Work24 원천 링크
개발·제작,기체·공력·구조·생산,DJ-015,무인항공기 구조설계 엔지니어,기체개발,CAD,컴퓨터 지원 설계,"컴퓨터 지원 설계은(는) 드론 기체의 공력·구조·설계·해석 업무에서 사용하는 도구·개념·절차입니다. 실제 직무에서는 설계, 운용, 분석 또는 의사결정 결과를 만드는 데 적용됩니다.",무인항공기 구조설계 엔지니어이(가) 기체 구조·하중경로·접합부 설계 업무를 수행할 때 CAD을(를) 이해하고 적용하기 위해 학습합니다.,기초 수학·물리와 공학 도면 이해,입문~초급,INCLUDED,국비지원 직업훈련,드론 조립 및 분해(유지보수),AIG20250000516588,1063,신한글로벌인재교육원,직업훈련기관,소형무인기운용·조종 기반의 고용24 훈련과정입니다. CAD 학습에는 과정명과의 직접 연관성에 따라 기초·포함·선수 경로로 연결했습니다.,소형무인기운용·조종; 정비; 유지보수; 조립,입문~초급,오프라인,국비지원(일부 자부담 가능),고용24 직업훈련(국민내일배움카드 적용 여부는 과정 상세 확인),경기 의정부시,총 36시간,,2026-09-28~2026-10-06,국민내일배움카드(일반),수료 여부 과정별 확인,https://www.work24.go.kr/hr/a/a/3100/selectTracseDetl.do?tracseId=AIG20250000516588&tracseTme=3&crseTracseSe=C0061&trainstCstmrId=500020031915,고용24 훈련과정 상세,정부사이트,2026-09-28,현재 운영,https://www.autodesk.com/learn/ondemand/collection/intro-to-cad-cam,공학 기초 → CAD·해석 기초 → 기체 설계 실습 → 설계 검증 프로젝트,대시보드 원본 교육데이터(예정)를 Skill과 연결. relevance_type=INCLUDED.,dashboard C.html / Work24 원천 링크
개발·제작,기체·공력·구조·생산,DJ-015,무인항공기 구조설계 엔지니어,기체개발,CAD,컴퓨터 지원 설계,"컴퓨터 지원 설계은(는) 드론 기체의 공력·구조·설계·해석 업무에서 사용하는 도구·개념·절차입니다. 실제 직무에서는 설계, 운용, 분석 또는 의사결정 결과를 만드는 데 적용됩니다.",무인항공기 구조설계 엔지니어이(가) 기체 구조·하중경로·접합부 설계 업무를 수행할 때 CAD을(를) 이해하고 적용하기 위해 학습합니다.,기계 도면과 컴퓨터 사용 기초,입문~초급,INCLUDED,공식 튜토리얼·문서,Introduction to CAD/CAM,AUTODESK-CADCAM,,Autodesk,기업 공식교육,"Fusion 기반 스케치·3D 모델링, CAM 공정과 CNC 가공의 기초를 프로젝트로 학습합니다.",CAD; CAM; 3D Modeling; CNC; Manufacturing,입문~중급,온라인,무료,,온라인,자기주도 학습,상시,상시,대학생·취업준비생·재직자·일반인,과정별 확인,https://www.autodesk.com/learn/ondemand/collection/intro-to-cad-cam,Autodesk,기업·기관 공식사이트,2026-09-28,상시 운영,,스케치 → 3D 모델 → 도면 → CAM → 가공 프로젝트,공식 제공기관이 운영하는 교육·튜토리얼·문서 기반 학습경로.,공식 웹사이트 직접 확인
개발·제작,기체·공력·구조·생산,DJ-015,무인항공기 구조설계 엔지니어,기체개발,CATIA,카티아 3D 설계,"카티아 3D 설계은(는) 드론 기체의 공력·구조·설계·해석 업무에서 사용하는 도구·개념·절차입니다. 실제 직무에서는 설계, 운용, 분석 또는 의사결정 결과를 만드는 데 적용됩니다.",무인항공기 구조설계 엔지니어이(가) 기체 구조·하중경로·접합부 설계 업무를 수행할 때 CATIA을(를) 이해하고 적용하기 위해 학습합니다.,기초 수학·물리와 공학 도면 이해,중급,PREREQUISITE,국비지원 직업훈련,드론 조립 및 분해(유지보수),AIG20250000516588,1063,신한글로벌인재교육원,직업훈련기관,소형무인기운용·조종 기반의 고용24 훈련과정입니다. CATIA 학습에는 과정명과의 직접 연관성에 따라 기초·포함·선수 경로로 연결했습니다.,소형무인기운용·조종; 정비; 유지보수; 조립,중급,오프라인,국비지원(일부 자부담 가능),고용24 직업훈련(국민내일배움카드 적용 여부는 과정 상세 확인),경기 의정부시,총 36시간,,2026-09-28~2026-10-06,국민내일배움카드(일반),수료 여부 과정별 확인,https://www.work24.go.kr/hr/a/a/3100/selectTracseDetl.do?tracseId=AIG20250000516588&tracseTme=3&crseTracseSe=C0061&trainstCstmrId=500020031915,고용24 훈련과정 상세,정부사이트,2026-09-28,현재 운영,,공학 기초 → CAD·해석 기초 → 기체 설계 실습 → 설계 검증 프로젝트,대시보드 원본 교육데이터(예정)를 Skill과 연결. relevance_type=PREREQUISITE.,dashboard C.html / Work24 원천 링크
개발·제작,기체·공력·구조·생산,DJ-015,무인항공기 구조설계 엔지니어,기체개발,구조설계,구조설계,"구조설계은(는) 드론 기체의 공력·구조·설계·해석 업무에서 사용하는 도구·개념·절차입니다. 실제 직무에서는 설계, 운용, 분석 또는 의사결정 결과를 만드는 데 적용됩니다.",무인항공기 구조설계 엔지니어이(가) 기체 구조·하중경로·접합부 설계 업무를 수행할 때 구조설계을(를) 이해하고 적용하기 위해 학습합니다.,기초 수학·물리와 공학 도면 이해,중급,PREREQUISITE,국비지원 직업훈련,드론 조립 및 분해(유지보수),AIG20250000516588,1063,신한글로벌인재교육원,직업훈련기관,소형무인기운용·조종 기반의 고용24 훈련과정입니다. 구조설계 학습에는 과정명과의 직접 연관성에 따라 기초·포함·선수 경로로 연결했습니다.,소형무인기운용·조종; 정비; 유지보수; 조립,중급,오프라인,국비지원(일부 자부담 가능),고용24 직업훈련(국민내일배움카드 적용 여부는 과정 상세 확인),경기 의정부시,총 36시간,,2026-09-28~2026-10-06,국민내일배움카드(일반),수료 여부 과정별 확인,https://www.work24.go.kr/hr/a/a/3100/selectTracseDetl.do?tracseId=AIG20250000516588&tracseTme=3&crseTracseSe=C0061&trainstCstmrId=500020031915,고용24 훈련과정 상세,정부사이트,2026-09-28,현재 운영,https://innovationspace.ansys.com/courses/academic-courses/?template=academic,공학 기초 → CAD·해석 기초 → 기체 설계 실습 → 설계 검증 프로젝트,대시보드 원본 교육데이터(예정)를 Skill과 연결. relevance_type=PREREQUISITE.,dashboard C.html / Work24 원천 링크
개발·제작,기체·공력·구조·생산,DJ-015,무인항공기 구조설계 엔지니어,기체개발,구조설계,구조설계,"구조설계은(는) 드론 기체의 공력·구조·설계·해석 업무에서 사용하는 도구·개념·절차입니다. 실제 직무에서는 설계, 운용, 분석 또는 의사결정 결과를 만드는 데 적용됩니다.",무인항공기 구조설계 엔지니어이(가) 기체 구조·하중경로·접합부 설계 업무를 수행할 때 구조설계을(를) 이해하고 적용하기 위해 학습합니다.,공학 수학·물리 기초,중급,INCLUDED,공식 튜토리얼·문서,Ansys Innovation Courses,ANSYS,,Ansys,기업 공식교육,유체·구조·열·전자기 물리와 Ansys 해석 워크플로를 무료 온라인 과정으로 학습합니다.,Ansys; CFD; Structural; Thermal; Electromagnetics; Simulation,초급~고급,온라인,무료,,온라인,자기주도 학습,상시,상시,대학생·취업준비생·재직자·일반인,완료 배지 과정 있음,https://innovationspace.ansys.com/courses/academic-courses/?template=academic,Ansys,기업·기관 공식사이트,2026-09-28,상시 운영,,물리 기초 → 해석 설정 → 메시·경계조건 → 결과 검증 → 드론 부품 적용,공식 제공기관이 운영하는 교육·튜토리얼·문서 기반 학습경로.,공식 웹사이트 직접 확인
개발·제작,기체·공력·구조·생산,DJ-020,회전익 무인기 기체개발 엔지니어,기체개발,로터역학,로터역학,"로터역학은(는) 드론 기체의 공력·구조·설계·해석 업무에서 사용하는 도구·개념·절차입니다. 실제 직무에서는 설계, 운용, 분석 또는 의사결정 결과를 만드는 데 적용됩니다.",회전익 무인기 기체개발 엔지니어이(가) 무인헬기 로터·동력전달·기체 개발 업무를 수행할 때 로터역학을(를) 이해하고 적용하기 위해 학습합니다.,기초 수학·물리와 공학 도면 이해,중급,PREREQUISITE,국비지원 직업훈련,드론 조립 및 분해(유지보수),AIG20250000516588,1063,신한글로벌인재교육원,직업훈련기관,소형무인기운용·조종 기반의 고용24 훈련과정입니다. 로터역학 학습에는 과정명과의 직접 연관성에 따라 기초·포함·선수 경로로 연결했습니다.,소형무인기운용·조종; 정비; 유지보수; 조립,중급,오프라인,국비지원(일부 자부담 가능),고용24 직업훈련(국민내일배움카드 적용 여부는 과정 상세 확인),경기 의정부시,총 36시간,,2026-09-28~2026-10-06,국민내일배움카드(일반),수료 여부 과정별 확인,https://www.work24.go.kr/hr/a/a/3100/selectTracseDetl.do?tracseId=AIG20250000516588&tracseTme=3&crseTracseSe=C0061&trainstCstmrId=500020031915,고용24 훈련과정 상세,정부사이트,2026-09-28,현재 운영,,공학 기초 → CAD·해석 기초 → 기체 설계 실습 → 설계 검증 프로젝트,대시보드 원본 교육데이터(예정)를 Skill과 연결. relevance_type=PREREQUISITE.,dashboard C.html / Work24 원천 링크
개발·제작,기체·공력·구조·생산,DJ-020,회전익 무인기 기체개발 엔지니어,기체개발,진동,진동,"진동은(는) 드론 기체의 공력·구조·설계·해석 업무에서 사용하는 도구·개념·절차입니다. 실제 직무에서는 설계, 운용, 분석 또는 의사결정 결과를 만드는 데 적용됩니다.",회전익 무인기 기체개발 엔지니어이(가) 무인헬기 로터·동력전달·기체 개발 업무를 수행할 때 진동을(를) 이해하고 적용하기 위해 학습합니다.,기초 수학·물리와 공학 도면 이해,중급,PREREQUISITE,국비지원 직업훈련,드론 조립 및 분해(유지보수),AIG20250000516588,1063,신한글로벌인재교육원,직업훈련기관,소형무인기운용·조종 기반의 고용24 훈련과정입니다. 진동 학습에는 과정명과의 직접 연관성에 따라 기초·포함·선수 경로로 연결했습니다.,소형무인기운용·조종; 정비; 유지보수; 조립,중급,오프라인,국비지원(일부 자부담 가능),고용24 직업훈련(국민내일배움카드 적용 여부는 과정 상세 확인),경기 의정부시,총 36시간,,2026-09-28~2026-10-06,국민내일배움카드(일반),수료 여부 과정별 확인,https://www.work24.go.kr/hr/a/a/3100/selectTracseDetl.do?tracseId=AIG20250000516588&tracseTme=3&crseTracseSe=C0061&trainstCstmrId=500020031915,고용24 훈련과정 상세,정부사이트,2026-09-28,현재 운영,https://innovationspace.ansys.com/courses/academic-courses/?template=academic,공학 기초 → CAD·해석 기초 → 기체 설계 실습 → 설계 검증 프로젝트,대시보드 원본 교육데이터(예정)를 Skill과 연결. relevance_type=PREREQUISITE.,dashboard C.html / Work24 원천 링크
개발·제작,기체·공력·구조·생산,DJ-020,회전익 무인기 기체개발 엔지니어,기체개발,진동,진동,"진동은(는) 드론 기체의 공력·구조·설계·해석 업무에서 사용하는 도구·개념·절차입니다. 실제 직무에서는 설계, 운용, 분석 또는 의사결정 결과를 만드는 데 적용됩니다.",회전익 무인기 기체개발 엔지니어이(가) 무인헬기 로터·동력전달·기체 개발 업무를 수행할 때 진동을(를) 이해하고 적용하기 위해 학습합니다.,공학 수학·물리 기초,중급,INCLUDED,공식 튜토리얼·문서,Ansys Innovation Courses,ANSYS,,Ansys,기업 공식교육,유체·구조·열·전자기 물리와 Ansys 해석 워크플로를 무료 온라인 과정으로 학습합니다.,Ansys; CFD; Structural; Thermal; Electromagnetics; Simulation,초급~고급,온라인,무료,,온라인,자기주도 학습,상시,상시,대학생·취업준비생·재직자·일반인,완료 배지 과정 있음,https://innovationspace.ansys.com/courses/academic-courses/?template=academic,Ansys,기업·기관 공식사이트,2026-09-28,상시 운영,,물리 기초 → 해석 설정 → 메시·경계조건 → 결과 검증 → 드론 부품 적용,공식 제공기관이 운영하는 교육·튜토리얼·문서 기반 학습경로.,공식 웹사이트 직접 확인
개발·제작,기체·공력·구조·생산,DJ-020,회전익 무인기 기체개발 엔지니어,기체개발,회전익,회전익,"회전익은(는) 드론 기체의 공력·구조·설계·해석 업무에서 사용하는 도구·개념·절차입니다. 실제 직무에서는 설계, 운용, 분석 또는 의사결정 결과를 만드는 데 적용됩니다.",회전익 무인기 기체개발 엔지니어이(가) 무인헬기 로터·동력전달·기체 개발 업무를 수행할 때 회전익을(를) 이해하고 적용하기 위해 학습합니다.,기초 수학·물리와 공학 도면 이해,중급,PREREQUISITE,국비지원 직업훈련,드론 조립 및 분해(유지보수),AIG20250000516588,1063,신한글로벌인재교육원,직업훈련기관,소형무인기운용·조종 기반의 고용24 훈련과정입니다. 회전익 학습에는 과정명과의 직접 연관성에 따라 기초·포함·선수 경로로 연결했습니다.,소형무인기운용·조종; 정비; 유지보수; 조립,중급,오프라인,국비지원(일부 자부담 가능),고용24 직업훈련(국민내일배움카드 적용 여부는 과정 상세 확인),경기 의정부시,총 36시간,,2026-09-28~2026-10-06,국민내일배움카드(일반),수료 여부 과정별 확인,https://www.work24.go.kr/hr/a/a/3100/selectTracseDetl.do?tracseId=AIG20250000516588&tracseTme=3&crseTracseSe=C0061&trainstCstmrId=500020031915,고용24 훈련과정 상세,정부사이트,2026-09-28,현재 운영,,공학 기초 → CAD·해석 기초 → 기체 설계 실습 → 설계 검증 프로젝트,대시보드 원본 교육데이터(예정)를 Skill과 연결. relevance_type=PREREQUISITE.,dashboard C.html / Work24 원천 링크
개발·제작,기체·공력·구조·생산,DJ-016,UAV 구조해석 엔지니어,기체개발,ANSYS,앤시스 공학해석,"앤시스 공학해석은(는) 드론 기체의 공력·구조·설계·해석 업무에서 사용하는 도구·개념·절차입니다. 실제 직무에서는 설계, 운용, 분석 또는 의사결정 결과를 만드는 데 적용됩니다.",UAV 구조해석 엔지니어이(가) 정적·동적·피로·좌굴 구조해석 업무를 수행할 때 ANSYS을(를) 이해하고 적용하기 위해 학습합니다.,기초 수학·물리와 공학 도면 이해,중급,PREREQUISITE,국비지원 직업훈련,드론 조립 및 분해(유지보수),AIG20250000516588,1063,신한글로벌인재교육원,직업훈련기관,소형무인기운용·조종 기반의 고용24 훈련과정입니다. ANSYS 학습에는 과정명과의 직접 연관성에 따라 기초·포함·선수 경로로 연결했습니다.,소형무인기운용·조종; 정비; 유지보수; 조립,중급,오프라인,국비지원(일부 자부담 가능),고용24 직업훈련(국민내일배움카드 적용 여부는 과정 상세 확인),경기 의정부시,총 36시간,,2026-09-28~2026-10-06,국민내일배움카드(일반),수료 여부 과정별 확인,https://www.work24.go.kr/hr/a/a/3100/selectTracseDetl.do?tracseId=AIG20250000516588&tracseTme=3&crseTracseSe=C0061&trainstCstmrId=500020031915,고용24 훈련과정 상세,정부사이트,2026-09-28,현재 운영,https://innovationspace.ansys.com/courses/academic-courses/?template=academic,공학 기초 → CAD·해석 기초 → 기체 설계 실습 → 설계 검증 프로젝트,대시보드 원본 교육데이터(예정)를 Skill과 연결. relevance_type=PREREQUISITE.,dashboard C.html / Work24 원천 링크
개발·제작,기체·공력·구조·생산,DJ-016,UAV 구조해석 엔지니어,기체개발,ANSYS,앤시스 공학해석,"앤시스 공학해석은(는) 드론 기체의 공력·구조·설계·해석 업무에서 사용하는 도구·개념·절차입니다. 실제 직무에서는 설계, 운용, 분석 또는 의사결정 결과를 만드는 데 적용됩니다.",UAV 구조해석 엔지니어이(가) 정적·동적·피로·좌굴 구조해석 업무를 수행할 때 ANSYS을(를) 이해하고 적용하기 위해 학습합니다.,공학 수학·물리 기초,중급,INCLUDED,공식 튜토리얼·문서,Ansys Innovation Courses,ANSYS,,Ansys,기업 공식교육,유체·구조·열·전자기 물리와 Ansys 해석 워크플로를 무료 온라인 과정으로 학습합니다.,Ansys; CFD; Structural; Thermal; Electromagnetics; Simulation,초급~고급,온라인,무료,,온라인,자기주도 학습,상시,상시,대학생·취업준비생·재직자·일반인,완료 배지 과정 있음,https://innovationspace.ansys.com/courses/academic-courses/?template=academic,Ansys,기업·기관 공식사이트,2026-09-28,상시 운영,,물리 기초 → 해석 설정 → 메시·경계조건 → 결과 검증 → 드론 부품 적용,공식 제공기관이 운영하는 교육·튜토리얼·문서 기반 학습경로.,공식 웹사이트 직접 확인
개발·제작,기체·공력·구조·생산,DJ-016,UAV 구조해석 엔지니어,기체개발,FEM,유한요소해석,"유한요소해석은(는) 드론 기체의 공력·구조·설계·해석 업무에서 사용하는 도구·개념·절차입니다. 실제 직무에서는 설계, 운용, 분석 또는 의사결정 결과를 만드는 데 적용됩니다.",UAV 구조해석 엔지니어이(가) 정적·동적·피로·좌굴 구조해석 업무를 수행할 때 FEM을(를) 이해하고 적용하기 위해 학습합니다.,기초 수학·물리와 공학 도면 이해,고급,PREREQUISITE,국비지원 직업훈련,드론 조립 및 분해(유지보수),AIG20250000516588,1063,신한글로벌인재교육원,직업훈련기관,소형무인기운용·조종 기반의 고용24 훈련과정입니다. FEM 학습에는 과정명과의 직접 연관성에 따라 기초·포함·선수 경로로 연결했습니다.,소형무인기운용·조종; 정비; 유지보수; 조립,고급,오프라인,국비지원(일부 자부담 가능),고용24 직업훈련(국민내일배움카드 적용 여부는 과정 상세 확인),경기 의정부시,총 36시간,,2026-09-28~2026-10-06,국민내일배움카드(일반),수료 여부 과정별 확인,https://www.work24.go.kr/hr/a/a/3100/selectTracseDetl.do?tracseId=AIG20250000516588&tracseTme=3&crseTracseSe=C0061&trainstCstmrId=500020031915,고용24 훈련과정 상세,정부사이트,2026-09-28,현재 운영,https://innovationspace.ansys.com/courses/academic-courses/?template=academic,공학 기초 → CAD·해석 기초 → 기체 설계 실습 → 설계 검증 프로젝트,대시보드 원본 교육데이터(예정)를 Skill과 연결. relevance_type=PREREQUISITE.,dashboard C.html / Work24 원천 링크
개발·제작,기체·공력·구조·생산,DJ-016,UAV 구조해석 엔지니어,기체개발,FEM,유한요소해석,"유한요소해석은(는) 드론 기체의 공력·구조·설계·해석 업무에서 사용하는 도구·개념·절차입니다. 실제 직무에서는 설계, 운용, 분석 또는 의사결정 결과를 만드는 데 적용됩니다.",UAV 구조해석 엔지니어이(가) 정적·동적·피로·좌굴 구조해석 업무를 수행할 때 FEM을(를) 이해하고 적용하기 위해 학습합니다.,공학 수학·물리 기초,고급,INCLUDED,공식 튜토리얼·문서,Ansys Innovation Courses,ANSYS,,Ansys,기업 공식교육,유체·구조·열·전자기 물리와 Ansys 해석 워크플로를 무료 온라인 과정으로 학습합니다.,Ansys; CFD; Structural; Thermal; Electromagnetics; Simulation,초급~고급,온라인,무료,,온라인,자기주도 학습,상시,상시,대학생·취업준비생·재직자·일반인,완료 배지 과정 있음,https://innovationspace.ansys.com/courses/academic-courses/?template=academic,Ansys,기업·기관 공식사이트,2026-09-28,상시 운영,,물리 기초 → 해석 설정 → 메시·경계조건 → 결과 검증 → 드론 부품 적용,공식 제공기관이 운영하는 교육·튜토리얼·문서 기반 학습경로.,공식 웹사이트 직접 확인
개발·제작,기체·공력·구조·생산,DJ-016,UAV 구조해석 엔지니어,기체개발,NASTRAN,NASTRAN 관련 기술,"NASTRAN은(는) 드론 기체의 공력·구조·설계·해석 업무에서 사용하는 도구·개념·절차입니다. 실제 직무에서는 설계, 운용, 분석 또는 의사결정 결과를 만드는 데 적용됩니다.",UAV 구조해석 엔지니어이(가) 정적·동적·피로·좌굴 구조해석 업무를 수행할 때 NASTRAN을(를) 이해하고 적용하기 위해 학습합니다.,기초 수학·물리와 공학 도면 이해,중급,PREREQUISITE,국비지원 직업훈련,드론 조립 및 분해(유지보수),AIG20250000516588,1063,신한글로벌인재교육원,직업훈련기관,소형무인기운용·조종 기반의 고용24 훈련과정입니다. NASTRAN 학습에는 과정명과의 직접 연관성에 따라 기초·포함·선수 경로로 연결했습니다.,소형무인기운용·조종; 정비; 유지보수; 조립,중급,오프라인,국비지원(일부 자부담 가능),고용24 직업훈련(국민내일배움카드 적용 여부는 과정 상세 확인),경기 의정부시,총 36시간,,2026-09-28~2026-10-06,국민내일배움카드(일반),수료 여부 과정별 확인,https://www.work24.go.kr/hr/a/a/3100/selectTracseDetl.do?tracseId=AIG20250000516588&tracseTme=3&crseTracseSe=C0061&trainstCstmrId=500020031915,고용24 훈련과정 상세,정부사이트,2026-09-28,현재 운영,,공학 기초 → CAD·해석 기초 → 기체 설계 실습 → 설계 검증 프로젝트,대시보드 원본 교육데이터(예정)를 Skill과 연결. relevance_type=PREREQUISITE.,dashboard C.html / Work24 원천 링크
개발·제작,기체·공력·구조·생산,DJ-021,VTOL 무인기 기체개발 엔지니어,기체개발,VTOL,수직이착륙,"수직이착륙은(는) 드론 기체의 공력·구조·설계·해석 업무에서 사용하는 도구·개념·절차입니다. 실제 직무에서는 설계, 운용, 분석 또는 의사결정 결과를 만드는 데 적용됩니다.",VTOL 무인기 기체개발 엔지니어이(가) 수직이착륙 전환기구와 복합형 기체 개발 업무를 수행할 때 VTOL을(를) 이해하고 적용하기 위해 학습합니다.,기초 수학·물리와 공학 도면 이해,중급,PREREQUISITE,국비지원 직업훈련,드론 조립 및 분해(유지보수),AIG20250000516588,1063,신한글로벌인재교육원,직업훈련기관,소형무인기운용·조종 기반의 고용24 훈련과정입니다. VTOL 학습에는 과정명과의 직접 연관성에 따라 기초·포함·선수 경로로 연결했습니다.,소형무인기운용·조종; 정비; 유지보수; 조립,중급,오프라인,국비지원(일부 자부담 가능),고용24 직업훈련(국민내일배움카드 적용 여부는 과정 상세 확인),경기 의정부시,총 36시간,,2026-09-28~2026-10-06,국민내일배움카드(일반),수료 여부 과정별 확인,https://www.work24.go.kr/hr/a/a/3100/selectTracseDetl.do?tracseId=AIG20250000516588&tracseTme=3&crseTracseSe=C0061&trainstCstmrId=500020031915,고용24 훈련과정 상세,정부사이트,2026-09-28,현재 운영,https://docs.px4.io/main/en/,공학 기초 → CAD·해석 기초 → 기체 설계 실습 → 설계 검증 프로젝트,대시보드 원본 교육데이터(예정)를 Skill과 연결. relevance_type=PREREQUISITE.,dashboard C.html / Work24 원천 링크
개발·제작,기체·공력·구조·생산,DJ-021,VTOL 무인기 기체개발 엔지니어,기체개발,VTOL,수직이착륙,"수직이착륙은(는) 드론 기체의 공력·구조·설계·해석 업무에서 사용하는 도구·개념·절차입니다. 실제 직무에서는 설계, 운용, 분석 또는 의사결정 결과를 만드는 데 적용됩니다.",VTOL 무인기 기체개발 엔지니어이(가) 수직이착륙 전환기구와 복합형 기체 개발 업무를 수행할 때 VTOL을(를) 이해하고 적용하기 위해 학습합니다.,드론 구조와 Linux·C++ 기초(개발 과정),중급,OFFICIAL_RESOURCE,공식 튜토리얼·문서,PX4 Autopilot User Guide,PX4-GUIDE,,PX4 / Dronecode Foundation,공식 오픈소스,"PX4의 기본 개념, 기체 구성, 비행 모드, 시뮬레이션, 로그 분석과 개발 절차를 단계별로 학습합니다.",PX4; 비행제어; 시뮬레이션; 로그; 기체 설정,초급~고급,온라인,무료,,온라인,자기주도 학습,상시,상시,대학생·취업준비생·재직자·일반인,없음,https://docs.px4.io/main/en/,PX4 / Dronecode Foundation,공식 기술문서,2026-09-28,상시 운영,,Basic Concepts → Simulation → Configuration → Development,공식 제공기관이 운영하는 교육·튜토리얼·문서 기반 학습경로.,공식 웹사이트 직접 확인
개발·제작,기체·공력·구조·생산,DJ-021,VTOL 무인기 기체개발 엔지니어,기체개발,기구설계,기구설계,"기구설계은(는) 드론 기체의 공력·구조·설계·해석 업무에서 사용하는 도구·개념·절차입니다. 실제 직무에서는 설계, 운용, 분석 또는 의사결정 결과를 만드는 데 적용됩니다.",VTOL 무인기 기체개발 엔지니어이(가) 수직이착륙 전환기구와 복합형 기체 개발 업무를 수행할 때 기구설계을(를) 이해하고 적용하기 위해 학습합니다.,기초 수학·물리와 공학 도면 이해,중급,PREREQUISITE,국비지원 직업훈련,드론 조립 및 분해(유지보수),AIG20250000516588,1063,신한글로벌인재교육원,직업훈련기관,소형무인기운용·조종 기반의 고용24 훈련과정입니다. 기구설계 학습에는 과정명과의 직접 연관성에 따라 기초·포함·선수 경로로 연결했습니다.,소형무인기운용·조종; 정비; 유지보수; 조립,중급,오프라인,국비지원(일부 자부담 가능),고용24 직업훈련(국민내일배움카드 적용 여부는 과정 상세 확인),경기 의정부시,총 36시간,,2026-09-28~2026-10-06,국민내일배움카드(일반),수료 여부 과정별 확인,https://www.work24.go.kr/hr/a/a/3100/selectTracseDetl.do?tracseId=AIG20250000516588&tracseTme=3&crseTracseSe=C0061&trainstCstmrId=500020031915,고용24 훈련과정 상세,정부사이트,2026-09-28,현재 운영,https://www.autodesk.com/learn/ondemand/collection/intro-to-cad-cam,공학 기초 → CAD·해석 기초 → 기체 설계 실습 → 설계 검증 프로젝트,대시보드 원본 교육데이터(예정)를 Skill과 연결. relevance_type=PREREQUISITE.,dashboard C.html / Work24 원천 링크
개발·제작,기체·공력·구조·생산,DJ-021,VTOL 무인기 기체개발 엔지니어,기체개발,기구설계,기구설계,"기구설계은(는) 드론 기체의 공력·구조·설계·해석 업무에서 사용하는 도구·개념·절차입니다. 실제 직무에서는 설계, 운용, 분석 또는 의사결정 결과를 만드는 데 적용됩니다.",VTOL 무인기 기체개발 엔지니어이(가) 수직이착륙 전환기구와 복합형 기체 개발 업무를 수행할 때 기구설계을(를) 이해하고 적용하기 위해 학습합니다.,기계 도면과 컴퓨터 사용 기초,중급,INCLUDED,공식 튜토리얼·문서,Introduction to CAD/CAM,AUTODESK-CADCAM,,Autodesk,기업 공식교육,"Fusion 기반 스케치·3D 모델링, CAM 공정과 CNC 가공의 기초를 프로젝트로 학습합니다.",CAD; CAM; 3D Modeling; CNC; Manufacturing,입문~중급,온라인,무료,,온라인,자기주도 학습,상시,상시,대학생·취업준비생·재직자·일반인,과정별 확인,https://www.autodesk.com/learn/ondemand/collection/intro-to-cad-cam,Autodesk,기업·기관 공식사이트,2026-09-28,상시 운영,,스케치 → 3D 모델 → 도면 → CAM → 가공 프로젝트,공식 제공기관이 운영하는 교육·튜토리얼·문서 기반 학습경로.,공식 웹사이트 직접 확인
개발·제작,기체·공력·구조·생산,DJ-021,VTOL 무인기 기체개발 엔지니어,기체개발,천이비행,천이비행,"천이비행은(는) 드론 기체의 공력·구조·설계·해석 업무에서 사용하는 도구·개념·절차입니다. 실제 직무에서는 설계, 운용, 분석 또는 의사결정 결과를 만드는 데 적용됩니다.",VTOL 무인기 기체개발 엔지니어이(가) 수직이착륙 전환기구와 복합형 기체 개발 업무를 수행할 때 천이비행을(를) 이해하고 적용하기 위해 학습합니다.,기초 수학·물리와 공학 도면 이해,중급,PREREQUISITE,국비지원 직업훈련,드론 조립 및 분해(유지보수),AIG20250000516588,1063,신한글로벌인재교육원,직업훈련기관,소형무인기운용·조종 기반의 고용24 훈련과정입니다. 천이비행 학습에는 과정명과의 직접 연관성에 따라 기초·포함·선수 경로로 연결했습니다.,소형무인기운용·조종; 정비; 유지보수; 조립,중급,오프라인,국비지원(일부 자부담 가능),고용24 직업훈련(국민내일배움카드 적용 여부는 과정 상세 확인),경기 의정부시,총 36시간,,2026-09-28~2026-10-06,국민내일배움카드(일반),수료 여부 과정별 확인,https://www.work24.go.kr/hr/a/a/3100/selectTracseDetl.do?tracseId=AIG20250000516588&tracseTme=3&crseTracseSe=C0061&trainstCstmrId=500020031915,고용24 훈련과정 상세,정부사이트,2026-09-28,현재 운영,,공학 기초 → CAD·해석 기초 → 기체 설계 실습 → 설계 검증 프로젝트,대시보드 원본 교육데이터(예정)를 Skill과 연결. relevance_type=PREREQUISITE.,dashboard C.html / Work24 원천 링크
개발·제작,항전·통신·센서·임무장비,DJ-065,드론 레이더 탑재체 엔지니어,센서·임무장비,DSP,디지털 신호처리,"디지털 신호처리은(는) 드론 탑재 센서와 임무장비의 설계·통합·시험 업무에서 사용하는 도구·개념·절차입니다. 실제 직무에서는 설계, 운용, 분석 또는 의사결정 결과를 만드는 데 적용됩니다.",드론 레이더 탑재체 엔지니어이(가) SAR·탐지레이더의 경량화·탑재·신호처리 업무를 수행할 때 DSP을(를) 이해하고 적용하기 위해 학습합니다.,전자회로·신호처리·측정 기초,중급,PREREQUISITE,국비지원 직업훈련,드론 기초기술 현장적용 가이드,ACG20263001192049,1057,러닝플러스 주식회사,직업훈련기관,정보기술컨설팅 기반의 고용24 훈련과정입니다. DSP 학습에는 과정명과의 직접 연관성에 따라 기초·포함·선수 경로로 연결했습니다.,정보기술컨설팅; 드론 기초기술 현장적용; 드론 활용실무; 국가자격,중급,온라인,국비지원(일부 자부담 가능),고용24 직업훈련(국민내일배움카드 적용 여부는 과정 상세 확인),온라인,총 21시간,,2026-09-28~2026-10-27,근로자원격훈련,수료 여부 과정별 확인,https://www.work24.go.kr/hr/a/a/3100/selectTracseDetl.do?tracseId=ACG20263001192049&tracseTme=136&crseTracseSe=C0031&trainstCstmrId=500020021711,고용24 훈련과정 상세,정부사이트,2026-09-28,현재 운영,,전자·센서 기초 → 장비별 공식 자료 → 통합 실습 → 환경·성능 시험,대시보드 원본 교육데이터(예정)를 Skill과 연결. relevance_type=PREREQUISITE.,dashboard C.html / Work24 원천 링크
개발·제작,항전·통신·센서·임무장비,DJ-065,드론 레이더 탑재체 엔지니어,센서·임무장비,Radar,Radar 관련 기술,"Radar은(는) 드론 탑재 센서와 임무장비의 설계·통합·시험 업무에서 사용하는 도구·개념·절차입니다. 실제 직무에서는 설계, 운용, 분석 또는 의사결정 결과를 만드는 데 적용됩니다.",드론 레이더 탑재체 엔지니어이(가) SAR·탐지레이더의 경량화·탑재·신호처리 업무를 수행할 때 Radar을(를) 이해하고 적용하기 위해 학습합니다.,전자회로·신호처리·측정 기초,중급,PREREQUISITE,국비지원 직업훈련,드론 기초기술 현장적용 가이드,ACG20263001192049,1057,러닝플러스 주식회사,직업훈련기관,정보기술컨설팅 기반의 고용24 훈련과정입니다. Radar 학습에는 과정명과의 직접 연관성에 따라 기초·포함·선수 경로로 연결했습니다.,정보기술컨설팅; 드론 기초기술 현장적용; 드론 활용실무; 국가자격,중급,온라인,국비지원(일부 자부담 가능),고용24 직업훈련(국민내일배움카드 적용 여부는 과정 상세 확인),온라인,총 21시간,,2026-09-28~2026-10-27,근로자원격훈련,수료 여부 과정별 확인,https://www.work24.go.kr/hr/a/a/3100/selectTracseDetl.do?tracseId=ACG20263001192049&tracseTme=136&crseTracseSe=C0031&trainstCstmrId=500020021711,고용24 훈련과정 상세,정부사이트,2026-09-28,현재 운영,,전자·센서 기초 → 장비별 공식 자료 → 통합 실습 → 환경·성능 시험,대시보드 원본 교육데이터(예정)를 Skill과 연결. relevance_type=PREREQUISITE.,dashboard C.html / Work24 원천 링크
개발·제작,항전·통신·센서·임무장비,DJ-065,드론 레이더 탑재체 엔지니어,센서·임무장비,SAR,합성개구레이더,"합성개구레이더은(는) 드론 탑재 센서와 임무장비의 설계·통합·시험 업무에서 사용하는 도구·개념·절차입니다. 실제 직무에서는 설계, 운용, 분석 또는 의사결정 결과를 만드는 데 적용됩니다.",드론 레이더 탑재체 엔지니어이(가) SAR·탐지레이더의 경량화·탑재·신호처리 업무를 수행할 때 SAR을(를) 이해하고 적용하기 위해 학습합니다.,전자회로·신호처리·측정 기초,중급,INCLUDED,국비지원 직업훈련,무인항공기 임무비행 전문가,AIG20250000531993,1007,디엠씨,직업훈련기관,소형무인기운용·조종 기반의 고용24 훈련과정입니다. SAR 학습에는 과정명과의 직접 연관성에 따라 기초·포함·선수 경로로 연결했습니다.,소형무인기운용·조종; 재난; 임무비행; 수중드론,중급,오프라인,국비지원(일부 자부담 가능),고용24 직업훈련(국민내일배움카드 적용 여부는 과정 상세 확인),경남 양산시,총 320시간,,2026-09-15~2026-11-13,국민내일배움카드(일반),수료 여부 과정별 확인,https://www.work24.go.kr/hr/a/a/3100/selectTracseDetl.do?tracseId=AIG20250000531993&tracseTme=5&crseTracseSe=C0061&trainstCstmrId=500038945686,고용24 훈련과정 상세,정부사이트,2026-09-28,현재 운영,,전자·센서 기초 → 장비별 공식 자료 → 통합 실습 → 환경·성능 시험,대시보드 원본 교육데이터(진행중)를 Skill과 연결. relevance_type=INCLUDED.,dashboard C.html / Work24 원천 링크
개발·제작,항전·통신·센서·임무장비,DJ-066,드론 멀티스펙트럴 센서 엔지니어,센서·임무장비,Multispectral,다중분광 영상,"다중분광 영상은(는) 드론 탑재 센서와 임무장비의 설계·통합·시험 업무에서 사용하는 도구·개념·절차입니다. 실제 직무에서는 설계, 운용, 분석 또는 의사결정 결과를 만드는 데 적용됩니다.",드론 멀티스펙트럴 센서 엔지니어이(가) 다중분광 카메라 통합·교정·데이터 품질관리 업무를 수행할 때 Multispectral을(를) 이해하고 적용하기 위해 학습합니다.,전자회로·신호처리·측정 기초,중급,PREREQUISITE,국비지원 직업훈련,드론 기초기술 현장적용 가이드,ACG20263001192049,1057,러닝플러스 주식회사,직업훈련기관,정보기술컨설팅 기반의 고용24 훈련과정입니다. Multispectral 학습에는 과정명과의 직접 연관성에 따라 기초·포함·선수 경로로 연결했습니다.,정보기술컨설팅; 드론 기초기술 현장적용; 드론 활용실무; 국가자격,중급,온라인,국비지원(일부 자부담 가능),고용24 직업훈련(국민내일배움카드 적용 여부는 과정 상세 확인),온라인,총 21시간,,2026-09-28~2026-10-27,근로자원격훈련,수료 여부 과정별 확인,https://www.work24.go.kr/hr/a/a/3100/selectTracseDetl.do?tracseId=ACG20263001192049&tracseTme=136&crseTracseSe=C0031&trainstCstmrId=500020021711,고용24 훈련과정 상세,정부사이트,2026-09-28,현재 운영,https://enterprise-insights.dji.com/learning-center,전자·센서 기초 → 장비별 공식 자료 → 통합 실습 → 환경·성능 시험,대시보드 원본 교육데이터(예정)를 Skill과 연결. relevance_type=PREREQUISITE.,dashboard C.html / Work24 원천 링크
개발·제작,항전·통신·센서·임무장비,DJ-066,드론 멀티스펙트럴 센서 엔지니어,센서·임무장비,Multispectral,다중분광 영상,"다중분광 영상은(는) 드론 탑재 센서와 임무장비의 설계·통합·시험 업무에서 사용하는 도구·개념·절차입니다. 실제 직무에서는 설계, 운용, 분석 또는 의사결정 결과를 만드는 데 적용됩니다.",드론 멀티스펙트럴 센서 엔지니어이(가) 다중분광 카메라 통합·교정·데이터 품질관리 업무를 수행할 때 Multispectral을(를) 이해하고 적용하기 위해 학습합니다.,드론 조종과 촬영 기초,중급,OFFICIAL_RESOURCE,공식 튜토리얼·문서,DJI Enterprise Learning Center,DJI-GEO,,DJI Enterprise,기업 공식교육,측량·매핑·점검·공공안전 등 DJI Enterprise 장비와 지리공간 워크플로를 학습합니다.,DJI Enterprise; Mapping; Inspection; LiDAR; Drone Operations,초급~중급,온라인,무료/유료 혼합,,온라인,자기주도 학습,상시,상시,대학생·취업준비생·재직자·일반인,프로그램별 확인,https://enterprise-insights.dji.com/learning-center,DJI Enterprise,기업·기관 공식사이트,2026-09-28,상시 운영,,기체·안전 → 임무 설정 → 데이터 수집 → 처리 → 산업별 적용,공식 제공기관이 운영하는 교육·튜토리얼·문서 기반 학습경로.,공식 웹사이트 직접 확인
개발·제작,항전·통신·센서·임무장비,DJ-066,드론 멀티스펙트럴 센서 엔지니어,센서·임무장비,Radiometric Calibration,Radiometric Calibration 관련 기술,"Radiometric Calibration은(는) 드론 탑재 센서와 임무장비의 설계·통합·시험 업무에서 사용하는 도구·개념·절차입니다. 실제 직무에서는 설계, 운용, 분석 또는 의사결정 결과를 만드는 데 적용됩니다.",드론 멀티스펙트럴 센서 엔지니어이(가) 다중분광 카메라 통합·교정·데이터 품질관리 업무를 수행할 때 Radiometric Calibration을(를) 이해하고 적용하기 위해 학습합니다.,전자회로·신호처리·측정 기초,고급,PREREQUISITE,국비지원 직업훈련,드론 기초기술 현장적용 가이드,ACG20263001192049,1057,러닝플러스 주식회사,직업훈련기관,정보기술컨설팅 기반의 고용24 훈련과정입니다. Radiometric Calibration 학습에는 과정명과의 직접 연관성에 따라 기초·포함·선수 경로로 연결했습니다.,정보기술컨설팅; 드론 기초기술 현장적용; 드론 활용실무; 국가자격,고급,온라인,국비지원(일부 자부담 가능),고용24 직업훈련(국민내일배움카드 적용 여부는 과정 상세 확인),온라인,총 21시간,,2026-09-28~2026-10-27,근로자원격훈련,수료 여부 과정별 확인,https://www.work24.go.kr/hr/a/a/3100/selectTracseDetl.do?tracseId=ACG20263001192049&tracseTme=136&crseTracseSe=C0031&trainstCstmrId=500020021711,고용24 훈련과정 상세,정부사이트,2026-09-28,현재 운영,,전자·센서 기초 → 장비별 공식 자료 → 통합 실습 → 환경·성능 시험,대시보드 원본 교육데이터(예정)를 Skill과 연결. relevance_type=PREREQUISITE.,dashboard C.html / Work24 원천 링크
개발·제작,항전·통신·센서·임무장비,DJ-067,드론 임무장비 통합 엔지니어,센서·임무장비,ICD,인터페이스 통제문서,"인터페이스 통제문서은(는) 드론 탑재 센서와 임무장비의 설계·통합·시험 업무에서 사용하는 도구·개념·절차입니다. 실제 직무에서는 설계, 운용, 분석 또는 의사결정 결과를 만드는 데 적용됩니다.",드론 임무장비 통합 엔지니어이(가) 센서·살포기·투하장치 등 페이로드 통합 업무를 수행할 때 ICD을(를) 이해하고 적용하기 위해 학습합니다.,전자회로·신호처리·측정 기초,중급,PREREQUISITE,국비지원 직업훈련,드론 기초기술 현장적용 가이드,ACG20263001192049,1057,러닝플러스 주식회사,직업훈련기관,정보기술컨설팅 기반의 고용24 훈련과정입니다. ICD 학습에는 과정명과의 직접 연관성에 따라 기초·포함·선수 경로로 연결했습니다.,정보기술컨설팅; 드론 기초기술 현장적용; 드론 활용실무; 국가자격,중급,온라인,국비지원(일부 자부담 가능),고용24 직업훈련(국민내일배움카드 적용 여부는 과정 상세 확인),온라인,총 21시간,,2026-09-28~2026-10-27,근로자원격훈련,수료 여부 과정별 확인,https://www.work24.go.kr/hr/a/a/3100/selectTracseDetl.do?tracseId=ACG20263001192049&tracseTme=136&crseTracseSe=C0031&trainstCstmrId=500020021711,고용24 훈련과정 상세,정부사이트,2026-09-28,현재 운영,,전자·센서 기초 → 장비별 공식 자료 → 통합 실습 → 환경·성능 시험,대시보드 원본 교육데이터(예정)를 Skill과 연결. relevance_type=PREREQUISITE.,dashboard C.html / Work24 원천 링크
개발·제작,항전·통신·센서·임무장비,DJ-067,드론 임무장비 통합 엔지니어,센서·임무장비,Payload,Payload 관련 기술,"Payload은(는) 드론 탑재 센서와 임무장비의 설계·통합·시험 업무에서 사용하는 도구·개념·절차입니다. 실제 직무에서는 설계, 운용, 분석 또는 의사결정 결과를 만드는 데 적용됩니다.",드론 임무장비 통합 엔지니어이(가) 센서·살포기·투하장치 등 페이로드 통합 업무를 수행할 때 Payload을(를) 이해하고 적용하기 위해 학습합니다.,전자회로·신호처리·측정 기초,중급,PREREQUISITE,국비지원 직업훈련,드론 기초기술 현장적용 가이드,ACG20263001192049,1057,러닝플러스 주식회사,직업훈련기관,정보기술컨설팅 기반의 고용24 훈련과정입니다. Payload 학습에는 과정명과의 직접 연관성에 따라 기초·포함·선수 경로로 연결했습니다.,정보기술컨설팅; 드론 기초기술 현장적용; 드론 활용실무; 국가자격,중급,온라인,국비지원(일부 자부담 가능),고용24 직업훈련(국민내일배움카드 적용 여부는 과정 상세 확인),온라인,총 21시간,,2026-09-28~2026-10-27,근로자원격훈련,수료 여부 과정별 확인,https://www.work24.go.kr/hr/a/a/3100/selectTracseDetl.do?tracseId=ACG20263001192049&tracseTme=136&crseTracseSe=C0031&trainstCstmrId=500020021711,고용24 훈련과정 상세,정부사이트,2026-09-28,현재 운영,,전자·센서 기초 → 장비별 공식 자료 → 통합 실습 → 환경·성능 시험,대시보드 원본 교육데이터(예정)를 Skill과 연결. relevance_type=PREREQUISITE.,dashboard C.html / Work24 원천 링크
개발·제작,항전·통신·센서·임무장비,DJ-067,드론 임무장비 통합 엔지니어,센서·임무장비,중량중심,중량중심,"중량중심은(는) 드론 탑재 센서와 임무장비의 설계·통합·시험 업무에서 사용하는 도구·개념·절차입니다. 실제 직무에서는 설계, 운용, 분석 또는 의사결정 결과를 만드는 데 적용됩니다.",드론 임무장비 통합 엔지니어이(가) 센서·살포기·투하장치 등 페이로드 통합 업무를 수행할 때 중량중심을(를) 이해하고 적용하기 위해 학습합니다.,전자회로·신호처리·측정 기초,중급,PREREQUISITE,국비지원 직업훈련,드론 기초기술 현장적용 가이드,ACG20263001192049,1057,러닝플러스 주식회사,직업훈련기관,정보기술컨설팅 기반의 고용24 훈련과정입니다. 중량중심 학습에는 과정명과의 직접 연관성에 따라 기초·포함·선수 경로로 연결했습니다.,정보기술컨설팅; 드론 기초기술 현장적용; 드론 활용실무; 국가자격,중급,온라인,국비지원(일부 자부담 가능),고용24 직업훈련(국민내일배움카드 적용 여부는 과정 상세 확인),온라인,총 21시간,,2026-09-28~2026-10-27,근로자원격훈련,수료 여부 과정별 확인,https://www.work24.go.kr/hr/a/a/3100/selectTracseDetl.do?tracseId=ACG20263001192049&tracseTme=136&crseTracseSe=C0031&trainstCstmrId=500020021711,고용24 훈련과정 상세,정부사이트,2026-09-28,현재 운영,,전자·센서 기초 → 장비별 공식 자료 → 통합 실습 → 환경·성능 시험,대시보드 원본 교육데이터(예정)를 Skill과 연결. relevance_type=PREREQUISITE.,dashboard C.html / Work24 원천 링크
개발·제작,항전·통신·센서·임무장비,DJ-062,드론 임무컴퓨터 개발자,센서·임무장비,Edge Computer,Edge Computer 관련 기술,"Edge Computer은(는) 드론 탑재 센서와 임무장비의 설계·통합·시험 업무에서 사용하는 도구·개념·절차입니다. 실제 직무에서는 설계, 운용, 분석 또는 의사결정 결과를 만드는 데 적용됩니다.",드론 임무컴퓨터 개발자이(가) 영상·센서·AI 처리를 위한 탑재컴퓨터 개발 업무를 수행할 때 Edge Computer을(를) 이해하고 적용하기 위해 학습합니다.,전자회로·신호처리·측정 기초,중급,PREREQUISITE,국비지원 직업훈련,드론 기초기술 현장적용 가이드,ACG20263001192049,1057,러닝플러스 주식회사,직업훈련기관,정보기술컨설팅 기반의 고용24 훈련과정입니다. Edge Computer 학습에는 과정명과의 직접 연관성에 따라 기초·포함·선수 경로로 연결했습니다.,정보기술컨설팅; 드론 기초기술 현장적용; 드론 활용실무; 국가자격,중급,온라인,국비지원(일부 자부담 가능),고용24 직업훈련(국민내일배움카드 적용 여부는 과정 상세 확인),온라인,총 21시간,,2026-09-28~2026-10-27,근로자원격훈련,수료 여부 과정별 확인,https://www.work24.go.kr/hr/a/a/3100/selectTracseDetl.do?tracseId=ACG20263001192049&tracseTme=136&crseTracseSe=C0031&trainstCstmrId=500020021711,고용24 훈련과정 상세,정부사이트,2026-09-28,현재 운영,,전자·센서 기초 → 장비별 공식 자료 → 통합 실습 → 환경·성능 시험,대시보드 원본 교육데이터(예정)를 Skill과 연결. relevance_type=PREREQUISITE.,dashboard C.html / Work24 원천 링크
개발·제작,항전·통신·센서·임무장비,DJ-062,드론 임무컴퓨터 개발자,센서·임무장비,GPU,GPU 관련 기술,"GPU은(는) 드론 탑재 센서와 임무장비의 설계·통합·시험 업무에서 사용하는 도구·개념·절차입니다. 실제 직무에서는 설계, 운용, 분석 또는 의사결정 결과를 만드는 데 적용됩니다.",드론 임무컴퓨터 개발자이(가) 영상·센서·AI 처리를 위한 탑재컴퓨터 개발 업무를 수행할 때 GPU을(를) 이해하고 적용하기 위해 학습합니다.,전자회로·신호처리·측정 기초,중급,PREREQUISITE,국비지원 직업훈련,드론 기초기술 현장적용 가이드,ACG20263001192049,1057,러닝플러스 주식회사,직업훈련기관,정보기술컨설팅 기반의 고용24 훈련과정입니다. GPU 학습에는 과정명과의 직접 연관성에 따라 기초·포함·선수 경로로 연결했습니다.,정보기술컨설팅; 드론 기초기술 현장적용; 드론 활용실무; 국가자격,중급,온라인,국비지원(일부 자부담 가능),고용24 직업훈련(국민내일배움카드 적용 여부는 과정 상세 확인),온라인,총 21시간,,2026-09-28~2026-10-27,근로자원격훈련,수료 여부 과정별 확인,https://www.work24.go.kr/hr/a/a/3100/selectTracseDetl.do?tracseId=ACG20263001192049&tracseTme=136&crseTracseSe=C0031&trainstCstmrId=500020021711,고용24 훈련과정 상세,정부사이트,2026-09-28,현재 운영,https://docs.nvidia.com/deeplearning/tensorrt/latest/getting-started/quick-start-guide.html,전자·센서 기초 → 장비별 공식 자료 → 통합 실습 → 환경·성능 시험,대시보드 원본 교육데이터(예정)를 Skill과 연결. relevance_type=PREREQUISITE.,dashboard C.html / Work24 원천 링크
개발·제작,항전·통신·센서·임무장비,DJ-062,드론 임무컴퓨터 개발자,센서·임무장비,GPU,GPU 관련 기술,"GPU은(는) 드론 탑재 센서와 임무장비의 설계·통합·시험 업무에서 사용하는 도구·개념·절차입니다. 실제 직무에서는 설계, 운용, 분석 또는 의사결정 결과를 만드는 데 적용됩니다.",드론 임무컴퓨터 개발자이(가) 영상·센서·AI 처리를 위한 탑재컴퓨터 개발 업무를 수행할 때 GPU을(를) 이해하고 적용하기 위해 학습합니다.,Python·딥러닝·GPU 기초,중급,OFFICIAL_RESOURCE,공식 튜토리얼·문서,NVIDIA TensorRT Quick Start Guide,TENSORRT,,NVIDIA,기업 공식교육,학습된 모델을 TensorRT 엔진으로 변환하고 GPU 추론 성능을 최적화하는 절차를 실습합니다.,TensorRT; CUDA; GPU; ONNX; Inference; Quantization,중급~고급,온라인,무료,,온라인,자기주도 학습,상시,상시,대학생·취업준비생·재직자·일반인,없음,https://docs.nvidia.com/deeplearning/tensorrt/latest/getting-started/quick-start-guide.html,NVIDIA,기업·기관 공식사이트,2026-09-28,상시 운영,,ONNX 모델 → TensorRT 설치 → 엔진 빌드 → 추론 → 성능 측정,공식 제공기관이 운영하는 교육·튜토리얼·문서 기반 학습경로.,공식 웹사이트 직접 확인
개발·제작,항전·통신·센서·임무장비,DJ-062,드론 임무컴퓨터 개발자,센서·임무장비,임베디드,임베디드,"임베디드은(는) 드론 탑재 센서와 임무장비의 설계·통합·시험 업무에서 사용하는 도구·개념·절차입니다. 실제 직무에서는 설계, 운용, 분석 또는 의사결정 결과를 만드는 데 적용됩니다.",드론 임무컴퓨터 개발자이(가) 영상·센서·AI 처리를 위한 탑재컴퓨터 개발 업무를 수행할 때 임베디드을(를) 이해하고 적용하기 위해 학습합니다.,전자회로·신호처리·측정 기초,중급,PREREQUISITE,국비지원 직업훈련,드론 기초기술 현장적용 가이드,ACG20263001192049,1057,러닝플러스 주식회사,직업훈련기관,정보기술컨설팅 기반의 고용24 훈련과정입니다. 임베디드 학습에는 과정명과의 직접 연관성에 따라 기초·포함·선수 경로로 연결했습니다.,정보기술컨설팅; 드론 기초기술 현장적용; 드론 활용실무; 국가자격,중급,온라인,국비지원(일부 자부담 가능),고용24 직업훈련(국민내일배움카드 적용 여부는 과정 상세 확인),온라인,총 21시간,,2026-09-28~2026-10-27,근로자원격훈련,수료 여부 과정별 확인,https://www.work24.go.kr/hr/a/a/3100/selectTracseDetl.do?tracseId=ACG20263001192049&tracseTme=136&crseTracseSe=C0031&trainstCstmrId=500020021711,고용24 훈련과정 상세,정부사이트,2026-09-28,현재 운영,https://docs.arduino.cc/learn,전자·센서 기초 → 장비별 공식 자료 → 통합 실습 → 환경·성능 시험,대시보드 원본 교육데이터(예정)를 Skill과 연결. relevance_type=PREREQUISITE.,dashboard C.html / Work24 원천 링크
개발·제작,항전·통신·센서·임무장비,DJ-062,드론 임무컴퓨터 개발자,센서·임무장비,임베디드,임베디드,"임베디드은(는) 드론 탑재 센서와 임무장비의 설계·통합·시험 업무에서 사용하는 도구·개념·절차입니다. 실제 직무에서는 설계, 운용, 분석 또는 의사결정 결과를 만드는 데 적용됩니다.",드론 임무컴퓨터 개발자이(가) 영상·센서·AI 처리를 위한 탑재컴퓨터 개발 업무를 수행할 때 임베디드을(를) 이해하고 적용하기 위해 학습합니다.,전기 안전과 기초 회로,중급,INCLUDED,공식 튜토리얼·문서,Arduino Learn,ARDUINO,,Arduino,기업 공식교육,"전자회로, 마이크로컨트롤러, 센서·모터·통신을 공식 실습 예제로 학습합니다.",Arduino; Electronics; MCU; Sensor; Motor; Serial Communication,입문~중급,온라인,무료,,온라인,자기주도 학습,상시,상시,대학생·취업준비생·재직자·일반인,없음,https://docs.arduino.cc/learn,Arduino,기업·기관 공식사이트,2026-09-28,상시 운영,,회로 기초 → 입출력 → 센서·통신 → 모터 제어 → 드론 장치 프로토타입,공식 제공기관이 운영하는 교육·튜토리얼·문서 기반 학습경로.,공식 웹사이트 직접 확인
개발·제작,항전·통신·센서·임무장비,DJ-069,드론 환경·내구 시험 엔지니어,센서·임무장비,HALT,HALT 관련 기술,"HALT은(는) 드론 탑재 센서와 임무장비의 설계·통합·시험 업무에서 사용하는 도구·개념·절차입니다. 실제 직무에서는 설계, 운용, 분석 또는 의사결정 결과를 만드는 데 적용됩니다.",드론 환경·내구 시험 엔지니어이(가) 온습도·비·눈·진동·낙하·소음 등 환경시험 업무를 수행할 때 HALT을(를) 이해하고 적용하기 위해 학습합니다.,전자회로·신호처리·측정 기초,중급,PREREQUISITE,국비지원 직업훈련,드론 기초기술 현장적용 가이드,ACG20263001192049,1057,러닝플러스 주식회사,직업훈련기관,정보기술컨설팅 기반의 고용24 훈련과정입니다. HALT 학습에는 과정명과의 직접 연관성에 따라 기초·포함·선수 경로로 연결했습니다.,정보기술컨설팅; 드론 기초기술 현장적용; 드론 활용실무; 국가자격,중급,온라인,국비지원(일부 자부담 가능),고용24 직업훈련(국민내일배움카드 적용 여부는 과정 상세 확인),온라인,총 21시간,,2026-09-28~2026-10-27,근로자원격훈련,수료 여부 과정별 확인,https://www.work24.go.kr/hr/a/a/3100/selectTracseDetl.do?tracseId=ACG20263001192049&tracseTme=136&crseTracseSe=C0031&trainstCstmrId=500020021711,고용24 훈련과정 상세,정부사이트,2026-09-28,현재 운영,,전자·센서 기초 → 장비별 공식 자료 → 통합 실습 → 환경·성능 시험,대시보드 원본 교육데이터(예정)를 Skill과 연결. relevance_type=PREREQUISITE.,dashboard C.html / Work24 원천 링크
개발·제작,항전·통신·센서·임무장비,DJ-069,드론 환경·내구 시험 엔지니어,센서·임무장비,진동,진동,"진동은(는) 드론 탑재 센서와 임무장비의 설계·통합·시험 업무에서 사용하는 도구·개념·절차입니다. 실제 직무에서는 설계, 운용, 분석 또는 의사결정 결과를 만드는 데 적용됩니다.",드론 환경·내구 시험 엔지니어이(가) 온습도·비·눈·진동·낙하·소음 등 환경시험 업무를 수행할 때 진동을(를) 이해하고 적용하기 위해 학습합니다.,전자회로·신호처리·측정 기초,중급,PREREQUISITE,국비지원 직업훈련,드론 기초기술 현장적용 가이드,ACG20263001192049,1057,러닝플러스 주식회사,직업훈련기관,정보기술컨설팅 기반의 고용24 훈련과정입니다. 진동 학습에는 과정명과의 직접 연관성에 따라 기초·포함·선수 경로로 연결했습니다.,정보기술컨설팅; 드론 기초기술 현장적용; 드론 활용실무; 국가자격,중급,온라인,국비지원(일부 자부담 가능),고용24 직업훈련(국민내일배움카드 적용 여부는 과정 상세 확인),온라인,총 21시간,,2026-09-28~2026-10-27,근로자원격훈련,수료 여부 과정별 확인,https://www.work24.go.kr/hr/a/a/3100/selectTracseDetl.do?tracseId=ACG20263001192049&tracseTme=136&crseTracseSe=C0031&trainstCstmrId=500020021711,고용24 훈련과정 상세,정부사이트,2026-09-28,현재 운영,https://innovationspace.ansys.com/courses/academic-courses/?template=academic,전자·센서 기초 → 장비별 공식 자료 → 통합 실습 → 환경·성능 시험,대시보드 원본 교육데이터(예정)를 Skill과 연결. relevance_type=PREREQUISITE.,dashboard C.html / Work24 원천 링크
개발·제작,항전·통신·센서·임무장비,DJ-069,드론 환경·내구 시험 엔지니어,센서·임무장비,진동,진동,"진동은(는) 드론 탑재 센서와 임무장비의 설계·통합·시험 업무에서 사용하는 도구·개념·절차입니다. 실제 직무에서는 설계, 운용, 분석 또는 의사결정 결과를 만드는 데 적용됩니다.",드론 환경·내구 시험 엔지니어이(가) 온습도·비·눈·진동·낙하·소음 등 환경시험 업무를 수행할 때 진동을(를) 이해하고 적용하기 위해 학습합니다.,공학 수학·물리 기초,중급,INCLUDED,공식 튜토리얼·문서,Ansys Innovation Courses,ANSYS,,Ansys,기업 공식교육,유체·구조·열·전자기 물리와 Ansys 해석 워크플로를 무료 온라인 과정으로 학습합니다.,Ansys; CFD; Structural; Thermal; Electromagnetics; Simulation,초급~고급,온라인,무료,,온라인,자기주도 학습,상시,상시,대학생·취업준비생·재직자·일반인,완료 배지 과정 있음,https://innovationspace.ansys.com/courses/academic-courses/?template=academic,Ansys,기업·기관 공식사이트,2026-09-28,상시 운영,,물리 기초 → 해석 설정 → 메시·경계조건 → 결과 검증 → 드론 부품 적용,공식 제공기관이 운영하는 교육·튜토리얼·문서 기반 학습경로.,공식 웹사이트 직접 확인
개발·제작,항전·통신·센서·임무장비,DJ-069,드론 환경·내구 시험 엔지니어,센서·임무장비,환경시험,환경시험,"환경시험은(는) 드론 탑재 센서와 임무장비의 설계·통합·시험 업무에서 사용하는 도구·개념·절차입니다. 실제 직무에서는 설계, 운용, 분석 또는 의사결정 결과를 만드는 데 적용됩니다.",드론 환경·내구 시험 엔지니어이(가) 온습도·비·눈·진동·낙하·소음 등 환경시험 업무를 수행할 때 환경시험을(를) 이해하고 적용하기 위해 학습합니다.,전자회로·신호처리·측정 기초,중급,PREREQUISITE,국비지원 직업훈련,"드론 활용실무(건설, 물류, 방제용 드론)",AVA20263001321903,1043,사단법인 한국에듀테크산업협회,직업훈련기관,소형무인기운용·조종 기반의 고용24 훈련과정입니다. 환경시험 학습에는 과정명과의 직접 연관성에 따라 기초·포함·선수 경로로 연결했습니다.,소형무인기운용·조종; 방제; 스마트농업; 농업,중급,온라인,국비지원(일부 자부담 가능),고용24 직업훈련(국민내일배움카드 적용 여부는 과정 상세 확인),온라인,총 21시간,,2026-09-24~2026-10-21,실업자원격훈련,수료 여부 과정별 확인,https://www.work24.go.kr/hr/a/a/3100/selectTracseDetl.do?tracseId=AVA20263001321903&tracseTme=9&crseTracseSe=C0055&trainstCstmrId=500020013301,고용24 훈련과정 상세,정부사이트,2026-09-28,현재 운영,,전자·센서 기초 → 장비별 공식 자료 → 통합 실습 → 환경·성능 시험,대시보드 원본 교육데이터(예정)를 Skill과 연결. relevance_type=PREREQUISITE.,dashboard C.html / Work24 원천 링크
개발·제작,항전·통신·센서·임무장비,DJ-068,드론 EMC·EMI 시험 엔지니어,센서·임무장비,EMC,전자파 적합성,"전자파 적합성은(는) 드론 탑재 센서와 임무장비의 설계·통합·시험 업무에서 사용하는 도구·개념·절차입니다. 실제 직무에서는 설계, 운용, 분석 또는 의사결정 결과를 만드는 데 적용됩니다.",드론 EMC·EMI 시험 엔지니어이(가) 기체·항전품 전자파 적합성 시험과 개선 업무를 수행할 때 EMC을(를) 이해하고 적용하기 위해 학습합니다.,전자회로·신호처리·측정 기초,중급,PREREQUISITE,국비지원 직업훈련,드론 기초기술 현장적용 가이드,ACG20263001192049,1057,러닝플러스 주식회사,직업훈련기관,정보기술컨설팅 기반의 고용24 훈련과정입니다. EMC 학습에는 과정명과의 직접 연관성에 따라 기초·포함·선수 경로로 연결했습니다.,정보기술컨설팅; 드론 기초기술 현장적용; 드론 활용실무; 국가자격,중급,온라인,국비지원(일부 자부담 가능),고용24 직업훈련(국민내일배움카드 적용 여부는 과정 상세 확인),온라인,총 21시간,,2026-09-28~2026-10-27,근로자원격훈련,수료 여부 과정별 확인,https://www.work24.go.kr/hr/a/a/3100/selectTracseDetl.do?tracseId=ACG20263001192049&tracseTme=136&crseTracseSe=C0031&trainstCstmrId=500020021711,고용24 훈련과정 상세,정부사이트,2026-09-28,현재 운영,,전자·센서 기초 → 장비별 공식 자료 → 통합 실습 → 환경·성능 시험,대시보드 원본 교육데이터(예정)를 Skill과 연결. relevance_type=PREREQUISITE.,dashboard C.html / Work24 원천 링크
개발·제작,항전·통신·센서·임무장비,DJ-068,드론 EMC·EMI 시험 엔지니어,센서·임무장비,EMI,전자파 간섭,"전자파 간섭은(는) 드론 탑재 센서와 임무장비의 설계·통합·시험 업무에서 사용하는 도구·개념·절차입니다. 실제 직무에서는 설계, 운용, 분석 또는 의사결정 결과를 만드는 데 적용됩니다.",드론 EMC·EMI 시험 엔지니어이(가) 기체·항전품 전자파 적합성 시험과 개선 업무를 수행할 때 EMI을(를) 이해하고 적용하기 위해 학습합니다.,전자회로·신호처리·측정 기초,중급,PREREQUISITE,국비지원 직업훈련,드론 기초기술 현장적용 가이드,ACG20263001192049,1057,러닝플러스 주식회사,직업훈련기관,정보기술컨설팅 기반의 고용24 훈련과정입니다. EMI 학습에는 과정명과의 직접 연관성에 따라 기초·포함·선수 경로로 연결했습니다.,정보기술컨설팅; 드론 기초기술 현장적용; 드론 활용실무; 국가자격,중급,온라인,국비지원(일부 자부담 가능),고용24 직업훈련(국민내일배움카드 적용 여부는 과정 상세 확인),온라인,총 21시간,,2026-09-28~2026-10-27,근로자원격훈련,수료 여부 과정별 확인,https://www.work24.go.kr/hr/a/a/3100/selectTracseDetl.do?tracseId=ACG20263001192049&tracseTme=136&crseTracseSe=C0031&trainstCstmrId=500020021711,고용24 훈련과정 상세,정부사이트,2026-09-28,현재 운영,,전자·센서 기초 → 장비별 공식 자료 → 통합 실습 → 환경·성능 시험,대시보드 원본 교육데이터(예정)를 Skill과 연결. relevance_type=PREREQUISITE.,dashboard C.html / Work24 원천 링크
개발·제작,항전·통신·센서·임무장비,DJ-068,드론 EMC·EMI 시험 엔지니어,센서·임무장비,시험규격,시험규격,"시험규격은(는) 드론 탑재 센서와 임무장비의 설계·통합·시험 업무에서 사용하는 도구·개념·절차입니다. 실제 직무에서는 설계, 운용, 분석 또는 의사결정 결과를 만드는 데 적용됩니다.",드론 EMC·EMI 시험 엔지니어이(가) 기체·항전품 전자파 적합성 시험과 개선 업무를 수행할 때 시험규격을(를) 이해하고 적용하기 위해 학습합니다.,전자회로·신호처리·측정 기초,중급,PREREQUISITE,국비지원 직업훈련,드론 기초기술 현장적용 가이드,ACG20263001192049,1057,러닝플러스 주식회사,직업훈련기관,정보기술컨설팅 기반의 고용24 훈련과정입니다. 시험규격 학습에는 과정명과의 직접 연관성에 따라 기초·포함·선수 경로로 연결했습니다.,정보기술컨설팅; 드론 기초기술 현장적용; 드론 활용실무; 국가자격,중급,온라인,국비지원(일부 자부담 가능),고용24 직업훈련(국민내일배움카드 적용 여부는 과정 상세 확인),온라인,총 21시간,,2026-09-28~2026-10-27,근로자원격훈련,수료 여부 과정별 확인,https://www.work24.go.kr/hr/a/a/3100/selectTracseDetl.do?tracseId=ACG20263001192049&tracseTme=136&crseTracseSe=C0031&trainstCstmrId=500020021711,고용24 훈련과정 상세,정부사이트,2026-09-28,현재 운영,,전자·센서 기초 → 장비별 공식 자료 → 통합 실습 → 환경·성능 시험,대시보드 원본 교육데이터(예정)를 Skill과 연결. relevance_type=PREREQUISITE.,dashboard C.html / Work24 원천 링크
개발·제작,항전·통신·센서·임무장비,DJ-063,드론 EO/IR 짐벌 엔지니어,센서·임무장비,EO/IR,전자광학·적외선,"전자광학·적외선은(는) 드론 탑재 센서와 임무장비의 설계·통합·시험 업무에서 사용하는 도구·개념·절차입니다. 실제 직무에서는 설계, 운용, 분석 또는 의사결정 결과를 만드는 데 적용됩니다.",드론 EO/IR 짐벌 엔지니어이(가) 광학·열화상 카메라와 안정화 짐벌 개발 업무를 수행할 때 EO/IR을(를) 이해하고 적용하기 위해 학습합니다.,전자회로·신호처리·측정 기초,중급,PREREQUISITE,국비지원 직업훈련,드론 기초기술 현장적용 가이드,ACG20263001192049,1057,러닝플러스 주식회사,직업훈련기관,정보기술컨설팅 기반의 고용24 훈련과정입니다. EO/IR 학습에는 과정명과의 직접 연관성에 따라 기초·포함·선수 경로로 연결했습니다.,정보기술컨설팅; 드론 기초기술 현장적용; 드론 활용실무; 국가자격,중급,온라인,국비지원(일부 자부담 가능),고용24 직업훈련(국민내일배움카드 적용 여부는 과정 상세 확인),온라인,총 21시간,,2026-09-28~2026-10-27,근로자원격훈련,수료 여부 과정별 확인,https://www.work24.go.kr/hr/a/a/3100/selectTracseDetl.do?tracseId=ACG20263001192049&tracseTme=136&crseTracseSe=C0031&trainstCstmrId=500020021711,고용24 훈련과정 상세,정부사이트,2026-09-28,현재 운영,,전자·센서 기초 → 장비별 공식 자료 → 통합 실습 → 환경·성능 시험,대시보드 원본 교육데이터(예정)를 Skill과 연결. relevance_type=PREREQUISITE.,dashboard C.html / Work24 원천 링크
개발·제작,항전·통신·센서·임무장비,DJ-063,드론 EO/IR 짐벌 엔지니어,센서·임무장비,광학,광학,"광학은(는) 드론 탑재 센서와 임무장비의 설계·통합·시험 업무에서 사용하는 도구·개념·절차입니다. 실제 직무에서는 설계, 운용, 분석 또는 의사결정 결과를 만드는 데 적용됩니다.",드론 EO/IR 짐벌 엔지니어이(가) 광학·열화상 카메라와 안정화 짐벌 개발 업무를 수행할 때 광학을(를) 이해하고 적용하기 위해 학습합니다.,전자회로·신호처리·측정 기초,중급,PREREQUISITE,국비지원 직업훈련,드론 기초기술 현장적용 가이드,ACG20263001192049,1057,러닝플러스 주식회사,직업훈련기관,정보기술컨설팅 기반의 고용24 훈련과정입니다. 광학 학습에는 과정명과의 직접 연관성에 따라 기초·포함·선수 경로로 연결했습니다.,정보기술컨설팅; 드론 기초기술 현장적용; 드론 활용실무; 국가자격,중급,온라인,국비지원(일부 자부담 가능),고용24 직업훈련(국민내일배움카드 적용 여부는 과정 상세 확인),온라인,총 21시간,,2026-09-28~2026-10-27,근로자원격훈련,수료 여부 과정별 확인,https://www.work24.go.kr/hr/a/a/3100/selectTracseDetl.do?tracseId=ACG20263001192049&tracseTme=136&crseTracseSe=C0031&trainstCstmrId=500020021711,고용24 훈련과정 상세,정부사이트,2026-09-28,현재 운영,,전자·센서 기초 → 장비별 공식 자료 → 통합 실습 → 환경·성능 시험,대시보드 원본 교육데이터(예정)를 Skill과 연결. relevance_type=PREREQUISITE.,dashboard C.html / Work24 원천 링크
개발·제작,항전·통신·센서·임무장비,DJ-063,드론 EO/IR 짐벌 엔지니어,센서·임무장비,짐벌제어,짐벌제어,"짐벌제어은(는) 드론 탑재 센서와 임무장비의 설계·통합·시험 업무에서 사용하는 도구·개념·절차입니다. 실제 직무에서는 설계, 운용, 분석 또는 의사결정 결과를 만드는 데 적용됩니다.",드론 EO/IR 짐벌 엔지니어이(가) 광학·열화상 카메라와 안정화 짐벌 개발 업무를 수행할 때 짐벌제어을(를) 이해하고 적용하기 위해 학습합니다.,전자회로·신호처리·측정 기초,중급,PREREQUISITE,국비지원 직업훈련,드론 기초기술 현장적용 가이드,ACG20263001192049,1057,러닝플러스 주식회사,직업훈련기관,정보기술컨설팅 기반의 고용24 훈련과정입니다. 짐벌제어 학습에는 과정명과의 직접 연관성에 따라 기초·포함·선수 경로로 연결했습니다.,정보기술컨설팅; 드론 기초기술 현장적용; 드론 활용실무; 국가자격,중급,온라인,국비지원(일부 자부담 가능),고용24 직업훈련(국민내일배움카드 적용 여부는 과정 상세 확인),온라인,총 21시간,,2026-09-28~2026-10-27,근로자원격훈련,수료 여부 과정별 확인,https://www.work24.go.kr/hr/a/a/3100/selectTracseDetl.do?tracseId=ACG20263001192049&tracseTme=136&crseTracseSe=C0031&trainstCstmrId=500020021711,고용24 훈련과정 상세,정부사이트,2026-09-28,현재 운영,,전자·센서 기초 → 장비별 공식 자료 → 통합 실습 → 환경·성능 시험,대시보드 원본 교육데이터(예정)를 Skill과 연결. relevance_type=PREREQUISITE.,dashboard C.html / Work24 원천 링크
개발·제작,항전·통신·센서·임무장비,DJ-064,드론 LiDAR 탑재체 엔지니어,센서·임무장비,Boresight,Boresight 관련 기술,"Boresight은(는) 드론 탑재 센서와 임무장비의 설계·통합·시험 업무에서 사용하는 도구·개념·절차입니다. 실제 직무에서는 설계, 운용, 분석 또는 의사결정 결과를 만드는 데 적용됩니다.",드론 LiDAR 탑재체 엔지니어이(가) LiDAR·GNSS/INS 장착·동기화·보정 업무를 수행할 때 Boresight을(를) 이해하고 적용하기 위해 학습합니다.,전자회로·신호처리·측정 기초,고급,PREREQUISITE,국비지원 직업훈련,드론 기초기술 현장적용 가이드,ACG20263001192049,1057,러닝플러스 주식회사,직업훈련기관,정보기술컨설팅 기반의 고용24 훈련과정입니다. Boresight 학습에는 과정명과의 직접 연관성에 따라 기초·포함·선수 경로로 연결했습니다.,정보기술컨설팅; 드론 기초기술 현장적용; 드론 활용실무; 국가자격,고급,온라인,국비지원(일부 자부담 가능),고용24 직업훈련(국민내일배움카드 적용 여부는 과정 상세 확인),온라인,총 21시간,,2026-09-28~2026-10-27,근로자원격훈련,수료 여부 과정별 확인,https://www.work24.go.kr/hr/a/a/3100/selectTracseDetl.do?tracseId=ACG20263001192049&tracseTme=136&crseTracseSe=C0031&trainstCstmrId=500020021711,고용24 훈련과정 상세,정부사이트,2026-09-28,현재 운영,,전자·센서 기초 → 장비별 공식 자료 → 통합 실습 → 환경·성능 시험,대시보드 원본 교육데이터(예정)를 Skill과 연결. relevance_type=PREREQUISITE.,dashboard C.html / Work24 원천 링크
개발·제작,항전·통신·센서·임무장비,DJ-064,드론 LiDAR 탑재체 엔지니어,센서·임무장비,LiDAR,라이다,"라이다은(는) 드론 탑재 센서와 임무장비의 설계·통합·시험 업무에서 사용하는 도구·개념·절차입니다. 실제 직무에서는 설계, 운용, 분석 또는 의사결정 결과를 만드는 데 적용됩니다.",드론 LiDAR 탑재체 엔지니어이(가) LiDAR·GNSS/INS 장착·동기화·보정 업무를 수행할 때 LiDAR을(를) 이해하고 적용하기 위해 학습합니다.,전자회로·신호처리·측정 기초,중급,INCLUDED,국비지원 직업훈련,특화드론운용 및 2D/3D공간정보 촬영 편집(A반),AIG20250000520214,779,신한글로벌인재교육원,직업훈련기관,소형무인기운용·조종 기반의 고용24 훈련과정입니다. LiDAR 학습에는 과정명과의 직접 연관성에 따라 기초·포함·선수 경로로 연결했습니다.,소형무인기운용·조종; 측량; 3D; 맵핑,중급,오프라인,국비지원(일부 자부담 가능),고용24 직업훈련(국민내일배움카드 적용 여부는 과정 상세 확인),경기 의정부시,총 645시간,,2026-07-27~2026-11-24,국가기간전략산업직종,수료 여부 과정별 확인,https://www.work24.go.kr/hr/a/a/3100/selectTracseDetl.do?tracseId=AIG20250000520214&tracseTme=1&crseTracseSe=C0061&trainstCstmrId=500020031915,고용24 훈련과정 상세,정부사이트,2026-09-28,현재 운영,https://enterprise-insights.dji.com/learning-center,전자·센서 기초 → 장비별 공식 자료 → 통합 실습 → 환경·성능 시험,대시보드 원본 교육데이터(진행중)를 Skill과 연결. relevance_type=INCLUDED.,dashboard C.html / Work24 원천 링크
개발·제작,항전·통신·센서·임무장비,DJ-064,드론 LiDAR 탑재체 엔지니어,센서·임무장비,LiDAR,라이다,"라이다은(는) 드론 탑재 센서와 임무장비의 설계·통합·시험 업무에서 사용하는 도구·개념·절차입니다. 실제 직무에서는 설계, 운용, 분석 또는 의사결정 결과를 만드는 데 적용됩니다.",드론 LiDAR 탑재체 엔지니어이(가) LiDAR·GNSS/INS 장착·동기화·보정 업무를 수행할 때 LiDAR을(를) 이해하고 적용하기 위해 학습합니다.,드론 조종과 촬영 기초,중급,OFFICIAL_RESOURCE,공식 튜토리얼·문서,DJI Enterprise Learning Center,DJI-GEO,,DJI Enterprise,기업 공식교육,측량·매핑·점검·공공안전 등 DJI Enterprise 장비와 지리공간 워크플로를 학습합니다.,DJI Enterprise; Mapping; Inspection; LiDAR; Drone Operations,초급~중급,온라인,무료/유료 혼합,,온라인,자기주도 학습,상시,상시,대학생·취업준비생·재직자·일반인,프로그램별 확인,https://enterprise-insights.dji.com/learning-center,DJI Enterprise,기업·기관 공식사이트,2026-09-28,상시 운영,,기체·안전 → 임무 설정 → 데이터 수집 → 처리 → 산업별 적용,공식 제공기관이 운영하는 교육·튜토리얼·문서 기반 학습경로.,공식 웹사이트 직접 확인
개발·제작,항전·통신·센서·임무장비,DJ-064,드론 LiDAR 탑재체 엔지니어,센서·임무장비,PPS,PPS 관련 기술,"PPS은(는) 드론 탑재 센서와 임무장비의 설계·통합·시험 업무에서 사용하는 도구·개념·절차입니다. 실제 직무에서는 설계, 운용, 분석 또는 의사결정 결과를 만드는 데 적용됩니다.",드론 LiDAR 탑재체 엔지니어이(가) LiDAR·GNSS/INS 장착·동기화·보정 업무를 수행할 때 PPS을(를) 이해하고 적용하기 위해 학습합니다.,전자회로·신호처리·측정 기초,중급,PREREQUISITE,국비지원 직업훈련,드론 기초기술 현장적용 가이드,ACG20263001192049,1057,러닝플러스 주식회사,직업훈련기관,정보기술컨설팅 기반의 고용24 훈련과정입니다. PPS 학습에는 과정명과의 직접 연관성에 따라 기초·포함·선수 경로로 연결했습니다.,정보기술컨설팅; 드론 기초기술 현장적용; 드론 활용실무; 국가자격,중급,온라인,국비지원(일부 자부담 가능),고용24 직업훈련(국민내일배움카드 적용 여부는 과정 상세 확인),온라인,총 21시간,,2026-09-28~2026-10-27,근로자원격훈련,수료 여부 과정별 확인,https://www.work24.go.kr/hr/a/a/3100/selectTracseDetl.do?tracseId=ACG20263001192049&tracseTme=136&crseTracseSe=C0031&trainstCstmrId=500020021711,고용24 훈련과정 상세,정부사이트,2026-09-28,현재 운영,,전자·센서 기초 → 장비별 공식 자료 → 통합 실습 → 환경·성능 시험,대시보드 원본 교육데이터(예정)를 Skill과 연결. relevance_type=PREREQUISITE.,dashboard C.html / Work24 원천 링크
개발·제작,기체·공력·구조·생산,DJ-029,드론 3D프린팅 시제품 기술자,제조·생산,DfAM,적층제조 특화 설계,"적층제조 특화 설계은(는) 드론 부품 제작·조립·공정·품질관리 업무에서 사용하는 도구·개념·절차입니다. 실제 직무에서는 설계, 운용, 분석 또는 의사결정 결과를 만드는 데 적용됩니다.",드론 3D프린팅 시제품 기술자이(가) 기체·마운트 시제품 출력과 후처리 업무를 수행할 때 DfAM을(를) 이해하고 적용하기 위해 학습합니다.,기계 도면과 제조 안전 기초,초급~중급,INCLUDED,국비지원 직업훈련,드론 조립 및 분해(유지보수),AIG20250000516588,1063,신한글로벌인재교육원,직업훈련기관,소형무인기운용·조종 기반의 고용24 훈련과정입니다. DfAM 학습에는 과정명과의 직접 연관성에 따라 기초·포함·선수 경로로 연결했습니다.,소형무인기운용·조종; 정비; 유지보수; 조립,초급~중급,오프라인,국비지원(일부 자부담 가능),고용24 직업훈련(국민내일배움카드 적용 여부는 과정 상세 확인),경기 의정부시,총 36시간,,2026-09-28~2026-10-06,국민내일배움카드(일반),수료 여부 과정별 확인,https://www.work24.go.kr/hr/a/a/3100/selectTracseDetl.do?tracseId=AIG20250000516588&tracseTme=3&crseTracseSe=C0061&trainstCstmrId=500020031915,고용24 훈련과정 상세,정부사이트,2026-09-28,현재 운영,https://www.autodesk.com/learn/ondemand/collection/intro-to-cad-cam,도면·재료 기초 → 공정·장비 실습 → 조립·검사 → 품질·생산 개선,대시보드 원본 교육데이터(예정)를 Skill과 연결. relevance_type=INCLUDED.,dashboard C.html / Work24 원천 링크
개발·제작,기체·공력·구조·생산,DJ-029,드론 3D프린팅 시제품 기술자,제조·생산,DfAM,적층제조 특화 설계,"적층제조 특화 설계은(는) 드론 부품 제작·조립·공정·품질관리 업무에서 사용하는 도구·개념·절차입니다. 실제 직무에서는 설계, 운용, 분석 또는 의사결정 결과를 만드는 데 적용됩니다.",드론 3D프린팅 시제품 기술자이(가) 기체·마운트 시제품 출력과 후처리 업무를 수행할 때 DfAM을(를) 이해하고 적용하기 위해 학습합니다.,기계 도면과 컴퓨터 사용 기초,초급~중급,INCLUDED,공식 튜토리얼·문서,Introduction to CAD/CAM,AUTODESK-CADCAM,,Autodesk,기업 공식교육,"Fusion 기반 스케치·3D 모델링, CAM 공정과 CNC 가공의 기초를 프로젝트로 학습합니다.",CAD; CAM; 3D Modeling; CNC; Manufacturing,입문~중급,온라인,무료,,온라인,자기주도 학습,상시,상시,대학생·취업준비생·재직자·일반인,과정별 확인,https://www.autodesk.com/learn/ondemand/collection/intro-to-cad-cam,Autodesk,기업·기관 공식사이트,2026-09-28,상시 운영,,스케치 → 3D 모델 → 도면 → CAM → 가공 프로젝트,공식 제공기관이 운영하는 교육·튜토리얼·문서 기반 학습경로.,공식 웹사이트 직접 확인
개발·제작,기체·공력·구조·생산,DJ-029,드론 3D프린팅 시제품 기술자,제조·생산,FDM,용융 적층 3D 프린팅,"용융 적층 3D 프린팅은(는) 드론 부품 제작·조립·공정·품질관리 업무에서 사용하는 도구·개념·절차입니다. 실제 직무에서는 설계, 운용, 분석 또는 의사결정 결과를 만드는 데 적용됩니다.",드론 3D프린팅 시제품 기술자이(가) 기체·마운트 시제품 출력과 후처리 업무를 수행할 때 FDM을(를) 이해하고 적용하기 위해 학습합니다.,기계 도면과 제조 안전 기초,초급~중급,INCLUDED,국비지원 직업훈련,드론 조립 및 분해(유지보수),AIG20250000516588,1063,신한글로벌인재교육원,직업훈련기관,소형무인기운용·조종 기반의 고용24 훈련과정입니다. FDM 학습에는 과정명과의 직접 연관성에 따라 기초·포함·선수 경로로 연결했습니다.,소형무인기운용·조종; 정비; 유지보수; 조립,초급~중급,오프라인,국비지원(일부 자부담 가능),고용24 직업훈련(국민내일배움카드 적용 여부는 과정 상세 확인),경기 의정부시,총 36시간,,2026-09-28~2026-10-06,국민내일배움카드(일반),수료 여부 과정별 확인,https://www.work24.go.kr/hr/a/a/3100/selectTracseDetl.do?tracseId=AIG20250000516588&tracseTme=3&crseTracseSe=C0061&trainstCstmrId=500020031915,고용24 훈련과정 상세,정부사이트,2026-09-28,현재 운영,https://www.autodesk.com/learn/ondemand/collection/intro-to-cad-cam,도면·재료 기초 → 공정·장비 실습 → 조립·검사 → 품질·생산 개선,대시보드 원본 교육데이터(예정)를 Skill과 연결. relevance_type=INCLUDED.,dashboard C.html / Work24 원천 링크
개발·제작,기체·공력·구조·생산,DJ-029,드론 3D프린팅 시제품 기술자,제조·생산,FDM,용융 적층 3D 프린팅,"용융 적층 3D 프린팅은(는) 드론 부품 제작·조립·공정·품질관리 업무에서 사용하는 도구·개념·절차입니다. 실제 직무에서는 설계, 운용, 분석 또는 의사결정 결과를 만드는 데 적용됩니다.",드론 3D프린팅 시제품 기술자이(가) 기체·마운트 시제품 출력과 후처리 업무를 수행할 때 FDM을(를) 이해하고 적용하기 위해 학습합니다.,기계 도면과 컴퓨터 사용 기초,초급~중급,INCLUDED,공식 튜토리얼·문서,Introduction to CAD/CAM,AUTODESK-CADCAM,,Autodesk,기업 공식교육,"Fusion 기반 스케치·3D 모델링, CAM 공정과 CNC 가공의 기초를 프로젝트로 학습합니다.",CAD; CAM; 3D Modeling; CNC; Manufacturing,입문~중급,온라인,무료,,온라인,자기주도 학습,상시,상시,대학생·취업준비생·재직자·일반인,과정별 확인,https://www.autodesk.com/learn/ondemand/collection/intro-to-cad-cam,Autodesk,기업·기관 공식사이트,2026-09-28,상시 운영,,스케치 → 3D 모델 → 도면 → CAM → 가공 프로젝트,공식 제공기관이 운영하는 교육·튜토리얼·문서 기반 학습경로.,공식 웹사이트 직접 확인
개발·제작,기체·공력·구조·생산,DJ-029,드론 3D프린팅 시제품 기술자,제조·생산,SLA,광경화 3D 프린팅,"광경화 3D 프린팅은(는) 드론 부품 제작·조립·공정·품질관리 업무에서 사용하는 도구·개념·절차입니다. 실제 직무에서는 설계, 운용, 분석 또는 의사결정 결과를 만드는 데 적용됩니다.",드론 3D프린팅 시제품 기술자이(가) 기체·마운트 시제품 출력과 후처리 업무를 수행할 때 SLA을(를) 이해하고 적용하기 위해 학습합니다.,기계 도면과 제조 안전 기초,초급~중급,INCLUDED,국비지원 직업훈련,드론 조립 및 분해(유지보수),AIG20250000516588,1063,신한글로벌인재교육원,직업훈련기관,소형무인기운용·조종 기반의 고용24 훈련과정입니다. SLA 학습에는 과정명과의 직접 연관성에 따라 기초·포함·선수 경로로 연결했습니다.,소형무인기운용·조종; 정비; 유지보수; 조립,초급~중급,오프라인,국비지원(일부 자부담 가능),고용24 직업훈련(국민내일배움카드 적용 여부는 과정 상세 확인),경기 의정부시,총 36시간,,2026-09-28~2026-10-06,국민내일배움카드(일반),수료 여부 과정별 확인,https://www.work24.go.kr/hr/a/a/3100/selectTracseDetl.do?tracseId=AIG20250000516588&tracseTme=3&crseTracseSe=C0061&trainstCstmrId=500020031915,고용24 훈련과정 상세,정부사이트,2026-09-28,현재 운영,https://www.autodesk.com/learn/ondemand/collection/intro-to-cad-cam,도면·재료 기초 → 공정·장비 실습 → 조립·검사 → 품질·생산 개선,대시보드 원본 교육데이터(예정)를 Skill과 연결. relevance_type=INCLUDED.,dashboard C.html / Work24 원천 링크
개발·제작,기체·공력·구조·생산,DJ-029,드론 3D프린팅 시제품 기술자,제조·생산,SLA,광경화 3D 프린팅,"광경화 3D 프린팅은(는) 드론 부품 제작·조립·공정·품질관리 업무에서 사용하는 도구·개념·절차입니다. 실제 직무에서는 설계, 운용, 분석 또는 의사결정 결과를 만드는 데 적용됩니다.",드론 3D프린팅 시제품 기술자이(가) 기체·마운트 시제품 출력과 후처리 업무를 수행할 때 SLA을(를) 이해하고 적용하기 위해 학습합니다.,기계 도면과 컴퓨터 사용 기초,초급~중급,INCLUDED,공식 튜토리얼·문서,Introduction to CAD/CAM,AUTODESK-CADCAM,,Autodesk,기업 공식교육,"Fusion 기반 스케치·3D 모델링, CAM 공정과 CNC 가공의 기초를 프로젝트로 학습합니다.",CAD; CAM; 3D Modeling; CNC; Manufacturing,입문~중급,온라인,무료,,온라인,자기주도 학습,상시,상시,대학생·취업준비생·재직자·일반인,과정별 확인,https://www.autodesk.com/learn/ondemand/collection/intro-to-cad-cam,Autodesk,기업·기관 공식사이트,2026-09-28,상시 운영,,스케치 → 3D 모델 → 도면 → CAM → 가공 프로젝트,공식 제공기관이 운영하는 교육·튜토리얼·문서 기반 학습경로.,공식 웹사이트 직접 확인
개발·제작,기체·공력·구조·생산,DJ-029,드론 3D프린팅 시제품 기술자,제조·생산,SLS,선택적 레이저 소결,"선택적 레이저 소결은(는) 드론 부품 제작·조립·공정·품질관리 업무에서 사용하는 도구·개념·절차입니다. 실제 직무에서는 설계, 운용, 분석 또는 의사결정 결과를 만드는 데 적용됩니다.",드론 3D프린팅 시제품 기술자이(가) 기체·마운트 시제품 출력과 후처리 업무를 수행할 때 SLS을(를) 이해하고 적용하기 위해 학습합니다.,기계 도면과 제조 안전 기초,초급~중급,INCLUDED,국비지원 직업훈련,드론 조립 및 분해(유지보수),AIG20250000516588,1063,신한글로벌인재교육원,직업훈련기관,소형무인기운용·조종 기반의 고용24 훈련과정입니다. SLS 학습에는 과정명과의 직접 연관성에 따라 기초·포함·선수 경로로 연결했습니다.,소형무인기운용·조종; 정비; 유지보수; 조립,초급~중급,오프라인,국비지원(일부 자부담 가능),고용24 직업훈련(국민내일배움카드 적용 여부는 과정 상세 확인),경기 의정부시,총 36시간,,2026-09-28~2026-10-06,국민내일배움카드(일반),수료 여부 과정별 확인,https://www.work24.go.kr/hr/a/a/3100/selectTracseDetl.do?tracseId=AIG20250000516588&tracseTme=3&crseTracseSe=C0061&trainstCstmrId=500020031915,고용24 훈련과정 상세,정부사이트,2026-09-28,현재 운영,https://www.autodesk.com/learn/ondemand/collection/intro-to-cad-cam,도면·재료 기초 → 공정·장비 실습 → 조립·검사 → 품질·생산 개선,대시보드 원본 교육데이터(예정)를 Skill과 연결. relevance_type=INCLUDED.,dashboard C.html / Work24 원천 링크
개발·제작,기체·공력·구조·생산,DJ-029,드론 3D프린팅 시제품 기술자,제조·생산,SLS,선택적 레이저 소결,"선택적 레이저 소결은(는) 드론 부품 제작·조립·공정·품질관리 업무에서 사용하는 도구·개념·절차입니다. 실제 직무에서는 설계, 운용, 분석 또는 의사결정 결과를 만드는 데 적용됩니다.",드론 3D프린팅 시제품 기술자이(가) 기체·마운트 시제품 출력과 후처리 업무를 수행할 때 SLS을(를) 이해하고 적용하기 위해 학습합니다.,기계 도면과 컴퓨터 사용 기초,초급~중급,INCLUDED,공식 튜토리얼·문서,Introduction to CAD/CAM,AUTODESK-CADCAM,,Autodesk,기업 공식교육,"Fusion 기반 스케치·3D 모델링, CAM 공정과 CNC 가공의 기초를 프로젝트로 학습합니다.",CAD; CAM; 3D Modeling; CNC; Manufacturing,입문~중급,온라인,무료,,온라인,자기주도 학습,상시,상시,대학생·취업준비생·재직자·일반인,과정별 확인,https://www.autodesk.com/learn/ondemand/collection/intro-to-cad-cam,Autodesk,기업·기관 공식사이트,2026-09-28,상시 운영,,스케치 → 3D 모델 → 도면 → CAM → 가공 프로젝트,공식 제공기관이 운영하는 교육·튜토리얼·문서 기반 학습경로.,공식 웹사이트 직접 확인
개발·제작,기체·공력·구조·생산,DJ-027,드론 복합재 제작원,제조·생산,CFRP,탄소섬유 강화 복합재,"탄소섬유 강화 복합재은(는) 드론 부품 제작·조립·공정·품질관리 업무에서 사용하는 도구·개념·절차입니다. 실제 직무에서는 설계, 운용, 분석 또는 의사결정 결과를 만드는 데 적용됩니다.",드론 복합재 제작원이(가) CFRP·GFRP 적층·성형·트리밍·접착 업무를 수행할 때 CFRP을(를) 이해하고 적용하기 위해 학습합니다.,기계 도면과 제조 안전 기초,초급~중급,PREREQUISITE,국비지원 직업훈련,드론 조립 및 분해(유지보수),AIG20250000516588,1063,신한글로벌인재교육원,직업훈련기관,소형무인기운용·조종 기반의 고용24 훈련과정입니다. CFRP 학습에는 과정명과의 직접 연관성에 따라 기초·포함·선수 경로로 연결했습니다.,소형무인기운용·조종; 정비; 유지보수; 조립,초급~중급,오프라인,국비지원(일부 자부담 가능),고용24 직업훈련(국민내일배움카드 적용 여부는 과정 상세 확인),경기 의정부시,총 36시간,,2026-09-28~2026-10-06,국민내일배움카드(일반),수료 여부 과정별 확인,https://www.work24.go.kr/hr/a/a/3100/selectTracseDetl.do?tracseId=AIG20250000516588&tracseTme=3&crseTracseSe=C0061&trainstCstmrId=500020031915,고용24 훈련과정 상세,정부사이트,2026-09-28,현재 운영,,도면·재료 기초 → 공정·장비 실습 → 조립·검사 → 품질·생산 개선,대시보드 원본 교육데이터(예정)를 Skill과 연결. relevance_type=PREREQUISITE.,dashboard C.html / Work24 원천 링크
개발·제작,기체·공력·구조·생산,DJ-027,드론 복합재 제작원,제조·생산,GFRP,유리섬유 강화 복합재,"유리섬유 강화 복합재은(는) 드론 부품 제작·조립·공정·품질관리 업무에서 사용하는 도구·개념·절차입니다. 실제 직무에서는 설계, 운용, 분석 또는 의사결정 결과를 만드는 데 적용됩니다.",드론 복합재 제작원이(가) CFRP·GFRP 적층·성형·트리밍·접착 업무를 수행할 때 GFRP을(를) 이해하고 적용하기 위해 학습합니다.,기계 도면과 제조 안전 기초,초급~중급,PREREQUISITE,국비지원 직업훈련,드론 조립 및 분해(유지보수),AIG20250000516588,1063,신한글로벌인재교육원,직업훈련기관,소형무인기운용·조종 기반의 고용24 훈련과정입니다. GFRP 학습에는 과정명과의 직접 연관성에 따라 기초·포함·선수 경로로 연결했습니다.,소형무인기운용·조종; 정비; 유지보수; 조립,초급~중급,오프라인,국비지원(일부 자부담 가능),고용24 직업훈련(국민내일배움카드 적용 여부는 과정 상세 확인),경기 의정부시,총 36시간,,2026-09-28~2026-10-06,국민내일배움카드(일반),수료 여부 과정별 확인,https://www.work24.go.kr/hr/a/a/3100/selectTracseDetl.do?tracseId=AIG20250000516588&tracseTme=3&crseTracseSe=C0061&trainstCstmrId=500020031915,고용24 훈련과정 상세,정부사이트,2026-09-28,현재 운영,,도면·재료 기초 → 공정·장비 실습 → 조립·검사 → 품질·생산 개선,대시보드 원본 교육데이터(예정)를 Skill과 연결. relevance_type=PREREQUISITE.,dashboard C.html / Work24 원천 링크
개발·제작,기체·공력·구조·생산,DJ-027,드론 복합재 제작원,제조·생산,성형,성형,"성형은(는) 드론 부품 제작·조립·공정·품질관리 업무에서 사용하는 도구·개념·절차입니다. 실제 직무에서는 설계, 운용, 분석 또는 의사결정 결과를 만드는 데 적용됩니다.",드론 복합재 제작원이(가) CFRP·GFRP 적층·성형·트리밍·접착 업무를 수행할 때 성형을(를) 이해하고 적용하기 위해 학습합니다.,기계 도면과 제조 안전 기초,초급~중급,PREREQUISITE,국비지원 직업훈련,드론 조립 및 분해(유지보수),AIG20250000516588,1063,신한글로벌인재교육원,직업훈련기관,소형무인기운용·조종 기반의 고용24 훈련과정입니다. 성형 학습에는 과정명과의 직접 연관성에 따라 기초·포함·선수 경로로 연결했습니다.,소형무인기운용·조종; 정비; 유지보수; 조립,초급~중급,오프라인,국비지원(일부 자부담 가능),고용24 직업훈련(국민내일배움카드 적용 여부는 과정 상세 확인),경기 의정부시,총 36시간,,2026-09-28~2026-10-06,국민내일배움카드(일반),수료 여부 과정별 확인,https://www.work24.go.kr/hr/a/a/3100/selectTracseDetl.do?tracseId=AIG20250000516588&tracseTme=3&crseTracseSe=C0061&trainstCstmrId=500020031915,고용24 훈련과정 상세,정부사이트,2026-09-28,현재 운영,,도면·재료 기초 → 공정·장비 실습 → 조립·검사 → 품질·생산 개선,대시보드 원본 교육데이터(예정)를 Skill과 연결. relevance_type=PREREQUISITE.,dashboard C.html / Work24 원천 링크
개발·제작,기체·공력·구조·생산,DJ-027,드론 복합재 제작원,제조·생산,접착,접착,"접착은(는) 드론 부품 제작·조립·공정·품질관리 업무에서 사용하는 도구·개념·절차입니다. 실제 직무에서는 설계, 운용, 분석 또는 의사결정 결과를 만드는 데 적용됩니다.",드론 복합재 제작원이(가) CFRP·GFRP 적층·성형·트리밍·접착 업무를 수행할 때 접착을(를) 이해하고 적용하기 위해 학습합니다.,기계 도면과 제조 안전 기초,초급~중급,PREREQUISITE,국비지원 직업훈련,드론 조립 및 분해(유지보수),AIG20250000516588,1063,신한글로벌인재교육원,직업훈련기관,소형무인기운용·조종 기반의 고용24 훈련과정입니다. 접착 학습에는 과정명과의 직접 연관성에 따라 기초·포함·선수 경로로 연결했습니다.,소형무인기운용·조종; 정비; 유지보수; 조립,초급~중급,오프라인,국비지원(일부 자부담 가능),고용24 직업훈련(국민내일배움카드 적용 여부는 과정 상세 확인),경기 의정부시,총 36시간,,2026-09-28~2026-10-06,국민내일배움카드(일반),수료 여부 과정별 확인,https://www.work24.go.kr/hr/a/a/3100/selectTracseDetl.do?tracseId=AIG20250000516588&tracseTme=3&crseTracseSe=C0061&trainstCstmrId=500020031915,고용24 훈련과정 상세,정부사이트,2026-09-28,현재 운영,,도면·재료 기초 → 공정·장비 실습 → 조립·검사 → 품질·생산 개선,대시보드 원본 교육데이터(예정)를 Skill과 연결. relevance_type=PREREQUISITE.,dashboard C.html / Work24 원천 링크
개발·제작,기체·공력·구조·생산,DJ-030,드론 생산기술 엔지니어,제조·생산,Lean,Lean 관련 기술,"Lean은(는) 드론 부품 제작·조립·공정·품질관리 업무에서 사용하는 도구·개념·절차입니다. 실제 직무에서는 설계, 운용, 분석 또는 의사결정 결과를 만드는 데 적용됩니다.",드론 생산기술 엔지니어이(가) 조립 공정·치공구·작업표준·생산성 개선 업무를 수행할 때 Lean을(를) 이해하고 적용하기 위해 학습합니다.,기계 도면과 제조 안전 기초,초급~중급,PREREQUISITE,국비지원 직업훈련,드론 조립 및 분해(유지보수),AIG20250000516588,1063,신한글로벌인재교육원,직업훈련기관,소형무인기운용·조종 기반의 고용24 훈련과정입니다. Lean 학습에는 과정명과의 직접 연관성에 따라 기초·포함·선수 경로로 연결했습니다.,소형무인기운용·조종; 정비; 유지보수; 조립,초급~중급,오프라인,국비지원(일부 자부담 가능),고용24 직업훈련(국민내일배움카드 적용 여부는 과정 상세 확인),경기 의정부시,총 36시간,,2026-09-28~2026-10-06,국민내일배움카드(일반),수료 여부 과정별 확인,https://www.work24.go.kr/hr/a/a/3100/selectTracseDetl.do?tracseId=AIG20250000516588&tracseTme=3&crseTracseSe=C0061&trainstCstmrId=500020031915,고용24 훈련과정 상세,정부사이트,2026-09-28,현재 운영,,도면·재료 기초 → 공정·장비 실습 → 조립·검사 → 품질·생산 개선,대시보드 원본 교육데이터(예정)를 Skill과 연결. relevance_type=PREREQUISITE.,dashboard C.html / Work24 원천 링크
개발·제작,기체·공력·구조·생산,DJ-030,드론 생산기술 엔지니어,제조·생산,공정설계,공정설계,"공정설계은(는) 드론 부품 제작·조립·공정·품질관리 업무에서 사용하는 도구·개념·절차입니다. 실제 직무에서는 설계, 운용, 분석 또는 의사결정 결과를 만드는 데 적용됩니다.",드론 생산기술 엔지니어이(가) 조립 공정·치공구·작업표준·생산성 개선 업무를 수행할 때 공정설계을(를) 이해하고 적용하기 위해 학습합니다.,기계 도면과 제조 안전 기초,초급~중급,PREREQUISITE,국비지원 직업훈련,드론 조립 및 분해(유지보수),AIG20250000516588,1063,신한글로벌인재교육원,직업훈련기관,소형무인기운용·조종 기반의 고용24 훈련과정입니다. 공정설계 학습에는 과정명과의 직접 연관성에 따라 기초·포함·선수 경로로 연결했습니다.,소형무인기운용·조종; 정비; 유지보수; 조립,초급~중급,오프라인,국비지원(일부 자부담 가능),고용24 직업훈련(국민내일배움카드 적용 여부는 과정 상세 확인),경기 의정부시,총 36시간,,2026-09-28~2026-10-06,국민내일배움카드(일반),수료 여부 과정별 확인,https://www.work24.go.kr/hr/a/a/3100/selectTracseDetl.do?tracseId=AIG20250000516588&tracseTme=3&crseTracseSe=C0061&trainstCstmrId=500020031915,고용24 훈련과정 상세,정부사이트,2026-09-28,현재 운영,,도면·재료 기초 → 공정·장비 실습 → 조립·검사 → 품질·생산 개선,대시보드 원본 교육데이터(예정)를 Skill과 연결. relevance_type=PREREQUISITE.,dashboard C.html / Work24 원천 링크
개발·제작,기체·공력·구조·생산,DJ-030,드론 생산기술 엔지니어,제조·생산,치공구,치공구,"치공구은(는) 드론 부품 제작·조립·공정·품질관리 업무에서 사용하는 도구·개념·절차입니다. 실제 직무에서는 설계, 운용, 분석 또는 의사결정 결과를 만드는 데 적용됩니다.",드론 생산기술 엔지니어이(가) 조립 공정·치공구·작업표준·생산성 개선 업무를 수행할 때 치공구을(를) 이해하고 적용하기 위해 학습합니다.,기계 도면과 제조 안전 기초,초급~중급,PREREQUISITE,국비지원 직업훈련,드론 조립 및 분해(유지보수),AIG20250000516588,1063,신한글로벌인재교육원,직업훈련기관,소형무인기운용·조종 기반의 고용24 훈련과정입니다. 치공구 학습에는 과정명과의 직접 연관성에 따라 기초·포함·선수 경로로 연결했습니다.,소형무인기운용·조종; 정비; 유지보수; 조립,초급~중급,오프라인,국비지원(일부 자부담 가능),고용24 직업훈련(국민내일배움카드 적용 여부는 과정 상세 확인),경기 의정부시,총 36시간,,2026-09-28~2026-10-06,국민내일배움카드(일반),수료 여부 과정별 확인,https://www.work24.go.kr/hr/a/a/3100/selectTracseDetl.do?tracseId=AIG20250000516588&tracseTme=3&crseTracseSe=C0061&trainstCstmrId=500020031915,고용24 훈련과정 상세,정부사이트,2026-09-28,현재 운영,https://www.autodesk.com/learn/ondemand/collection/intro-to-cad-cam,도면·재료 기초 → 공정·장비 실습 → 조립·검사 → 품질·생산 개선,대시보드 원본 교육데이터(예정)를 Skill과 연결. relevance_type=PREREQUISITE.,dashboard C.html / Work24 원천 링크
개발·제작,기체·공력·구조·생산,DJ-030,드론 생산기술 엔지니어,제조·생산,치공구,치공구,"치공구은(는) 드론 부품 제작·조립·공정·품질관리 업무에서 사용하는 도구·개념·절차입니다. 실제 직무에서는 설계, 운용, 분석 또는 의사결정 결과를 만드는 데 적용됩니다.",드론 생산기술 엔지니어이(가) 조립 공정·치공구·작업표준·생산성 개선 업무를 수행할 때 치공구을(를) 이해하고 적용하기 위해 학습합니다.,기계 도면과 컴퓨터 사용 기초,초급~중급,INCLUDED,공식 튜토리얼·문서,Introduction to CAD/CAM,AUTODESK-CADCAM,,Autodesk,기업 공식교육,"Fusion 기반 스케치·3D 모델링, CAM 공정과 CNC 가공의 기초를 프로젝트로 학습합니다.",CAD; CAM; 3D Modeling; CNC; Manufacturing,입문~중급,온라인,무료,,온라인,자기주도 학습,상시,상시,대학생·취업준비생·재직자·일반인,과정별 확인,https://www.autodesk.com/learn/ondemand/collection/intro-to-cad-cam,Autodesk,기업·기관 공식사이트,2026-09-28,상시 운영,,스케치 → 3D 모델 → 도면 → CAM → 가공 프로젝트,공식 제공기관이 운영하는 교육·튜토리얼·문서 기반 학습경로.,공식 웹사이트 직접 확인
개발·제작,기체·공력·구조·생산,DJ-032,드론 생산시험 기술자,제조·생산,EOL시험,EOL시험,"EOL시험은(는) 드론 부품 제작·조립·공정·품질관리 업무에서 사용하는 도구·개념·절차입니다. 실제 직무에서는 설계, 운용, 분석 또는 의사결정 결과를 만드는 데 적용됩니다.",드론 생산시험 기술자이(가) 완성 기체 기능·추력·통신·비행 전 검사 업무를 수행할 때 EOL시험을(를) 이해하고 적용하기 위해 학습합니다.,기계 도면과 제조 안전 기초,초급~중급,PREREQUISITE,국비지원 직업훈련,드론 조립 및 분해(유지보수),AIG20250000516588,1063,신한글로벌인재교육원,직업훈련기관,소형무인기운용·조종 기반의 고용24 훈련과정입니다. EOL시험 학습에는 과정명과의 직접 연관성에 따라 기초·포함·선수 경로로 연결했습니다.,소형무인기운용·조종; 정비; 유지보수; 조립,초급~중급,오프라인,국비지원(일부 자부담 가능),고용24 직업훈련(국민내일배움카드 적용 여부는 과정 상세 확인),경기 의정부시,총 36시간,,2026-09-28~2026-10-06,국민내일배움카드(일반),수료 여부 과정별 확인,https://www.work24.go.kr/hr/a/a/3100/selectTracseDetl.do?tracseId=AIG20250000516588&tracseTme=3&crseTracseSe=C0061&trainstCstmrId=500020031915,고용24 훈련과정 상세,정부사이트,2026-09-28,현재 운영,,도면·재료 기초 → 공정·장비 실습 → 조립·검사 → 품질·생산 개선,대시보드 원본 교육데이터(예정)를 Skill과 연결. relevance_type=PREREQUISITE.,dashboard C.html / Work24 원천 링크
개발·제작,기체·공력·구조·생산,DJ-032,드론 생산시험 기술자,제조·생산,검사,검사,"검사은(는) 드론 부품 제작·조립·공정·품질관리 업무에서 사용하는 도구·개념·절차입니다. 실제 직무에서는 설계, 운용, 분석 또는 의사결정 결과를 만드는 데 적용됩니다.",드론 생산시험 기술자이(가) 완성 기체 기능·추력·통신·비행 전 검사 업무를 수행할 때 검사을(를) 이해하고 적용하기 위해 학습합니다.,기계 도면과 제조 안전 기초,입문~초급,INCLUDED,국비지원 직업훈련,드론 조립 및 분해(유지보수),AIG20250000516588,1063,신한글로벌인재교육원,직업훈련기관,소형무인기운용·조종 기반의 고용24 훈련과정입니다. 검사 학습에는 과정명과의 직접 연관성에 따라 기초·포함·선수 경로로 연결했습니다.,소형무인기운용·조종; 정비; 유지보수; 조립,입문~초급,오프라인,국비지원(일부 자부담 가능),고용24 직업훈련(국민내일배움카드 적용 여부는 과정 상세 확인),경기 의정부시,총 36시간,,2026-09-28~2026-10-06,국민내일배움카드(일반),수료 여부 과정별 확인,https://www.work24.go.kr/hr/a/a/3100/selectTracseDetl.do?tracseId=AIG20250000516588&tracseTme=3&crseTracseSe=C0061&trainstCstmrId=500020031915,고용24 훈련과정 상세,정부사이트,2026-09-28,현재 운영,,도면·재료 기초 → 공정·장비 실습 → 조립·검사 → 품질·생산 개선,대시보드 원본 교육데이터(예정)를 Skill과 연결. relevance_type=INCLUDED.,dashboard C.html / Work24 원천 링크
개발·제작,기체·공력·구조·생산,DJ-032,드론 생산시험 기술자,제조·생산,계측,계측,"계측은(는) 드론 부품 제작·조립·공정·품질관리 업무에서 사용하는 도구·개념·절차입니다. 실제 직무에서는 설계, 운용, 분석 또는 의사결정 결과를 만드는 데 적용됩니다.",드론 생산시험 기술자이(가) 완성 기체 기능·추력·통신·비행 전 검사 업무를 수행할 때 계측을(를) 이해하고 적용하기 위해 학습합니다.,기계 도면과 제조 안전 기초,초급~중급,PREREQUISITE,국비지원 직업훈련,드론 조립 및 분해(유지보수),AIG20250000516588,1063,신한글로벌인재교육원,직업훈련기관,소형무인기운용·조종 기반의 고용24 훈련과정입니다. 계측 학습에는 과정명과의 직접 연관성에 따라 기초·포함·선수 경로로 연결했습니다.,소형무인기운용·조종; 정비; 유지보수; 조립,초급~중급,오프라인,국비지원(일부 자부담 가능),고용24 직업훈련(국민내일배움카드 적용 여부는 과정 상세 확인),경기 의정부시,총 36시간,,2026-09-28~2026-10-06,국민내일배움카드(일반),수료 여부 과정별 확인,https://www.work24.go.kr/hr/a/a/3100/selectTracseDetl.do?tracseId=AIG20250000516588&tracseTme=3&crseTracseSe=C0061&trainstCstmrId=500020031915,고용24 훈련과정 상세,정부사이트,2026-09-28,현재 운영,,도면·재료 기초 → 공정·장비 실습 → 조립·검사 → 품질·생산 개선,대시보드 원본 교육데이터(예정)를 Skill과 연결. relevance_type=PREREQUISITE.,dashboard C.html / Work24 원천 링크
개발·제작,기체·공력·구조·생산,DJ-026,드론 운용·제작 엔지니어,제조·생산,비행,비행,"비행은(는) 드론 부품 제작·조립·공정·품질관리 업무에서 사용하는 도구·개념·절차입니다. 실제 직무에서는 설계, 운용, 분석 또는 의사결정 결과를 만드는 데 적용됩니다.",드론 운용·제작 엔지니어이(가) 기체 제작·셋업·비행 운용 업무를 수행할 때 비행을(를) 이해하고 적용하기 위해 학습합니다.,기계 도면과 제조 안전 기초,초급~중급,DIRECT,국비지원 직업훈련,"자율비행 드론 설계 및 제작(솔리드웍스,카티아,3D프린터,제어)",AIG20240000498076,1056,글로벌산업기술교육원,직업훈련기관,소형무인기비행체개발 기반의 고용24 훈련과정입니다. 비행 학습에는 과정명과의 직접 연관성에 따라 기초·포함·선수 경로로 연결했습니다.,소형무인기비행체개발; 정비; 유지보수; 조립,초급~중급,오프라인,국비지원(일부 자부담 가능),고용24 직업훈련(국민내일배움카드 적용 여부는 과정 상세 확인),서울 금천구,"총 1,000시간",,2026-09-28~2027-03-30,K-디지털 트레이닝,수료 여부 과정별 확인,https://www.work24.go.kr/hr/a/a/3100/selectTracseDetl.do?tracseId=AIG20240000498076&tracseTme=9&crseTracseSe=C0061&trainstCstmrId=500020021390,고용24 훈련과정 상세,정부사이트,2026-09-28,현재 운영,,도면·재료 기초 → 공정·장비 실습 → 조립·검사 → 품질·생산 개선,대시보드 원본 교육데이터(예정)를 Skill과 연결. relevance_type=DIRECT.,dashboard C.html / Work24 원천 링크
개발·제작,기체·공력·구조·생산,DJ-026,드론 운용·제작 엔지니어,제조·생산,세팅,세팅,"세팅은(는) 드론 부품 제작·조립·공정·품질관리 업무에서 사용하는 도구·개념·절차입니다. 실제 직무에서는 설계, 운용, 분석 또는 의사결정 결과를 만드는 데 적용됩니다.",드론 운용·제작 엔지니어이(가) 기체 제작·셋업·비행 운용 업무를 수행할 때 세팅을(를) 이해하고 적용하기 위해 학습합니다.,기계 도면과 제조 안전 기초,초급~중급,PREREQUISITE,국비지원 직업훈련,드론 조립 및 분해(유지보수),AIG20250000516588,1063,신한글로벌인재교육원,직업훈련기관,소형무인기운용·조종 기반의 고용24 훈련과정입니다. 세팅 학습에는 과정명과의 직접 연관성에 따라 기초·포함·선수 경로로 연결했습니다.,소형무인기운용·조종; 정비; 유지보수; 조립,초급~중급,오프라인,국비지원(일부 자부담 가능),고용24 직업훈련(국민내일배움카드 적용 여부는 과정 상세 확인),경기 의정부시,총 36시간,,2026-09-28~2026-10-06,국민내일배움카드(일반),수료 여부 과정별 확인,https://www.work24.go.kr/hr/a/a/3100/selectTracseDetl.do?tracseId=AIG20250000516588&tracseTme=3&crseTracseSe=C0061&trainstCstmrId=500020031915,고용24 훈련과정 상세,정부사이트,2026-09-28,현재 운영,,도면·재료 기초 → 공정·장비 실습 → 조립·검사 → 품질·생산 개선,대시보드 원본 교육데이터(예정)를 Skill과 연결. relevance_type=PREREQUISITE.,dashboard C.html / Work24 원천 링크
개발·제작,기체·공력·구조·생산,DJ-026,드론 운용·제작 엔지니어,제조·생산,제작,제작,"제작은(는) 드론 부품 제작·조립·공정·품질관리 업무에서 사용하는 도구·개념·절차입니다. 실제 직무에서는 설계, 운용, 분석 또는 의사결정 결과를 만드는 데 적용됩니다.",드론 운용·제작 엔지니어이(가) 기체 제작·셋업·비행 운용 업무를 수행할 때 제작을(를) 이해하고 적용하기 위해 학습합니다.,기계 도면과 제조 안전 기초,초급~중급,DIRECT,국비지원 직업훈련,"자율비행 드론 설계 및 제작(솔리드웍스,카티아,3D프린터,제어)",AIG20240000498076,1056,글로벌산업기술교육원,직업훈련기관,소형무인기비행체개발 기반의 고용24 훈련과정입니다. 제작 학습에는 과정명과의 직접 연관성에 따라 기초·포함·선수 경로로 연결했습니다.,소형무인기비행체개발; 정비; 유지보수; 조립,초급~중급,오프라인,국비지원(일부 자부담 가능),고용24 직업훈련(국민내일배움카드 적용 여부는 과정 상세 확인),서울 금천구,"총 1,000시간",,2026-09-28~2027-03-30,K-디지털 트레이닝,수료 여부 과정별 확인,https://www.work24.go.kr/hr/a/a/3100/selectTracseDetl.do?tracseId=AIG20240000498076&tracseTme=9&crseTracseSe=C0061&trainstCstmrId=500020021390,고용24 훈련과정 상세,정부사이트,2026-09-28,현재 운영,,도면·재료 기초 → 공정·장비 실습 → 조립·검사 → 품질·생산 개선,대시보드 원본 교육데이터(예정)를 Skill과 연결. relevance_type=DIRECT.,dashboard C.html / Work24 원천 링크
개발·제작,기체·공력·구조·생산,DJ-033,드론 자재·BOM 관리 담당자,제조·생산,BOM,자재명세서,"자재명세서은(는) 드론 부품 제작·조립·공정·품질관리 업무에서 사용하는 도구·개념·절차입니다. 실제 직무에서는 설계, 운용, 분석 또는 의사결정 결과를 만드는 데 적용됩니다.",드론 자재·BOM 관리 담당자이(가) 부품 BOM·재고·입출고·대체품 관리 업무를 수행할 때 BOM을(를) 이해하고 적용하기 위해 학습합니다.,기계 도면과 제조 안전 기초,초급~중급,INCLUDED,국비지원 직업훈련,드론 조립 및 분해(유지보수),AIG20250000516588,1063,신한글로벌인재교육원,직업훈련기관,소형무인기운용·조종 기반의 고용24 훈련과정입니다. BOM 학습에는 과정명과의 직접 연관성에 따라 기초·포함·선수 경로로 연결했습니다.,소형무인기운용·조종; 정비; 유지보수; 조립,초급~중급,오프라인,국비지원(일부 자부담 가능),고용24 직업훈련(국민내일배움카드 적용 여부는 과정 상세 확인),경기 의정부시,총 36시간,,2026-09-28~2026-10-06,국민내일배움카드(일반),수료 여부 과정별 확인,https://www.work24.go.kr/hr/a/a/3100/selectTracseDetl.do?tracseId=AIG20250000516588&tracseTme=3&crseTracseSe=C0061&trainstCstmrId=500020031915,고용24 훈련과정 상세,정부사이트,2026-09-28,현재 운영,,도면·재료 기초 → 공정·장비 실습 → 조립·검사 → 품질·생산 개선,대시보드 원본 교육데이터(예정)를 Skill과 연결. relevance_type=INCLUDED.,dashboard C.html / Work24 원천 링크
개발·제작,기체·공력·구조·생산,DJ-033,드론 자재·BOM 관리 담당자,제조·생산,ERP,전사적 자원관리,"전사적 자원관리은(는) 드론 부품 제작·조립·공정·품질관리 업무에서 사용하는 도구·개념·절차입니다. 실제 직무에서는 설계, 운용, 분석 또는 의사결정 결과를 만드는 데 적용됩니다.",드론 자재·BOM 관리 담당자이(가) 부품 BOM·재고·입출고·대체품 관리 업무를 수행할 때 ERP을(를) 이해하고 적용하기 위해 학습합니다.,기계 도면과 제조 안전 기초,초급~중급,INCLUDED,국비지원 직업훈련,드론 조립 및 분해(유지보수),AIG20250000516588,1063,신한글로벌인재교육원,직업훈련기관,소형무인기운용·조종 기반의 고용24 훈련과정입니다. ERP 학습에는 과정명과의 직접 연관성에 따라 기초·포함·선수 경로로 연결했습니다.,소형무인기운용·조종; 정비; 유지보수; 조립,초급~중급,오프라인,국비지원(일부 자부담 가능),고용24 직업훈련(국민내일배움카드 적용 여부는 과정 상세 확인),경기 의정부시,총 36시간,,2026-09-28~2026-10-06,국민내일배움카드(일반),수료 여부 과정별 확인,https://www.work24.go.kr/hr/a/a/3100/selectTracseDetl.do?tracseId=AIG20250000516588&tracseTme=3&crseTracseSe=C0061&trainstCstmrId=500020031915,고용24 훈련과정 상세,정부사이트,2026-09-28,현재 운영,,도면·재료 기초 → 공정·장비 실습 → 조립·검사 → 품질·생산 개선,대시보드 원본 교육데이터(예정)를 Skill과 연결. relevance_type=INCLUDED.,dashboard C.html / Work24 원천 링크
개발·제작,기체·공력·구조·생산,DJ-033,드론 자재·BOM 관리 담당자,제조·생산,재고관리,재고관리,"재고관리은(는) 드론 부품 제작·조립·공정·품질관리 업무에서 사용하는 도구·개념·절차입니다. 실제 직무에서는 설계, 운용, 분석 또는 의사결정 결과를 만드는 데 적용됩니다.",드론 자재·BOM 관리 담당자이(가) 부품 BOM·재고·입출고·대체품 관리 업무를 수행할 때 재고관리을(를) 이해하고 적용하기 위해 학습합니다.,기계 도면과 제조 안전 기초,입문~초급,PREREQUISITE,국비지원 직업훈련,드론 조립 및 분해(유지보수),AIG20250000516588,1063,신한글로벌인재교육원,직업훈련기관,소형무인기운용·조종 기반의 고용24 훈련과정입니다. 재고관리 학습에는 과정명과의 직접 연관성에 따라 기초·포함·선수 경로로 연결했습니다.,소형무인기운용·조종; 정비; 유지보수; 조립,입문~초급,오프라인,국비지원(일부 자부담 가능),고용24 직업훈련(국민내일배움카드 적용 여부는 과정 상세 확인),경기 의정부시,총 36시간,,2026-09-28~2026-10-06,국민내일배움카드(일반),수료 여부 과정별 확인,https://www.work24.go.kr/hr/a/a/3100/selectTracseDetl.do?tracseId=AIG20250000516588&tracseTme=3&crseTracseSe=C0061&trainstCstmrId=500020031915,고용24 훈련과정 상세,정부사이트,2026-09-28,현재 운영,,도면·재료 기초 → 공정·장비 실습 → 조립·검사 → 품질·생산 개선,대시보드 원본 교육데이터(예정)를 Skill과 연결. relevance_type=PREREQUISITE.,dashboard C.html / Work24 원천 링크
개발·제작,기체·공력·구조·생산,DJ-028,드론 정밀가공 기술자,제조·생산,CAM,컴퓨터 지원 제조,"컴퓨터 지원 제조은(는) 드론 부품 제작·조립·공정·품질관리 업무에서 사용하는 도구·개념·절차입니다. 실제 직무에서는 설계, 운용, 분석 또는 의사결정 결과를 만드는 데 적용됩니다.",드론 정밀가공 기술자이(가) 기체용 금속·수지 부품 CNC 정밀가공 업무를 수행할 때 CAM을(를) 이해하고 적용하기 위해 학습합니다.,기계 도면과 제조 안전 기초,초급~중급,INCLUDED,국비지원 직업훈련,드론 조립 및 분해(유지보수),AIG20250000516588,1063,신한글로벌인재교육원,직업훈련기관,소형무인기운용·조종 기반의 고용24 훈련과정입니다. CAM 학습에는 과정명과의 직접 연관성에 따라 기초·포함·선수 경로로 연결했습니다.,소형무인기운용·조종; 정비; 유지보수; 조립,초급~중급,오프라인,국비지원(일부 자부담 가능),고용24 직업훈련(국민내일배움카드 적용 여부는 과정 상세 확인),경기 의정부시,총 36시간,,2026-09-28~2026-10-06,국민내일배움카드(일반),수료 여부 과정별 확인,https://www.work24.go.kr/hr/a/a/3100/selectTracseDetl.do?tracseId=AIG20250000516588&tracseTme=3&crseTracseSe=C0061&trainstCstmrId=500020031915,고용24 훈련과정 상세,정부사이트,2026-09-28,현재 운영,https://www.autodesk.com/learn/ondemand/collection/intro-to-cad-cam,도면·재료 기초 → 공정·장비 실습 → 조립·검사 → 품질·생산 개선,대시보드 원본 교육데이터(예정)를 Skill과 연결. relevance_type=INCLUDED.,dashboard C.html / Work24 원천 링크
개발·제작,기체·공력·구조·생산,DJ-028,드론 정밀가공 기술자,제조·생산,CAM,컴퓨터 지원 제조,"컴퓨터 지원 제조은(는) 드론 부품 제작·조립·공정·품질관리 업무에서 사용하는 도구·개념·절차입니다. 실제 직무에서는 설계, 운용, 분석 또는 의사결정 결과를 만드는 데 적용됩니다.",드론 정밀가공 기술자이(가) 기체용 금속·수지 부품 CNC 정밀가공 업무를 수행할 때 CAM을(를) 이해하고 적용하기 위해 학습합니다.,기계 도면과 컴퓨터 사용 기초,초급~중급,INCLUDED,공식 튜토리얼·문서,Introduction to CAD/CAM,AUTODESK-CADCAM,,Autodesk,기업 공식교육,"Fusion 기반 스케치·3D 모델링, CAM 공정과 CNC 가공의 기초를 프로젝트로 학습합니다.",CAD; CAM; 3D Modeling; CNC; Manufacturing,입문~중급,온라인,무료,,온라인,자기주도 학습,상시,상시,대학생·취업준비생·재직자·일반인,과정별 확인,https://www.autodesk.com/learn/ondemand/collection/intro-to-cad-cam,Autodesk,기업·기관 공식사이트,2026-09-28,상시 운영,,스케치 → 3D 모델 → 도면 → CAM → 가공 프로젝트,공식 제공기관이 운영하는 교육·튜토리얼·문서 기반 학습경로.,공식 웹사이트 직접 확인
개발·제작,기체·공력·구조·생산,DJ-028,드론 정밀가공 기술자,제조·생산,CNC,컴퓨터 수치제어 가공,"컴퓨터 수치제어 가공은(는) 드론 부품 제작·조립·공정·품질관리 업무에서 사용하는 도구·개념·절차입니다. 실제 직무에서는 설계, 운용, 분석 또는 의사결정 결과를 만드는 데 적용됩니다.",드론 정밀가공 기술자이(가) 기체용 금속·수지 부품 CNC 정밀가공 업무를 수행할 때 CNC을(를) 이해하고 적용하기 위해 학습합니다.,기계 도면과 제조 안전 기초,초급~중급,INCLUDED,국비지원 직업훈련,드론 조립 및 분해(유지보수),AIG20250000516588,1063,신한글로벌인재교육원,직업훈련기관,소형무인기운용·조종 기반의 고용24 훈련과정입니다. CNC 학습에는 과정명과의 직접 연관성에 따라 기초·포함·선수 경로로 연결했습니다.,소형무인기운용·조종; 정비; 유지보수; 조립,초급~중급,오프라인,국비지원(일부 자부담 가능),고용24 직업훈련(국민내일배움카드 적용 여부는 과정 상세 확인),경기 의정부시,총 36시간,,2026-09-28~2026-10-06,국민내일배움카드(일반),수료 여부 과정별 확인,https://www.work24.go.kr/hr/a/a/3100/selectTracseDetl.do?tracseId=AIG20250000516588&tracseTme=3&crseTracseSe=C0061&trainstCstmrId=500020031915,고용24 훈련과정 상세,정부사이트,2026-09-28,현재 운영,https://www.autodesk.com/learn/ondemand/collection/intro-to-cad-cam,도면·재료 기초 → 공정·장비 실습 → 조립·검사 → 품질·생산 개선,대시보드 원본 교육데이터(예정)를 Skill과 연결. relevance_type=INCLUDED.,dashboard C.html / Work24 원천 링크
개발·제작,기체·공력·구조·생산,DJ-028,드론 정밀가공 기술자,제조·생산,CNC,컴퓨터 수치제어 가공,"컴퓨터 수치제어 가공은(는) 드론 부품 제작·조립·공정·품질관리 업무에서 사용하는 도구·개념·절차입니다. 실제 직무에서는 설계, 운용, 분석 또는 의사결정 결과를 만드는 데 적용됩니다.",드론 정밀가공 기술자이(가) 기체용 금속·수지 부품 CNC 정밀가공 업무를 수행할 때 CNC을(를) 이해하고 적용하기 위해 학습합니다.,기계 도면과 컴퓨터 사용 기초,초급~중급,INCLUDED,공식 튜토리얼·문서,Introduction to CAD/CAM,AUTODESK-CADCAM,,Autodesk,기업 공식교육,"Fusion 기반 스케치·3D 모델링, CAM 공정과 CNC 가공의 기초를 프로젝트로 학습합니다.",CAD; CAM; 3D Modeling; CNC; Manufacturing,입문~중급,온라인,무료,,온라인,자기주도 학습,상시,상시,대학생·취업준비생·재직자·일반인,과정별 확인,https://www.autodesk.com/learn/ondemand/collection/intro-to-cad-cam,Autodesk,기업·기관 공식사이트,2026-09-28,상시 운영,,스케치 → 3D 모델 → 도면 → CAM → 가공 프로젝트,공식 제공기관이 운영하는 교육·튜토리얼·문서 기반 학습경로.,공식 웹사이트 직접 확인
개발·제작,기체·공력·구조·생산,DJ-028,드론 정밀가공 기술자,제조·생산,공차,공차,"공차은(는) 드론 부품 제작·조립·공정·품질관리 업무에서 사용하는 도구·개념·절차입니다. 실제 직무에서는 설계, 운용, 분석 또는 의사결정 결과를 만드는 데 적용됩니다.",드론 정밀가공 기술자이(가) 기체용 금속·수지 부품 CNC 정밀가공 업무를 수행할 때 공차을(를) 이해하고 적용하기 위해 학습합니다.,기계 도면과 제조 안전 기초,초급~중급,PREREQUISITE,국비지원 직업훈련,드론 조립 및 분해(유지보수),AIG20250000516588,1063,신한글로벌인재교육원,직업훈련기관,소형무인기운용·조종 기반의 고용24 훈련과정입니다. 공차 학습에는 과정명과의 직접 연관성에 따라 기초·포함·선수 경로로 연결했습니다.,소형무인기운용·조종; 정비; 유지보수; 조립,초급~중급,오프라인,국비지원(일부 자부담 가능),고용24 직업훈련(국민내일배움카드 적용 여부는 과정 상세 확인),경기 의정부시,총 36시간,,2026-09-28~2026-10-06,국민내일배움카드(일반),수료 여부 과정별 확인,https://www.work24.go.kr/hr/a/a/3100/selectTracseDetl.do?tracseId=AIG20250000516588&tracseTme=3&crseTracseSe=C0061&trainstCstmrId=500020031915,고용24 훈련과정 상세,정부사이트,2026-09-28,현재 운영,https://www.autodesk.com/learn/ondemand/collection/intro-to-cad-cam,도면·재료 기초 → 공정·장비 실습 → 조립·검사 → 품질·생산 개선,대시보드 원본 교육데이터(예정)를 Skill과 연결. relevance_type=PREREQUISITE.,dashboard C.html / Work24 원천 링크
개발·제작,기체·공력·구조·생산,DJ-028,드론 정밀가공 기술자,제조·생산,공차,공차,"공차은(는) 드론 부품 제작·조립·공정·품질관리 업무에서 사용하는 도구·개념·절차입니다. 실제 직무에서는 설계, 운용, 분석 또는 의사결정 결과를 만드는 데 적용됩니다.",드론 정밀가공 기술자이(가) 기체용 금속·수지 부품 CNC 정밀가공 업무를 수행할 때 공차을(를) 이해하고 적용하기 위해 학습합니다.,기계 도면과 컴퓨터 사용 기초,초급~중급,INCLUDED,공식 튜토리얼·문서,Introduction to CAD/CAM,AUTODESK-CADCAM,,Autodesk,기업 공식교육,"Fusion 기반 스케치·3D 모델링, CAM 공정과 CNC 가공의 기초를 프로젝트로 학습합니다.",CAD; CAM; 3D Modeling; CNC; Manufacturing,입문~중급,온라인,무료,,온라인,자기주도 학습,상시,상시,대학생·취업준비생·재직자·일반인,과정별 확인,https://www.autodesk.com/learn/ondemand/collection/intro-to-cad-cam,Autodesk,기업·기관 공식사이트,2026-09-28,상시 운영,,스케치 → 3D 모델 → 도면 → CAM → 가공 프로젝트,공식 제공기관이 운영하는 교육·튜토리얼·문서 기반 학습경로.,공식 웹사이트 직접 확인
개발·제작,기체·공력·구조·생산,DJ-028,드론 정밀가공 기술자,제조·생산,측정,측정,"측정은(는) 드론 부품 제작·조립·공정·품질관리 업무에서 사용하는 도구·개념·절차입니다. 실제 직무에서는 설계, 운용, 분석 또는 의사결정 결과를 만드는 데 적용됩니다.",드론 정밀가공 기술자이(가) 기체용 금속·수지 부품 CNC 정밀가공 업무를 수행할 때 측정을(를) 이해하고 적용하기 위해 학습합니다.,기계 도면과 제조 안전 기초,입문~초급,PREREQUISITE,국비지원 직업훈련,드론 조립 및 분해(유지보수),AIG20250000516588,1063,신한글로벌인재교육원,직업훈련기관,소형무인기운용·조종 기반의 고용24 훈련과정입니다. 측정 학습에는 과정명과의 직접 연관성에 따라 기초·포함·선수 경로로 연결했습니다.,소형무인기운용·조종; 정비; 유지보수; 조립,입문~초급,오프라인,국비지원(일부 자부담 가능),고용24 직업훈련(국민내일배움카드 적용 여부는 과정 상세 확인),경기 의정부시,총 36시간,,2026-09-28~2026-10-06,국민내일배움카드(일반),수료 여부 과정별 확인,https://www.work24.go.kr/hr/a/a/3100/selectTracseDetl.do?tracseId=AIG20250000516588&tracseTme=3&crseTracseSe=C0061&trainstCstmrId=500020031915,고용24 훈련과정 상세,정부사이트,2026-09-28,현재 운영,,도면·재료 기초 → 공정·장비 실습 → 조립·검사 → 품질·생산 개선,대시보드 원본 교육데이터(예정)를 Skill과 연결. relevance_type=PREREQUISITE.,dashboard C.html / Work24 원천 링크
개발·제작,기체·공력·구조·생산,DJ-024,드론 제작·통합 엔지니어,제조·생산,GCS,지상관제시스템,"지상관제시스템은(는) 드론 부품 제작·조립·공정·품질관리 업무에서 사용하는 도구·개념·절차입니다. 실제 직무에서는 설계, 운용, 분석 또는 의사결정 결과를 만드는 데 적용됩니다.",드론 제작·통합 엔지니어이(가) 기체·항전·배선·펌웨어를 조립하고 통합 시험 업무를 수행할 때 GCS을(를) 이해하고 적용하기 위해 학습합니다.,기계 도면과 제조 안전 기초,초급~중급,PREREQUISITE,국비지원 직업훈련,드론 조립 및 분해(유지보수),AIG20250000516588,1063,신한글로벌인재교육원,직업훈련기관,소형무인기운용·조종 기반의 고용24 훈련과정입니다. GCS 학습에는 과정명과의 직접 연관성에 따라 기초·포함·선수 경로로 연결했습니다.,소형무인기운용·조종; 정비; 유지보수; 조립,초급~중급,오프라인,국비지원(일부 자부담 가능),고용24 직업훈련(국민내일배움카드 적용 여부는 과정 상세 확인),경기 의정부시,총 36시간,,2026-09-28~2026-10-06,국민내일배움카드(일반),수료 여부 과정별 확인,https://www.work24.go.kr/hr/a/a/3100/selectTracseDetl.do?tracseId=AIG20250000516588&tracseTme=3&crseTracseSe=C0061&trainstCstmrId=500020031915,고용24 훈련과정 상세,정부사이트,2026-09-28,현재 운영,https://docs.px4.io/main/en/,도면·재료 기초 → 공정·장비 실습 → 조립·검사 → 품질·생산 개선,대시보드 원본 교육데이터(예정)를 Skill과 연결. relevance_type=PREREQUISITE.,dashboard C.html / Work24 원천 링크
개발·제작,기체·공력·구조·생산,DJ-024,드론 제작·통합 엔지니어,제조·생산,GCS,지상관제시스템,"지상관제시스템은(는) 드론 부품 제작·조립·공정·품질관리 업무에서 사용하는 도구·개념·절차입니다. 실제 직무에서는 설계, 운용, 분석 또는 의사결정 결과를 만드는 데 적용됩니다.",드론 제작·통합 엔지니어이(가) 기체·항전·배선·펌웨어를 조립하고 통합 시험 업무를 수행할 때 GCS을(를) 이해하고 적용하기 위해 학습합니다.,드론 구조와 Linux·C++ 기초(개발 과정),초급~중급,OFFICIAL_RESOURCE,공식 튜토리얼·문서,PX4 Autopilot User Guide,PX4-GUIDE,,PX4 / Dronecode Foundation,공식 오픈소스,"PX4의 기본 개념, 기체 구성, 비행 모드, 시뮬레이션, 로그 분석과 개발 절차를 단계별로 학습합니다.",PX4; 비행제어; 시뮬레이션; 로그; 기체 설정,초급~고급,온라인,무료,,온라인,자기주도 학습,상시,상시,대학생·취업준비생·재직자·일반인,없음,https://docs.px4.io/main/en/,PX4 / Dronecode Foundation,공식 기술문서,2026-09-28,상시 운영,,Basic Concepts → Simulation → Configuration → Development,공식 제공기관이 운영하는 교육·튜토리얼·문서 기반 학습경로.,공식 웹사이트 직접 확인
개발·제작,기체·공력·구조·생산,DJ-024,드론 제작·통합 엔지니어,제조·생산,GCS,지상관제시스템,"지상관제시스템은(는) 드론 부품 제작·조립·공정·품질관리 업무에서 사용하는 도구·개념·절차입니다. 실제 직무에서는 설계, 운용, 분석 또는 의사결정 결과를 만드는 데 적용됩니다.",드론 제작·통합 엔지니어이(가) 기체·항전·배선·펌웨어를 조립하고 통합 시험 업무를 수행할 때 GCS을(를) 이해하고 적용하기 위해 학습합니다.,드론 구조와 기본 조종 이해,초급~중급,OFFICIAL_RESOURCE,공식 튜토리얼·문서,QGroundControl User Guide,QGC,,QGroundControl / Dronecode,공식 오픈소스,"PX4·ArduPilot 기체 설정, 임무계획, 비행 모니터링, 로그와 다중 기체 관리를 학습합니다.",QGroundControl; Mission Planning; GCS; Flight; Log,초급~중급,온라인,무료,,온라인,자기주도 학습,상시,상시,대학생·취업준비생·재직자·일반인,없음,https://docs.qgroundcontrol.com/Stable_V5.1/ko/qgc-user-guide/index.html,QGroundControl / Dronecode,공식 기술문서,2026-09-28,상시 운영,,설치·연결 → 기체 설정 → 임무계획 → 비행 모니터링 → 로그 분석,공식 제공기관이 운영하는 교육·튜토리얼·문서 기반 학습경로.,공식 웹사이트 직접 확인
개발·제작,기체·공력·구조·생산,DJ-024,드론 제작·통합 엔지니어,제조·생산,Pixhawk,Pixhawk 관련 기술,"Pixhawk은(는) 드론 부품 제작·조립·공정·품질관리 업무에서 사용하는 도구·개념·절차입니다. 실제 직무에서는 설계, 운용, 분석 또는 의사결정 결과를 만드는 데 적용됩니다.",드론 제작·통합 엔지니어이(가) 기체·항전·배선·펌웨어를 조립하고 통합 시험 업무를 수행할 때 Pixhawk을(를) 이해하고 적용하기 위해 학습합니다.,기계 도면과 제조 안전 기초,초급~중급,PREREQUISITE,국비지원 직업훈련,AIOT 기반 드론 영상 관제시스템 프로젝트 개발,AIG20250000501335,982,DW아카데미학원,직업훈련기관,응용SW엔지니어링 기반의 고용24 훈련과정입니다. Pixhawk 학습에는 과정명과의 직접 연관성에 따라 기초·포함·선수 경로로 연결했습니다.,응용SW엔지니어링; AI소프트웨어; AIOT; 파이썬,초급~중급,오프라인,국비지원(일부 자부담 가능),고용24 직업훈련(국민내일배움카드 적용 여부는 과정 상세 확인),대전 중구,"총 1,120시간",,2026-09-09~2027-04-05,K-디지털 트레이닝,수료 여부 과정별 확인,https://www.work24.go.kr/hr/a/a/3100/selectTracseDetl.do?tracseId=AIG20250000501335&tracseTme=8&crseTracseSe=C0061&trainstCstmrId=500020022702,고용24 훈련과정 상세,정부사이트,2026-09-28,현재 운영,https://docs.px4.io/main/en/,도면·재료 기초 → 공정·장비 실습 → 조립·검사 → 품질·생산 개선,대시보드 원본 교육데이터(진행중)를 Skill과 연결. relevance_type=PREREQUISITE.,dashboard C.html / Work24 원천 링크
개발·제작,기체·공력·구조·생산,DJ-024,드론 제작·통합 엔지니어,제조·생산,Pixhawk,Pixhawk 관련 기술,"Pixhawk은(는) 드론 부품 제작·조립·공정·품질관리 업무에서 사용하는 도구·개념·절차입니다. 실제 직무에서는 설계, 운용, 분석 또는 의사결정 결과를 만드는 데 적용됩니다.",드론 제작·통합 엔지니어이(가) 기체·항전·배선·펌웨어를 조립하고 통합 시험 업무를 수행할 때 Pixhawk을(를) 이해하고 적용하기 위해 학습합니다.,C++와 Linux 명령어 기초,초급~중급,OFFICIAL_RESOURCE,공식 튜토리얼·문서,ArduPilot Development Documentation,ARDUPILOT-DEV,,ArduPilot,공식 오픈소스,"ArduPilot 빌드, 코드 구조, SITL 시뮬레이션과 하드웨어 통합을 학습하는 공식 개발 문서입니다.",ArduPilot; SITL; C++; 비행제어; 하드웨어 통합,중급~고급,온라인,무료,,온라인,자기주도 학습,상시,상시,대학생·취업준비생·재직자·일반인,없음,https://ardupilot.org/dev/,ArduPilot,공식 기술문서,2026-09-28,상시 운영,,개발환경 → 빌드 → SITL → 코드 구조 → 기체 적용,공식 제공기관이 운영하는 교육·튜토리얼·문서 기반 학습경로.,공식 웹사이트 직접 확인
개발·제작,기체·공력·구조·생산,DJ-024,드론 제작·통합 엔지니어,제조·생산,Pixhawk,Pixhawk 관련 기술,"Pixhawk은(는) 드론 부품 제작·조립·공정·품질관리 업무에서 사용하는 도구·개념·절차입니다. 실제 직무에서는 설계, 운용, 분석 또는 의사결정 결과를 만드는 데 적용됩니다.",드론 제작·통합 엔지니어이(가) 기체·항전·배선·펌웨어를 조립하고 통합 시험 업무를 수행할 때 Pixhawk을(를) 이해하고 적용하기 위해 학습합니다.,드론 구조와 Linux·C++ 기초(개발 과정),초급~중급,OFFICIAL_RESOURCE,공식 튜토리얼·문서,PX4 Autopilot User Guide,PX4-GUIDE,,PX4 / Dronecode Foundation,공식 오픈소스,"PX4의 기본 개념, 기체 구성, 비행 모드, 시뮬레이션, 로그 분석과 개발 절차를 단계별로 학습합니다.",PX4; 비행제어; 시뮬레이션; 로그; 기체 설정,초급~고급,온라인,무료,,온라인,자기주도 학습,상시,상시,대학생·취업준비생·재직자·일반인,없음,https://docs.px4.io/main/en/,PX4 / Dronecode Foundation,공식 기술문서,2026-09-28,상시 운영,,Basic Concepts → Simulation → Configuration → Development,공식 제공기관이 운영하는 교육·튜토리얼·문서 기반 학습경로.,공식 웹사이트 직접 확인
개발·제작,기체·공력·구조·생산,DJ-024,드론 제작·통합 엔지니어,제조·생산,배선,배선,"배선은(는) 드론 부품 제작·조립·공정·품질관리 업무에서 사용하는 도구·개념·절차입니다. 실제 직무에서는 설계, 운용, 분석 또는 의사결정 결과를 만드는 데 적용됩니다.",드론 제작·통합 엔지니어이(가) 기체·항전·배선·펌웨어를 조립하고 통합 시험 업무를 수행할 때 배선을(를) 이해하고 적용하기 위해 학습합니다.,기계 도면과 제조 안전 기초,초급~중급,PREREQUISITE,국비지원 직업훈련,드론 조립 및 분해(유지보수),AIG20250000516588,1063,신한글로벌인재교육원,직업훈련기관,소형무인기운용·조종 기반의 고용24 훈련과정입니다. 배선 학습에는 과정명과의 직접 연관성에 따라 기초·포함·선수 경로로 연결했습니다.,소형무인기운용·조종; 정비; 유지보수; 조립,초급~중급,오프라인,국비지원(일부 자부담 가능),고용24 직업훈련(국민내일배움카드 적용 여부는 과정 상세 확인),경기 의정부시,총 36시간,,2026-09-28~2026-10-06,국민내일배움카드(일반),수료 여부 과정별 확인,https://www.work24.go.kr/hr/a/a/3100/selectTracseDetl.do?tracseId=AIG20250000516588&tracseTme=3&crseTracseSe=C0061&trainstCstmrId=500020031915,고용24 훈련과정 상세,정부사이트,2026-09-28,현재 운영,,도면·재료 기초 → 공정·장비 실습 → 조립·검사 → 품질·생산 개선,대시보드 원본 교육데이터(예정)를 Skill과 연결. relevance_type=PREREQUISITE.,dashboard C.html / Work24 원천 링크
개발·제작,기체·공력·구조·생산,DJ-024,드론 제작·통합 엔지니어,제조·생산,조립,조립,"조립은(는) 드론 부품 제작·조립·공정·품질관리 업무에서 사용하는 도구·개념·절차입니다. 실제 직무에서는 설계, 운용, 분석 또는 의사결정 결과를 만드는 데 적용됩니다.",드론 제작·통합 엔지니어이(가) 기체·항전·배선·펌웨어를 조립하고 통합 시험 업무를 수행할 때 조립을(를) 이해하고 적용하기 위해 학습합니다.,기계 도면과 제조 안전 기초,초급~중급,DIRECT,국비지원 직업훈련,드론 조립 및 분해(유지보수),AIG20250000516588,1063,신한글로벌인재교육원,직업훈련기관,소형무인기운용·조종 기반의 고용24 훈련과정입니다. 조립 학습에는 과정명과의 직접 연관성에 따라 기초·포함·선수 경로로 연결했습니다.,소형무인기운용·조종; 정비; 유지보수; 조립,초급~중급,오프라인,국비지원(일부 자부담 가능),고용24 직업훈련(국민내일배움카드 적용 여부는 과정 상세 확인),경기 의정부시,총 36시간,,2026-09-28~2026-10-06,국민내일배움카드(일반),수료 여부 과정별 확인,https://www.work24.go.kr/hr/a/a/3100/selectTracseDetl.do?tracseId=AIG20250000516588&tracseTme=3&crseTracseSe=C0061&trainstCstmrId=500020031915,고용24 훈련과정 상세,정부사이트,2026-09-28,현재 운영,,도면·재료 기초 → 공정·장비 실습 → 조립·검사 → 품질·생산 개선,대시보드 원본 교육데이터(예정)를 Skill과 연결. relevance_type=DIRECT.,dashboard C.html / Work24 원천 링크
개발·제작,기체·공력·구조·생산,DJ-031,드론 조립원,제조·생산,납땜,납땜,"납땜은(는) 드론 부품 제작·조립·공정·품질관리 업무에서 사용하는 도구·개념·절차입니다. 실제 직무에서는 설계, 운용, 분석 또는 의사결정 결과를 만드는 데 적용됩니다.",드론 조립원이(가) 프레임·모터·항전·배선을 작업표준에 따라 조립 업무를 수행할 때 납땜을(를) 이해하고 적용하기 위해 학습합니다.,기계 도면과 제조 안전 기초,초급~중급,INCLUDED,국비지원 직업훈련,드론 조립 및 분해(유지보수),AIG20250000516588,1063,신한글로벌인재교육원,직업훈련기관,소형무인기운용·조종 기반의 고용24 훈련과정입니다. 납땜 학습에는 과정명과의 직접 연관성에 따라 기초·포함·선수 경로로 연결했습니다.,소형무인기운용·조종; 정비; 유지보수; 조립,초급~중급,오프라인,국비지원(일부 자부담 가능),고용24 직업훈련(국민내일배움카드 적용 여부는 과정 상세 확인),경기 의정부시,총 36시간,,2026-09-28~2026-10-06,국민내일배움카드(일반),수료 여부 과정별 확인,https://www.work24.go.kr/hr/a/a/3100/selectTracseDetl.do?tracseId=AIG20250000516588&tracseTme=3&crseTracseSe=C0061&trainstCstmrId=500020031915,고용24 훈련과정 상세,정부사이트,2026-09-28,현재 운영,https://docs.arduino.cc/learn,도면·재료 기초 → 공정·장비 실습 → 조립·검사 → 품질·생산 개선,대시보드 원본 교육데이터(예정)를 Skill과 연결. relevance_type=INCLUDED.,dashboard C.html / Work24 원천 링크
개발·제작,기체·공력·구조·생산,DJ-031,드론 조립원,제조·생산,납땜,납땜,"납땜은(는) 드론 부품 제작·조립·공정·품질관리 업무에서 사용하는 도구·개념·절차입니다. 실제 직무에서는 설계, 운용, 분석 또는 의사결정 결과를 만드는 데 적용됩니다.",드론 조립원이(가) 프레임·모터·항전·배선을 작업표준에 따라 조립 업무를 수행할 때 납땜을(를) 이해하고 적용하기 위해 학습합니다.,전기 안전과 기초 회로,초급~중급,INCLUDED,공식 튜토리얼·문서,Arduino Learn,ARDUINO,,Arduino,기업 공식교육,"전자회로, 마이크로컨트롤러, 센서·모터·통신을 공식 실습 예제로 학습합니다.",Arduino; Electronics; MCU; Sensor; Motor; Serial Communication,입문~중급,온라인,무료,,온라인,자기주도 학습,상시,상시,대학생·취업준비생·재직자·일반인,없음,https://docs.arduino.cc/learn,Arduino,기업·기관 공식사이트,2026-09-28,상시 운영,,회로 기초 → 입출력 → 센서·통신 → 모터 제어 → 드론 장치 프로토타입,공식 제공기관이 운영하는 교육·튜토리얼·문서 기반 학습경로.,공식 웹사이트 직접 확인
개발·제작,기체·공력·구조·생산,DJ-031,드론 조립원,제조·생산,조립,조립,"조립은(는) 드론 부품 제작·조립·공정·품질관리 업무에서 사용하는 도구·개념·절차입니다. 실제 직무에서는 설계, 운용, 분석 또는 의사결정 결과를 만드는 데 적용됩니다.",드론 조립원이(가) 프레임·모터·항전·배선을 작업표준에 따라 조립 업무를 수행할 때 조립을(를) 이해하고 적용하기 위해 학습합니다.,기계 도면과 제조 안전 기초,초급~중급,DIRECT,국비지원 직업훈련,드론 조립 및 분해(유지보수),AIG20250000516588,1063,신한글로벌인재교육원,직업훈련기관,소형무인기운용·조종 기반의 고용24 훈련과정입니다. 조립 학습에는 과정명과의 직접 연관성에 따라 기초·포함·선수 경로로 연결했습니다.,소형무인기운용·조종; 정비; 유지보수; 조립,초급~중급,오프라인,국비지원(일부 자부담 가능),고용24 직업훈련(국민내일배움카드 적용 여부는 과정 상세 확인),경기 의정부시,총 36시간,,2026-09-28~2026-10-06,국민내일배움카드(일반),수료 여부 과정별 확인,https://www.work24.go.kr/hr/a/a/3100/selectTracseDetl.do?tracseId=AIG20250000516588&tracseTme=3&crseTracseSe=C0061&trainstCstmrId=500020031915,고용24 훈련과정 상세,정부사이트,2026-09-28,현재 운영,,도면·재료 기초 → 공정·장비 실습 → 조립·검사 → 품질·생산 개선,대시보드 원본 교육데이터(예정)를 Skill과 연결. relevance_type=DIRECT.,dashboard C.html / Work24 원천 링크
개발·제작,기체·공력·구조·생산,DJ-031,드론 조립원,제조·생산,토크관리,토크관리,"토크관리은(는) 드론 부품 제작·조립·공정·품질관리 업무에서 사용하는 도구·개념·절차입니다. 실제 직무에서는 설계, 운용, 분석 또는 의사결정 결과를 만드는 데 적용됩니다.",드론 조립원이(가) 프레임·모터·항전·배선을 작업표준에 따라 조립 업무를 수행할 때 토크관리을(를) 이해하고 적용하기 위해 학습합니다.,기계 도면과 제조 안전 기초,초급~중급,PREREQUISITE,국비지원 직업훈련,드론 조립 및 분해(유지보수),AIG20250000516588,1063,신한글로벌인재교육원,직업훈련기관,소형무인기운용·조종 기반의 고용24 훈련과정입니다. 토크관리 학습에는 과정명과의 직접 연관성에 따라 기초·포함·선수 경로로 연결했습니다.,소형무인기운용·조종; 정비; 유지보수; 조립,초급~중급,오프라인,국비지원(일부 자부담 가능),고용24 직업훈련(국민내일배움카드 적용 여부는 과정 상세 확인),경기 의정부시,총 36시간,,2026-09-28~2026-10-06,국민내일배움카드(일반),수료 여부 과정별 확인,https://www.work24.go.kr/hr/a/a/3100/selectTracseDetl.do?tracseId=AIG20250000516588&tracseTme=3&crseTracseSe=C0061&trainstCstmrId=500020031915,고용24 훈련과정 상세,정부사이트,2026-09-28,현재 운영,,도면·재료 기초 → 공정·장비 실습 → 조립·검사 → 품질·생산 개선,대시보드 원본 교육데이터(예정)를 Skill과 연결. relevance_type=PREREQUISITE.,dashboard C.html / Work24 원천 링크
개발·제작,기체·공력·구조·생산,DJ-034,드론 품질검사원,제조·생산,NCR,NCR 관련 기술,"NCR은(는) 드론 부품 제작·조립·공정·품질관리 업무에서 사용하는 도구·개념·절차입니다. 실제 직무에서는 설계, 운용, 분석 또는 의사결정 결과를 만드는 데 적용됩니다.",드론 품질검사원이(가) 수입·공정·완성품 검사와 부적합 관리 업무를 수행할 때 NCR을(를) 이해하고 적용하기 위해 학습합니다.,기계 도면과 제조 안전 기초,초급~중급,PREREQUISITE,국비지원 직업훈련,드론 조립 및 분해(유지보수),AIG20250000516588,1063,신한글로벌인재교육원,직업훈련기관,소형무인기운용·조종 기반의 고용24 훈련과정입니다. NCR 학습에는 과정명과의 직접 연관성에 따라 기초·포함·선수 경로로 연결했습니다.,소형무인기운용·조종; 정비; 유지보수; 조립,초급~중급,오프라인,국비지원(일부 자부담 가능),고용24 직업훈련(국민내일배움카드 적용 여부는 과정 상세 확인),경기 의정부시,총 36시간,,2026-09-28~2026-10-06,국민내일배움카드(일반),수료 여부 과정별 확인,https://www.work24.go.kr/hr/a/a/3100/selectTracseDetl.do?tracseId=AIG20250000516588&tracseTme=3&crseTracseSe=C0061&trainstCstmrId=500020031915,고용24 훈련과정 상세,정부사이트,2026-09-28,현재 운영,,도면·재료 기초 → 공정·장비 실습 → 조립·검사 → 품질·생산 개선,대시보드 원본 교육데이터(예정)를 Skill과 연결. relevance_type=PREREQUISITE.,dashboard C.html / Work24 원천 링크
개발·제작,기체·공력·구조·생산,DJ-034,드론 품질검사원,제조·생산,검사,검사,"검사은(는) 드론 부품 제작·조립·공정·품질관리 업무에서 사용하는 도구·개념·절차입니다. 실제 직무에서는 설계, 운용, 분석 또는 의사결정 결과를 만드는 데 적용됩니다.",드론 품질검사원이(가) 수입·공정·완성품 검사와 부적합 관리 업무를 수행할 때 검사을(를) 이해하고 적용하기 위해 학습합니다.,기계 도면과 제조 안전 기초,입문~초급,INCLUDED,국비지원 직업훈련,드론 조립 및 분해(유지보수),AIG20250000516588,1063,신한글로벌인재교육원,직업훈련기관,소형무인기운용·조종 기반의 고용24 훈련과정입니다. 검사 학습에는 과정명과의 직접 연관성에 따라 기초·포함·선수 경로로 연결했습니다.,소형무인기운용·조종; 정비; 유지보수; 조립,입문~초급,오프라인,국비지원(일부 자부담 가능),고용24 직업훈련(국민내일배움카드 적용 여부는 과정 상세 확인),경기 의정부시,총 36시간,,2026-09-28~2026-10-06,국민내일배움카드(일반),수료 여부 과정별 확인,https://www.work24.go.kr/hr/a/a/3100/selectTracseDetl.do?tracseId=AIG20250000516588&tracseTme=3&crseTracseSe=C0061&trainstCstmrId=500020031915,고용24 훈련과정 상세,정부사이트,2026-09-28,현재 운영,,도면·재료 기초 → 공정·장비 실습 → 조립·검사 → 품질·생산 개선,대시보드 원본 교육데이터(예정)를 Skill과 연결. relevance_type=INCLUDED.,dashboard C.html / Work24 원천 링크
개발·제작,기체·공력·구조·생산,DJ-034,드론 품질검사원,제조·생산,측정,측정,"측정은(는) 드론 부품 제작·조립·공정·품질관리 업무에서 사용하는 도구·개념·절차입니다. 실제 직무에서는 설계, 운용, 분석 또는 의사결정 결과를 만드는 데 적용됩니다.",드론 품질검사원이(가) 수입·공정·완성품 검사와 부적합 관리 업무를 수행할 때 측정을(를) 이해하고 적용하기 위해 학습합니다.,기계 도면과 제조 안전 기초,입문~초급,PREREQUISITE,국비지원 직업훈련,드론 조립 및 분해(유지보수),AIG20250000516588,1063,신한글로벌인재교육원,직업훈련기관,소형무인기운용·조종 기반의 고용24 훈련과정입니다. 측정 학습에는 과정명과의 직접 연관성에 따라 기초·포함·선수 경로로 연결했습니다.,소형무인기운용·조종; 정비; 유지보수; 조립,입문~초급,오프라인,국비지원(일부 자부담 가능),고용24 직업훈련(국민내일배움카드 적용 여부는 과정 상세 확인),경기 의정부시,총 36시간,,2026-09-28~2026-10-06,국민내일배움카드(일반),수료 여부 과정별 확인,https://www.work24.go.kr/hr/a/a/3100/selectTracseDetl.do?tracseId=AIG20250000516588&tracseTme=3&crseTracseSe=C0061&trainstCstmrId=500020031915,고용24 훈련과정 상세,정부사이트,2026-09-28,현재 운영,,도면·재료 기초 → 공정·장비 실습 → 조립·검사 → 품질·생산 개선,대시보드 원본 교육데이터(예정)를 Skill과 연결. relevance_type=PREREQUISITE.,dashboard C.html / Work24 원천 링크
개발·제작,기체·공력·구조·생산,DJ-034,드론 품질검사원,제조·생산,품질문서,품질문서,"품질문서은(는) 드론 부품 제작·조립·공정·품질관리 업무에서 사용하는 도구·개념·절차입니다. 실제 직무에서는 설계, 운용, 분석 또는 의사결정 결과를 만드는 데 적용됩니다.",드론 품질검사원이(가) 수입·공정·완성품 검사와 부적합 관리 업무를 수행할 때 품질문서을(를) 이해하고 적용하기 위해 학습합니다.,기계 도면과 제조 안전 기초,초급~중급,INCLUDED,국비지원 직업훈련,드론 조립 및 분해(유지보수),AIG20250000516588,1063,신한글로벌인재교육원,직업훈련기관,소형무인기운용·조종 기반의 고용24 훈련과정입니다. 품질문서 학습에는 과정명과의 직접 연관성에 따라 기초·포함·선수 경로로 연결했습니다.,소형무인기운용·조종; 정비; 유지보수; 조립,초급~중급,오프라인,국비지원(일부 자부담 가능),고용24 직업훈련(국민내일배움카드 적용 여부는 과정 상세 확인),경기 의정부시,총 36시간,,2026-09-28~2026-10-06,국민내일배움카드(일반),수료 여부 과정별 확인,https://www.work24.go.kr/hr/a/a/3100/selectTracseDetl.do?tracseId=AIG20250000516588&tracseTme=3&crseTracseSe=C0061&trainstCstmrId=500020031915,고용24 훈련과정 상세,정부사이트,2026-09-28,현재 운영,,도면·재료 기초 → 공정·장비 실습 → 조립·검사 → 품질·생산 개선,대시보드 원본 교육데이터(예정)를 Skill과 연결. relevance_type=INCLUDED.,dashboard C.html / Work24 원천 링크
개발·제작,기체·공력·구조·생산,DJ-025,산업용 드론 제작·운영 엔지니어,제조·생산,기체제작,기체제작,"기체제작은(는) 드론 부품 제작·조립·공정·품질관리 업무에서 사용하는 도구·개념·절차입니다. 실제 직무에서는 설계, 운용, 분석 또는 의사결정 결과를 만드는 데 적용됩니다.",산업용 드론 제작·운영 엔지니어이(가) 산업용 기체 제작과 현장 운용을 함께 수행 업무를 수행할 때 기체제작을(를) 이해하고 적용하기 위해 학습합니다.,기계 도면과 제조 안전 기초,초급~중급,PREREQUISITE,국비지원 직업훈련,드론 조립 및 분해(유지보수),AIG20250000516588,1063,신한글로벌인재교육원,직업훈련기관,소형무인기운용·조종 기반의 고용24 훈련과정입니다. 기체제작 학습에는 과정명과의 직접 연관성에 따라 기초·포함·선수 경로로 연결했습니다.,소형무인기운용·조종; 정비; 유지보수; 조립,초급~중급,오프라인,국비지원(일부 자부담 가능),고용24 직업훈련(국민내일배움카드 적용 여부는 과정 상세 확인),경기 의정부시,총 36시간,,2026-09-28~2026-10-06,국민내일배움카드(일반),수료 여부 과정별 확인,https://www.work24.go.kr/hr/a/a/3100/selectTracseDetl.do?tracseId=AIG20250000516588&tracseTme=3&crseTracseSe=C0061&trainstCstmrId=500020031915,고용24 훈련과정 상세,정부사이트,2026-09-28,현재 운영,,도면·재료 기초 → 공정·장비 실습 → 조립·검사 → 품질·생산 개선,대시보드 원본 교육데이터(예정)를 Skill과 연결. relevance_type=PREREQUISITE.,dashboard C.html / Work24 원천 링크
개발·제작,기체·공력·구조·생산,DJ-025,산업용 드론 제작·운영 엔지니어,제조·생산,조종,조종,"조종은(는) 드론 부품 제작·조립·공정·품질관리 업무에서 사용하는 도구·개념·절차입니다. 실제 직무에서는 설계, 운용, 분석 또는 의사결정 결과를 만드는 데 적용됩니다.",산업용 드론 제작·운영 엔지니어이(가) 산업용 기체 제작과 현장 운용을 함께 수행 업무를 수행할 때 조종을(를) 이해하고 적용하기 위해 학습합니다.,기계 도면과 제조 안전 기초,입문~초급,DIRECT,국비지원 직업훈련,초경량비행장치 무인멀티콥터(드론)조종자 1종 국가자격취득과정(이론+실기),AIG20250000502620,1068,중부드론교육원,직업훈련기관,소형무인기운용·조종 기반의 고용24 훈련과정입니다. 조종 학습에는 과정명과의 직접 연관성에 따라 기초·포함·선수 경로로 연결했습니다.,소형무인기운용·조종; 정비; 유지보수; 조립,입문~초급,오프라인,국비지원(일부 자부담 가능),고용24 직업훈련(국민내일배움카드 적용 여부는 과정 상세 확인),충북 음성군,총 120시간,,2026-09-28~2026-10-16,국민내일배움카드(일반),드론 조종자 1종,https://www.work24.go.kr/hr/a/a/3100/selectTracseDetl.do?tracseId=AIG20250000502620&tracseTme=18&crseTracseSe=C0061&trainstCstmrId=500039127578,고용24 훈련과정 상세,정부사이트,2026-09-28,현재 운영,,도면·재료 기초 → 공정·장비 실습 → 조립·검사 → 품질·생산 개선,대시보드 원본 교육데이터(예정)를 Skill과 연결. relevance_type=DIRECT.,dashboard C.html / Work24 원천 링크
개발·제작,기체·공력·구조·생산,DJ-025,산업용 드론 제작·운영 엔지니어,제조·생산,현장운용,현장운용,"현장운용은(는) 드론 부품 제작·조립·공정·품질관리 업무에서 사용하는 도구·개념·절차입니다. 실제 직무에서는 설계, 운용, 분석 또는 의사결정 결과를 만드는 데 적용됩니다.",산업용 드론 제작·운영 엔지니어이(가) 산업용 기체 제작과 현장 운용을 함께 수행 업무를 수행할 때 현장운용을(를) 이해하고 적용하기 위해 학습합니다.,기계 도면과 제조 안전 기초,초급~중급,PREREQUISITE,국비지원 직업훈련,드론 조립 및 분해(유지보수),AIG20250000516588,1063,신한글로벌인재교육원,직업훈련기관,소형무인기운용·조종 기반의 고용24 훈련과정입니다. 현장운용 학습에는 과정명과의 직접 연관성에 따라 기초·포함·선수 경로로 연결했습니다.,소형무인기운용·조종; 정비; 유지보수; 조립,초급~중급,오프라인,국비지원(일부 자부담 가능),고용24 직업훈련(국민내일배움카드 적용 여부는 과정 상세 확인),경기 의정부시,총 36시간,,2026-09-28~2026-10-06,국민내일배움카드(일반),수료 여부 과정별 확인,https://www.work24.go.kr/hr/a/a/3100/selectTracseDetl.do?tracseId=AIG20250000516588&tracseTme=3&crseTracseSe=C0061&trainstCstmrId=500020031915,고용24 훈련과정 상세,정부사이트,2026-09-28,현재 운영,,도면·재료 기초 → 공정·장비 실습 → 조립·검사 → 품질·생산 개선,대시보드 원본 교육데이터(예정)를 Skill과 연결. relevance_type=PREREQUISITE.,dashboard C.html / Work24 원천 링크
개발·제작,추진·전원,DJ-039,드론 배터리팩 개발 엔지니어,추진·에너지,Li-ion,리튬이온 배터리,"리튬이온 배터리은(는) 드론 추진·모터·배터리·열유체 시스템 업무에서 사용하는 도구·개념·절차입니다. 실제 직무에서는 설계, 운용, 분석 또는 의사결정 결과를 만드는 데 적용됩니다.",드론 배터리팩 개발 엔지니어이(가) 고에너지 배터리팩 구조·전기·안전 설계 업무를 수행할 때 Li-ion을(를) 이해하고 적용하기 위해 학습합니다.,전기·전자와 기계공학 기초,중급,PREREQUISITE,국비지원 직업훈련,드론 조립 및 분해(유지보수),AIG20250000516588,1063,신한글로벌인재교육원,직업훈련기관,소형무인기운용·조종 기반의 고용24 훈련과정입니다. Li-ion 학습에는 과정명과의 직접 연관성에 따라 기초·포함·선수 경로로 연결했습니다.,소형무인기운용·조종; 정비; 유지보수; 조립,중급,오프라인,국비지원(일부 자부담 가능),고용24 직업훈련(국민내일배움카드 적용 여부는 과정 상세 확인),경기 의정부시,총 36시간,,2026-09-28~2026-10-06,국민내일배움카드(일반),수료 여부 과정별 확인,https://www.work24.go.kr/hr/a/a/3100/selectTracseDetl.do?tracseId=AIG20250000516588&tracseTme=3&crseTracseSe=C0061&trainstCstmrId=500020031915,고용24 훈련과정 상세,정부사이트,2026-09-28,현재 운영,,회로·역학 기초 → 추진·에너지 이론 → 해석·제어 → 성능·안전 시험,대시보드 원본 교육데이터(예정)를 Skill과 연결. relevance_type=PREREQUISITE.,dashboard C.html / Work24 원천 링크
개발·제작,추진·전원,DJ-039,드론 배터리팩 개발 엔지니어,추진·에너지,Pack,Pack 관련 기술,"Pack은(는) 드론 추진·모터·배터리·열유체 시스템 업무에서 사용하는 도구·개념·절차입니다. 실제 직무에서는 설계, 운용, 분석 또는 의사결정 결과를 만드는 데 적용됩니다.",드론 배터리팩 개발 엔지니어이(가) 고에너지 배터리팩 구조·전기·안전 설계 업무를 수행할 때 Pack을(를) 이해하고 적용하기 위해 학습합니다.,전기·전자와 기계공학 기초,중급,PREREQUISITE,국비지원 직업훈련,드론 조립 및 분해(유지보수),AIG20250000516588,1063,신한글로벌인재교육원,직업훈련기관,소형무인기운용·조종 기반의 고용24 훈련과정입니다. Pack 학습에는 과정명과의 직접 연관성에 따라 기초·포함·선수 경로로 연결했습니다.,소형무인기운용·조종; 정비; 유지보수; 조립,중급,오프라인,국비지원(일부 자부담 가능),고용24 직업훈련(국민내일배움카드 적용 여부는 과정 상세 확인),경기 의정부시,총 36시간,,2026-09-28~2026-10-06,국민내일배움카드(일반),수료 여부 과정별 확인,https://www.work24.go.kr/hr/a/a/3100/selectTracseDetl.do?tracseId=AIG20250000516588&tracseTme=3&crseTracseSe=C0061&trainstCstmrId=500020031915,고용24 훈련과정 상세,정부사이트,2026-09-28,현재 운영,,회로·역학 기초 → 추진·에너지 이론 → 해석·제어 → 성능·안전 시험,대시보드 원본 교육데이터(예정)를 Skill과 연결. relevance_type=PREREQUISITE.,dashboard C.html / Work24 원천 링크
개발·제작,추진·전원,DJ-039,드론 배터리팩 개발 엔지니어,추진·에너지,안전,안전,"안전은(는) 드론 추진·모터·배터리·열유체 시스템 업무에서 사용하는 도구·개념·절차입니다. 실제 직무에서는 설계, 운용, 분석 또는 의사결정 결과를 만드는 데 적용됩니다.",드론 배터리팩 개발 엔지니어이(가) 고에너지 배터리팩 구조·전기·안전 설계 업무를 수행할 때 안전을(를) 이해하고 적용하기 위해 학습합니다.,전기·전자와 기계공학 기초,입문~초급,PREREQUISITE,국비지원 직업훈련,드론 조립 및 분해(유지보수),AIG20250000516588,1063,신한글로벌인재교육원,직업훈련기관,소형무인기운용·조종 기반의 고용24 훈련과정입니다. 안전 학습에는 과정명과의 직접 연관성에 따라 기초·포함·선수 경로로 연결했습니다.,소형무인기운용·조종; 정비; 유지보수; 조립,입문~초급,오프라인,국비지원(일부 자부담 가능),고용24 직업훈련(국민내일배움카드 적용 여부는 과정 상세 확인),경기 의정부시,총 36시간,,2026-09-28~2026-10-06,국민내일배움카드(일반),수료 여부 과정별 확인,https://www.work24.go.kr/hr/a/a/3100/selectTracseDetl.do?tracseId=AIG20250000516588&tracseTme=3&crseTracseSe=C0061&trainstCstmrId=500020031915,고용24 훈련과정 상세,정부사이트,2026-09-28,현재 운영,,회로·역학 기초 → 추진·에너지 이론 → 해석·제어 → 성능·안전 시험,대시보드 원본 교육데이터(예정)를 Skill과 연결. relevance_type=PREREQUISITE.,dashboard C.html / Work24 원천 링크
개발·제작,추진·전원,DJ-039,드론 배터리팩 개발 엔지니어,추진·에너지,열폭주,열폭주,"열폭주은(는) 드론 추진·모터·배터리·열유체 시스템 업무에서 사용하는 도구·개념·절차입니다. 실제 직무에서는 설계, 운용, 분석 또는 의사결정 결과를 만드는 데 적용됩니다.",드론 배터리팩 개발 엔지니어이(가) 고에너지 배터리팩 구조·전기·안전 설계 업무를 수행할 때 열폭주을(를) 이해하고 적용하기 위해 학습합니다.,전기·전자와 기계공학 기초,중급,PREREQUISITE,국비지원 직업훈련,드론 조립 및 분해(유지보수),AIG20250000516588,1063,신한글로벌인재교육원,직업훈련기관,소형무인기운용·조종 기반의 고용24 훈련과정입니다. 열폭주 학습에는 과정명과의 직접 연관성에 따라 기초·포함·선수 경로로 연결했습니다.,소형무인기운용·조종; 정비; 유지보수; 조립,중급,오프라인,국비지원(일부 자부담 가능),고용24 직업훈련(국민내일배움카드 적용 여부는 과정 상세 확인),경기 의정부시,총 36시간,,2026-09-28~2026-10-06,국민내일배움카드(일반),수료 여부 과정별 확인,https://www.work24.go.kr/hr/a/a/3100/selectTracseDetl.do?tracseId=AIG20250000516588&tracseTme=3&crseTracseSe=C0061&trainstCstmrId=500020031915,고용24 훈련과정 상세,정부사이트,2026-09-28,현재 운영,,회로·역학 기초 → 추진·에너지 이론 → 해석·제어 → 성능·안전 시험,대시보드 원본 교육데이터(예정)를 Skill과 연결. relevance_type=PREREQUISITE.,dashboard C.html / Work24 원천 링크
개발·제작,추진·전원,DJ-045,드론 연료공급계통 엔지니어,추진·에너지,안전,안전,"안전은(는) 드론 추진·모터·배터리·열유체 시스템 업무에서 사용하는 도구·개념·절차입니다. 실제 직무에서는 설계, 운용, 분석 또는 의사결정 결과를 만드는 데 적용됩니다.",드론 연료공급계통 엔지니어이(가) 연료탱크·펌프·배관·밸브 계통 설계와 시험 업무를 수행할 때 안전을(를) 이해하고 적용하기 위해 학습합니다.,전기·전자와 기계공학 기초,입문~초급,PREREQUISITE,국비지원 직업훈련,드론 조립 및 분해(유지보수),AIG20250000516588,1063,신한글로벌인재교육원,직업훈련기관,소형무인기운용·조종 기반의 고용24 훈련과정입니다. 안전 학습에는 과정명과의 직접 연관성에 따라 기초·포함·선수 경로로 연결했습니다.,소형무인기운용·조종; 정비; 유지보수; 조립,입문~초급,오프라인,국비지원(일부 자부담 가능),고용24 직업훈련(국민내일배움카드 적용 여부는 과정 상세 확인),경기 의정부시,총 36시간,,2026-09-28~2026-10-06,국민내일배움카드(일반),수료 여부 과정별 확인,https://www.work24.go.kr/hr/a/a/3100/selectTracseDetl.do?tracseId=AIG20250000516588&tracseTme=3&crseTracseSe=C0061&trainstCstmrId=500020031915,고용24 훈련과정 상세,정부사이트,2026-09-28,현재 운영,,회로·역학 기초 → 추진·에너지 이론 → 해석·제어 → 성능·안전 시험,대시보드 원본 교육데이터(예정)를 Skill과 연결. relevance_type=PREREQUISITE.,dashboard C.html / Work24 원천 링크
개발·제작,추진·전원,DJ-045,드론 연료공급계통 엔지니어,추진·에너지,연료계통,연료계통,"연료계통은(는) 드론 추진·모터·배터리·열유체 시스템 업무에서 사용하는 도구·개념·절차입니다. 실제 직무에서는 설계, 운용, 분석 또는 의사결정 결과를 만드는 데 적용됩니다.",드론 연료공급계통 엔지니어이(가) 연료탱크·펌프·배관·밸브 계통 설계와 시험 업무를 수행할 때 연료계통을(를) 이해하고 적용하기 위해 학습합니다.,전기·전자와 기계공학 기초,중급,PREREQUISITE,국비지원 직업훈련,드론 조립 및 분해(유지보수),AIG20250000516588,1063,신한글로벌인재교육원,직업훈련기관,소형무인기운용·조종 기반의 고용24 훈련과정입니다. 연료계통 학습에는 과정명과의 직접 연관성에 따라 기초·포함·선수 경로로 연결했습니다.,소형무인기운용·조종; 정비; 유지보수; 조립,중급,오프라인,국비지원(일부 자부담 가능),고용24 직업훈련(국민내일배움카드 적용 여부는 과정 상세 확인),경기 의정부시,총 36시간,,2026-09-28~2026-10-06,국민내일배움카드(일반),수료 여부 과정별 확인,https://www.work24.go.kr/hr/a/a/3100/selectTracseDetl.do?tracseId=AIG20250000516588&tracseTme=3&crseTracseSe=C0061&trainstCstmrId=500020031915,고용24 훈련과정 상세,정부사이트,2026-09-28,현재 운영,,회로·역학 기초 → 추진·에너지 이론 → 해석·제어 → 성능·안전 시험,대시보드 원본 교육데이터(예정)를 Skill과 연결. relevance_type=PREREQUISITE.,dashboard C.html / Work24 원천 링크
개발·제작,추진·전원,DJ-045,드론 연료공급계통 엔지니어,추진·에너지,유체,유체,"유체은(는) 드론 추진·모터·배터리·열유체 시스템 업무에서 사용하는 도구·개념·절차입니다. 실제 직무에서는 설계, 운용, 분석 또는 의사결정 결과를 만드는 데 적용됩니다.",드론 연료공급계통 엔지니어이(가) 연료탱크·펌프·배관·밸브 계통 설계와 시험 업무를 수행할 때 유체을(를) 이해하고 적용하기 위해 학습합니다.,전기·전자와 기계공학 기초,중급,PREREQUISITE,국비지원 직업훈련,드론 조립 및 분해(유지보수),AIG20250000516588,1063,신한글로벌인재교육원,직업훈련기관,소형무인기운용·조종 기반의 고용24 훈련과정입니다. 유체 학습에는 과정명과의 직접 연관성에 따라 기초·포함·선수 경로로 연결했습니다.,소형무인기운용·조종; 정비; 유지보수; 조립,중급,오프라인,국비지원(일부 자부담 가능),고용24 직업훈련(국민내일배움카드 적용 여부는 과정 상세 확인),경기 의정부시,총 36시간,,2026-09-28~2026-10-06,국민내일배움카드(일반),수료 여부 과정별 확인,https://www.work24.go.kr/hr/a/a/3100/selectTracseDetl.do?tracseId=AIG20250000516588&tracseTme=3&crseTracseSe=C0061&trainstCstmrId=500020031915,고용24 훈련과정 상세,정부사이트,2026-09-28,현재 운영,,회로·역학 기초 → 추진·에너지 이론 → 해석·제어 → 성능·안전 시험,대시보드 원본 교육데이터(예정)를 Skill과 연결. relevance_type=PREREQUISITE.,dashboard C.html / Work24 원천 링크
개발·제작,추진·전원,DJ-046,드론 열관리 엔지니어,추진·에너지,방열,방열,"방열은(는) 드론 추진·모터·배터리·열유체 시스템 업무에서 사용하는 도구·개념·절차입니다. 실제 직무에서는 설계, 운용, 분석 또는 의사결정 결과를 만드는 데 적용됩니다.",드론 열관리 엔지니어이(가) 배터리·모터·항전장비 방열과 열환경 검증 업무를 수행할 때 방열을(를) 이해하고 적용하기 위해 학습합니다.,전기·전자와 기계공학 기초,중급,PREREQUISITE,국비지원 직업훈련,드론 조립 및 분해(유지보수),AIG20250000516588,1063,신한글로벌인재교육원,직업훈련기관,소형무인기운용·조종 기반의 고용24 훈련과정입니다. 방열 학습에는 과정명과의 직접 연관성에 따라 기초·포함·선수 경로로 연결했습니다.,소형무인기운용·조종; 정비; 유지보수; 조립,중급,오프라인,국비지원(일부 자부담 가능),고용24 직업훈련(국민내일배움카드 적용 여부는 과정 상세 확인),경기 의정부시,총 36시간,,2026-09-28~2026-10-06,국민내일배움카드(일반),수료 여부 과정별 확인,https://www.work24.go.kr/hr/a/a/3100/selectTracseDetl.do?tracseId=AIG20250000516588&tracseTme=3&crseTracseSe=C0061&trainstCstmrId=500020031915,고용24 훈련과정 상세,정부사이트,2026-09-28,현재 운영,,회로·역학 기초 → 추진·에너지 이론 → 해석·제어 → 성능·안전 시험,대시보드 원본 교육데이터(예정)를 Skill과 연결. relevance_type=PREREQUISITE.,dashboard C.html / Work24 원천 링크
개발·제작,추진·전원,DJ-046,드론 열관리 엔지니어,추진·에너지,열해석,열해석,"열해석은(는) 드론 추진·모터·배터리·열유체 시스템 업무에서 사용하는 도구·개념·절차입니다. 실제 직무에서는 설계, 운용, 분석 또는 의사결정 결과를 만드는 데 적용됩니다.",드론 열관리 엔지니어이(가) 배터리·모터·항전장비 방열과 열환경 검증 업무를 수행할 때 열해석을(를) 이해하고 적용하기 위해 학습합니다.,전기·전자와 기계공학 기초,중급,PREREQUISITE,국비지원 직업훈련,드론 조립 및 분해(유지보수),AIG20250000516588,1063,신한글로벌인재교육원,직업훈련기관,소형무인기운용·조종 기반의 고용24 훈련과정입니다. 열해석 학습에는 과정명과의 직접 연관성에 따라 기초·포함·선수 경로로 연결했습니다.,소형무인기운용·조종; 정비; 유지보수; 조립,중급,오프라인,국비지원(일부 자부담 가능),고용24 직업훈련(국민내일배움카드 적용 여부는 과정 상세 확인),경기 의정부시,총 36시간,,2026-09-28~2026-10-06,국민내일배움카드(일반),수료 여부 과정별 확인,https://www.work24.go.kr/hr/a/a/3100/selectTracseDetl.do?tracseId=AIG20250000516588&tracseTme=3&crseTracseSe=C0061&trainstCstmrId=500020031915,고용24 훈련과정 상세,정부사이트,2026-09-28,현재 운영,https://innovationspace.ansys.com/courses/academic-courses/?template=academic,회로·역학 기초 → 추진·에너지 이론 → 해석·제어 → 성능·안전 시험,대시보드 원본 교육데이터(예정)를 Skill과 연결. relevance_type=PREREQUISITE.,dashboard C.html / Work24 원천 링크
개발·제작,추진·전원,DJ-046,드론 열관리 엔지니어,추진·에너지,열해석,열해석,"열해석은(는) 드론 추진·모터·배터리·열유체 시스템 업무에서 사용하는 도구·개념·절차입니다. 실제 직무에서는 설계, 운용, 분석 또는 의사결정 결과를 만드는 데 적용됩니다.",드론 열관리 엔지니어이(가) 배터리·모터·항전장비 방열과 열환경 검증 업무를 수행할 때 열해석을(를) 이해하고 적용하기 위해 학습합니다.,공학 수학·물리 기초,중급,INCLUDED,공식 튜토리얼·문서,Ansys Innovation Courses,ANSYS,,Ansys,기업 공식교육,유체·구조·열·전자기 물리와 Ansys 해석 워크플로를 무료 온라인 과정으로 학습합니다.,Ansys; CFD; Structural; Thermal; Electromagnetics; Simulation,초급~고급,온라인,무료,,온라인,자기주도 학습,상시,상시,대학생·취업준비생·재직자·일반인,완료 배지 과정 있음,https://innovationspace.ansys.com/courses/academic-courses/?template=academic,Ansys,기업·기관 공식사이트,2026-09-28,상시 운영,,물리 기초 → 해석 설정 → 메시·경계조건 → 결과 검증 → 드론 부품 적용,공식 제공기관이 운영하는 교육·튜토리얼·문서 기반 학습경로.,공식 웹사이트 직접 확인
개발·제작,추진·전원,DJ-046,드론 열관리 엔지니어,추진·에너지,환경시험,환경시험,"환경시험은(는) 드론 추진·모터·배터리·열유체 시스템 업무에서 사용하는 도구·개념·절차입니다. 실제 직무에서는 설계, 운용, 분석 또는 의사결정 결과를 만드는 데 적용됩니다.",드론 열관리 엔지니어이(가) 배터리·모터·항전장비 방열과 열환경 검증 업무를 수행할 때 환경시험을(를) 이해하고 적용하기 위해 학습합니다.,전기·전자와 기계공학 기초,중급,PREREQUISITE,국비지원 직업훈련,"드론(소형무인기) 항공촬영, 편집, 드론방제, 드론정비 및 국가자격(드론1종) 취득과정",AIG20250000517356,755,누리드론교육원,직업훈련기관,소형무인기운용·조종 기반의 고용24 훈련과정입니다. 환경시험 학습에는 과정명과의 직접 연관성에 따라 기초·포함·선수 경로로 연결했습니다.,소형무인기운용·조종; 방제; 스마트농업; 농업,중급,오프라인,국비지원(일부 자부담 가능),고용24 직업훈련(국민내일배움카드 적용 여부는 과정 상세 확인),경남 김해시,총 960시간,,2026-07-21~2027-01-13,국가기간전략산업직종,드론 조종자 1종,https://www.work24.go.kr/hr/a/a/3100/selectTracseDetl.do?tracseId=AIG20250000517356&tracseTme=2&crseTracseSe=C0061&trainstCstmrId=500041601289,고용24 훈련과정 상세,정부사이트,2026-09-28,현재 운영,,회로·역학 기초 → 추진·에너지 이론 → 해석·제어 → 성능·안전 시험,대시보드 원본 교육데이터(진행중)를 Skill과 연결. relevance_type=PREREQUISITE.,dashboard C.html / Work24 원천 링크
개발·제작,추진·전원,DJ-036,드론 전기모터 개발 엔지니어,추진·에너지,BLDC,브러시리스 직류모터,"브러시리스 직류모터은(는) 드론 추진·모터·배터리·열유체 시스템 업무에서 사용하는 도구·개념·절차입니다. 실제 직무에서는 설계, 운용, 분석 또는 의사결정 결과를 만드는 데 적용됩니다.",드론 전기모터 개발 엔지니어이(가) 고출력밀도 BLDC 모터 설계·해석·시험 업무를 수행할 때 BLDC을(를) 이해하고 적용하기 위해 학습합니다.,전기·전자와 기계공학 기초,중급,PREREQUISITE,국비지원 직업훈련,드론 조립 및 분해(유지보수),AIG20250000516588,1063,신한글로벌인재교육원,직업훈련기관,소형무인기운용·조종 기반의 고용24 훈련과정입니다. BLDC 학습에는 과정명과의 직접 연관성에 따라 기초·포함·선수 경로로 연결했습니다.,소형무인기운용·조종; 정비; 유지보수; 조립,중급,오프라인,국비지원(일부 자부담 가능),고용24 직업훈련(국민내일배움카드 적용 여부는 과정 상세 확인),경기 의정부시,총 36시간,,2026-09-28~2026-10-06,국민내일배움카드(일반),수료 여부 과정별 확인,https://www.work24.go.kr/hr/a/a/3100/selectTracseDetl.do?tracseId=AIG20250000516588&tracseTme=3&crseTracseSe=C0061&trainstCstmrId=500020031915,고용24 훈련과정 상세,정부사이트,2026-09-28,현재 운영,,회로·역학 기초 → 추진·에너지 이론 → 해석·제어 → 성능·안전 시험,대시보드 원본 교육데이터(예정)를 Skill과 연결. relevance_type=PREREQUISITE.,dashboard C.html / Work24 원천 링크
개발·제작,추진·전원,DJ-036,드론 전기모터 개발 엔지니어,추진·에너지,열설계,열설계,"열설계은(는) 드론 추진·모터·배터리·열유체 시스템 업무에서 사용하는 도구·개념·절차입니다. 실제 직무에서는 설계, 운용, 분석 또는 의사결정 결과를 만드는 데 적용됩니다.",드론 전기모터 개발 엔지니어이(가) 고출력밀도 BLDC 모터 설계·해석·시험 업무를 수행할 때 열설계을(를) 이해하고 적용하기 위해 학습합니다.,전기·전자와 기계공학 기초,중급,PREREQUISITE,국비지원 직업훈련,드론 조립 및 분해(유지보수),AIG20250000516588,1063,신한글로벌인재교육원,직업훈련기관,소형무인기운용·조종 기반의 고용24 훈련과정입니다. 열설계 학습에는 과정명과의 직접 연관성에 따라 기초·포함·선수 경로로 연결했습니다.,소형무인기운용·조종; 정비; 유지보수; 조립,중급,오프라인,국비지원(일부 자부담 가능),고용24 직업훈련(국민내일배움카드 적용 여부는 과정 상세 확인),경기 의정부시,총 36시간,,2026-09-28~2026-10-06,국민내일배움카드(일반),수료 여부 과정별 확인,https://www.work24.go.kr/hr/a/a/3100/selectTracseDetl.do?tracseId=AIG20250000516588&tracseTme=3&crseTracseSe=C0061&trainstCstmrId=500020031915,고용24 훈련과정 상세,정부사이트,2026-09-28,현재 운영,https://innovationspace.ansys.com/courses/academic-courses/?template=academic,회로·역학 기초 → 추진·에너지 이론 → 해석·제어 → 성능·안전 시험,대시보드 원본 교육데이터(예정)를 Skill과 연결. relevance_type=PREREQUISITE.,dashboard C.html / Work24 원천 링크
개발·제작,추진·전원,DJ-036,드론 전기모터 개발 엔지니어,추진·에너지,열설계,열설계,"열설계은(는) 드론 추진·모터·배터리·열유체 시스템 업무에서 사용하는 도구·개념·절차입니다. 실제 직무에서는 설계, 운용, 분석 또는 의사결정 결과를 만드는 데 적용됩니다.",드론 전기모터 개발 엔지니어이(가) 고출력밀도 BLDC 모터 설계·해석·시험 업무를 수행할 때 열설계을(를) 이해하고 적용하기 위해 학습합니다.,공학 수학·물리 기초,중급,INCLUDED,공식 튜토리얼·문서,Ansys Innovation Courses,ANSYS,,Ansys,기업 공식교육,유체·구조·열·전자기 물리와 Ansys 해석 워크플로를 무료 온라인 과정으로 학습합니다.,Ansys; CFD; Structural; Thermal; Electromagnetics; Simulation,초급~고급,온라인,무료,,온라인,자기주도 학습,상시,상시,대학생·취업준비생·재직자·일반인,완료 배지 과정 있음,https://innovationspace.ansys.com/courses/academic-courses/?template=academic,Ansys,기업·기관 공식사이트,2026-09-28,상시 운영,,물리 기초 → 해석 설정 → 메시·경계조건 → 결과 검증 → 드론 부품 적용,공식 제공기관이 운영하는 교육·튜토리얼·문서 기반 학습경로.,공식 웹사이트 직접 확인
개발·제작,추진·전원,DJ-036,드론 전기모터 개발 엔지니어,추진·에너지,전자기해석,전자기해석,"전자기해석은(는) 드론 추진·모터·배터리·열유체 시스템 업무에서 사용하는 도구·개념·절차입니다. 실제 직무에서는 설계, 운용, 분석 또는 의사결정 결과를 만드는 데 적용됩니다.",드론 전기모터 개발 엔지니어이(가) 고출력밀도 BLDC 모터 설계·해석·시험 업무를 수행할 때 전자기해석을(를) 이해하고 적용하기 위해 학습합니다.,전기·전자와 기계공학 기초,고급,PREREQUISITE,국비지원 직업훈련,드론 조립 및 분해(유지보수),AIG20250000516588,1063,신한글로벌인재교육원,직업훈련기관,소형무인기운용·조종 기반의 고용24 훈련과정입니다. 전자기해석 학습에는 과정명과의 직접 연관성에 따라 기초·포함·선수 경로로 연결했습니다.,소형무인기운용·조종; 정비; 유지보수; 조립,고급,오프라인,국비지원(일부 자부담 가능),고용24 직업훈련(국민내일배움카드 적용 여부는 과정 상세 확인),경기 의정부시,총 36시간,,2026-09-28~2026-10-06,국민내일배움카드(일반),수료 여부 과정별 확인,https://www.work24.go.kr/hr/a/a/3100/selectTracseDetl.do?tracseId=AIG20250000516588&tracseTme=3&crseTracseSe=C0061&trainstCstmrId=500020031915,고용24 훈련과정 상세,정부사이트,2026-09-28,현재 운영,https://innovationspace.ansys.com/courses/academic-courses/?template=academic,회로·역학 기초 → 추진·에너지 이론 → 해석·제어 → 성능·안전 시험,대시보드 원본 교육데이터(예정)를 Skill과 연결. relevance_type=PREREQUISITE.,dashboard C.html / Work24 원천 링크
개발·제작,추진·전원,DJ-036,드론 전기모터 개발 엔지니어,추진·에너지,전자기해석,전자기해석,"전자기해석은(는) 드론 추진·모터·배터리·열유체 시스템 업무에서 사용하는 도구·개념·절차입니다. 실제 직무에서는 설계, 운용, 분석 또는 의사결정 결과를 만드는 데 적용됩니다.",드론 전기모터 개발 엔지니어이(가) 고출력밀도 BLDC 모터 설계·해석·시험 업무를 수행할 때 전자기해석을(를) 이해하고 적용하기 위해 학습합니다.,공학 수학·물리 기초,고급,INCLUDED,공식 튜토리얼·문서,Ansys Innovation Courses,ANSYS,,Ansys,기업 공식교육,유체·구조·열·전자기 물리와 Ansys 해석 워크플로를 무료 온라인 과정으로 학습합니다.,Ansys; CFD; Structural; Thermal; Electromagnetics; Simulation,초급~고급,온라인,무료,,온라인,자기주도 학습,상시,상시,대학생·취업준비생·재직자·일반인,완료 배지 과정 있음,https://innovationspace.ansys.com/courses/academic-courses/?template=academic,Ansys,기업·기관 공식사이트,2026-09-28,상시 운영,,물리 기초 → 해석 설정 → 메시·경계조건 → 결과 검증 → 드론 부품 적용,공식 제공기관이 운영하는 교육·튜토리얼·문서 기반 학습경로.,공식 웹사이트 직접 확인
개발·제작,추진·전원,DJ-035,드론 추진시스템 통합 엔지니어,추진·에너지,성능시험,성능시험,"성능시험은(는) 드론 추진·모터·배터리·열유체 시스템 업무에서 사용하는 도구·개념·절차입니다. 실제 직무에서는 설계, 운용, 분석 또는 의사결정 결과를 만드는 데 적용됩니다.",드론 추진시스템 통합 엔지니어이(가) 모터·엔진·프로펠러·연료·전원을 기체에 통합 업무를 수행할 때 성능시험을(를) 이해하고 적용하기 위해 학습합니다.,전기·전자와 기계공학 기초,중급,PREREQUISITE,국비지원 직업훈련,드론 조립 및 분해(유지보수),AIG20250000516588,1063,신한글로벌인재교육원,직업훈련기관,소형무인기운용·조종 기반의 고용24 훈련과정입니다. 성능시험 학습에는 과정명과의 직접 연관성에 따라 기초·포함·선수 경로로 연결했습니다.,소형무인기운용·조종; 정비; 유지보수; 조립,중급,오프라인,국비지원(일부 자부담 가능),고용24 직업훈련(국민내일배움카드 적용 여부는 과정 상세 확인),경기 의정부시,총 36시간,,2026-09-28~2026-10-06,국민내일배움카드(일반),수료 여부 과정별 확인,https://www.work24.go.kr/hr/a/a/3100/selectTracseDetl.do?tracseId=AIG20250000516588&tracseTme=3&crseTracseSe=C0061&trainstCstmrId=500020031915,고용24 훈련과정 상세,정부사이트,2026-09-28,현재 운영,,회로·역학 기초 → 추진·에너지 이론 → 해석·제어 → 성능·안전 시험,대시보드 원본 교육데이터(예정)를 Skill과 연결. relevance_type=PREREQUISITE.,dashboard C.html / Work24 원천 링크
개발·제작,추진·전원,DJ-035,드론 추진시스템 통합 엔지니어,추진·에너지,인터페이스,인터페이스,"인터페이스은(는) 드론 추진·모터·배터리·열유체 시스템 업무에서 사용하는 도구·개념·절차입니다. 실제 직무에서는 설계, 운용, 분석 또는 의사결정 결과를 만드는 데 적용됩니다.",드론 추진시스템 통합 엔지니어이(가) 모터·엔진·프로펠러·연료·전원을 기체에 통합 업무를 수행할 때 인터페이스을(를) 이해하고 적용하기 위해 학습합니다.,전기·전자와 기계공학 기초,중급,PREREQUISITE,국비지원 직업훈련,드론 조립 및 분해(유지보수),AIG20250000516588,1063,신한글로벌인재교육원,직업훈련기관,소형무인기운용·조종 기반의 고용24 훈련과정입니다. 인터페이스 학습에는 과정명과의 직접 연관성에 따라 기초·포함·선수 경로로 연결했습니다.,소형무인기운용·조종; 정비; 유지보수; 조립,중급,오프라인,국비지원(일부 자부담 가능),고용24 직업훈련(국민내일배움카드 적용 여부는 과정 상세 확인),경기 의정부시,총 36시간,,2026-09-28~2026-10-06,국민내일배움카드(일반),수료 여부 과정별 확인,https://www.work24.go.kr/hr/a/a/3100/selectTracseDetl.do?tracseId=AIG20250000516588&tracseTme=3&crseTracseSe=C0061&trainstCstmrId=500020031915,고용24 훈련과정 상세,정부사이트,2026-09-28,현재 운영,,회로·역학 기초 → 추진·에너지 이론 → 해석·제어 → 성능·안전 시험,대시보드 원본 교육데이터(예정)를 Skill과 연결. relevance_type=PREREQUISITE.,dashboard C.html / Work24 원천 링크
개발·제작,추진·전원,DJ-035,드론 추진시스템 통합 엔지니어,추진·에너지,추진계통,추진계통,"추진계통은(는) 드론 추진·모터·배터리·열유체 시스템 업무에서 사용하는 도구·개념·절차입니다. 실제 직무에서는 설계, 운용, 분석 또는 의사결정 결과를 만드는 데 적용됩니다.",드론 추진시스템 통합 엔지니어이(가) 모터·엔진·프로펠러·연료·전원을 기체에 통합 업무를 수행할 때 추진계통을(를) 이해하고 적용하기 위해 학습합니다.,전기·전자와 기계공학 기초,중급,PREREQUISITE,국비지원 직업훈련,드론 조립 및 분해(유지보수),AIG20250000516588,1063,신한글로벌인재교육원,직업훈련기관,소형무인기운용·조종 기반의 고용24 훈련과정입니다. 추진계통 학습에는 과정명과의 직접 연관성에 따라 기초·포함·선수 경로로 연결했습니다.,소형무인기운용·조종; 정비; 유지보수; 조립,중급,오프라인,국비지원(일부 자부담 가능),고용24 직업훈련(국민내일배움카드 적용 여부는 과정 상세 확인),경기 의정부시,총 36시간,,2026-09-28~2026-10-06,국민내일배움카드(일반),수료 여부 과정별 확인,https://www.work24.go.kr/hr/a/a/3100/selectTracseDetl.do?tracseId=AIG20250000516588&tracseTme=3&crseTracseSe=C0061&trainstCstmrId=500020031915,고용24 훈련과정 상세,정부사이트,2026-09-28,현재 운영,,회로·역학 기초 → 추진·에너지 이론 → 해석·제어 → 성능·안전 시험,대시보드 원본 교육데이터(예정)를 Skill과 연결. relevance_type=PREREQUISITE.,dashboard C.html / Work24 원천 링크
개발·제작,추진·전원,DJ-038,드론 프로펠러·로터 설계자,추진·에너지,Blade Element,Blade Element 관련 기술,"Blade Element은(는) 드론 추진·모터·배터리·열유체 시스템 업무에서 사용하는 도구·개념·절차입니다. 실제 직무에서는 설계, 운용, 분석 또는 의사결정 결과를 만드는 데 적용됩니다.",드론 프로펠러·로터 설계자이(가) 프로펠러·로터 형상과 소음·효율 최적화 업무를 수행할 때 Blade Element을(를) 이해하고 적용하기 위해 학습합니다.,전기·전자와 기계공학 기초,중급,PREREQUISITE,국비지원 직업훈련,드론 조립 및 분해(유지보수),AIG20250000516588,1063,신한글로벌인재교육원,직업훈련기관,소형무인기운용·조종 기반의 고용24 훈련과정입니다. Blade Element 학습에는 과정명과의 직접 연관성에 따라 기초·포함·선수 경로로 연결했습니다.,소형무인기운용·조종; 정비; 유지보수; 조립,중급,오프라인,국비지원(일부 자부담 가능),고용24 직업훈련(국민내일배움카드 적용 여부는 과정 상세 확인),경기 의정부시,총 36시간,,2026-09-28~2026-10-06,국민내일배움카드(일반),수료 여부 과정별 확인,https://www.work24.go.kr/hr/a/a/3100/selectTracseDetl.do?tracseId=AIG20250000516588&tracseTme=3&crseTracseSe=C0061&trainstCstmrId=500020031915,고용24 훈련과정 상세,정부사이트,2026-09-28,현재 운영,,회로·역학 기초 → 추진·에너지 이론 → 해석·제어 → 성능·안전 시험,대시보드 원본 교육데이터(예정)를 Skill과 연결. relevance_type=PREREQUISITE.,dashboard C.html / Work24 원천 링크
개발·제작,추진·전원,DJ-038,드론 프로펠러·로터 설계자,추진·에너지,CFD,전산유체역학,"전산유체역학은(는) 드론 추진·모터·배터리·열유체 시스템 업무에서 사용하는 도구·개념·절차입니다. 실제 직무에서는 설계, 운용, 분석 또는 의사결정 결과를 만드는 데 적용됩니다.",드론 프로펠러·로터 설계자이(가) 프로펠러·로터 형상과 소음·효율 최적화 업무를 수행할 때 CFD을(를) 이해하고 적용하기 위해 학습합니다.,전기·전자와 기계공학 기초,고급,PREREQUISITE,국비지원 직업훈련,드론 조립 및 분해(유지보수),AIG20250000516588,1063,신한글로벌인재교육원,직업훈련기관,소형무인기운용·조종 기반의 고용24 훈련과정입니다. CFD 학습에는 과정명과의 직접 연관성에 따라 기초·포함·선수 경로로 연결했습니다.,소형무인기운용·조종; 정비; 유지보수; 조립,고급,오프라인,국비지원(일부 자부담 가능),고용24 직업훈련(국민내일배움카드 적용 여부는 과정 상세 확인),경기 의정부시,총 36시간,,2026-09-28~2026-10-06,국민내일배움카드(일반),수료 여부 과정별 확인,https://www.work24.go.kr/hr/a/a/3100/selectTracseDetl.do?tracseId=AIG20250000516588&tracseTme=3&crseTracseSe=C0061&trainstCstmrId=500020031915,고용24 훈련과정 상세,정부사이트,2026-09-28,현재 운영,https://innovationspace.ansys.com/courses/academic-courses/?template=academic,회로·역학 기초 → 추진·에너지 이론 → 해석·제어 → 성능·안전 시험,대시보드 원본 교육데이터(예정)를 Skill과 연결. relevance_type=PREREQUISITE.,dashboard C.html / Work24 원천 링크
개발·제작,추진·전원,DJ-038,드론 프로펠러·로터 설계자,추진·에너지,CFD,전산유체역학,"전산유체역학은(는) 드론 추진·모터·배터리·열유체 시스템 업무에서 사용하는 도구·개념·절차입니다. 실제 직무에서는 설계, 운용, 분석 또는 의사결정 결과를 만드는 데 적용됩니다.",드론 프로펠러·로터 설계자이(가) 프로펠러·로터 형상과 소음·효율 최적화 업무를 수행할 때 CFD을(를) 이해하고 적용하기 위해 학습합니다.,공학 수학·물리 기초,고급,INCLUDED,공식 튜토리얼·문서,Ansys Innovation Courses,ANSYS,,Ansys,기업 공식교육,유체·구조·열·전자기 물리와 Ansys 해석 워크플로를 무료 온라인 과정으로 학습합니다.,Ansys; CFD; Structural; Thermal; Electromagnetics; Simulation,초급~고급,온라인,무료,,온라인,자기주도 학습,상시,상시,대학생·취업준비생·재직자·일반인,완료 배지 과정 있음,https://innovationspace.ansys.com/courses/academic-courses/?template=academic,Ansys,기업·기관 공식사이트,2026-09-28,상시 운영,,물리 기초 → 해석 설정 → 메시·경계조건 → 결과 검증 → 드론 부품 적용,공식 제공기관이 운영하는 교육·튜토리얼·문서 기반 학습경로.,공식 웹사이트 직접 확인
개발·제작,추진·전원,DJ-038,드론 프로펠러·로터 설계자,추진·에너지,소음,소음,"소음은(는) 드론 추진·모터·배터리·열유체 시스템 업무에서 사용하는 도구·개념·절차입니다. 실제 직무에서는 설계, 운용, 분석 또는 의사결정 결과를 만드는 데 적용됩니다.",드론 프로펠러·로터 설계자이(가) 프로펠러·로터 형상과 소음·효율 최적화 업무를 수행할 때 소음을(를) 이해하고 적용하기 위해 학습합니다.,전기·전자와 기계공학 기초,중급,PREREQUISITE,국비지원 직업훈련,드론 조립 및 분해(유지보수),AIG20250000516588,1063,신한글로벌인재교육원,직업훈련기관,소형무인기운용·조종 기반의 고용24 훈련과정입니다. 소음 학습에는 과정명과의 직접 연관성에 따라 기초·포함·선수 경로로 연결했습니다.,소형무인기운용·조종; 정비; 유지보수; 조립,중급,오프라인,국비지원(일부 자부담 가능),고용24 직업훈련(국민내일배움카드 적용 여부는 과정 상세 확인),경기 의정부시,총 36시간,,2026-09-28~2026-10-06,국민내일배움카드(일반),수료 여부 과정별 확인,https://www.work24.go.kr/hr/a/a/3100/selectTracseDetl.do?tracseId=AIG20250000516588&tracseTme=3&crseTracseSe=C0061&trainstCstmrId=500020031915,고용24 훈련과정 상세,정부사이트,2026-09-28,현재 운영,,회로·역학 기초 → 추진·에너지 이론 → 해석·제어 → 성능·안전 시험,대시보드 원본 교육데이터(예정)를 Skill과 연결. relevance_type=PREREQUISITE.,dashboard C.html / Work24 원천 링크
개발·제작,추진·전원,DJ-040,드론 BMS 개발 엔지니어,추진·에너지,BMS,배터리 관리시스템,"배터리 관리시스템은(는) 드론 추진·모터·배터리·열유체 시스템 업무에서 사용하는 도구·개념·절차입니다. 실제 직무에서는 설계, 운용, 분석 또는 의사결정 결과를 만드는 데 적용됩니다.",드론 BMS 개발 엔지니어이(가) 배터리 상태추정·보호·통신 회로와 펌웨어 개발 업무를 수행할 때 BMS을(를) 이해하고 적용하기 위해 학습합니다.,전기·전자와 기계공학 기초,중급,PREREQUISITE,국비지원 직업훈련,드론 조립 및 분해(유지보수),AIG20250000516588,1063,신한글로벌인재교육원,직업훈련기관,소형무인기운용·조종 기반의 고용24 훈련과정입니다. BMS 학습에는 과정명과의 직접 연관성에 따라 기초·포함·선수 경로로 연결했습니다.,소형무인기운용·조종; 정비; 유지보수; 조립,중급,오프라인,국비지원(일부 자부담 가능),고용24 직업훈련(국민내일배움카드 적용 여부는 과정 상세 확인),경기 의정부시,총 36시간,,2026-09-28~2026-10-06,국민내일배움카드(일반),수료 여부 과정별 확인,https://www.work24.go.kr/hr/a/a/3100/selectTracseDetl.do?tracseId=AIG20250000516588&tracseTme=3&crseTracseSe=C0061&trainstCstmrId=500020031915,고용24 훈련과정 상세,정부사이트,2026-09-28,현재 운영,,회로·역학 기초 → 추진·에너지 이론 → 해석·제어 → 성능·안전 시험,대시보드 원본 교육데이터(예정)를 Skill과 연결. relevance_type=PREREQUISITE.,dashboard C.html / Work24 원천 링크
개발·제작,추진·전원,DJ-040,드론 BMS 개발 엔지니어,추진·에너지,CAN,CAN 차량·장비 통신,"CAN 차량·장비 통신은(는) 드론 추진·모터·배터리·열유체 시스템 업무에서 사용하는 도구·개념·절차입니다. 실제 직무에서는 설계, 운용, 분석 또는 의사결정 결과를 만드는 데 적용됩니다.",드론 BMS 개발 엔지니어이(가) 배터리 상태추정·보호·통신 회로와 펌웨어 개발 업무를 수행할 때 CAN을(를) 이해하고 적용하기 위해 학습합니다.,전기·전자와 기계공학 기초,중급,PREREQUISITE,국비지원 직업훈련,드론 조립 및 분해(유지보수),AIG20250000516588,1063,신한글로벌인재교육원,직업훈련기관,소형무인기운용·조종 기반의 고용24 훈련과정입니다. CAN 학습에는 과정명과의 직접 연관성에 따라 기초·포함·선수 경로로 연결했습니다.,소형무인기운용·조종; 정비; 유지보수; 조립,중급,오프라인,국비지원(일부 자부담 가능),고용24 직업훈련(국민내일배움카드 적용 여부는 과정 상세 확인),경기 의정부시,총 36시간,,2026-09-28~2026-10-06,국민내일배움카드(일반),수료 여부 과정별 확인,https://www.work24.go.kr/hr/a/a/3100/selectTracseDetl.do?tracseId=AIG20250000516588&tracseTme=3&crseTracseSe=C0061&trainstCstmrId=500020031915,고용24 훈련과정 상세,정부사이트,2026-09-28,현재 운영,https://docs.arduino.cc/learn,회로·역학 기초 → 추진·에너지 이론 → 해석·제어 → 성능·안전 시험,대시보드 원본 교육데이터(예정)를 Skill과 연결. relevance_type=PREREQUISITE.,dashboard C.html / Work24 원천 링크
개발·제작,추진·전원,DJ-040,드론 BMS 개발 엔지니어,추진·에너지,CAN,CAN 차량·장비 통신,"CAN 차량·장비 통신은(는) 드론 추진·모터·배터리·열유체 시스템 업무에서 사용하는 도구·개념·절차입니다. 실제 직무에서는 설계, 운용, 분석 또는 의사결정 결과를 만드는 데 적용됩니다.",드론 BMS 개발 엔지니어이(가) 배터리 상태추정·보호·통신 회로와 펌웨어 개발 업무를 수행할 때 CAN을(를) 이해하고 적용하기 위해 학습합니다.,전기 안전과 기초 회로,중급,INCLUDED,공식 튜토리얼·문서,Arduino Learn,ARDUINO,,Arduino,기업 공식교육,"전자회로, 마이크로컨트롤러, 센서·모터·통신을 공식 실습 예제로 학습합니다.",Arduino; Electronics; MCU; Sensor; Motor; Serial Communication,입문~중급,온라인,무료,,온라인,자기주도 학습,상시,상시,대학생·취업준비생·재직자·일반인,없음,https://docs.arduino.cc/learn,Arduino,기업·기관 공식사이트,2026-09-28,상시 운영,,회로 기초 → 입출력 → 센서·통신 → 모터 제어 → 드론 장치 프로토타입,공식 제공기관이 운영하는 교육·튜토리얼·문서 기반 학습경로.,공식 웹사이트 직접 확인
개발·제작,추진·전원,DJ-040,드론 BMS 개발 엔지니어,추진·에너지,SOC/SOH,배터리 충전·건강 상태,"배터리 충전·건강 상태은(는) 드론 추진·모터·배터리·열유체 시스템 업무에서 사용하는 도구·개념·절차입니다. 실제 직무에서는 설계, 운용, 분석 또는 의사결정 결과를 만드는 데 적용됩니다.",드론 BMS 개발 엔지니어이(가) 배터리 상태추정·보호·통신 회로와 펌웨어 개발 업무를 수행할 때 SOC/SOH을(를) 이해하고 적용하기 위해 학습합니다.,전기·전자와 기계공학 기초,중급,PREREQUISITE,국비지원 직업훈련,드론 조립 및 분해(유지보수),AIG20250000516588,1063,신한글로벌인재교육원,직업훈련기관,소형무인기운용·조종 기반의 고용24 훈련과정입니다. SOC/SOH 학습에는 과정명과의 직접 연관성에 따라 기초·포함·선수 경로로 연결했습니다.,소형무인기운용·조종; 정비; 유지보수; 조립,중급,오프라인,국비지원(일부 자부담 가능),고용24 직업훈련(국민내일배움카드 적용 여부는 과정 상세 확인),경기 의정부시,총 36시간,,2026-09-28~2026-10-06,국민내일배움카드(일반),수료 여부 과정별 확인,https://www.work24.go.kr/hr/a/a/3100/selectTracseDetl.do?tracseId=AIG20250000516588&tracseTme=3&crseTracseSe=C0061&trainstCstmrId=500020031915,고용24 훈련과정 상세,정부사이트,2026-09-28,현재 운영,,회로·역학 기초 → 추진·에너지 이론 → 해석·제어 → 성능·안전 시험,대시보드 원본 교육데이터(예정)를 Skill과 연결. relevance_type=PREREQUISITE.,dashboard C.html / Work24 원천 링크
개발·제작,추진·전원,DJ-037,드론 ESC 개발 엔지니어,추진·에너지,FOC,자속 기준 제어,"자속 기준 제어은(는) 드론 추진·모터·배터리·열유체 시스템 업무에서 사용하는 도구·개념·절차입니다. 실제 직무에서는 설계, 운용, 분석 또는 의사결정 결과를 만드는 데 적용됩니다.",드론 ESC 개발 엔지니어이(가) 모터 구동 인버터 하드웨어와 제어펌웨어 개발 업무를 수행할 때 FOC을(를) 이해하고 적용하기 위해 학습합니다.,전기·전자와 기계공학 기초,중급,PREREQUISITE,국비지원 직업훈련,드론 조립 및 분해(유지보수),AIG20250000516588,1063,신한글로벌인재교육원,직업훈련기관,소형무인기운용·조종 기반의 고용24 훈련과정입니다. FOC 학습에는 과정명과의 직접 연관성에 따라 기초·포함·선수 경로로 연결했습니다.,소형무인기운용·조종; 정비; 유지보수; 조립,중급,오프라인,국비지원(일부 자부담 가능),고용24 직업훈련(국민내일배움카드 적용 여부는 과정 상세 확인),경기 의정부시,총 36시간,,2026-09-28~2026-10-06,국민내일배움카드(일반),수료 여부 과정별 확인,https://www.work24.go.kr/hr/a/a/3100/selectTracseDetl.do?tracseId=AIG20250000516588&tracseTme=3&crseTracseSe=C0061&trainstCstmrId=500020031915,고용24 훈련과정 상세,정부사이트,2026-09-28,현재 운영,https://matlabacademy.mathworks.com/details/control-design-onramp-with-simulink/controls,회로·역학 기초 → 추진·에너지 이론 → 해석·제어 → 성능·안전 시험,대시보드 원본 교육데이터(예정)를 Skill과 연결. relevance_type=PREREQUISITE.,dashboard C.html / Work24 원천 링크
개발·제작,추진·전원,DJ-037,드론 ESC 개발 엔지니어,추진·에너지,FOC,자속 기준 제어,"자속 기준 제어은(는) 드론 추진·모터·배터리·열유체 시스템 업무에서 사용하는 도구·개념·절차입니다. 실제 직무에서는 설계, 운용, 분석 또는 의사결정 결과를 만드는 데 적용됩니다.",드론 ESC 개발 엔지니어이(가) 모터 구동 인버터 하드웨어와 제어펌웨어 개발 업무를 수행할 때 FOC을(를) 이해하고 적용하기 위해 학습합니다.,기초 미적분과 동역학,중급,INCLUDED,공식 튜토리얼·문서,Control Design Onramp with Simulink,CONTROL,,MathWorks,기업 공식교육,"피드백 제어, 동적 시스템, PID 튜닝과 제어 설계 워크플로를 Simulink로 실습합니다.",Control; Simulink; PID; Dynamic System; Feedback,초급~중급,온라인,무료,,온라인,자기주도 학습,상시,상시,대학생·취업준비생·재직자·일반인,수료 진행상태 제공,https://matlabacademy.mathworks.com/details/control-design-onramp-with-simulink/controls,MathWorks,기업·기관 공식사이트,2026-09-28,상시 운영,,동적 시스템 → 피드백 → PID → 모델 검증 → 비행제어 응용,공식 제공기관이 운영하는 교육·튜토리얼·문서 기반 학습경로.,공식 웹사이트 직접 확인
개발·제작,추진·전원,DJ-037,드론 ESC 개발 엔지니어,추진·에너지,임베디드,임베디드,"임베디드은(는) 드론 추진·모터·배터리·열유체 시스템 업무에서 사용하는 도구·개념·절차입니다. 실제 직무에서는 설계, 운용, 분석 또는 의사결정 결과를 만드는 데 적용됩니다.",드론 ESC 개발 엔지니어이(가) 모터 구동 인버터 하드웨어와 제어펌웨어 개발 업무를 수행할 때 임베디드을(를) 이해하고 적용하기 위해 학습합니다.,전기·전자와 기계공학 기초,중급,PREREQUISITE,국비지원 직업훈련,드론 조립 및 분해(유지보수),AIG20250000516588,1063,신한글로벌인재교육원,직업훈련기관,소형무인기운용·조종 기반의 고용24 훈련과정입니다. 임베디드 학습에는 과정명과의 직접 연관성에 따라 기초·포함·선수 경로로 연결했습니다.,소형무인기운용·조종; 정비; 유지보수; 조립,중급,오프라인,국비지원(일부 자부담 가능),고용24 직업훈련(국민내일배움카드 적용 여부는 과정 상세 확인),경기 의정부시,총 36시간,,2026-09-28~2026-10-06,국민내일배움카드(일반),수료 여부 과정별 확인,https://www.work24.go.kr/hr/a/a/3100/selectTracseDetl.do?tracseId=AIG20250000516588&tracseTme=3&crseTracseSe=C0061&trainstCstmrId=500020031915,고용24 훈련과정 상세,정부사이트,2026-09-28,현재 운영,https://docs.arduino.cc/learn,회로·역학 기초 → 추진·에너지 이론 → 해석·제어 → 성능·안전 시험,대시보드 원본 교육데이터(예정)를 Skill과 연결. relevance_type=PREREQUISITE.,dashboard C.html / Work24 원천 링크
개발·제작,추진·전원,DJ-037,드론 ESC 개발 엔지니어,추진·에너지,임베디드,임베디드,"임베디드은(는) 드론 추진·모터·배터리·열유체 시스템 업무에서 사용하는 도구·개념·절차입니다. 실제 직무에서는 설계, 운용, 분석 또는 의사결정 결과를 만드는 데 적용됩니다.",드론 ESC 개발 엔지니어이(가) 모터 구동 인버터 하드웨어와 제어펌웨어 개발 업무를 수행할 때 임베디드을(를) 이해하고 적용하기 위해 학습합니다.,전기 안전과 기초 회로,중급,INCLUDED,공식 튜토리얼·문서,Arduino Learn,ARDUINO,,Arduino,기업 공식교육,"전자회로, 마이크로컨트롤러, 센서·모터·통신을 공식 실습 예제로 학습합니다.",Arduino; Electronics; MCU; Sensor; Motor; Serial Communication,입문~중급,온라인,무료,,온라인,자기주도 학습,상시,상시,대학생·취업준비생·재직자·일반인,없음,https://docs.arduino.cc/learn,Arduino,기업·기관 공식사이트,2026-09-28,상시 운영,,회로 기초 → 입출력 → 센서·통신 → 모터 제어 → 드론 장치 프로토타입,공식 제공기관이 운영하는 교육·튜토리얼·문서 기반 학습경로.,공식 웹사이트 직접 확인
개발·제작,추진·전원,DJ-037,드론 ESC 개발 엔지니어,추진·에너지,전력전자,전력전자,"전력전자은(는) 드론 추진·모터·배터리·열유체 시스템 업무에서 사용하는 도구·개념·절차입니다. 실제 직무에서는 설계, 운용, 분석 또는 의사결정 결과를 만드는 데 적용됩니다.",드론 ESC 개발 엔지니어이(가) 모터 구동 인버터 하드웨어와 제어펌웨어 개발 업무를 수행할 때 전력전자을(를) 이해하고 적용하기 위해 학습합니다.,전기·전자와 기계공학 기초,중급,PREREQUISITE,국비지원 직업훈련,드론 조립 및 분해(유지보수),AIG20250000516588,1063,신한글로벌인재교육원,직업훈련기관,소형무인기운용·조종 기반의 고용24 훈련과정입니다. 전력전자 학습에는 과정명과의 직접 연관성에 따라 기초·포함·선수 경로로 연결했습니다.,소형무인기운용·조종; 정비; 유지보수; 조립,중급,오프라인,국비지원(일부 자부담 가능),고용24 직업훈련(국민내일배움카드 적용 여부는 과정 상세 확인),경기 의정부시,총 36시간,,2026-09-28~2026-10-06,국민내일배움카드(일반),수료 여부 과정별 확인,https://www.work24.go.kr/hr/a/a/3100/selectTracseDetl.do?tracseId=AIG20250000516588&tracseTme=3&crseTracseSe=C0061&trainstCstmrId=500020031915,고용24 훈련과정 상세,정부사이트,2026-09-28,현재 운영,,회로·역학 기초 → 추진·에너지 이론 → 해석·제어 → 성능·안전 시험,대시보드 원본 교육데이터(예정)를 Skill과 연결. relevance_type=PREREQUISITE.,dashboard C.html / Work24 원천 링크
개발·제작,추진·전원,DJ-041,수소드론 연료전지 시스템 엔지니어,추진·에너지,DC/DC,DC/DC 관련 기술,"DC/DC은(는) 드론 추진·모터·배터리·열유체 시스템 업무에서 사용하는 도구·개념·절차입니다. 실제 직무에서는 설계, 운용, 분석 또는 의사결정 결과를 만드는 데 적용됩니다.",수소드론 연료전지 시스템 엔지니어이(가) 연료전지 스택·수소용기·전력변환 통합 업무를 수행할 때 DC/DC을(를) 이해하고 적용하기 위해 학습합니다.,전기·전자와 기계공학 기초,중급,PREREQUISITE,국비지원 직업훈련,드론 조립 및 분해(유지보수),AIG20250000516588,1063,신한글로벌인재교육원,직업훈련기관,소형무인기운용·조종 기반의 고용24 훈련과정입니다. DC/DC 학습에는 과정명과의 직접 연관성에 따라 기초·포함·선수 경로로 연결했습니다.,소형무인기운용·조종; 정비; 유지보수; 조립,중급,오프라인,국비지원(일부 자부담 가능),고용24 직업훈련(국민내일배움카드 적용 여부는 과정 상세 확인),경기 의정부시,총 36시간,,2026-09-28~2026-10-06,국민내일배움카드(일반),수료 여부 과정별 확인,https://www.work24.go.kr/hr/a/a/3100/selectTracseDetl.do?tracseId=AIG20250000516588&tracseTme=3&crseTracseSe=C0061&trainstCstmrId=500020031915,고용24 훈련과정 상세,정부사이트,2026-09-28,현재 운영,,회로·역학 기초 → 추진·에너지 이론 → 해석·제어 → 성능·안전 시험,대시보드 원본 교육데이터(예정)를 Skill과 연결. relevance_type=PREREQUISITE.,dashboard C.html / Work24 원천 링크
개발·제작,추진·전원,DJ-041,수소드론 연료전지 시스템 엔지니어,추진·에너지,PEMFC,PEMFC 관련 기술,"PEMFC은(는) 드론 추진·모터·배터리·열유체 시스템 업무에서 사용하는 도구·개념·절차입니다. 실제 직무에서는 설계, 운용, 분석 또는 의사결정 결과를 만드는 데 적용됩니다.",수소드론 연료전지 시스템 엔지니어이(가) 연료전지 스택·수소용기·전력변환 통합 업무를 수행할 때 PEMFC을(를) 이해하고 적용하기 위해 학습합니다.,전기·전자와 기계공학 기초,중급,PREREQUISITE,국비지원 직업훈련,드론 조립 및 분해(유지보수),AIG20250000516588,1063,신한글로벌인재교육원,직업훈련기관,소형무인기운용·조종 기반의 고용24 훈련과정입니다. PEMFC 학습에는 과정명과의 직접 연관성에 따라 기초·포함·선수 경로로 연결했습니다.,소형무인기운용·조종; 정비; 유지보수; 조립,중급,오프라인,국비지원(일부 자부담 가능),고용24 직업훈련(국민내일배움카드 적용 여부는 과정 상세 확인),경기 의정부시,총 36시간,,2026-09-28~2026-10-06,국민내일배움카드(일반),수료 여부 과정별 확인,https://www.work24.go.kr/hr/a/a/3100/selectTracseDetl.do?tracseId=AIG20250000516588&tracseTme=3&crseTracseSe=C0061&trainstCstmrId=500020031915,고용24 훈련과정 상세,정부사이트,2026-09-28,현재 운영,,회로·역학 기초 → 추진·에너지 이론 → 해석·제어 → 성능·안전 시험,대시보드 원본 교육데이터(예정)를 Skill과 연결. relevance_type=PREREQUISITE.,dashboard C.html / Work24 원천 링크
개발·제작,추진·전원,DJ-041,수소드론 연료전지 시스템 엔지니어,추진·에너지,수소안전,수소안전,"수소안전은(는) 드론 추진·모터·배터리·열유체 시스템 업무에서 사용하는 도구·개념·절차입니다. 실제 직무에서는 설계, 운용, 분석 또는 의사결정 결과를 만드는 데 적용됩니다.",수소드론 연료전지 시스템 엔지니어이(가) 연료전지 스택·수소용기·전력변환 통합 업무를 수행할 때 수소안전을(를) 이해하고 적용하기 위해 학습합니다.,전기·전자와 기계공학 기초,중급,PREREQUISITE,국비지원 직업훈련,드론 조립 및 분해(유지보수),AIG20250000516588,1063,신한글로벌인재교육원,직업훈련기관,소형무인기운용·조종 기반의 고용24 훈련과정입니다. 수소안전 학습에는 과정명과의 직접 연관성에 따라 기초·포함·선수 경로로 연결했습니다.,소형무인기운용·조종; 정비; 유지보수; 조립,중급,오프라인,국비지원(일부 자부담 가능),고용24 직업훈련(국민내일배움카드 적용 여부는 과정 상세 확인),경기 의정부시,총 36시간,,2026-09-28~2026-10-06,국민내일배움카드(일반),수료 여부 과정별 확인,https://www.work24.go.kr/hr/a/a/3100/selectTracseDetl.do?tracseId=AIG20250000516588&tracseTme=3&crseTracseSe=C0061&trainstCstmrId=500020031915,고용24 훈련과정 상세,정부사이트,2026-09-28,현재 운영,,회로·역학 기초 → 추진·에너지 이론 → 해석·제어 → 성능·안전 시험,대시보드 원본 교육데이터(예정)를 Skill과 연결. relevance_type=PREREQUISITE.,dashboard C.html / Work24 원천 링크
개발·제작,추진·전원,DJ-043,UAV 엔진 구조체 설계 엔지니어,추진·에너지,구조설계,구조설계,"구조설계은(는) 드론 추진·모터·배터리·열유체 시스템 업무에서 사용하는 도구·개념·절차입니다. 실제 직무에서는 설계, 운용, 분석 또는 의사결정 결과를 만드는 데 적용됩니다.",UAV 엔진 구조체 설계 엔지니어이(가) 엔진 케이스·마운트·구조 부품 설계 업무를 수행할 때 구조설계을(를) 이해하고 적용하기 위해 학습합니다.,전기·전자와 기계공학 기초,중급,PREREQUISITE,국비지원 직업훈련,드론 조립 및 분해(유지보수),AIG20250000516588,1063,신한글로벌인재교육원,직업훈련기관,소형무인기운용·조종 기반의 고용24 훈련과정입니다. 구조설계 학습에는 과정명과의 직접 연관성에 따라 기초·포함·선수 경로로 연결했습니다.,소형무인기운용·조종; 정비; 유지보수; 조립,중급,오프라인,국비지원(일부 자부담 가능),고용24 직업훈련(국민내일배움카드 적용 여부는 과정 상세 확인),경기 의정부시,총 36시간,,2026-09-28~2026-10-06,국민내일배움카드(일반),수료 여부 과정별 확인,https://www.work24.go.kr/hr/a/a/3100/selectTracseDetl.do?tracseId=AIG20250000516588&tracseTme=3&crseTracseSe=C0061&trainstCstmrId=500020031915,고용24 훈련과정 상세,정부사이트,2026-09-28,현재 운영,https://innovationspace.ansys.com/courses/academic-courses/?template=academic,회로·역학 기초 → 추진·에너지 이론 → 해석·제어 → 성능·안전 시험,대시보드 원본 교육데이터(예정)를 Skill과 연결. relevance_type=PREREQUISITE.,dashboard C.html / Work24 원천 링크
개발·제작,추진·전원,DJ-043,UAV 엔진 구조체 설계 엔지니어,추진·에너지,구조설계,구조설계,"구조설계은(는) 드론 추진·모터·배터리·열유체 시스템 업무에서 사용하는 도구·개념·절차입니다. 실제 직무에서는 설계, 운용, 분석 또는 의사결정 결과를 만드는 데 적용됩니다.",UAV 엔진 구조체 설계 엔지니어이(가) 엔진 케이스·마운트·구조 부품 설계 업무를 수행할 때 구조설계을(를) 이해하고 적용하기 위해 학습합니다.,공학 수학·물리 기초,중급,INCLUDED,공식 튜토리얼·문서,Ansys Innovation Courses,ANSYS,,Ansys,기업 공식교육,유체·구조·열·전자기 물리와 Ansys 해석 워크플로를 무료 온라인 과정으로 학습합니다.,Ansys; CFD; Structural; Thermal; Electromagnetics; Simulation,초급~고급,온라인,무료,,온라인,자기주도 학습,상시,상시,대학생·취업준비생·재직자·일반인,완료 배지 과정 있음,https://innovationspace.ansys.com/courses/academic-courses/?template=academic,Ansys,기업·기관 공식사이트,2026-09-28,상시 운영,,물리 기초 → 해석 설정 → 메시·경계조건 → 결과 검증 → 드론 부품 적용,공식 제공기관이 운영하는 교육·튜토리얼·문서 기반 학습경로.,공식 웹사이트 직접 확인
개발·제작,추진·전원,DJ-043,UAV 엔진 구조체 설계 엔지니어,추진·에너지,열응력,열응력,"열응력은(는) 드론 추진·모터·배터리·열유체 시스템 업무에서 사용하는 도구·개념·절차입니다. 실제 직무에서는 설계, 운용, 분석 또는 의사결정 결과를 만드는 데 적용됩니다.",UAV 엔진 구조체 설계 엔지니어이(가) 엔진 케이스·마운트·구조 부품 설계 업무를 수행할 때 열응력을(를) 이해하고 적용하기 위해 학습합니다.,전기·전자와 기계공학 기초,중급,PREREQUISITE,국비지원 직업훈련,드론 조립 및 분해(유지보수),AIG20250000516588,1063,신한글로벌인재교육원,직업훈련기관,소형무인기운용·조종 기반의 고용24 훈련과정입니다. 열응력 학습에는 과정명과의 직접 연관성에 따라 기초·포함·선수 경로로 연결했습니다.,소형무인기운용·조종; 정비; 유지보수; 조립,중급,오프라인,국비지원(일부 자부담 가능),고용24 직업훈련(국민내일배움카드 적용 여부는 과정 상세 확인),경기 의정부시,총 36시간,,2026-09-28~2026-10-06,국민내일배움카드(일반),수료 여부 과정별 확인,https://www.work24.go.kr/hr/a/a/3100/selectTracseDetl.do?tracseId=AIG20250000516588&tracseTme=3&crseTracseSe=C0061&trainstCstmrId=500020031915,고용24 훈련과정 상세,정부사이트,2026-09-28,현재 운영,,회로·역학 기초 → 추진·에너지 이론 → 해석·제어 → 성능·안전 시험,대시보드 원본 교육데이터(예정)를 Skill과 연결. relevance_type=PREREQUISITE.,dashboard C.html / Work24 원천 링크
개발·제작,추진·전원,DJ-043,UAV 엔진 구조체 설계 엔지니어,추진·에너지,진동,진동,"진동은(는) 드론 추진·모터·배터리·열유체 시스템 업무에서 사용하는 도구·개념·절차입니다. 실제 직무에서는 설계, 운용, 분석 또는 의사결정 결과를 만드는 데 적용됩니다.",UAV 엔진 구조체 설계 엔지니어이(가) 엔진 케이스·마운트·구조 부품 설계 업무를 수행할 때 진동을(를) 이해하고 적용하기 위해 학습합니다.,전기·전자와 기계공학 기초,중급,PREREQUISITE,국비지원 직업훈련,드론 조립 및 분해(유지보수),AIG20250000516588,1063,신한글로벌인재교육원,직업훈련기관,소형무인기운용·조종 기반의 고용24 훈련과정입니다. 진동 학습에는 과정명과의 직접 연관성에 따라 기초·포함·선수 경로로 연결했습니다.,소형무인기운용·조종; 정비; 유지보수; 조립,중급,오프라인,국비지원(일부 자부담 가능),고용24 직업훈련(국민내일배움카드 적용 여부는 과정 상세 확인),경기 의정부시,총 36시간,,2026-09-28~2026-10-06,국민내일배움카드(일반),수료 여부 과정별 확인,https://www.work24.go.kr/hr/a/a/3100/selectTracseDetl.do?tracseId=AIG20250000516588&tracseTme=3&crseTracseSe=C0061&trainstCstmrId=500020031915,고용24 훈련과정 상세,정부사이트,2026-09-28,현재 운영,https://innovationspace.ansys.com/courses/academic-courses/?template=academic,회로·역학 기초 → 추진·에너지 이론 → 해석·제어 → 성능·안전 시험,대시보드 원본 교육데이터(예정)를 Skill과 연결. relevance_type=PREREQUISITE.,dashboard C.html / Work24 원천 링크
개발·제작,추진·전원,DJ-043,UAV 엔진 구조체 설계 엔지니어,추진·에너지,진동,진동,"진동은(는) 드론 추진·모터·배터리·열유체 시스템 업무에서 사용하는 도구·개념·절차입니다. 실제 직무에서는 설계, 운용, 분석 또는 의사결정 결과를 만드는 데 적용됩니다.",UAV 엔진 구조체 설계 엔지니어이(가) 엔진 케이스·마운트·구조 부품 설계 업무를 수행할 때 진동을(를) 이해하고 적용하기 위해 학습합니다.,공학 수학·물리 기초,중급,INCLUDED,공식 튜토리얼·문서,Ansys Innovation Courses,ANSYS,,Ansys,기업 공식교육,유체·구조·열·전자기 물리와 Ansys 해석 워크플로를 무료 온라인 과정으로 학습합니다.,Ansys; CFD; Structural; Thermal; Electromagnetics; Simulation,초급~고급,온라인,무료,,온라인,자기주도 학습,상시,상시,대학생·취업준비생·재직자·일반인,완료 배지 과정 있음,https://innovationspace.ansys.com/courses/academic-courses/?template=academic,Ansys,기업·기관 공식사이트,2026-09-28,상시 운영,,물리 기초 → 해석 설정 → 메시·경계조건 → 결과 검증 → 드론 부품 적용,공식 제공기관이 운영하는 교육·튜토리얼·문서 기반 학습경로.,공식 웹사이트 직접 확인
개발·제작,추진·전원,DJ-042,UAV 엔진 설계 엔지니어,추진·에너지,엔진,엔진,"엔진은(는) 드론 추진·모터·배터리·열유체 시스템 업무에서 사용하는 도구·개념·절차입니다. 실제 직무에서는 설계, 운용, 분석 또는 의사결정 결과를 만드는 데 적용됩니다.",UAV 엔진 설계 엔지니어이(가) 무인기용 내연기관·터빈 엔진 설계와 성능개발 업무를 수행할 때 엔진을(를) 이해하고 적용하기 위해 학습합니다.,전기·전자와 기계공학 기초,중급,PREREQUISITE,국비지원 직업훈련,드론 조립 및 분해(유지보수),AIG20250000516588,1063,신한글로벌인재교육원,직업훈련기관,소형무인기운용·조종 기반의 고용24 훈련과정입니다. 엔진 학습에는 과정명과의 직접 연관성에 따라 기초·포함·선수 경로로 연결했습니다.,소형무인기운용·조종; 정비; 유지보수; 조립,중급,오프라인,국비지원(일부 자부담 가능),고용24 직업훈련(국민내일배움카드 적용 여부는 과정 상세 확인),경기 의정부시,총 36시간,,2026-09-28~2026-10-06,국민내일배움카드(일반),수료 여부 과정별 확인,https://www.work24.go.kr/hr/a/a/3100/selectTracseDetl.do?tracseId=AIG20250000516588&tracseTme=3&crseTracseSe=C0061&trainstCstmrId=500020031915,고용24 훈련과정 상세,정부사이트,2026-09-28,현재 운영,,회로·역학 기초 → 추진·에너지 이론 → 해석·제어 → 성능·안전 시험,대시보드 원본 교육데이터(예정)를 Skill과 연결. relevance_type=PREREQUISITE.,dashboard C.html / Work24 원천 링크
개발·제작,추진·전원,DJ-042,UAV 엔진 설계 엔지니어,추진·에너지,연소,연소,"연소은(는) 드론 추진·모터·배터리·열유체 시스템 업무에서 사용하는 도구·개념·절차입니다. 실제 직무에서는 설계, 운용, 분석 또는 의사결정 결과를 만드는 데 적용됩니다.",UAV 엔진 설계 엔지니어이(가) 무인기용 내연기관·터빈 엔진 설계와 성능개발 업무를 수행할 때 연소을(를) 이해하고 적용하기 위해 학습합니다.,전기·전자와 기계공학 기초,중급,PREREQUISITE,국비지원 직업훈련,드론 조립 및 분해(유지보수),AIG20250000516588,1063,신한글로벌인재교육원,직업훈련기관,소형무인기운용·조종 기반의 고용24 훈련과정입니다. 연소 학습에는 과정명과의 직접 연관성에 따라 기초·포함·선수 경로로 연결했습니다.,소형무인기운용·조종; 정비; 유지보수; 조립,중급,오프라인,국비지원(일부 자부담 가능),고용24 직업훈련(국민내일배움카드 적용 여부는 과정 상세 확인),경기 의정부시,총 36시간,,2026-09-28~2026-10-06,국민내일배움카드(일반),수료 여부 과정별 확인,https://www.work24.go.kr/hr/a/a/3100/selectTracseDetl.do?tracseId=AIG20250000516588&tracseTme=3&crseTracseSe=C0061&trainstCstmrId=500020031915,고용24 훈련과정 상세,정부사이트,2026-09-28,현재 운영,,회로·역학 기초 → 추진·에너지 이론 → 해석·제어 → 성능·안전 시험,대시보드 원본 교육데이터(예정)를 Skill과 연결. relevance_type=PREREQUISITE.,dashboard C.html / Work24 원천 링크
개발·제작,추진·전원,DJ-042,UAV 엔진 설계 엔지니어,추진·에너지,열유체,열유체,"열유체은(는) 드론 추진·모터·배터리·열유체 시스템 업무에서 사용하는 도구·개념·절차입니다. 실제 직무에서는 설계, 운용, 분석 또는 의사결정 결과를 만드는 데 적용됩니다.",UAV 엔진 설계 엔지니어이(가) 무인기용 내연기관·터빈 엔진 설계와 성능개발 업무를 수행할 때 열유체을(를) 이해하고 적용하기 위해 학습합니다.,전기·전자와 기계공학 기초,중급,PREREQUISITE,국비지원 직업훈련,드론 조립 및 분해(유지보수),AIG20250000516588,1063,신한글로벌인재교육원,직업훈련기관,소형무인기운용·조종 기반의 고용24 훈련과정입니다. 열유체 학습에는 과정명과의 직접 연관성에 따라 기초·포함·선수 경로로 연결했습니다.,소형무인기운용·조종; 정비; 유지보수; 조립,중급,오프라인,국비지원(일부 자부담 가능),고용24 직업훈련(국민내일배움카드 적용 여부는 과정 상세 확인),경기 의정부시,총 36시간,,2026-09-28~2026-10-06,국민내일배움카드(일반),수료 여부 과정별 확인,https://www.work24.go.kr/hr/a/a/3100/selectTracseDetl.do?tracseId=AIG20250000516588&tracseTme=3&crseTracseSe=C0061&trainstCstmrId=500020031915,고용24 훈련과정 상세,정부사이트,2026-09-28,현재 운영,https://innovationspace.ansys.com/courses/academic-courses/?template=academic,회로·역학 기초 → 추진·에너지 이론 → 해석·제어 → 성능·안전 시험,대시보드 원본 교육데이터(예정)를 Skill과 연결. relevance_type=PREREQUISITE.,dashboard C.html / Work24 원천 링크
개발·제작,추진·전원,DJ-042,UAV 엔진 설계 엔지니어,추진·에너지,열유체,열유체,"열유체은(는) 드론 추진·모터·배터리·열유체 시스템 업무에서 사용하는 도구·개념·절차입니다. 실제 직무에서는 설계, 운용, 분석 또는 의사결정 결과를 만드는 데 적용됩니다.",UAV 엔진 설계 엔지니어이(가) 무인기용 내연기관·터빈 엔진 설계와 성능개발 업무를 수행할 때 열유체을(를) 이해하고 적용하기 위해 학습합니다.,공학 수학·물리 기초,중급,INCLUDED,공식 튜토리얼·문서,Ansys Innovation Courses,ANSYS,,Ansys,기업 공식교육,유체·구조·열·전자기 물리와 Ansys 해석 워크플로를 무료 온라인 과정으로 학습합니다.,Ansys; CFD; Structural; Thermal; Electromagnetics; Simulation,초급~고급,온라인,무료,,온라인,자기주도 학습,상시,상시,대학생·취업준비생·재직자·일반인,완료 배지 과정 있음,https://innovationspace.ansys.com/courses/academic-courses/?template=academic,Ansys,기업·기관 공식사이트,2026-09-28,상시 운영,,물리 기초 → 해석 설정 → 메시·경계조건 → 결과 검증 → 드론 부품 적용,공식 제공기관이 운영하는 교육·튜토리얼·문서 기반 학습경로.,공식 웹사이트 직접 확인
개발·제작,추진·전원,DJ-044,UAV 엔진 회전계 설계 엔지니어,추진·에너지,밸런싱,밸런싱,"밸런싱은(는) 드론 추진·모터·배터리·열유체 시스템 업무에서 사용하는 도구·개념·절차입니다. 실제 직무에서는 설계, 운용, 분석 또는 의사결정 결과를 만드는 데 적용됩니다.",UAV 엔진 회전계 설계 엔지니어이(가) 축·베어링·로터 등 회전계 설계와 해석 업무를 수행할 때 밸런싱을(를) 이해하고 적용하기 위해 학습합니다.,전기·전자와 기계공학 기초,중급,PREREQUISITE,국비지원 직업훈련,드론 조립 및 분해(유지보수),AIG20250000516588,1063,신한글로벌인재교육원,직업훈련기관,소형무인기운용·조종 기반의 고용24 훈련과정입니다. 밸런싱 학습에는 과정명과의 직접 연관성에 따라 기초·포함·선수 경로로 연결했습니다.,소형무인기운용·조종; 정비; 유지보수; 조립,중급,오프라인,국비지원(일부 자부담 가능),고용24 직업훈련(국민내일배움카드 적용 여부는 과정 상세 확인),경기 의정부시,총 36시간,,2026-09-28~2026-10-06,국민내일배움카드(일반),수료 여부 과정별 확인,https://www.work24.go.kr/hr/a/a/3100/selectTracseDetl.do?tracseId=AIG20250000516588&tracseTme=3&crseTracseSe=C0061&trainstCstmrId=500020031915,고용24 훈련과정 상세,정부사이트,2026-09-28,현재 운영,,회로·역학 기초 → 추진·에너지 이론 → 해석·제어 → 성능·안전 시험,대시보드 원본 교육데이터(예정)를 Skill과 연결. relevance_type=PREREQUISITE.,dashboard C.html / Work24 원천 링크
개발·제작,추진·전원,DJ-044,UAV 엔진 회전계 설계 엔지니어,추진·에너지,베어링,베어링,"베어링은(는) 드론 추진·모터·배터리·열유체 시스템 업무에서 사용하는 도구·개념·절차입니다. 실제 직무에서는 설계, 운용, 분석 또는 의사결정 결과를 만드는 데 적용됩니다.",UAV 엔진 회전계 설계 엔지니어이(가) 축·베어링·로터 등 회전계 설계와 해석 업무를 수행할 때 베어링을(를) 이해하고 적용하기 위해 학습합니다.,전기·전자와 기계공학 기초,중급,PREREQUISITE,국비지원 직업훈련,드론 조립 및 분해(유지보수),AIG20250000516588,1063,신한글로벌인재교육원,직업훈련기관,소형무인기운용·조종 기반의 고용24 훈련과정입니다. 베어링 학습에는 과정명과의 직접 연관성에 따라 기초·포함·선수 경로로 연결했습니다.,소형무인기운용·조종; 정비; 유지보수; 조립,중급,오프라인,국비지원(일부 자부담 가능),고용24 직업훈련(국민내일배움카드 적용 여부는 과정 상세 확인),경기 의정부시,총 36시간,,2026-09-28~2026-10-06,국민내일배움카드(일반),수료 여부 과정별 확인,https://www.work24.go.kr/hr/a/a/3100/selectTracseDetl.do?tracseId=AIG20250000516588&tracseTme=3&crseTracseSe=C0061&trainstCstmrId=500020031915,고용24 훈련과정 상세,정부사이트,2026-09-28,현재 운영,,회로·역학 기초 → 추진·에너지 이론 → 해석·제어 → 성능·안전 시험,대시보드 원본 교육데이터(예정)를 Skill과 연결. relevance_type=PREREQUISITE.,dashboard C.html / Work24 원천 링크
개발·제작,추진·전원,DJ-044,UAV 엔진 회전계 설계 엔지니어,추진·에너지,회전체동역학,회전체동역학,"회전체동역학은(는) 드론 추진·모터·배터리·열유체 시스템 업무에서 사용하는 도구·개념·절차입니다. 실제 직무에서는 설계, 운용, 분석 또는 의사결정 결과를 만드는 데 적용됩니다.",UAV 엔진 회전계 설계 엔지니어이(가) 축·베어링·로터 등 회전계 설계와 해석 업무를 수행할 때 회전체동역학을(를) 이해하고 적용하기 위해 학습합니다.,전기·전자와 기계공학 기초,고급,PREREQUISITE,국비지원 직업훈련,드론 조립 및 분해(유지보수),AIG20250000516588,1063,신한글로벌인재교육원,직업훈련기관,소형무인기운용·조종 기반의 고용24 훈련과정입니다. 회전체동역학 학습에는 과정명과의 직접 연관성에 따라 기초·포함·선수 경로로 연결했습니다.,소형무인기운용·조종; 정비; 유지보수; 조립,고급,오프라인,국비지원(일부 자부담 가능),고용24 직업훈련(국민내일배움카드 적용 여부는 과정 상세 확인),경기 의정부시,총 36시간,,2026-09-28~2026-10-06,국민내일배움카드(일반),수료 여부 과정별 확인,https://www.work24.go.kr/hr/a/a/3100/selectTracseDetl.do?tracseId=AIG20250000516588&tracseTme=3&crseTracseSe=C0061&trainstCstmrId=500020031915,고용24 훈련과정 상세,정부사이트,2026-09-28,현재 운영,https://innovationspace.ansys.com/courses/academic-courses/?template=academic,회로·역학 기초 → 추진·에너지 이론 → 해석·제어 → 성능·안전 시험,대시보드 원본 교육데이터(예정)를 Skill과 연결. relevance_type=PREREQUISITE.,dashboard C.html / Work24 원천 링크
개발·제작,추진·전원,DJ-044,UAV 엔진 회전계 설계 엔지니어,추진·에너지,회전체동역학,회전체동역학,"회전체동역학은(는) 드론 추진·모터·배터리·열유체 시스템 업무에서 사용하는 도구·개념·절차입니다. 실제 직무에서는 설계, 운용, 분석 또는 의사결정 결과를 만드는 데 적용됩니다.",UAV 엔진 회전계 설계 엔지니어이(가) 축·베어링·로터 등 회전계 설계와 해석 업무를 수행할 때 회전체동역학을(를) 이해하고 적용하기 위해 학습합니다.,공학 수학·물리 기초,고급,INCLUDED,공식 튜토리얼·문서,Ansys Innovation Courses,ANSYS,,Ansys,기업 공식교육,유체·구조·열·전자기 물리와 Ansys 해석 워크플로를 무료 온라인 과정으로 학습합니다.,Ansys; CFD; Structural; Thermal; Electromagnetics; Simulation,초급~고급,온라인,무료,,온라인,자기주도 학습,상시,상시,대학생·취업준비생·재직자·일반인,완료 배지 과정 있음,https://innovationspace.ansys.com/courses/academic-courses/?template=academic,Ansys,기업·기관 공식사이트,2026-09-28,상시 운영,,물리 기초 → 해석 설정 → 메시·경계조건 → 결과 검증 → 드론 부품 적용,공식 제공기관이 운영하는 교육·튜토리얼·문서 기반 학습경로.,공식 웹사이트 직접 확인
개발·제작,항전·통신·센서·임무장비,DJ-056,드론 데이터링크 엔지니어,통신·관제장비,C2,C2 관련 기술,"C2은(는) 드론 통신·관제·무선 네트워크 업무에서 사용하는 도구·개념·절차입니다. 실제 직무에서는 설계, 운용, 분석 또는 의사결정 결과를 만드는 데 적용됩니다.",드론 데이터링크 엔지니어이(가) 기체-지상 간 C2·페이로드 데이터링크 개발 업무를 수행할 때 C2을(를) 이해하고 적용하기 위해 학습합니다.,네트워크·전자통신 기초,초급~중급,PREREQUISITE,국비지원 직업훈련,AIOT 기반 드론 영상 관제시스템 프로젝트 개발,AIG20250000501335,982,DW아카데미학원,직업훈련기관,응용SW엔지니어링 기반의 고용24 훈련과정입니다. C2 학습에는 과정명과의 직접 연관성에 따라 기초·포함·선수 경로로 연결했습니다.,응용SW엔지니어링; AI소프트웨어; AIOT; 파이썬,초급~중급,오프라인,국비지원(일부 자부담 가능),고용24 직업훈련(국민내일배움카드 적용 여부는 과정 상세 확인),대전 중구,"총 1,120시간",,2026-09-09~2027-04-05,K-디지털 트레이닝,수료 여부 과정별 확인,https://www.work24.go.kr/hr/a/a/3100/selectTracseDetl.do?tracseId=AIG20250000501335&tracseTme=8&crseTracseSe=C0061&trainstCstmrId=500020022702,고용24 훈련과정 상세,정부사이트,2026-09-28,현재 운영,https://mavlink.io/en/,통신 기초 → 프로토콜·관제 도구 → 링크·보안 실습 → 통합 시험,대시보드 원본 교육데이터(진행중)를 Skill과 연결. relevance_type=PREREQUISITE.,dashboard C.html / Work24 원천 링크
개발·제작,항전·통신·센서·임무장비,DJ-056,드론 데이터링크 엔지니어,통신·관제장비,C2,C2 관련 기술,"C2은(는) 드론 통신·관제·무선 네트워크 업무에서 사용하는 도구·개념·절차입니다. 실제 직무에서는 설계, 운용, 분석 또는 의사결정 결과를 만드는 데 적용됩니다.",드론 데이터링크 엔지니어이(가) 기체-지상 간 C2·페이로드 데이터링크 개발 업무를 수행할 때 C2을(를) 이해하고 적용하기 위해 학습합니다.,네트워크와 C/C++ 또는 Python 기초,초급~중급,OFFICIAL_RESOURCE,공식 튜토리얼·문서,MAVLink Developer Guide,MAVLINK-GUIDE,,MAVLink / Dronecode,공식 오픈소스,"드론과 지상국 사이의 메시지, 마이크로서비스, 라우팅과 C·C++·Python 연동을 학습합니다.",MAVLink; Telemetry; Message; Routing; Pymavlink,중급,온라인,무료,,온라인,자기주도 학습,상시,상시,대학생·취업준비생·재직자·일반인,없음,https://mavlink.io/en/,MAVLink / Dronecode,공식 기술문서,2026-09-28,상시 운영,,Protocol Overview → Toolchain → Messages → Library Examples → Vehicle Link,공식 제공기관이 운영하는 교육·튜토리얼·문서 기반 학습경로.,공식 웹사이트 직접 확인
개발·제작,항전·통신·센서·임무장비,DJ-056,드론 데이터링크 엔지니어,통신·관제장비,IP Network,IP Network 관련 기술,"IP Network은(는) 드론 통신·관제·무선 네트워크 업무에서 사용하는 도구·개념·절차입니다. 실제 직무에서는 설계, 운용, 분석 또는 의사결정 결과를 만드는 데 적용됩니다.",드론 데이터링크 엔지니어이(가) 기체-지상 간 C2·페이로드 데이터링크 개발 업무를 수행할 때 IP Network을(를) 이해하고 적용하기 위해 학습합니다.,네트워크·전자통신 기초,초급~중급,PREREQUISITE,국비지원 직업훈련,AIOT 기반 드론 영상 관제시스템 프로젝트 개발,AIG20250000501335,982,DW아카데미학원,직업훈련기관,응용SW엔지니어링 기반의 고용24 훈련과정입니다. IP Network 학습에는 과정명과의 직접 연관성에 따라 기초·포함·선수 경로로 연결했습니다.,응용SW엔지니어링; AI소프트웨어; AIOT; 파이썬,초급~중급,오프라인,국비지원(일부 자부담 가능),고용24 직업훈련(국민내일배움카드 적용 여부는 과정 상세 확인),대전 중구,"총 1,120시간",,2026-09-09~2027-04-05,K-디지털 트레이닝,수료 여부 과정별 확인,https://www.work24.go.kr/hr/a/a/3100/selectTracseDetl.do?tracseId=AIG20250000501335&tracseTme=8&crseTracseSe=C0061&trainstCstmrId=500020022702,고용24 훈련과정 상세,정부사이트,2026-09-28,현재 운영,,통신 기초 → 프로토콜·관제 도구 → 링크·보안 실습 → 통합 시험,대시보드 원본 교육데이터(진행중)를 Skill과 연결. relevance_type=PREREQUISITE.,dashboard C.html / Work24 원천 링크
개발·제작,항전·통신·센서·임무장비,DJ-056,드론 데이터링크 엔지니어,통신·관제장비,MAVLink,드론 통신 프로토콜(MAVLink),"드론 통신 프로토콜(MAVLink)은(는) 드론 통신·관제·무선 네트워크 업무에서 사용하는 도구·개념·절차입니다. 실제 직무에서는 설계, 운용, 분석 또는 의사결정 결과를 만드는 데 적용됩니다.",드론 데이터링크 엔지니어이(가) 기체-지상 간 C2·페이로드 데이터링크 개발 업무를 수행할 때 MAVLink을(를) 이해하고 적용하기 위해 학습합니다.,네트워크·전자통신 기초,초급~중급,PREREQUISITE,국비지원 직업훈련,AIOT 기반 드론 영상 관제시스템 프로젝트 개발,AIG20250000501335,982,DW아카데미학원,직업훈련기관,응용SW엔지니어링 기반의 고용24 훈련과정입니다. MAVLink 학습에는 과정명과의 직접 연관성에 따라 기초·포함·선수 경로로 연결했습니다.,응용SW엔지니어링; AI소프트웨어; AIOT; 파이썬,초급~중급,오프라인,국비지원(일부 자부담 가능),고용24 직업훈련(국민내일배움카드 적용 여부는 과정 상세 확인),대전 중구,"총 1,120시간",,2026-09-09~2027-04-05,K-디지털 트레이닝,수료 여부 과정별 확인,https://www.work24.go.kr/hr/a/a/3100/selectTracseDetl.do?tracseId=AIG20250000501335&tracseTme=8&crseTracseSe=C0061&trainstCstmrId=500020022702,고용24 훈련과정 상세,정부사이트,2026-09-28,현재 운영,https://mavlink.io/en/,통신 기초 → 프로토콜·관제 도구 → 링크·보안 실습 → 통합 시험,대시보드 원본 교육데이터(진행중)를 Skill과 연결. relevance_type=PREREQUISITE.,dashboard C.html / Work24 원천 링크
개발·제작,항전·통신·센서·임무장비,DJ-056,드론 데이터링크 엔지니어,통신·관제장비,MAVLink,드론 통신 프로토콜(MAVLink),"드론 통신 프로토콜(MAVLink)은(는) 드론 통신·관제·무선 네트워크 업무에서 사용하는 도구·개념·절차입니다. 실제 직무에서는 설계, 운용, 분석 또는 의사결정 결과를 만드는 데 적용됩니다.",드론 데이터링크 엔지니어이(가) 기체-지상 간 C2·페이로드 데이터링크 개발 업무를 수행할 때 MAVLink을(를) 이해하고 적용하기 위해 학습합니다.,네트워크와 C/C++ 또는 Python 기초,초급~중급,OFFICIAL_RESOURCE,공식 튜토리얼·문서,MAVLink Developer Guide,MAVLINK-GUIDE,,MAVLink / Dronecode,공식 오픈소스,"드론과 지상국 사이의 메시지, 마이크로서비스, 라우팅과 C·C++·Python 연동을 학습합니다.",MAVLink; Telemetry; Message; Routing; Pymavlink,중급,온라인,무료,,온라인,자기주도 학습,상시,상시,대학생·취업준비생·재직자·일반인,없음,https://mavlink.io/en/,MAVLink / Dronecode,공식 기술문서,2026-09-28,상시 운영,,Protocol Overview → Toolchain → Messages → Library Examples → Vehicle Link,공식 제공기관이 운영하는 교육·튜토리얼·문서 기반 학습경로.,공식 웹사이트 직접 확인
개발·제작,항전·통신·센서·임무장비,DJ-057,드론 안테나 엔지니어,통신·관제장비,OTA,OTA 관련 기술,"OTA은(는) 드론 통신·관제·무선 네트워크 업무에서 사용하는 도구·개념·절차입니다. 실제 직무에서는 설계, 운용, 분석 또는 의사결정 결과를 만드는 데 적용됩니다.",드론 안테나 엔지니어이(가) 기체 탑재 안테나 설계·배치·성능시험 업무를 수행할 때 OTA을(를) 이해하고 적용하기 위해 학습합니다.,네트워크·전자통신 기초,초급~중급,PREREQUISITE,국비지원 직업훈련,AIOT 기반 드론 영상 관제시스템 프로젝트 개발,AIG20250000501335,982,DW아카데미학원,직업훈련기관,응용SW엔지니어링 기반의 고용24 훈련과정입니다. OTA 학습에는 과정명과의 직접 연관성에 따라 기초·포함·선수 경로로 연결했습니다.,응용SW엔지니어링; AI소프트웨어; AIOT; 파이썬,초급~중급,오프라인,국비지원(일부 자부담 가능),고용24 직업훈련(국민내일배움카드 적용 여부는 과정 상세 확인),대전 중구,"총 1,120시간",,2026-09-09~2027-04-05,K-디지털 트레이닝,수료 여부 과정별 확인,https://www.work24.go.kr/hr/a/a/3100/selectTracseDetl.do?tracseId=AIG20250000501335&tracseTme=8&crseTracseSe=C0061&trainstCstmrId=500020022702,고용24 훈련과정 상세,정부사이트,2026-09-28,현재 운영,,통신 기초 → 프로토콜·관제 도구 → 링크·보안 실습 → 통합 시험,대시보드 원본 교육데이터(진행중)를 Skill과 연결. relevance_type=PREREQUISITE.,dashboard C.html / Work24 원천 링크
개발·제작,항전·통신·센서·임무장비,DJ-057,드론 안테나 엔지니어,통신·관제장비,안테나,안테나,"안테나은(는) 드론 통신·관제·무선 네트워크 업무에서 사용하는 도구·개념·절차입니다. 실제 직무에서는 설계, 운용, 분석 또는 의사결정 결과를 만드는 데 적용됩니다.",드론 안테나 엔지니어이(가) 기체 탑재 안테나 설계·배치·성능시험 업무를 수행할 때 안테나을(를) 이해하고 적용하기 위해 학습합니다.,네트워크·전자통신 기초,초급~중급,PREREQUISITE,국비지원 직업훈련,AIOT 기반 드론 영상 관제시스템 프로젝트 개발,AIG20250000501335,982,DW아카데미학원,직업훈련기관,응용SW엔지니어링 기반의 고용24 훈련과정입니다. 안테나 학습에는 과정명과의 직접 연관성에 따라 기초·포함·선수 경로로 연결했습니다.,응용SW엔지니어링; AI소프트웨어; AIOT; 파이썬,초급~중급,오프라인,국비지원(일부 자부담 가능),고용24 직업훈련(국민내일배움카드 적용 여부는 과정 상세 확인),대전 중구,"총 1,120시간",,2026-09-09~2027-04-05,K-디지털 트레이닝,수료 여부 과정별 확인,https://www.work24.go.kr/hr/a/a/3100/selectTracseDetl.do?tracseId=AIG20250000501335&tracseTme=8&crseTracseSe=C0061&trainstCstmrId=500020022702,고용24 훈련과정 상세,정부사이트,2026-09-28,현재 운영,,통신 기초 → 프로토콜·관제 도구 → 링크·보안 실습 → 통합 시험,대시보드 원본 교육데이터(진행중)를 Skill과 연결. relevance_type=PREREQUISITE.,dashboard C.html / Work24 원천 링크
개발·제작,항전·통신·센서·임무장비,DJ-057,드론 안테나 엔지니어,통신·관제장비,전파해석,전파해석,"전파해석은(는) 드론 통신·관제·무선 네트워크 업무에서 사용하는 도구·개념·절차입니다. 실제 직무에서는 설계, 운용, 분석 또는 의사결정 결과를 만드는 데 적용됩니다.",드론 안테나 엔지니어이(가) 기체 탑재 안테나 설계·배치·성능시험 업무를 수행할 때 전파해석을(를) 이해하고 적용하기 위해 학습합니다.,네트워크·전자통신 기초,초급~중급,PREREQUISITE,국비지원 직업훈련,AIOT 기반 드론 영상 관제시스템 프로젝트 개발,AIG20250000501335,982,DW아카데미학원,직업훈련기관,응용SW엔지니어링 기반의 고용24 훈련과정입니다. 전파해석 학습에는 과정명과의 직접 연관성에 따라 기초·포함·선수 경로로 연결했습니다.,응용SW엔지니어링; AI소프트웨어; AIOT; 파이썬,초급~중급,오프라인,국비지원(일부 자부담 가능),고용24 직업훈련(국민내일배움카드 적용 여부는 과정 상세 확인),대전 중구,"총 1,120시간",,2026-09-09~2027-04-05,K-디지털 트레이닝,수료 여부 과정별 확인,https://www.work24.go.kr/hr/a/a/3100/selectTracseDetl.do?tracseId=AIG20250000501335&tracseTme=8&crseTracseSe=C0061&trainstCstmrId=500020022702,고용24 훈련과정 상세,정부사이트,2026-09-28,현재 운영,https://innovationspace.ansys.com/courses/academic-courses/?template=academic,통신 기초 → 프로토콜·관제 도구 → 링크·보안 실습 → 통합 시험,대시보드 원본 교육데이터(진행중)를 Skill과 연결. relevance_type=PREREQUISITE.,dashboard C.html / Work24 원천 링크
개발·제작,항전·통신·센서·임무장비,DJ-057,드론 안테나 엔지니어,통신·관제장비,전파해석,전파해석,"전파해석은(는) 드론 통신·관제·무선 네트워크 업무에서 사용하는 도구·개념·절차입니다. 실제 직무에서는 설계, 운용, 분석 또는 의사결정 결과를 만드는 데 적용됩니다.",드론 안테나 엔지니어이(가) 기체 탑재 안테나 설계·배치·성능시험 업무를 수행할 때 전파해석을(를) 이해하고 적용하기 위해 학습합니다.,공학 수학·물리 기초,초급~중급,INCLUDED,공식 튜토리얼·문서,Ansys Innovation Courses,ANSYS,,Ansys,기업 공식교육,유체·구조·열·전자기 물리와 Ansys 해석 워크플로를 무료 온라인 과정으로 학습합니다.,Ansys; CFD; Structural; Thermal; Electromagnetics; Simulation,초급~고급,온라인,무료,,온라인,자기주도 학습,상시,상시,대학생·취업준비생·재직자·일반인,완료 배지 과정 있음,https://innovationspace.ansys.com/courses/academic-courses/?template=academic,Ansys,기업·기관 공식사이트,2026-09-28,상시 운영,,물리 기초 → 해석 설정 → 메시·경계조건 → 결과 검증 → 드론 부품 적용,공식 제공기관이 운영하는 교육·튜토리얼·문서 기반 학습경로.,공식 웹사이트 직접 확인
개발·제작,항전·통신·센서·임무장비,DJ-061,드론 원격식별 시스템 개발자,통신·관제장비,PKI,공개키 기반구조,"공개키 기반구조은(는) 드론 통신·관제·무선 네트워크 업무에서 사용하는 도구·개념·절차입니다. 실제 직무에서는 설계, 운용, 분석 또는 의사결정 결과를 만드는 데 적용됩니다.",드론 원격식별 시스템 개발자이(가) 기체 식별정보 송수신·등록 연계 시스템 개발 업무를 수행할 때 PKI을(를) 이해하고 적용하기 위해 학습합니다.,네트워크·전자통신 기초,초급~중급,PREREQUISITE,국비지원 직업훈련,AIOT 기반 드론 영상 관제시스템 프로젝트 개발,AIG20250000501335,982,DW아카데미학원,직업훈련기관,응용SW엔지니어링 기반의 고용24 훈련과정입니다. PKI 학습에는 과정명과의 직접 연관성에 따라 기초·포함·선수 경로로 연결했습니다.,응용SW엔지니어링; AI소프트웨어; AIOT; 파이썬,초급~중급,오프라인,국비지원(일부 자부담 가능),고용24 직업훈련(국민내일배움카드 적용 여부는 과정 상세 확인),대전 중구,"총 1,120시간",,2026-09-09~2027-04-05,K-디지털 트레이닝,수료 여부 과정별 확인,https://www.work24.go.kr/hr/a/a/3100/selectTracseDetl.do?tracseId=AIG20250000501335&tracseTme=8&crseTracseSe=C0061&trainstCstmrId=500020022702,고용24 훈련과정 상세,정부사이트,2026-09-28,현재 운영,https://aws.amazon.com/ko/training/digital/,통신 기초 → 프로토콜·관제 도구 → 링크·보안 실습 → 통합 시험,대시보드 원본 교육데이터(진행중)를 Skill과 연결. relevance_type=PREREQUISITE.,dashboard C.html / Work24 원천 링크
개발·제작,항전·통신·센서·임무장비,DJ-061,드론 원격식별 시스템 개발자,통신·관제장비,PKI,공개키 기반구조,"공개키 기반구조은(는) 드론 통신·관제·무선 네트워크 업무에서 사용하는 도구·개념·절차입니다. 실제 직무에서는 설계, 운용, 분석 또는 의사결정 결과를 만드는 데 적용됩니다.",드론 원격식별 시스템 개발자이(가) 기체 식별정보 송수신·등록 연계 시스템 개발 업무를 수행할 때 PKI을(를) 이해하고 적용하기 위해 학습합니다.,컴퓨터와 네트워크 기초,초급~중급,INCLUDED,공식 튜토리얼·문서,AWS Skill Builder 디지털 교육,AWS,,Amazon Web Services,기업 공식교육,클라우드·데이터·보안·DevOps 분야의 역할별 공식 디지털 학습경로와 실습을 제공합니다.,Cloud; Database; Security; DevOps; Machine Learning,입문~고급,온라인,무료/유료 혼합,,온라인,자기주도 학습,상시,상시,대학생·취업준비생·재직자·일반인,디지털 배지·자격 준비 과정 있음,https://aws.amazon.com/ko/training/digital/,Amazon Web Services,기업·기관 공식사이트,2026-09-28,상시 운영,,클라우드 기초 → 역할별 학습계획 → 실습 → 드론 플랫폼 설계,공식 제공기관이 운영하는 교육·튜토리얼·문서 기반 학습경로.,공식 웹사이트 직접 확인
개발·제작,항전·통신·센서·임무장비,DJ-061,드론 원격식별 시스템 개발자,통신·관제장비,Remote ID,Remote ID 관련 기술,"Remote ID은(는) 드론 통신·관제·무선 네트워크 업무에서 사용하는 도구·개념·절차입니다. 실제 직무에서는 설계, 운용, 분석 또는 의사결정 결과를 만드는 데 적용됩니다.",드론 원격식별 시스템 개발자이(가) 기체 식별정보 송수신·등록 연계 시스템 개발 업무를 수행할 때 Remote ID을(를) 이해하고 적용하기 위해 학습합니다.,네트워크·전자통신 기초,초급~중급,PREREQUISITE,국비지원 직업훈련,AIOT 기반 드론 영상 관제시스템 프로젝트 개발,AIG20250000501335,982,DW아카데미학원,직업훈련기관,응용SW엔지니어링 기반의 고용24 훈련과정입니다. Remote ID 학습에는 과정명과의 직접 연관성에 따라 기초·포함·선수 경로로 연결했습니다.,응용SW엔지니어링; AI소프트웨어; AIOT; 파이썬,초급~중급,오프라인,국비지원(일부 자부담 가능),고용24 직업훈련(국민내일배움카드 적용 여부는 과정 상세 확인),대전 중구,"총 1,120시간",,2026-09-09~2027-04-05,K-디지털 트레이닝,수료 여부 과정별 확인,https://www.work24.go.kr/hr/a/a/3100/selectTracseDetl.do?tracseId=AIG20250000501335&tracseTme=8&crseTracseSe=C0061&trainstCstmrId=500020022702,고용24 훈련과정 상세,정부사이트,2026-09-28,현재 운영,https://docs.px4.io/main/en/peripherals/remote_id,통신 기초 → 프로토콜·관제 도구 → 링크·보안 실습 → 통합 시험,대시보드 원본 교육데이터(진행중)를 Skill과 연결. relevance_type=PREREQUISITE.,dashboard C.html / Work24 원천 링크
개발·제작,항전·통신·센서·임무장비,DJ-061,드론 원격식별 시스템 개발자,통신·관제장비,Remote ID,Remote ID 관련 기술,"Remote ID은(는) 드론 통신·관제·무선 네트워크 업무에서 사용하는 도구·개념·절차입니다. 실제 직무에서는 설계, 운용, 분석 또는 의사결정 결과를 만드는 데 적용됩니다.",드론 원격식별 시스템 개발자이(가) 기체 식별정보 송수신·등록 연계 시스템 개발 업무를 수행할 때 Remote ID을(를) 이해하고 적용하기 위해 학습합니다.,PX4·MAVLink·항공안전 기초,초급~중급,OFFICIAL_RESOURCE,공식 튜토리얼·문서,PX4 Remote ID and Traffic Avoidance Guides,PX4-REMOTE-ID,,PX4 / Dronecode Foundation,공식 오픈소스,"Remote ID 장비 연결·설정과 MAVLink 기반 식별 메시지, 교통회피 연동의 기초를 학습합니다.",Remote ID; UTM; MAVLink; Traffic Avoidance; ADS-B,중급,온라인,무료,,온라인,자기주도 학습,상시,상시,대학생·취업준비생·재직자·일반인,없음,https://docs.px4.io/main/en/peripherals/remote_id,PX4 / Dronecode Foundation,공식 기술문서,2026-09-28,상시 운영,,Remote ID 개념 → 하드웨어 연결 → 메시지 확인 → UTM·교통회피 연계,공식 제공기관이 운영하는 교육·튜토리얼·문서 기반 학습경로.,공식 웹사이트 직접 확인
개발·제작,항전·통신·센서·임무장비,DJ-061,드론 원격식별 시스템 개발자,통신·관제장비,무선통신,무선통신,"무선통신은(는) 드론 통신·관제·무선 네트워크 업무에서 사용하는 도구·개념·절차입니다. 실제 직무에서는 설계, 운용, 분석 또는 의사결정 결과를 만드는 데 적용됩니다.",드론 원격식별 시스템 개발자이(가) 기체 식별정보 송수신·등록 연계 시스템 개발 업무를 수행할 때 무선통신을(를) 이해하고 적용하기 위해 학습합니다.,네트워크·전자통신 기초,초급~중급,PREREQUISITE,국비지원 직업훈련,AIOT 기반 드론 영상 관제시스템 프로젝트 개발,AIG20250000501335,982,DW아카데미학원,직업훈련기관,응용SW엔지니어링 기반의 고용24 훈련과정입니다. 무선통신 학습에는 과정명과의 직접 연관성에 따라 기초·포함·선수 경로로 연결했습니다.,응용SW엔지니어링; AI소프트웨어; AIOT; 파이썬,초급~중급,오프라인,국비지원(일부 자부담 가능),고용24 직업훈련(국민내일배움카드 적용 여부는 과정 상세 확인),대전 중구,"총 1,120시간",,2026-09-09~2027-04-05,K-디지털 트레이닝,수료 여부 과정별 확인,https://www.work24.go.kr/hr/a/a/3100/selectTracseDetl.do?tracseId=AIG20250000501335&tracseTme=8&crseTracseSe=C0061&trainstCstmrId=500020022702,고용24 훈련과정 상세,정부사이트,2026-09-28,현재 운영,,통신 기초 → 프로토콜·관제 도구 → 링크·보안 실습 → 통합 시험,대시보드 원본 교육데이터(진행중)를 Skill과 연결. relevance_type=PREREQUISITE.,dashboard C.html / Work24 원천 링크
개발·제작,항전·통신·센서·임무장비,DJ-059,드론 지상통제소 소프트웨어 개발자,통신·관제장비,C++,C++ 프로그래밍,"C++ 프로그래밍은(는) 드론 통신·관제·무선 네트워크 업무에서 사용하는 도구·개념·절차입니다. 실제 직무에서는 설계, 운용, 분석 또는 의사결정 결과를 만드는 데 적용됩니다.",드론 지상통제소 소프트웨어 개발자이(가) 임무계획·지도·상태표시·명령 소프트웨어 개발 업무를 수행할 때 C++을(를) 이해하고 적용하기 위해 학습합니다.,네트워크·전자통신 기초,초급~중급,INCLUDED,국비지원 직업훈련,AIOT 기반 드론 영상 관제시스템 프로젝트 개발,AIG20250000501335,982,DW아카데미학원,직업훈련기관,응용SW엔지니어링 기반의 고용24 훈련과정입니다. C++ 학습에는 과정명과의 직접 연관성에 따라 기초·포함·선수 경로로 연결했습니다.,응용SW엔지니어링; AI소프트웨어; AIOT; 파이썬,초급~중급,오프라인,국비지원(일부 자부담 가능),고용24 직업훈련(국민내일배움카드 적용 여부는 과정 상세 확인),대전 중구,"총 1,120시간",,2026-09-09~2027-04-05,K-디지털 트레이닝,수료 여부 과정별 확인,https://www.work24.go.kr/hr/a/a/3100/selectTracseDetl.do?tracseId=AIG20250000501335&tracseTme=8&crseTracseSe=C0061&trainstCstmrId=500020022702,고용24 훈련과정 상세,정부사이트,2026-09-28,현재 운영,https://learn.microsoft.com/ko-kr/cpp/get-started/?view=msvc-170,통신 기초 → 프로토콜·관제 도구 → 링크·보안 실습 → 통합 시험,대시보드 원본 교육데이터(진행중)를 Skill과 연결. relevance_type=INCLUDED.,dashboard C.html / Work24 원천 링크
개발·제작,항전·통신·센서·임무장비,DJ-059,드론 지상통제소 소프트웨어 개발자,통신·관제장비,C++,C++ 프로그래밍,"C++ 프로그래밍은(는) 드론 통신·관제·무선 네트워크 업무에서 사용하는 도구·개념·절차입니다. 실제 직무에서는 설계, 운용, 분석 또는 의사결정 결과를 만드는 데 적용됩니다.",드론 지상통제소 소프트웨어 개발자이(가) 임무계획·지도·상태표시·명령 소프트웨어 개발 업무를 수행할 때 C++을(를) 이해하고 적용하기 위해 학습합니다.,프로그래밍 입문 수준,초급~중급,DIRECT,공식교육,C++ 개발 시작,CPP,,Microsoft Learn,기업 공식교육,"개발환경 구성, C++ 기본 프로그램 작성과 현대 C++ 개발 흐름을 학습합니다.",C++; Visual Studio; Build; Debug; Standard Library,초급,온라인,무료,,온라인,자기주도 학습,상시,상시,대학생·취업준비생·재직자·일반인,없음,https://learn.microsoft.com/ko-kr/cpp/get-started/?view=msvc-170,Microsoft Learn,기업·기관 공식사이트,2026-09-28,상시 운영,,환경 설치 → Hello World → 문법·자료구조 → 디버깅 → 임베디드·로봇 예제,공식 제공기관이 운영하는 교육·튜토리얼·문서 기반 학습경로.,공식 웹사이트 직접 확인
개발·제작,항전·통신·센서·임무장비,DJ-059,드론 지상통제소 소프트웨어 개발자,통신·관제장비,GIS,지리정보시스템,"지리정보시스템은(는) 드론 통신·관제·무선 네트워크 업무에서 사용하는 도구·개념·절차입니다. 실제 직무에서는 설계, 운용, 분석 또는 의사결정 결과를 만드는 데 적용됩니다.",드론 지상통제소 소프트웨어 개발자이(가) 임무계획·지도·상태표시·명령 소프트웨어 개발 업무를 수행할 때 GIS을(를) 이해하고 적용하기 위해 학습합니다.,네트워크·전자통신 기초,입문~초급,PREREQUISITE,국비지원 직업훈련,AIOT 기반 드론 영상 관제시스템 프로젝트 개발,AIG20250000501335,982,DW아카데미학원,직업훈련기관,응용SW엔지니어링 기반의 고용24 훈련과정입니다. GIS 학습에는 과정명과의 직접 연관성에 따라 기초·포함·선수 경로로 연결했습니다.,응용SW엔지니어링; AI소프트웨어; AIOT; 파이썬,입문~초급,오프라인,국비지원(일부 자부담 가능),고용24 직업훈련(국민내일배움카드 적용 여부는 과정 상세 확인),대전 중구,"총 1,120시간",,2026-09-09~2027-04-05,K-디지털 트레이닝,수료 여부 과정별 확인,https://www.work24.go.kr/hr/a/a/3100/selectTracseDetl.do?tracseId=AIG20250000501335&tracseTme=8&crseTracseSe=C0061&trainstCstmrId=500020022702,고용24 훈련과정 상세,정부사이트,2026-09-28,현재 운영,https://docs.qgis.org/latest/en/docs/training_manual/index.html,통신 기초 → 프로토콜·관제 도구 → 링크·보안 실습 → 통합 시험,대시보드 원본 교육데이터(진행중)를 Skill과 연결. relevance_type=PREREQUISITE.,dashboard C.html / Work24 원천 링크
개발·제작,항전·통신·센서·임무장비,DJ-059,드론 지상통제소 소프트웨어 개발자,통신·관제장비,GIS,지리정보시스템,"지리정보시스템은(는) 드론 통신·관제·무선 네트워크 업무에서 사용하는 도구·개념·절차입니다. 실제 직무에서는 설계, 운용, 분석 또는 의사결정 결과를 만드는 데 적용됩니다.",드론 지상통제소 소프트웨어 개발자이(가) 임무계획·지도·상태표시·명령 소프트웨어 개발 업무를 수행할 때 GIS을(를) 이해하고 적용하기 위해 학습합니다.,컴퓨터 파일 관리와 지도 기초,입문~초급,OFFICIAL_RESOURCE,공식 튜토리얼·문서,QGIS Training Manual,QGIS,,QGIS Project,공식 오픈소스,"GIS 인터페이스, 벡터·래스터 데이터, 좌표계, 공간분석과 지도 제작을 단계별로 실습합니다.",QGIS; GIS; CRS; Vector; Raster; Spatial Analysis,입문~중급,온라인,무료,,온라인,자기주도 학습,상시,상시,대학생·취업준비생·재직자·일반인,없음,https://docs.qgis.org/latest/en/docs/training_manual/index.html,QGIS Project,공식 기술문서,2026-09-28,상시 운영,,인터페이스 → 레이어·좌표계 → 편집 → 공간분석 → 드론 공간정보 프로젝트,공식 제공기관이 운영하는 교육·튜토리얼·문서 기반 학습경로.,공식 웹사이트 직접 확인
개발·제작,항전·통신·센서·임무장비,DJ-059,드론 지상통제소 소프트웨어 개발자,통신·관제장비,MAVLink,드론 통신 프로토콜(MAVLink),"드론 통신 프로토콜(MAVLink)은(는) 드론 통신·관제·무선 네트워크 업무에서 사용하는 도구·개념·절차입니다. 실제 직무에서는 설계, 운용, 분석 또는 의사결정 결과를 만드는 데 적용됩니다.",드론 지상통제소 소프트웨어 개발자이(가) 임무계획·지도·상태표시·명령 소프트웨어 개발 업무를 수행할 때 MAVLink을(를) 이해하고 적용하기 위해 학습합니다.,네트워크·전자통신 기초,초급~중급,PREREQUISITE,국비지원 직업훈련,AIOT 기반 드론 영상 관제시스템 프로젝트 개발,AIG20250000501335,982,DW아카데미학원,직업훈련기관,응용SW엔지니어링 기반의 고용24 훈련과정입니다. MAVLink 학습에는 과정명과의 직접 연관성에 따라 기초·포함·선수 경로로 연결했습니다.,응용SW엔지니어링; AI소프트웨어; AIOT; 파이썬,초급~중급,오프라인,국비지원(일부 자부담 가능),고용24 직업훈련(국민내일배움카드 적용 여부는 과정 상세 확인),대전 중구,"총 1,120시간",,2026-09-09~2027-04-05,K-디지털 트레이닝,수료 여부 과정별 확인,https://www.work24.go.kr/hr/a/a/3100/selectTracseDetl.do?tracseId=AIG20250000501335&tracseTme=8&crseTracseSe=C0061&trainstCstmrId=500020022702,고용24 훈련과정 상세,정부사이트,2026-09-28,현재 운영,https://mavlink.io/en/,통신 기초 → 프로토콜·관제 도구 → 링크·보안 실습 → 통합 시험,대시보드 원본 교육데이터(진행중)를 Skill과 연결. relevance_type=PREREQUISITE.,dashboard C.html / Work24 원천 링크
개발·제작,항전·통신·센서·임무장비,DJ-059,드론 지상통제소 소프트웨어 개발자,통신·관제장비,MAVLink,드론 통신 프로토콜(MAVLink),"드론 통신 프로토콜(MAVLink)은(는) 드론 통신·관제·무선 네트워크 업무에서 사용하는 도구·개념·절차입니다. 실제 직무에서는 설계, 운용, 분석 또는 의사결정 결과를 만드는 데 적용됩니다.",드론 지상통제소 소프트웨어 개발자이(가) 임무계획·지도·상태표시·명령 소프트웨어 개발 업무를 수행할 때 MAVLink을(를) 이해하고 적용하기 위해 학습합니다.,네트워크와 C/C++ 또는 Python 기초,초급~중급,OFFICIAL_RESOURCE,공식 튜토리얼·문서,MAVLink Developer Guide,MAVLINK-GUIDE,,MAVLink / Dronecode,공식 오픈소스,"드론과 지상국 사이의 메시지, 마이크로서비스, 라우팅과 C·C++·Python 연동을 학습합니다.",MAVLink; Telemetry; Message; Routing; Pymavlink,중급,온라인,무료,,온라인,자기주도 학습,상시,상시,대학생·취업준비생·재직자·일반인,없음,https://mavlink.io/en/,MAVLink / Dronecode,공식 기술문서,2026-09-28,상시 운영,,Protocol Overview → Toolchain → Messages → Library Examples → Vehicle Link,공식 제공기관이 운영하는 교육·튜토리얼·문서 기반 학습경로.,공식 웹사이트 직접 확인
개발·제작,항전·통신·센서·임무장비,DJ-059,드론 지상통제소 소프트웨어 개발자,통신·관제장비,Qt,Qt 사용자 인터페이스 개발,"Qt 사용자 인터페이스 개발은(는) 드론 통신·관제·무선 네트워크 업무에서 사용하는 도구·개념·절차입니다. 실제 직무에서는 설계, 운용, 분석 또는 의사결정 결과를 만드는 데 적용됩니다.",드론 지상통제소 소프트웨어 개발자이(가) 임무계획·지도·상태표시·명령 소프트웨어 개발 업무를 수행할 때 Qt을(를) 이해하고 적용하기 위해 학습합니다.,네트워크·전자통신 기초,초급~중급,PREREQUISITE,국비지원 직업훈련,AIOT 기반 드론 영상 관제시스템 프로젝트 개발,AIG20250000501335,982,DW아카데미학원,직업훈련기관,응용SW엔지니어링 기반의 고용24 훈련과정입니다. Qt 학습에는 과정명과의 직접 연관성에 따라 기초·포함·선수 경로로 연결했습니다.,응용SW엔지니어링; AI소프트웨어; AIOT; 파이썬,초급~중급,오프라인,국비지원(일부 자부담 가능),고용24 직업훈련(국민내일배움카드 적용 여부는 과정 상세 확인),대전 중구,"총 1,120시간",,2026-09-09~2027-04-05,K-디지털 트레이닝,수료 여부 과정별 확인,https://www.work24.go.kr/hr/a/a/3100/selectTracseDetl.do?tracseId=AIG20250000501335&tracseTme=8&crseTracseSe=C0061&trainstCstmrId=500020022702,고용24 훈련과정 상세,정부사이트,2026-09-28,현재 운영,https://www.qt.io/academy,통신 기초 → 프로토콜·관제 도구 → 링크·보안 실습 → 통합 시험,대시보드 원본 교육데이터(진행중)를 Skill과 연결. relevance_type=PREREQUISITE.,dashboard C.html / Work24 원천 링크
개발·제작,항전·통신·센서·임무장비,DJ-059,드론 지상통제소 소프트웨어 개발자,통신·관제장비,Qt,Qt 사용자 인터페이스 개발,"Qt 사용자 인터페이스 개발은(는) 드론 통신·관제·무선 네트워크 업무에서 사용하는 도구·개념·절차입니다. 실제 직무에서는 설계, 운용, 분석 또는 의사결정 결과를 만드는 데 적용됩니다.",드론 지상통제소 소프트웨어 개발자이(가) 임무계획·지도·상태표시·명령 소프트웨어 개발 업무를 수행할 때 Qt을(를) 이해하고 적용하기 위해 학습합니다.,C++ 또는 프로그래밍 기초,초급~중급,DIRECT,공식교육,Qt Academy,QT,,Qt Group,기업 공식교육,"Qt 설치, C++·QML 기반 UI와 반응형 애플리케이션 개발을 공식 무료 과정으로 학습합니다.",Qt; Qt Creator; QML; Widgets; UI,입문~중급,온라인,무료,,온라인,자기주도 학습,상시,상시,대학생·취업준비생·재직자·일반인,과정별 확인,https://www.qt.io/academy,Qt Group,기업·기관 공식사이트,2026-09-28,상시 운영,,환경 구성 → Qt 기초 → Widgets·QML → 데이터 연동 → 관제 UI 프로젝트,공식 제공기관이 운영하는 교육·튜토리얼·문서 기반 학습경로.,공식 웹사이트 직접 확인
개발·제작,항전·통신·센서·임무장비,DJ-058,드론 지상통제장비 하드웨어 엔지니어,통신·관제장비,GCS,지상관제시스템,"지상관제시스템은(는) 드론 통신·관제·무선 네트워크 업무에서 사용하는 도구·개념·절차입니다. 실제 직무에서는 설계, 운용, 분석 또는 의사결정 결과를 만드는 데 적용됩니다.",드론 지상통제장비 하드웨어 엔지니어이(가) 조종콘솔·모니터·통신·전원 장비 개발 업무를 수행할 때 GCS을(를) 이해하고 적용하기 위해 학습합니다.,네트워크·전자통신 기초,초급~중급,PREREQUISITE,국비지원 직업훈련,AIOT 기반 드론 영상 관제시스템 프로젝트 개발,AIG20250000501335,982,DW아카데미학원,직업훈련기관,응용SW엔지니어링 기반의 고용24 훈련과정입니다. GCS 학습에는 과정명과의 직접 연관성에 따라 기초·포함·선수 경로로 연결했습니다.,응용SW엔지니어링; AI소프트웨어; AIOT; 파이썬,초급~중급,오프라인,국비지원(일부 자부담 가능),고용24 직업훈련(국민내일배움카드 적용 여부는 과정 상세 확인),대전 중구,"총 1,120시간",,2026-09-09~2027-04-05,K-디지털 트레이닝,수료 여부 과정별 확인,https://www.work24.go.kr/hr/a/a/3100/selectTracseDetl.do?tracseId=AIG20250000501335&tracseTme=8&crseTracseSe=C0061&trainstCstmrId=500020022702,고용24 훈련과정 상세,정부사이트,2026-09-28,현재 운영,https://docs.px4.io/main/en/,통신 기초 → 프로토콜·관제 도구 → 링크·보안 실습 → 통합 시험,대시보드 원본 교육데이터(진행중)를 Skill과 연결. relevance_type=PREREQUISITE.,dashboard C.html / Work24 원천 링크
개발·제작,항전·통신·센서·임무장비,DJ-058,드론 지상통제장비 하드웨어 엔지니어,통신·관제장비,GCS,지상관제시스템,"지상관제시스템은(는) 드론 통신·관제·무선 네트워크 업무에서 사용하는 도구·개념·절차입니다. 실제 직무에서는 설계, 운용, 분석 또는 의사결정 결과를 만드는 데 적용됩니다.",드론 지상통제장비 하드웨어 엔지니어이(가) 조종콘솔·모니터·통신·전원 장비 개발 업무를 수행할 때 GCS을(를) 이해하고 적용하기 위해 학습합니다.,드론 구조와 Linux·C++ 기초(개발 과정),초급~중급,OFFICIAL_RESOURCE,공식 튜토리얼·문서,PX4 Autopilot User Guide,PX4-GUIDE,,PX4 / Dronecode Foundation,공식 오픈소스,"PX4의 기본 개념, 기체 구성, 비행 모드, 시뮬레이션, 로그 분석과 개발 절차를 단계별로 학습합니다.",PX4; 비행제어; 시뮬레이션; 로그; 기체 설정,초급~고급,온라인,무료,,온라인,자기주도 학습,상시,상시,대학생·취업준비생·재직자·일반인,없음,https://docs.px4.io/main/en/,PX4 / Dronecode Foundation,공식 기술문서,2026-09-28,상시 운영,,Basic Concepts → Simulation → Configuration → Development,공식 제공기관이 운영하는 교육·튜토리얼·문서 기반 학습경로.,공식 웹사이트 직접 확인
개발·제작,항전·통신·센서·임무장비,DJ-058,드론 지상통제장비 하드웨어 엔지니어,통신·관제장비,GCS,지상관제시스템,"지상관제시스템은(는) 드론 통신·관제·무선 네트워크 업무에서 사용하는 도구·개념·절차입니다. 실제 직무에서는 설계, 운용, 분석 또는 의사결정 결과를 만드는 데 적용됩니다.",드론 지상통제장비 하드웨어 엔지니어이(가) 조종콘솔·모니터·통신·전원 장비 개발 업무를 수행할 때 GCS을(를) 이해하고 적용하기 위해 학습합니다.,드론 구조와 기본 조종 이해,초급~중급,OFFICIAL_RESOURCE,공식 튜토리얼·문서,QGroundControl User Guide,QGC,,QGroundControl / Dronecode,공식 오픈소스,"PX4·ArduPilot 기체 설정, 임무계획, 비행 모니터링, 로그와 다중 기체 관리를 학습합니다.",QGroundControl; Mission Planning; GCS; Flight; Log,초급~중급,온라인,무료,,온라인,자기주도 학습,상시,상시,대학생·취업준비생·재직자·일반인,없음,https://docs.qgroundcontrol.com/Stable_V5.1/ko/qgc-user-guide/index.html,QGroundControl / Dronecode,공식 기술문서,2026-09-28,상시 운영,,설치·연결 → 기체 설정 → 임무계획 → 비행 모니터링 → 로그 분석,공식 제공기관이 운영하는 교육·튜토리얼·문서 기반 학습경로.,공식 웹사이트 직접 확인
개발·제작,항전·통신·센서·임무장비,DJ-058,드론 지상통제장비 하드웨어 엔지니어,통신·관제장비,HMI,사람-기계 인터페이스,"사람-기계 인터페이스은(는) 드론 통신·관제·무선 네트워크 업무에서 사용하는 도구·개념·절차입니다. 실제 직무에서는 설계, 운용, 분석 또는 의사결정 결과를 만드는 데 적용됩니다.",드론 지상통제장비 하드웨어 엔지니어이(가) 조종콘솔·모니터·통신·전원 장비 개발 업무를 수행할 때 HMI을(를) 이해하고 적용하기 위해 학습합니다.,네트워크·전자통신 기초,초급~중급,PREREQUISITE,국비지원 직업훈련,AIOT 기반 드론 영상 관제시스템 프로젝트 개발,AIG20250000501335,982,DW아카데미학원,직업훈련기관,응용SW엔지니어링 기반의 고용24 훈련과정입니다. HMI 학습에는 과정명과의 직접 연관성에 따라 기초·포함·선수 경로로 연결했습니다.,응용SW엔지니어링; AI소프트웨어; AIOT; 파이썬,초급~중급,오프라인,국비지원(일부 자부담 가능),고용24 직업훈련(국민내일배움카드 적용 여부는 과정 상세 확인),대전 중구,"총 1,120시간",,2026-09-09~2027-04-05,K-디지털 트레이닝,수료 여부 과정별 확인,https://www.work24.go.kr/hr/a/a/3100/selectTracseDetl.do?tracseId=AIG20250000501335&tracseTme=8&crseTracseSe=C0061&trainstCstmrId=500020022702,고용24 훈련과정 상세,정부사이트,2026-09-28,현재 운영,https://www.qt.io/academy,통신 기초 → 프로토콜·관제 도구 → 링크·보안 실습 → 통합 시험,대시보드 원본 교육데이터(진행중)를 Skill과 연결. relevance_type=PREREQUISITE.,dashboard C.html / Work24 원천 링크
개발·제작,항전·통신·센서·임무장비,DJ-058,드론 지상통제장비 하드웨어 엔지니어,통신·관제장비,HMI,사람-기계 인터페이스,"사람-기계 인터페이스은(는) 드론 통신·관제·무선 네트워크 업무에서 사용하는 도구·개념·절차입니다. 실제 직무에서는 설계, 운용, 분석 또는 의사결정 결과를 만드는 데 적용됩니다.",드론 지상통제장비 하드웨어 엔지니어이(가) 조종콘솔·모니터·통신·전원 장비 개발 업무를 수행할 때 HMI을(를) 이해하고 적용하기 위해 학습합니다.,C++ 또는 프로그래밍 기초,초급~중급,DIRECT,공식교육,Qt Academy,QT,,Qt Group,기업 공식교육,"Qt 설치, C++·QML 기반 UI와 반응형 애플리케이션 개발을 공식 무료 과정으로 학습합니다.",Qt; Qt Creator; QML; Widgets; UI,입문~중급,온라인,무료,,온라인,자기주도 학습,상시,상시,대학생·취업준비생·재직자·일반인,과정별 확인,https://www.qt.io/academy,Qt Group,기업·기관 공식사이트,2026-09-28,상시 운영,,환경 구성 → Qt 기초 → Widgets·QML → 데이터 연동 → 관제 UI 프로젝트,공식 제공기관이 운영하는 교육·튜토리얼·문서 기반 학습경로.,공식 웹사이트 직접 확인
개발·제작,항전·통신·센서·임무장비,DJ-058,드론 지상통제장비 하드웨어 엔지니어,통신·관제장비,산업용PC,산업용PC,"산업용PC은(는) 드론 통신·관제·무선 네트워크 업무에서 사용하는 도구·개념·절차입니다. 실제 직무에서는 설계, 운용, 분석 또는 의사결정 결과를 만드는 데 적용됩니다.",드론 지상통제장비 하드웨어 엔지니어이(가) 조종콘솔·모니터·통신·전원 장비 개발 업무를 수행할 때 산업용PC을(를) 이해하고 적용하기 위해 학습합니다.,네트워크·전자통신 기초,초급~중급,PREREQUISITE,국비지원 직업훈련,AIOT 기반 드론 영상 관제시스템 프로젝트 개발,AIG20250000501335,982,DW아카데미학원,직업훈련기관,응용SW엔지니어링 기반의 고용24 훈련과정입니다. 산업용PC 학습에는 과정명과의 직접 연관성에 따라 기초·포함·선수 경로로 연결했습니다.,응용SW엔지니어링; AI소프트웨어; AIOT; 파이썬,초급~중급,오프라인,국비지원(일부 자부담 가능),고용24 직업훈련(국민내일배움카드 적용 여부는 과정 상세 확인),대전 중구,"총 1,120시간",,2026-09-09~2027-04-05,K-디지털 트레이닝,수료 여부 과정별 확인,https://www.work24.go.kr/hr/a/a/3100/selectTracseDetl.do?tracseId=AIG20250000501335&tracseTme=8&crseTracseSe=C0061&trainstCstmrId=500020022702,고용24 훈련과정 상세,정부사이트,2026-09-28,현재 운영,,통신 기초 → 프로토콜·관제 도구 → 링크·보안 실습 → 통합 시험,대시보드 원본 교육데이터(진행중)를 Skill과 연결. relevance_type=PREREQUISITE.,dashboard C.html / Work24 원천 링크
개발·제작,항전·통신·센서·임무장비,DJ-060,드론 C2 네트워크 엔지니어,통신·관제장비,5G/LTE,5G/LTE 관련 기술,"5G/LTE은(는) 드론 통신·관제·무선 네트워크 업무에서 사용하는 도구·개념·절차입니다. 실제 직무에서는 설계, 운용, 분석 또는 의사결정 결과를 만드는 데 적용됩니다.",드론 C2 네트워크 엔지니어이(가) 장거리·다중기체 지휘통제 네트워크 설계 업무를 수행할 때 5G/LTE을(를) 이해하고 적용하기 위해 학습합니다.,네트워크·전자통신 기초,초급~중급,PREREQUISITE,국비지원 직업훈련,AIOT 기반 드론 영상 관제시스템 프로젝트 개발,AIG20250000501335,982,DW아카데미학원,직업훈련기관,응용SW엔지니어링 기반의 고용24 훈련과정입니다. 5G/LTE 학습에는 과정명과의 직접 연관성에 따라 기초·포함·선수 경로로 연결했습니다.,응용SW엔지니어링; AI소프트웨어; AIOT; 파이썬,초급~중급,오프라인,국비지원(일부 자부담 가능),고용24 직업훈련(국민내일배움카드 적용 여부는 과정 상세 확인),대전 중구,"총 1,120시간",,2026-09-09~2027-04-05,K-디지털 트레이닝,수료 여부 과정별 확인,https://www.work24.go.kr/hr/a/a/3100/selectTracseDetl.do?tracseId=AIG20250000501335&tracseTme=8&crseTracseSe=C0061&trainstCstmrId=500020022702,고용24 훈련과정 상세,정부사이트,2026-09-28,현재 운영,,통신 기초 → 프로토콜·관제 도구 → 링크·보안 실습 → 통합 시험,대시보드 원본 교육데이터(진행중)를 Skill과 연결. relevance_type=PREREQUISITE.,dashboard C.html / Work24 원천 링크
개발·제작,항전·통신·센서·임무장비,DJ-060,드론 C2 네트워크 엔지니어,통신·관제장비,Mesh,Mesh 관련 기술,"Mesh은(는) 드론 통신·관제·무선 네트워크 업무에서 사용하는 도구·개념·절차입니다. 실제 직무에서는 설계, 운용, 분석 또는 의사결정 결과를 만드는 데 적용됩니다.",드론 C2 네트워크 엔지니어이(가) 장거리·다중기체 지휘통제 네트워크 설계 업무를 수행할 때 Mesh을(를) 이해하고 적용하기 위해 학습합니다.,네트워크·전자통신 기초,초급~중급,PREREQUISITE,국비지원 직업훈련,AIOT 기반 드론 영상 관제시스템 프로젝트 개발,AIG20250000501335,982,DW아카데미학원,직업훈련기관,응용SW엔지니어링 기반의 고용24 훈련과정입니다. Mesh 학습에는 과정명과의 직접 연관성에 따라 기초·포함·선수 경로로 연결했습니다.,응용SW엔지니어링; AI소프트웨어; AIOT; 파이썬,초급~중급,오프라인,국비지원(일부 자부담 가능),고용24 직업훈련(국민내일배움카드 적용 여부는 과정 상세 확인),대전 중구,"총 1,120시간",,2026-09-09~2027-04-05,K-디지털 트레이닝,수료 여부 과정별 확인,https://www.work24.go.kr/hr/a/a/3100/selectTracseDetl.do?tracseId=AIG20250000501335&tracseTme=8&crseTracseSe=C0061&trainstCstmrId=500020022702,고용24 훈련과정 상세,정부사이트,2026-09-28,현재 운영,,통신 기초 → 프로토콜·관제 도구 → 링크·보안 실습 → 통합 시험,대시보드 원본 교육데이터(진행중)를 Skill과 연결. relevance_type=PREREQUISITE.,dashboard C.html / Work24 원천 링크
개발·제작,항전·통신·센서·임무장비,DJ-060,드론 C2 네트워크 엔지니어,통신·관제장비,QoS,QoS 관련 기술,"QoS은(는) 드론 통신·관제·무선 네트워크 업무에서 사용하는 도구·개념·절차입니다. 실제 직무에서는 설계, 운용, 분석 또는 의사결정 결과를 만드는 데 적용됩니다.",드론 C2 네트워크 엔지니어이(가) 장거리·다중기체 지휘통제 네트워크 설계 업무를 수행할 때 QoS을(를) 이해하고 적용하기 위해 학습합니다.,네트워크·전자통신 기초,초급~중급,PREREQUISITE,국비지원 직업훈련,AIOT 기반 드론 영상 관제시스템 프로젝트 개발,AIG20250000501335,982,DW아카데미학원,직업훈련기관,응용SW엔지니어링 기반의 고용24 훈련과정입니다. QoS 학습에는 과정명과의 직접 연관성에 따라 기초·포함·선수 경로로 연결했습니다.,응용SW엔지니어링; AI소프트웨어; AIOT; 파이썬,초급~중급,오프라인,국비지원(일부 자부담 가능),고용24 직업훈련(국민내일배움카드 적용 여부는 과정 상세 확인),대전 중구,"총 1,120시간",,2026-09-09~2027-04-05,K-디지털 트레이닝,수료 여부 과정별 확인,https://www.work24.go.kr/hr/a/a/3100/selectTracseDetl.do?tracseId=AIG20250000501335&tracseTme=8&crseTracseSe=C0061&trainstCstmrId=500020022702,고용24 훈련과정 상세,정부사이트,2026-09-28,현재 운영,,통신 기초 → 프로토콜·관제 도구 → 링크·보안 실습 → 통합 시험,대시보드 원본 교육데이터(진행중)를 Skill과 연결. relevance_type=PREREQUISITE.,dashboard C.html / Work24 원천 링크
개발·제작,항전·통신·센서·임무장비,DJ-055,드론 RF 통신 엔지니어,통신·관제장비,RF,무선주파수,"무선주파수은(는) 드론 통신·관제·무선 네트워크 업무에서 사용하는 도구·개념·절차입니다. 실제 직무에서는 설계, 운용, 분석 또는 의사결정 결과를 만드는 데 적용됩니다.",드론 RF 통신 엔지니어이(가) 조종·텔레메트리·영상 링크 RF 회로 개발 업무를 수행할 때 RF을(를) 이해하고 적용하기 위해 학습합니다.,네트워크·전자통신 기초,초급~중급,PREREQUISITE,국비지원 직업훈련,AIOT 기반 드론 영상 관제시스템 프로젝트 개발,AIG20250000501335,982,DW아카데미학원,직업훈련기관,응용SW엔지니어링 기반의 고용24 훈련과정입니다. RF 학습에는 과정명과의 직접 연관성에 따라 기초·포함·선수 경로로 연결했습니다.,응용SW엔지니어링; AI소프트웨어; AIOT; 파이썬,초급~중급,오프라인,국비지원(일부 자부담 가능),고용24 직업훈련(국민내일배움카드 적용 여부는 과정 상세 확인),대전 중구,"총 1,120시간",,2026-09-09~2027-04-05,K-디지털 트레이닝,수료 여부 과정별 확인,https://www.work24.go.kr/hr/a/a/3100/selectTracseDetl.do?tracseId=AIG20250000501335&tracseTme=8&crseTracseSe=C0061&trainstCstmrId=500020022702,고용24 훈련과정 상세,정부사이트,2026-09-28,현재 운영,,통신 기초 → 프로토콜·관제 도구 → 링크·보안 실습 → 통합 시험,대시보드 원본 교육데이터(진행중)를 Skill과 연결. relevance_type=PREREQUISITE.,dashboard C.html / Work24 원천 링크
개발·제작,항전·통신·센서·임무장비,DJ-055,드론 RF 통신 엔지니어,통신·관제장비,SDR,소프트웨어 정의 무선,"소프트웨어 정의 무선은(는) 드론 통신·관제·무선 네트워크 업무에서 사용하는 도구·개념·절차입니다. 실제 직무에서는 설계, 운용, 분석 또는 의사결정 결과를 만드는 데 적용됩니다.",드론 RF 통신 엔지니어이(가) 조종·텔레메트리·영상 링크 RF 회로 개발 업무를 수행할 때 SDR을(를) 이해하고 적용하기 위해 학습합니다.,네트워크·전자통신 기초,초급~중급,PREREQUISITE,국비지원 직업훈련,AIOT 기반 드론 영상 관제시스템 프로젝트 개발,AIG20250000501335,982,DW아카데미학원,직업훈련기관,응용SW엔지니어링 기반의 고용24 훈련과정입니다. SDR 학습에는 과정명과의 직접 연관성에 따라 기초·포함·선수 경로로 연결했습니다.,응용SW엔지니어링; AI소프트웨어; AIOT; 파이썬,초급~중급,오프라인,국비지원(일부 자부담 가능),고용24 직업훈련(국민내일배움카드 적용 여부는 과정 상세 확인),대전 중구,"총 1,120시간",,2026-09-09~2027-04-05,K-디지털 트레이닝,수료 여부 과정별 확인,https://www.work24.go.kr/hr/a/a/3100/selectTracseDetl.do?tracseId=AIG20250000501335&tracseTme=8&crseTracseSe=C0061&trainstCstmrId=500020022702,고용24 훈련과정 상세,정부사이트,2026-09-28,현재 운영,,통신 기초 → 프로토콜·관제 도구 → 링크·보안 실습 → 통합 시험,대시보드 원본 교육데이터(진행중)를 Skill과 연결. relevance_type=PREREQUISITE.,dashboard C.html / Work24 원천 링크
개발·제작,항전·통신·센서·임무장비,DJ-055,드론 RF 통신 엔지니어,통신·관제장비,링크버짓,링크버짓,"링크버짓은(는) 드론 통신·관제·무선 네트워크 업무에서 사용하는 도구·개념·절차입니다. 실제 직무에서는 설계, 운용, 분석 또는 의사결정 결과를 만드는 데 적용됩니다.",드론 RF 통신 엔지니어이(가) 조종·텔레메트리·영상 링크 RF 회로 개발 업무를 수행할 때 링크버짓을(를) 이해하고 적용하기 위해 학습합니다.,네트워크·전자통신 기초,초급~중급,PREREQUISITE,국비지원 직업훈련,AIOT 기반 드론 영상 관제시스템 프로젝트 개발,AIG20250000501335,982,DW아카데미학원,직업훈련기관,응용SW엔지니어링 기반의 고용24 훈련과정입니다. 링크버짓 학습에는 과정명과의 직접 연관성에 따라 기초·포함·선수 경로로 연결했습니다.,응용SW엔지니어링; AI소프트웨어; AIOT; 파이썬,초급~중급,오프라인,국비지원(일부 자부담 가능),고용24 직업훈련(국민내일배움카드 적용 여부는 과정 상세 확인),대전 중구,"총 1,120시간",,2026-09-09~2027-04-05,K-디지털 트레이닝,수료 여부 과정별 확인,https://www.work24.go.kr/hr/a/a/3100/selectTracseDetl.do?tracseId=AIG20250000501335&tracseTme=8&crseTracseSe=C0061&trainstCstmrId=500020022702,고용24 훈련과정 상세,정부사이트,2026-09-28,현재 운영,,통신 기초 → 프로토콜·관제 도구 → 링크·보안 실습 → 통합 시험,대시보드 원본 교육데이터(진행중)를 Skill과 연결. relevance_type=PREREQUISITE.,dashboard C.html / Work24 원천 링크
개발·제작,항전·통신·센서·임무장비,DJ-049,드론 비행제어 알고리즘 엔지니어,항전·비행제어,HIL,HIL 관련 기술,"HIL은(는) 항전장비·센서융합·비행제어 소프트웨어 업무에서 사용하는 도구·개념·절차입니다. 실제 직무에서는 설계, 운용, 분석 또는 의사결정 결과를 만드는 데 적용됩니다.",드론 비행제어 알고리즘 엔지니어이(가) 자세·위치·궤적 제어 알고리즘 설계 업무를 수행할 때 HIL을(를) 이해하고 적용하기 위해 학습합니다.,제어공학·전자회로·프로그래밍 기초,중급,PREREQUISITE,국비지원 직업훈련,AIOT 기반 드론 영상 관제시스템 프로젝트 개발,AIG20250000501335,982,DW아카데미학원,직업훈련기관,응용SW엔지니어링 기반의 고용24 훈련과정입니다. HIL 학습에는 과정명과의 직접 연관성에 따라 기초·포함·선수 경로로 연결했습니다.,응용SW엔지니어링; AI소프트웨어; AIOT; 파이썬,중급,오프라인,국비지원(일부 자부담 가능),고용24 직업훈련(국민내일배움카드 적용 여부는 과정 상세 확인),대전 중구,"총 1,120시간",,2026-09-09~2027-04-05,K-디지털 트레이닝,수료 여부 과정별 확인,https://www.work24.go.kr/hr/a/a/3100/selectTracseDetl.do?tracseId=AIG20250000501335&tracseTme=8&crseTracseSe=C0061&trainstCstmrId=500020022702,고용24 훈련과정 상세,정부사이트,2026-09-28,현재 운영,https://docs.px4.io/main/en/,전자·제어 기초 → 센서·임베디드 → 필터·제어 구현 → HIL·비행시험,대시보드 원본 교육데이터(진행중)를 Skill과 연결. relevance_type=PREREQUISITE.,dashboard C.html / Work24 원천 링크
개발·제작,항전·통신·센서·임무장비,DJ-049,드론 비행제어 알고리즘 엔지니어,항전·비행제어,HIL,HIL 관련 기술,"HIL은(는) 항전장비·센서융합·비행제어 소프트웨어 업무에서 사용하는 도구·개념·절차입니다. 실제 직무에서는 설계, 운용, 분석 또는 의사결정 결과를 만드는 데 적용됩니다.",드론 비행제어 알고리즘 엔지니어이(가) 자세·위치·궤적 제어 알고리즘 설계 업무를 수행할 때 HIL을(를) 이해하고 적용하기 위해 학습합니다.,드론 구조와 Linux·C++ 기초(개발 과정),중급,OFFICIAL_RESOURCE,공식 튜토리얼·문서,PX4 Autopilot User Guide,PX4-GUIDE,,PX4 / Dronecode Foundation,공식 오픈소스,"PX4의 기본 개념, 기체 구성, 비행 모드, 시뮬레이션, 로그 분석과 개발 절차를 단계별로 학습합니다.",PX4; 비행제어; 시뮬레이션; 로그; 기체 설정,초급~고급,온라인,무료,,온라인,자기주도 학습,상시,상시,대학생·취업준비생·재직자·일반인,없음,https://docs.px4.io/main/en/,PX4 / Dronecode Foundation,공식 기술문서,2026-09-28,상시 운영,,Basic Concepts → Simulation → Configuration → Development,공식 제공기관이 운영하는 교육·튜토리얼·문서 기반 학습경로.,공식 웹사이트 직접 확인
개발·제작,항전·통신·센서·임무장비,DJ-049,드론 비행제어 알고리즘 엔지니어,항전·비행제어,MATLAB,매트랩,"매트랩은(는) 항전장비·센서융합·비행제어 소프트웨어 업무에서 사용하는 도구·개념·절차입니다. 실제 직무에서는 설계, 운용, 분석 또는 의사결정 결과를 만드는 데 적용됩니다.",드론 비행제어 알고리즘 엔지니어이(가) 자세·위치·궤적 제어 알고리즘 설계 업무를 수행할 때 MATLAB을(를) 이해하고 적용하기 위해 학습합니다.,제어공학·전자회로·프로그래밍 기초,중급,PREREQUISITE,국비지원 직업훈련,AIOT 기반 드론 영상 관제시스템 프로젝트 개발,AIG20250000501335,982,DW아카데미학원,직업훈련기관,응용SW엔지니어링 기반의 고용24 훈련과정입니다. MATLAB 학습에는 과정명과의 직접 연관성에 따라 기초·포함·선수 경로로 연결했습니다.,응용SW엔지니어링; AI소프트웨어; AIOT; 파이썬,중급,오프라인,국비지원(일부 자부담 가능),고용24 직업훈련(국민내일배움카드 적용 여부는 과정 상세 확인),대전 중구,"총 1,120시간",,2026-09-09~2027-04-05,K-디지털 트레이닝,수료 여부 과정별 확인,https://www.work24.go.kr/hr/a/a/3100/selectTracseDetl.do?tracseId=AIG20250000501335&tracseTme=8&crseTracseSe=C0061&trainstCstmrId=500020022702,고용24 훈련과정 상세,정부사이트,2026-09-28,현재 운영,https://matlabacademy.mathworks.com/details/matlab-onramp/gettingstarted,전자·제어 기초 → 센서·임베디드 → 필터·제어 구현 → HIL·비행시험,대시보드 원본 교육데이터(진행중)를 Skill과 연결. relevance_type=PREREQUISITE.,dashboard C.html / Work24 원천 링크
개발·제작,항전·통신·센서·임무장비,DJ-049,드론 비행제어 알고리즘 엔지니어,항전·비행제어,MATLAB,매트랩,"매트랩은(는) 항전장비·센서융합·비행제어 소프트웨어 업무에서 사용하는 도구·개념·절차입니다. 실제 직무에서는 설계, 운용, 분석 또는 의사결정 결과를 만드는 데 적용됩니다.",드론 비행제어 알고리즘 엔지니어이(가) 자세·위치·궤적 제어 알고리즘 설계 업무를 수행할 때 MATLAB을(를) 이해하고 적용하기 위해 학습합니다.,기초 수학,중급,OFFICIAL_RESOURCE,공식 튜토리얼·문서,MATLAB Onramp,MATLAB,,MathWorks,기업 공식교육,"MATLAB 언어와 환경, 배열 계산, 데이터 분석·시각화의 기본 워크플로를 대화형으로 학습합니다.",MATLAB; Array; Data Analysis; Visualization; Script,입문,온라인,무료,,온라인,자기주도 학습,상시,상시,대학생·취업준비생·재직자·일반인,수료 진행상태 제공,https://matlabacademy.mathworks.com/details/matlab-onramp/gettingstarted,MathWorks,기업·기관 공식사이트,2026-09-28,상시 운영,,환경 → 배열·연산 → 스크립트 → 데이터 분석 → 공학 문제 적용,공식 제공기관이 운영하는 교육·튜토리얼·문서 기반 학습경로.,공식 웹사이트 직접 확인
개발·제작,항전·통신·센서·임무장비,DJ-049,드론 비행제어 알고리즘 엔지니어,항전·비행제어,제어이론,제어이론,"제어이론은(는) 항전장비·센서융합·비행제어 소프트웨어 업무에서 사용하는 도구·개념·절차입니다. 실제 직무에서는 설계, 운용, 분석 또는 의사결정 결과를 만드는 데 적용됩니다.",드론 비행제어 알고리즘 엔지니어이(가) 자세·위치·궤적 제어 알고리즘 설계 업무를 수행할 때 제어이론을(를) 이해하고 적용하기 위해 학습합니다.,제어공학·전자회로·프로그래밍 기초,중급,PREREQUISITE,국비지원 직업훈련,AIOT 기반 드론 영상 관제시스템 프로젝트 개발,AIG20250000501335,982,DW아카데미학원,직업훈련기관,응용SW엔지니어링 기반의 고용24 훈련과정입니다. 제어이론 학습에는 과정명과의 직접 연관성에 따라 기초·포함·선수 경로로 연결했습니다.,응용SW엔지니어링; AI소프트웨어; AIOT; 파이썬,중급,오프라인,국비지원(일부 자부담 가능),고용24 직업훈련(국민내일배움카드 적용 여부는 과정 상세 확인),대전 중구,"총 1,120시간",,2026-09-09~2027-04-05,K-디지털 트레이닝,수료 여부 과정별 확인,https://www.work24.go.kr/hr/a/a/3100/selectTracseDetl.do?tracseId=AIG20250000501335&tracseTme=8&crseTracseSe=C0061&trainstCstmrId=500020022702,고용24 훈련과정 상세,정부사이트,2026-09-28,현재 운영,https://matlabacademy.mathworks.com/details/control-design-onramp-with-simulink/controls,전자·제어 기초 → 센서·임베디드 → 필터·제어 구현 → HIL·비행시험,대시보드 원본 교육데이터(진행중)를 Skill과 연결. relevance_type=PREREQUISITE.,dashboard C.html / Work24 원천 링크
개발·제작,항전·통신·센서·임무장비,DJ-049,드론 비행제어 알고리즘 엔지니어,항전·비행제어,제어이론,제어이론,"제어이론은(는) 항전장비·센서융합·비행제어 소프트웨어 업무에서 사용하는 도구·개념·절차입니다. 실제 직무에서는 설계, 운용, 분석 또는 의사결정 결과를 만드는 데 적용됩니다.",드론 비행제어 알고리즘 엔지니어이(가) 자세·위치·궤적 제어 알고리즘 설계 업무를 수행할 때 제어이론을(를) 이해하고 적용하기 위해 학습합니다.,기초 미적분과 동역학,중급,INCLUDED,공식 튜토리얼·문서,Control Design Onramp with Simulink,CONTROL,,MathWorks,기업 공식교육,"피드백 제어, 동적 시스템, PID 튜닝과 제어 설계 워크플로를 Simulink로 실습합니다.",Control; Simulink; PID; Dynamic System; Feedback,초급~중급,온라인,무료,,온라인,자기주도 학습,상시,상시,대학생·취업준비생·재직자·일반인,수료 진행상태 제공,https://matlabacademy.mathworks.com/details/control-design-onramp-with-simulink/controls,MathWorks,기업·기관 공식사이트,2026-09-28,상시 운영,,동적 시스템 → 피드백 → PID → 모델 검증 → 비행제어 응용,공식 제공기관이 운영하는 교육·튜토리얼·문서 기반 학습경로.,공식 웹사이트 직접 확인
개발·제작,항전·통신·센서·임무장비,DJ-048,드론 비행제어 하드웨어 엔지니어,항전·비행제어,EMI,전자파 간섭,"전자파 간섭은(는) 항전장비·센서융합·비행제어 소프트웨어 업무에서 사용하는 도구·개념·절차입니다. 실제 직무에서는 설계, 운용, 분석 또는 의사결정 결과를 만드는 데 적용됩니다.",드론 비행제어 하드웨어 엔지니어이(가) 비행제어컴퓨터 회로·PCB·전원 설계 업무를 수행할 때 EMI을(를) 이해하고 적용하기 위해 학습합니다.,제어공학·전자회로·프로그래밍 기초,중급,PREREQUISITE,국비지원 직업훈련,AIOT 기반 드론 영상 관제시스템 프로젝트 개발,AIG20250000501335,982,DW아카데미학원,직업훈련기관,응용SW엔지니어링 기반의 고용24 훈련과정입니다. EMI 학습에는 과정명과의 직접 연관성에 따라 기초·포함·선수 경로로 연결했습니다.,응용SW엔지니어링; AI소프트웨어; AIOT; 파이썬,중급,오프라인,국비지원(일부 자부담 가능),고용24 직업훈련(국민내일배움카드 적용 여부는 과정 상세 확인),대전 중구,"총 1,120시간",,2026-09-09~2027-04-05,K-디지털 트레이닝,수료 여부 과정별 확인,https://www.work24.go.kr/hr/a/a/3100/selectTracseDetl.do?tracseId=AIG20250000501335&tracseTme=8&crseTracseSe=C0061&trainstCstmrId=500020022702,고용24 훈련과정 상세,정부사이트,2026-09-28,현재 운영,,전자·제어 기초 → 센서·임베디드 → 필터·제어 구현 → HIL·비행시험,대시보드 원본 교육데이터(진행중)를 Skill과 연결. relevance_type=PREREQUISITE.,dashboard C.html / Work24 원천 링크
개발·제작,항전·통신·센서·임무장비,DJ-048,드론 비행제어 하드웨어 엔지니어,항전·비행제어,MCU,마이크로컨트롤러,"마이크로컨트롤러은(는) 항전장비·센서융합·비행제어 소프트웨어 업무에서 사용하는 도구·개념·절차입니다. 실제 직무에서는 설계, 운용, 분석 또는 의사결정 결과를 만드는 데 적용됩니다.",드론 비행제어 하드웨어 엔지니어이(가) 비행제어컴퓨터 회로·PCB·전원 설계 업무를 수행할 때 MCU을(를) 이해하고 적용하기 위해 학습합니다.,제어공학·전자회로·프로그래밍 기초,중급,PREREQUISITE,국비지원 직업훈련,AIOT 기반 드론 영상 관제시스템 프로젝트 개발,AIG20250000501335,982,DW아카데미학원,직업훈련기관,응용SW엔지니어링 기반의 고용24 훈련과정입니다. MCU 학습에는 과정명과의 직접 연관성에 따라 기초·포함·선수 경로로 연결했습니다.,응용SW엔지니어링; AI소프트웨어; AIOT; 파이썬,중급,오프라인,국비지원(일부 자부담 가능),고용24 직업훈련(국민내일배움카드 적용 여부는 과정 상세 확인),대전 중구,"총 1,120시간",,2026-09-09~2027-04-05,K-디지털 트레이닝,수료 여부 과정별 확인,https://www.work24.go.kr/hr/a/a/3100/selectTracseDetl.do?tracseId=AIG20250000501335&tracseTme=8&crseTracseSe=C0061&trainstCstmrId=500020022702,고용24 훈련과정 상세,정부사이트,2026-09-28,현재 운영,https://docs.arduino.cc/learn,전자·제어 기초 → 센서·임베디드 → 필터·제어 구현 → HIL·비행시험,대시보드 원본 교육데이터(진행중)를 Skill과 연결. relevance_type=PREREQUISITE.,dashboard C.html / Work24 원천 링크
개발·제작,항전·통신·센서·임무장비,DJ-048,드론 비행제어 하드웨어 엔지니어,항전·비행제어,MCU,마이크로컨트롤러,"마이크로컨트롤러은(는) 항전장비·센서융합·비행제어 소프트웨어 업무에서 사용하는 도구·개념·절차입니다. 실제 직무에서는 설계, 운용, 분석 또는 의사결정 결과를 만드는 데 적용됩니다.",드론 비행제어 하드웨어 엔지니어이(가) 비행제어컴퓨터 회로·PCB·전원 설계 업무를 수행할 때 MCU을(를) 이해하고 적용하기 위해 학습합니다.,전기 안전과 기초 회로,중급,INCLUDED,공식 튜토리얼·문서,Arduino Learn,ARDUINO,,Arduino,기업 공식교육,"전자회로, 마이크로컨트롤러, 센서·모터·통신을 공식 실습 예제로 학습합니다.",Arduino; Electronics; MCU; Sensor; Motor; Serial Communication,입문~중급,온라인,무료,,온라인,자기주도 학습,상시,상시,대학생·취업준비생·재직자·일반인,없음,https://docs.arduino.cc/learn,Arduino,기업·기관 공식사이트,2026-09-28,상시 운영,,회로 기초 → 입출력 → 센서·통신 → 모터 제어 → 드론 장치 프로토타입,공식 제공기관이 운영하는 교육·튜토리얼·문서 기반 학습경로.,공식 웹사이트 직접 확인
개발·제작,항전·통신·센서·임무장비,DJ-048,드론 비행제어 하드웨어 엔지니어,항전·비행제어,PCB,인쇄회로기판,"인쇄회로기판은(는) 항전장비·센서융합·비행제어 소프트웨어 업무에서 사용하는 도구·개념·절차입니다. 실제 직무에서는 설계, 운용, 분석 또는 의사결정 결과를 만드는 데 적용됩니다.",드론 비행제어 하드웨어 엔지니어이(가) 비행제어컴퓨터 회로·PCB·전원 설계 업무를 수행할 때 PCB을(를) 이해하고 적용하기 위해 학습합니다.,제어공학·전자회로·프로그래밍 기초,중급,PREREQUISITE,국비지원 직업훈련,AIOT 기반 드론 영상 관제시스템 프로젝트 개발,AIG20250000501335,982,DW아카데미학원,직업훈련기관,응용SW엔지니어링 기반의 고용24 훈련과정입니다. PCB 학습에는 과정명과의 직접 연관성에 따라 기초·포함·선수 경로로 연결했습니다.,응용SW엔지니어링; AI소프트웨어; AIOT; 파이썬,중급,오프라인,국비지원(일부 자부담 가능),고용24 직업훈련(국민내일배움카드 적용 여부는 과정 상세 확인),대전 중구,"총 1,120시간",,2026-09-09~2027-04-05,K-디지털 트레이닝,수료 여부 과정별 확인,https://www.work24.go.kr/hr/a/a/3100/selectTracseDetl.do?tracseId=AIG20250000501335&tracseTme=8&crseTracseSe=C0061&trainstCstmrId=500020022702,고용24 훈련과정 상세,정부사이트,2026-09-28,현재 운영,https://docs.arduino.cc/learn,전자·제어 기초 → 센서·임베디드 → 필터·제어 구현 → HIL·비행시험,대시보드 원본 교육데이터(진행중)를 Skill과 연결. relevance_type=PREREQUISITE.,dashboard C.html / Work24 원천 링크
개발·제작,항전·통신·센서·임무장비,DJ-048,드론 비행제어 하드웨어 엔지니어,항전·비행제어,PCB,인쇄회로기판,"인쇄회로기판은(는) 항전장비·센서융합·비행제어 소프트웨어 업무에서 사용하는 도구·개념·절차입니다. 실제 직무에서는 설계, 운용, 분석 또는 의사결정 결과를 만드는 데 적용됩니다.",드론 비행제어 하드웨어 엔지니어이(가) 비행제어컴퓨터 회로·PCB·전원 설계 업무를 수행할 때 PCB을(를) 이해하고 적용하기 위해 학습합니다.,전기 안전과 기초 회로,중급,INCLUDED,공식 튜토리얼·문서,Arduino Learn,ARDUINO,,Arduino,기업 공식교육,"전자회로, 마이크로컨트롤러, 센서·모터·통신을 공식 실습 예제로 학습합니다.",Arduino; Electronics; MCU; Sensor; Motor; Serial Communication,입문~중급,온라인,무료,,온라인,자기주도 학습,상시,상시,대학생·취업준비생·재직자·일반인,없음,https://docs.arduino.cc/learn,Arduino,기업·기관 공식사이트,2026-09-28,상시 운영,,회로 기초 → 입출력 → 센서·통신 → 모터 제어 → 드론 장치 프로토타입,공식 제공기관이 운영하는 교육·튜토리얼·문서 기반 학습경로.,공식 웹사이트 직접 확인
개발·제작,항전·통신·센서·임무장비,DJ-048,드론 비행제어 하드웨어 엔지니어,항전·비행제어,전원,전원,"전원은(는) 항전장비·센서융합·비행제어 소프트웨어 업무에서 사용하는 도구·개념·절차입니다. 실제 직무에서는 설계, 운용, 분석 또는 의사결정 결과를 만드는 데 적용됩니다.",드론 비행제어 하드웨어 엔지니어이(가) 비행제어컴퓨터 회로·PCB·전원 설계 업무를 수행할 때 전원을(를) 이해하고 적용하기 위해 학습합니다.,제어공학·전자회로·프로그래밍 기초,중급,PREREQUISITE,국비지원 직업훈련,AIOT 기반 드론 영상 관제시스템 프로젝트 개발,AIG20250000501335,982,DW아카데미학원,직업훈련기관,응용SW엔지니어링 기반의 고용24 훈련과정입니다. 전원 학습에는 과정명과의 직접 연관성에 따라 기초·포함·선수 경로로 연결했습니다.,응용SW엔지니어링; AI소프트웨어; AIOT; 파이썬,중급,오프라인,국비지원(일부 자부담 가능),고용24 직업훈련(국민내일배움카드 적용 여부는 과정 상세 확인),대전 중구,"총 1,120시간",,2026-09-09~2027-04-05,K-디지털 트레이닝,수료 여부 과정별 확인,https://www.work24.go.kr/hr/a/a/3100/selectTracseDetl.do?tracseId=AIG20250000501335&tracseTme=8&crseTracseSe=C0061&trainstCstmrId=500020022702,고용24 훈련과정 상세,정부사이트,2026-09-28,현재 운영,https://docs.arduino.cc/learn,전자·제어 기초 → 센서·임베디드 → 필터·제어 구현 → HIL·비행시험,대시보드 원본 교육데이터(진행중)를 Skill과 연결. relevance_type=PREREQUISITE.,dashboard C.html / Work24 원천 링크
개발·제작,항전·통신·센서·임무장비,DJ-048,드론 비행제어 하드웨어 엔지니어,항전·비행제어,전원,전원,"전원은(는) 항전장비·센서융합·비행제어 소프트웨어 업무에서 사용하는 도구·개념·절차입니다. 실제 직무에서는 설계, 운용, 분석 또는 의사결정 결과를 만드는 데 적용됩니다.",드론 비행제어 하드웨어 엔지니어이(가) 비행제어컴퓨터 회로·PCB·전원 설계 업무를 수행할 때 전원을(를) 이해하고 적용하기 위해 학습합니다.,전기 안전과 기초 회로,중급,INCLUDED,공식 튜토리얼·문서,Arduino Learn,ARDUINO,,Arduino,기업 공식교육,"전자회로, 마이크로컨트롤러, 센서·모터·통신을 공식 실습 예제로 학습합니다.",Arduino; Electronics; MCU; Sensor; Motor; Serial Communication,입문~중급,온라인,무료,,온라인,자기주도 학습,상시,상시,대학생·취업준비생·재직자·일반인,없음,https://docs.arduino.cc/learn,Arduino,기업·기관 공식사이트,2026-09-28,상시 운영,,회로 기초 → 입출력 → 센서·통신 → 모터 제어 → 드론 장치 프로토타입,공식 제공기관이 운영하는 교육·튜토리얼·문서 기반 학습경로.,공식 웹사이트 직접 확인
개발·제작,항전·통신·센서·임무장비,DJ-054,드론 센서융합 엔지니어,항전·비행제어,EKF,확장 칼만 필터,"확장 칼만 필터은(는) 항전장비·센서융합·비행제어 소프트웨어 업무에서 사용하는 도구·개념·절차입니다. 실제 직무에서는 설계, 운용, 분석 또는 의사결정 결과를 만드는 데 적용됩니다.",드론 센서융합 엔지니어이(가) GNSS·IMU·비전·LiDAR 정보를 융합 업무를 수행할 때 EKF을(를) 이해하고 적용하기 위해 학습합니다.,제어공학·전자회로·프로그래밍 기초,고급,PREREQUISITE,국비지원 직업훈련,AIOT 기반 드론 영상 관제시스템 프로젝트 개발,AIG20250000501335,982,DW아카데미학원,직업훈련기관,응용SW엔지니어링 기반의 고용24 훈련과정입니다. EKF 학습에는 과정명과의 직접 연관성에 따라 기초·포함·선수 경로로 연결했습니다.,응용SW엔지니어링; AI소프트웨어; AIOT; 파이썬,고급,오프라인,국비지원(일부 자부담 가능),고용24 직업훈련(국민내일배움카드 적용 여부는 과정 상세 확인),대전 중구,"총 1,120시간",,2026-09-09~2027-04-05,K-디지털 트레이닝,수료 여부 과정별 확인,https://www.work24.go.kr/hr/a/a/3100/selectTracseDetl.do?tracseId=AIG20250000501335&tracseTme=8&crseTracseSe=C0061&trainstCstmrId=500020022702,고용24 훈련과정 상세,정부사이트,2026-09-28,현재 운영,https://matlabacademy.mathworks.com/details/control-design-onramp-with-simulink/controls,전자·제어 기초 → 센서·임베디드 → 필터·제어 구현 → HIL·비행시험,대시보드 원본 교육데이터(진행중)를 Skill과 연결. relevance_type=PREREQUISITE.,dashboard C.html / Work24 원천 링크
개발·제작,항전·통신·센서·임무장비,DJ-054,드론 센서융합 엔지니어,항전·비행제어,EKF,확장 칼만 필터,"확장 칼만 필터은(는) 항전장비·센서융합·비행제어 소프트웨어 업무에서 사용하는 도구·개념·절차입니다. 실제 직무에서는 설계, 운용, 분석 또는 의사결정 결과를 만드는 데 적용됩니다.",드론 센서융합 엔지니어이(가) GNSS·IMU·비전·LiDAR 정보를 융합 업무를 수행할 때 EKF을(를) 이해하고 적용하기 위해 학습합니다.,기초 미적분과 동역학,고급,INCLUDED,공식 튜토리얼·문서,Control Design Onramp with Simulink,CONTROL,,MathWorks,기업 공식교육,"피드백 제어, 동적 시스템, PID 튜닝과 제어 설계 워크플로를 Simulink로 실습합니다.",Control; Simulink; PID; Dynamic System; Feedback,초급~중급,온라인,무료,,온라인,자기주도 학습,상시,상시,대학생·취업준비생·재직자·일반인,수료 진행상태 제공,https://matlabacademy.mathworks.com/details/control-design-onramp-with-simulink/controls,MathWorks,기업·기관 공식사이트,2026-09-28,상시 운영,,동적 시스템 → 피드백 → PID → 모델 검증 → 비행제어 응용,공식 제공기관이 운영하는 교육·튜토리얼·문서 기반 학습경로.,공식 웹사이트 직접 확인
개발·제작,항전·통신·센서·임무장비,DJ-054,드론 센서융합 엔지니어,항전·비행제어,ROS,로봇 운영체제(ROS),"로봇 운영체제(ROS)은(는) 항전장비·센서융합·비행제어 소프트웨어 업무에서 사용하는 도구·개념·절차입니다. 실제 직무에서는 설계, 운용, 분석 또는 의사결정 결과를 만드는 데 적용됩니다.",드론 센서융합 엔지니어이(가) GNSS·IMU·비전·LiDAR 정보를 융합 업무를 수행할 때 ROS을(를) 이해하고 적용하기 위해 학습합니다.,제어공학·전자회로·프로그래밍 기초,중급,INCLUDED,국비지원 직업훈련,AIOT 기반 드론 영상 관제시스템 프로젝트 개발,AIG20250000501335,982,DW아카데미학원,직업훈련기관,응용SW엔지니어링 기반의 고용24 훈련과정입니다. ROS 학습에는 과정명과의 직접 연관성에 따라 기초·포함·선수 경로로 연결했습니다.,응용SW엔지니어링; AI소프트웨어; AIOT; 파이썬,중급,오프라인,국비지원(일부 자부담 가능),고용24 직업훈련(국민내일배움카드 적용 여부는 과정 상세 확인),대전 중구,"총 1,120시간",,2026-09-09~2027-04-05,K-디지털 트레이닝,수료 여부 과정별 확인,https://www.work24.go.kr/hr/a/a/3100/selectTracseDetl.do?tracseId=AIG20250000501335&tracseTme=8&crseTracseSe=C0061&trainstCstmrId=500020022702,고용24 훈련과정 상세,정부사이트,2026-09-28,현재 운영,https://docs.ros.org/en/jazzy/Tutorials.html,전자·제어 기초 → 센서·임베디드 → 필터·제어 구현 → HIL·비행시험,대시보드 원본 교육데이터(진행중)를 Skill과 연결. relevance_type=INCLUDED.,dashboard C.html / Work24 원천 링크
개발·제작,항전·통신·센서·임무장비,DJ-054,드론 센서융합 엔지니어,항전·비행제어,ROS,로봇 운영체제(ROS),"로봇 운영체제(ROS)은(는) 항전장비·센서융합·비행제어 소프트웨어 업무에서 사용하는 도구·개념·절차입니다. 실제 직무에서는 설계, 운용, 분석 또는 의사결정 결과를 만드는 데 적용됩니다.",드론 센서융합 엔지니어이(가) GNSS·IMU·비전·LiDAR 정보를 융합 업무를 수행할 때 ROS을(를) 이해하고 적용하기 위해 학습합니다.,Python 또는 C++ 기초와 Linux 사용 경험,중급,OFFICIAL_RESOURCE,공식 튜토리얼·문서,ROS 2 Tutorials,ROS2-DOC,,Open Robotics / ROS,공식 오픈소스,"ROS 2 노드, 토픽, 서비스, 액션, 패키지와 로봇 응용 개발 절차를 실습합니다.",ROS2; Node; Topic; Service; Action; Package,초급~중급,온라인,무료,,온라인,자기주도 학습,상시,상시,대학생·취업준비생·재직자·일반인,없음,https://docs.ros.org/en/jazzy/Tutorials.html,Open Robotics / ROS,공식 기술문서,2026-09-28,상시 운영,,CLI → Node·Topic → Service·Action → Package → 로봇 프로젝트,공식 제공기관이 운영하는 교육·튜토리얼·문서 기반 학습경로.,공식 웹사이트 직접 확인
개발·제작,항전·통신·센서·임무장비,DJ-054,드론 센서융합 엔지니어,항전·비행제어,Sensor Fusion,센서 융합,"센서 융합은(는) 항전장비·센서융합·비행제어 소프트웨어 업무에서 사용하는 도구·개념·절차입니다. 실제 직무에서는 설계, 운용, 분석 또는 의사결정 결과를 만드는 데 적용됩니다.",드론 센서융합 엔지니어이(가) GNSS·IMU·비전·LiDAR 정보를 융합 업무를 수행할 때 Sensor Fusion을(를) 이해하고 적용하기 위해 학습합니다.,제어공학·전자회로·프로그래밍 기초,고급,PREREQUISITE,국비지원 직업훈련,AIOT 기반 드론 영상 관제시스템 프로젝트 개발,AIG20250000501335,982,DW아카데미학원,직업훈련기관,응용SW엔지니어링 기반의 고용24 훈련과정입니다. Sensor Fusion 학습에는 과정명과의 직접 연관성에 따라 기초·포함·선수 경로로 연결했습니다.,응용SW엔지니어링; AI소프트웨어; AIOT; 파이썬,고급,오프라인,국비지원(일부 자부담 가능),고용24 직업훈련(국민내일배움카드 적용 여부는 과정 상세 확인),대전 중구,"총 1,120시간",,2026-09-09~2027-04-05,K-디지털 트레이닝,수료 여부 과정별 확인,https://www.work24.go.kr/hr/a/a/3100/selectTracseDetl.do?tracseId=AIG20250000501335&tracseTme=8&crseTracseSe=C0061&trainstCstmrId=500020022702,고용24 훈련과정 상세,정부사이트,2026-09-28,현재 운영,https://matlabacademy.mathworks.com/details/control-design-onramp-with-simulink/controls,전자·제어 기초 → 센서·임베디드 → 필터·제어 구현 → HIL·비행시험,대시보드 원본 교육데이터(진행중)를 Skill과 연결. relevance_type=PREREQUISITE.,dashboard C.html / Work24 원천 링크
개발·제작,항전·통신·센서·임무장비,DJ-054,드론 센서융합 엔지니어,항전·비행제어,Sensor Fusion,센서 융합,"센서 융합은(는) 항전장비·센서융합·비행제어 소프트웨어 업무에서 사용하는 도구·개념·절차입니다. 실제 직무에서는 설계, 운용, 분석 또는 의사결정 결과를 만드는 데 적용됩니다.",드론 센서융합 엔지니어이(가) GNSS·IMU·비전·LiDAR 정보를 융합 업무를 수행할 때 Sensor Fusion을(를) 이해하고 적용하기 위해 학습합니다.,기초 미적분과 동역학,고급,INCLUDED,공식 튜토리얼·문서,Control Design Onramp with Simulink,CONTROL,,MathWorks,기업 공식교육,"피드백 제어, 동적 시스템, PID 튜닝과 제어 설계 워크플로를 Simulink로 실습합니다.",Control; Simulink; PID; Dynamic System; Feedback,초급~중급,온라인,무료,,온라인,자기주도 학습,상시,상시,대학생·취업준비생·재직자·일반인,수료 진행상태 제공,https://matlabacademy.mathworks.com/details/control-design-onramp-with-simulink/controls,MathWorks,기업·기관 공식사이트,2026-09-28,상시 운영,,동적 시스템 → 피드백 → PID → 모델 검증 → 비행제어 응용,공식 제공기관이 운영하는 교육·튜토리얼·문서 기반 학습경로.,공식 웹사이트 직접 확인
개발·제작,항전·통신·센서·임무장비,DJ-050,드론 임베디드 펌웨어 개발자,항전·비행제어,C/C++,C·C++ 프로그래밍,"C·C++ 프로그래밍은(는) 항전장비·센서융합·비행제어 소프트웨어 업무에서 사용하는 도구·개념·절차입니다. 실제 직무에서는 설계, 운용, 분석 또는 의사결정 결과를 만드는 데 적용됩니다.",드론 임베디드 펌웨어 개발자이(가) 센서·액추에이터·통신용 실시간 펌웨어 개발 업무를 수행할 때 C/C++을(를) 이해하고 적용하기 위해 학습합니다.,제어공학·전자회로·프로그래밍 기초,중급,INCLUDED,국비지원 직업훈련,AIOT 기반 드론 영상 관제시스템 프로젝트 개발,AIG20250000501335,982,DW아카데미학원,직업훈련기관,응용SW엔지니어링 기반의 고용24 훈련과정입니다. C/C++ 학습에는 과정명과의 직접 연관성에 따라 기초·포함·선수 경로로 연결했습니다.,응용SW엔지니어링; AI소프트웨어; AIOT; 파이썬,중급,오프라인,국비지원(일부 자부담 가능),고용24 직업훈련(국민내일배움카드 적용 여부는 과정 상세 확인),대전 중구,"총 1,120시간",,2026-09-09~2027-04-05,K-디지털 트레이닝,수료 여부 과정별 확인,https://www.work24.go.kr/hr/a/a/3100/selectTracseDetl.do?tracseId=AIG20250000501335&tracseTme=8&crseTracseSe=C0061&trainstCstmrId=500020022702,고용24 훈련과정 상세,정부사이트,2026-09-28,현재 운영,https://learn.microsoft.com/ko-kr/cpp/get-started/?view=msvc-170,전자·제어 기초 → 센서·임베디드 → 필터·제어 구현 → HIL·비행시험,대시보드 원본 교육데이터(진행중)를 Skill과 연결. relevance_type=INCLUDED.,dashboard C.html / Work24 원천 링크
개발·제작,항전·통신·센서·임무장비,DJ-050,드론 임베디드 펌웨어 개발자,항전·비행제어,C/C++,C·C++ 프로그래밍,"C·C++ 프로그래밍은(는) 항전장비·센서융합·비행제어 소프트웨어 업무에서 사용하는 도구·개념·절차입니다. 실제 직무에서는 설계, 운용, 분석 또는 의사결정 결과를 만드는 데 적용됩니다.",드론 임베디드 펌웨어 개발자이(가) 센서·액추에이터·통신용 실시간 펌웨어 개발 업무를 수행할 때 C/C++을(를) 이해하고 적용하기 위해 학습합니다.,프로그래밍 입문 수준,중급,DIRECT,공식교육,C++ 개발 시작,CPP,,Microsoft Learn,기업 공식교육,"개발환경 구성, C++ 기본 프로그램 작성과 현대 C++ 개발 흐름을 학습합니다.",C++; Visual Studio; Build; Debug; Standard Library,초급,온라인,무료,,온라인,자기주도 학습,상시,상시,대학생·취업준비생·재직자·일반인,없음,https://learn.microsoft.com/ko-kr/cpp/get-started/?view=msvc-170,Microsoft Learn,기업·기관 공식사이트,2026-09-28,상시 운영,,환경 설치 → Hello World → 문법·자료구조 → 디버깅 → 임베디드·로봇 예제,공식 제공기관이 운영하는 교육·튜토리얼·문서 기반 학습경로.,공식 웹사이트 직접 확인
개발·제작,항전·통신·센서·임무장비,DJ-050,드론 임베디드 펌웨어 개발자,항전·비행제어,CAN,CAN 차량·장비 통신,"CAN 차량·장비 통신은(는) 항전장비·센서융합·비행제어 소프트웨어 업무에서 사용하는 도구·개념·절차입니다. 실제 직무에서는 설계, 운용, 분석 또는 의사결정 결과를 만드는 데 적용됩니다.",드론 임베디드 펌웨어 개발자이(가) 센서·액추에이터·통신용 실시간 펌웨어 개발 업무를 수행할 때 CAN을(를) 이해하고 적용하기 위해 학습합니다.,제어공학·전자회로·프로그래밍 기초,중급,PREREQUISITE,국비지원 직업훈련,AIOT 기반 드론 영상 관제시스템 프로젝트 개발,AIG20250000501335,982,DW아카데미학원,직업훈련기관,응용SW엔지니어링 기반의 고용24 훈련과정입니다. CAN 학습에는 과정명과의 직접 연관성에 따라 기초·포함·선수 경로로 연결했습니다.,응용SW엔지니어링; AI소프트웨어; AIOT; 파이썬,중급,오프라인,국비지원(일부 자부담 가능),고용24 직업훈련(국민내일배움카드 적용 여부는 과정 상세 확인),대전 중구,"총 1,120시간",,2026-09-09~2027-04-05,K-디지털 트레이닝,수료 여부 과정별 확인,https://www.work24.go.kr/hr/a/a/3100/selectTracseDetl.do?tracseId=AIG20250000501335&tracseTme=8&crseTracseSe=C0061&trainstCstmrId=500020022702,고용24 훈련과정 상세,정부사이트,2026-09-28,현재 운영,https://docs.arduino.cc/learn,전자·제어 기초 → 센서·임베디드 → 필터·제어 구현 → HIL·비행시험,대시보드 원본 교육데이터(진행중)를 Skill과 연결. relevance_type=PREREQUISITE.,dashboard C.html / Work24 원천 링크
개발·제작,항전·통신·센서·임무장비,DJ-050,드론 임베디드 펌웨어 개발자,항전·비행제어,CAN,CAN 차량·장비 통신,"CAN 차량·장비 통신은(는) 항전장비·센서융합·비행제어 소프트웨어 업무에서 사용하는 도구·개념·절차입니다. 실제 직무에서는 설계, 운용, 분석 또는 의사결정 결과를 만드는 데 적용됩니다.",드론 임베디드 펌웨어 개발자이(가) 센서·액추에이터·통신용 실시간 펌웨어 개발 업무를 수행할 때 CAN을(를) 이해하고 적용하기 위해 학습합니다.,전기 안전과 기초 회로,중급,INCLUDED,공식 튜토리얼·문서,Arduino Learn,ARDUINO,,Arduino,기업 공식교육,"전자회로, 마이크로컨트롤러, 센서·모터·통신을 공식 실습 예제로 학습합니다.",Arduino; Electronics; MCU; Sensor; Motor; Serial Communication,입문~중급,온라인,무료,,온라인,자기주도 학습,상시,상시,대학생·취업준비생·재직자·일반인,없음,https://docs.arduino.cc/learn,Arduino,기업·기관 공식사이트,2026-09-28,상시 운영,,회로 기초 → 입출력 → 센서·통신 → 모터 제어 → 드론 장치 프로토타입,공식 제공기관이 운영하는 교육·튜토리얼·문서 기반 학습경로.,공식 웹사이트 직접 확인
개발·제작,항전·통신·센서·임무장비,DJ-050,드론 임베디드 펌웨어 개발자,항전·비행제어,RTOS,실시간 운영체제,"실시간 운영체제은(는) 항전장비·센서융합·비행제어 소프트웨어 업무에서 사용하는 도구·개념·절차입니다. 실제 직무에서는 설계, 운용, 분석 또는 의사결정 결과를 만드는 데 적용됩니다.",드론 임베디드 펌웨어 개발자이(가) 센서·액추에이터·통신용 실시간 펌웨어 개발 업무를 수행할 때 RTOS을(를) 이해하고 적용하기 위해 학습합니다.,제어공학·전자회로·프로그래밍 기초,중급,PREREQUISITE,국비지원 직업훈련,AIOT 기반 드론 영상 관제시스템 프로젝트 개발,AIG20250000501335,982,DW아카데미학원,직업훈련기관,응용SW엔지니어링 기반의 고용24 훈련과정입니다. RTOS 학습에는 과정명과의 직접 연관성에 따라 기초·포함·선수 경로로 연결했습니다.,응용SW엔지니어링; AI소프트웨어; AIOT; 파이썬,중급,오프라인,국비지원(일부 자부담 가능),고용24 직업훈련(국민내일배움카드 적용 여부는 과정 상세 확인),대전 중구,"총 1,120시간",,2026-09-09~2027-04-05,K-디지털 트레이닝,수료 여부 과정별 확인,https://www.work24.go.kr/hr/a/a/3100/selectTracseDetl.do?tracseId=AIG20250000501335&tracseTme=8&crseTracseSe=C0061&trainstCstmrId=500020022702,고용24 훈련과정 상세,정부사이트,2026-09-28,현재 운영,https://docs.aws.amazon.com/freertos/latest/userguide/freertos-getting-started.html,전자·제어 기초 → 센서·임베디드 → 필터·제어 구현 → HIL·비행시험,대시보드 원본 교육데이터(진행중)를 Skill과 연결. relevance_type=PREREQUISITE.,dashboard C.html / Work24 원천 링크
개발·제작,항전·통신·센서·임무장비,DJ-050,드론 임베디드 펌웨어 개발자,항전·비행제어,RTOS,실시간 운영체제,"실시간 운영체제은(는) 항전장비·센서융합·비행제어 소프트웨어 업무에서 사용하는 도구·개념·절차입니다. 실제 직무에서는 설계, 운용, 분석 또는 의사결정 결과를 만드는 데 적용됩니다.",드론 임베디드 펌웨어 개발자이(가) 센서·액추에이터·통신용 실시간 펌웨어 개발 업무를 수행할 때 RTOS을(를) 이해하고 적용하기 위해 학습합니다.,C 언어와 MCU 기초,중급,DIRECT,공식교육,FreeRTOS Getting Started,FREERTOS,,FreeRTOS / AWS,공식 오픈소스,"FreeRTOS 설치·구성, 태스크와 기본 데모를 마이크로컨트롤러 환경에서 실습합니다.",FreeRTOS; Task; Queue; Embedded; MCU,중급,온라인,무료,,온라인,자기주도 학습,상시,상시,대학생·취업준비생·재직자·일반인,없음,https://docs.aws.amazon.com/freertos/latest/userguide/freertos-getting-started.html,FreeRTOS / AWS,공식 기술문서,2026-09-28,상시 운영,,RTOS 개념 → 환경 구성 → Task → Queue·동기화 → 비행제어 보조기능,공식 제공기관이 운영하는 교육·튜토리얼·문서 기반 학습경로.,공식 웹사이트 직접 확인
개발·제작,항전·통신·센서·임무장비,DJ-050,드론 임베디드 펌웨어 개발자,항전·비행제어,UART,직렬 통신,"직렬 통신은(는) 항전장비·센서융합·비행제어 소프트웨어 업무에서 사용하는 도구·개념·절차입니다. 실제 직무에서는 설계, 운용, 분석 또는 의사결정 결과를 만드는 데 적용됩니다.",드론 임베디드 펌웨어 개발자이(가) 센서·액추에이터·통신용 실시간 펌웨어 개발 업무를 수행할 때 UART을(를) 이해하고 적용하기 위해 학습합니다.,제어공학·전자회로·프로그래밍 기초,중급,PREREQUISITE,국비지원 직업훈련,AIOT 기반 드론 영상 관제시스템 프로젝트 개발,AIG20250000501335,982,DW아카데미학원,직업훈련기관,응용SW엔지니어링 기반의 고용24 훈련과정입니다. UART 학습에는 과정명과의 직접 연관성에 따라 기초·포함·선수 경로로 연결했습니다.,응용SW엔지니어링; AI소프트웨어; AIOT; 파이썬,중급,오프라인,국비지원(일부 자부담 가능),고용24 직업훈련(국민내일배움카드 적용 여부는 과정 상세 확인),대전 중구,"총 1,120시간",,2026-09-09~2027-04-05,K-디지털 트레이닝,수료 여부 과정별 확인,https://www.work24.go.kr/hr/a/a/3100/selectTracseDetl.do?tracseId=AIG20250000501335&tracseTme=8&crseTracseSe=C0061&trainstCstmrId=500020022702,고용24 훈련과정 상세,정부사이트,2026-09-28,현재 운영,https://mavlink.io/en/,전자·제어 기초 → 센서·임베디드 → 필터·제어 구현 → HIL·비행시험,대시보드 원본 교육데이터(진행중)를 Skill과 연결. relevance_type=PREREQUISITE.,dashboard C.html / Work24 원천 링크
개발·제작,항전·통신·센서·임무장비,DJ-050,드론 임베디드 펌웨어 개발자,항전·비행제어,UART,직렬 통신,"직렬 통신은(는) 항전장비·센서융합·비행제어 소프트웨어 업무에서 사용하는 도구·개념·절차입니다. 실제 직무에서는 설계, 운용, 분석 또는 의사결정 결과를 만드는 데 적용됩니다.",드론 임베디드 펌웨어 개발자이(가) 센서·액추에이터·통신용 실시간 펌웨어 개발 업무를 수행할 때 UART을(를) 이해하고 적용하기 위해 학습합니다.,전기 안전과 기초 회로,중급,INCLUDED,공식 튜토리얼·문서,Arduino Learn,ARDUINO,,Arduino,기업 공식교육,"전자회로, 마이크로컨트롤러, 센서·모터·통신을 공식 실습 예제로 학습합니다.",Arduino; Electronics; MCU; Sensor; Motor; Serial Communication,입문~중급,온라인,무료,,온라인,자기주도 학습,상시,상시,대학생·취업준비생·재직자·일반인,없음,https://docs.arduino.cc/learn,Arduino,기업·기관 공식사이트,2026-09-28,상시 운영,,회로 기초 → 입출력 → 센서·통신 → 모터 제어 → 드론 장치 프로토타입,공식 제공기관이 운영하는 교육·튜토리얼·문서 기반 학습경로.,공식 웹사이트 직접 확인
개발·제작,항전·통신·센서·임무장비,DJ-050,드론 임베디드 펌웨어 개발자,항전·비행제어,UART,직렬 통신,"직렬 통신은(는) 항전장비·센서융합·비행제어 소프트웨어 업무에서 사용하는 도구·개념·절차입니다. 실제 직무에서는 설계, 운용, 분석 또는 의사결정 결과를 만드는 데 적용됩니다.",드론 임베디드 펌웨어 개발자이(가) 센서·액추에이터·통신용 실시간 펌웨어 개발 업무를 수행할 때 UART을(를) 이해하고 적용하기 위해 학습합니다.,네트워크와 C/C++ 또는 Python 기초,중급,OFFICIAL_RESOURCE,공식 튜토리얼·문서,MAVLink Developer Guide,MAVLINK-GUIDE,,MAVLink / Dronecode,공식 오픈소스,"드론과 지상국 사이의 메시지, 마이크로서비스, 라우팅과 C·C++·Python 연동을 학습합니다.",MAVLink; Telemetry; Message; Routing; Pymavlink,중급,온라인,무료,,온라인,자기주도 학습,상시,상시,대학생·취업준비생·재직자·일반인,없음,https://mavlink.io/en/,MAVLink / Dronecode,공식 기술문서,2026-09-28,상시 운영,,Protocol Overview → Toolchain → Messages → Library Examples → Vehicle Link,공식 제공기관이 운영하는 교육·튜토리얼·문서 기반 학습경로.,공식 웹사이트 직접 확인
개발·제작,항전·통신·센서·임무장비,DJ-051,드론 전장·배선 설계 엔지니어,항전·비행제어,CAD,컴퓨터 지원 설계,"컴퓨터 지원 설계은(는) 항전장비·센서융합·비행제어 소프트웨어 업무에서 사용하는 도구·개념·절차입니다. 실제 직무에서는 설계, 운용, 분석 또는 의사결정 결과를 만드는 데 적용됩니다.",드론 전장·배선 설계 엔지니어이(가) 전원분배·하네스·커넥터·배선도 설계 업무를 수행할 때 CAD을(를) 이해하고 적용하기 위해 학습합니다.,제어공학·전자회로·프로그래밍 기초,입문~초급,PREREQUISITE,국비지원 직업훈련,AIOT 기반 드론 영상 관제시스템 프로젝트 개발,AIG20250000501335,982,DW아카데미학원,직업훈련기관,응용SW엔지니어링 기반의 고용24 훈련과정입니다. CAD 학습에는 과정명과의 직접 연관성에 따라 기초·포함·선수 경로로 연결했습니다.,응용SW엔지니어링; AI소프트웨어; AIOT; 파이썬,입문~초급,오프라인,국비지원(일부 자부담 가능),고용24 직업훈련(국민내일배움카드 적용 여부는 과정 상세 확인),대전 중구,"총 1,120시간",,2026-09-09~2027-04-05,K-디지털 트레이닝,수료 여부 과정별 확인,https://www.work24.go.kr/hr/a/a/3100/selectTracseDetl.do?tracseId=AIG20250000501335&tracseTme=8&crseTracseSe=C0061&trainstCstmrId=500020022702,고용24 훈련과정 상세,정부사이트,2026-09-28,현재 운영,https://www.autodesk.com/learn/ondemand/collection/intro-to-cad-cam,전자·제어 기초 → 센서·임베디드 → 필터·제어 구현 → HIL·비행시험,대시보드 원본 교육데이터(진행중)를 Skill과 연결. relevance_type=PREREQUISITE.,dashboard C.html / Work24 원천 링크
개발·제작,항전·통신·센서·임무장비,DJ-051,드론 전장·배선 설계 엔지니어,항전·비행제어,CAD,컴퓨터 지원 설계,"컴퓨터 지원 설계은(는) 항전장비·센서융합·비행제어 소프트웨어 업무에서 사용하는 도구·개념·절차입니다. 실제 직무에서는 설계, 운용, 분석 또는 의사결정 결과를 만드는 데 적용됩니다.",드론 전장·배선 설계 엔지니어이(가) 전원분배·하네스·커넥터·배선도 설계 업무를 수행할 때 CAD을(를) 이해하고 적용하기 위해 학습합니다.,기계 도면과 컴퓨터 사용 기초,입문~초급,INCLUDED,공식 튜토리얼·문서,Introduction to CAD/CAM,AUTODESK-CADCAM,,Autodesk,기업 공식교육,"Fusion 기반 스케치·3D 모델링, CAM 공정과 CNC 가공의 기초를 프로젝트로 학습합니다.",CAD; CAM; 3D Modeling; CNC; Manufacturing,입문~중급,온라인,무료,,온라인,자기주도 학습,상시,상시,대학생·취업준비생·재직자·일반인,과정별 확인,https://www.autodesk.com/learn/ondemand/collection/intro-to-cad-cam,Autodesk,기업·기관 공식사이트,2026-09-28,상시 운영,,스케치 → 3D 모델 → 도면 → CAM → 가공 프로젝트,공식 제공기관이 운영하는 교육·튜토리얼·문서 기반 학습경로.,공식 웹사이트 직접 확인
개발·제작,항전·통신·센서·임무장비,DJ-051,드론 전장·배선 설계 엔지니어,항전·비행제어,전원분배,전원분배,"전원분배은(는) 항전장비·센서융합·비행제어 소프트웨어 업무에서 사용하는 도구·개념·절차입니다. 실제 직무에서는 설계, 운용, 분석 또는 의사결정 결과를 만드는 데 적용됩니다.",드론 전장·배선 설계 엔지니어이(가) 전원분배·하네스·커넥터·배선도 설계 업무를 수행할 때 전원분배을(를) 이해하고 적용하기 위해 학습합니다.,제어공학·전자회로·프로그래밍 기초,중급,PREREQUISITE,국비지원 직업훈련,AIOT 기반 드론 영상 관제시스템 프로젝트 개발,AIG20250000501335,982,DW아카데미학원,직업훈련기관,응용SW엔지니어링 기반의 고용24 훈련과정입니다. 전원분배 학습에는 과정명과의 직접 연관성에 따라 기초·포함·선수 경로로 연결했습니다.,응용SW엔지니어링; AI소프트웨어; AIOT; 파이썬,중급,오프라인,국비지원(일부 자부담 가능),고용24 직업훈련(국민내일배움카드 적용 여부는 과정 상세 확인),대전 중구,"총 1,120시간",,2026-09-09~2027-04-05,K-디지털 트레이닝,수료 여부 과정별 확인,https://www.work24.go.kr/hr/a/a/3100/selectTracseDetl.do?tracseId=AIG20250000501335&tracseTme=8&crseTracseSe=C0061&trainstCstmrId=500020022702,고용24 훈련과정 상세,정부사이트,2026-09-28,현재 운영,https://docs.arduino.cc/learn,전자·제어 기초 → 센서·임베디드 → 필터·제어 구현 → HIL·비행시험,대시보드 원본 교육데이터(진행중)를 Skill과 연결. relevance_type=PREREQUISITE.,dashboard C.html / Work24 원천 링크
개발·제작,항전·통신·센서·임무장비,DJ-051,드론 전장·배선 설계 엔지니어,항전·비행제어,전원분배,전원분배,"전원분배은(는) 항전장비·센서융합·비행제어 소프트웨어 업무에서 사용하는 도구·개념·절차입니다. 실제 직무에서는 설계, 운용, 분석 또는 의사결정 결과를 만드는 데 적용됩니다.",드론 전장·배선 설계 엔지니어이(가) 전원분배·하네스·커넥터·배선도 설계 업무를 수행할 때 전원분배을(를) 이해하고 적용하기 위해 학습합니다.,전기 안전과 기초 회로,중급,INCLUDED,공식 튜토리얼·문서,Arduino Learn,ARDUINO,,Arduino,기업 공식교육,"전자회로, 마이크로컨트롤러, 센서·모터·통신을 공식 실습 예제로 학습합니다.",Arduino; Electronics; MCU; Sensor; Motor; Serial Communication,입문~중급,온라인,무료,,온라인,자기주도 학습,상시,상시,대학생·취업준비생·재직자·일반인,없음,https://docs.arduino.cc/learn,Arduino,기업·기관 공식사이트,2026-09-28,상시 운영,,회로 기초 → 입출력 → 센서·통신 → 모터 제어 → 드론 장치 프로토타입,공식 제공기관이 운영하는 교육·튜토리얼·문서 기반 학습경로.,공식 웹사이트 직접 확인
개발·제작,항전·통신·센서·임무장비,DJ-051,드론 전장·배선 설계 엔지니어,항전·비행제어,하네스,하네스,"하네스은(는) 항전장비·센서융합·비행제어 소프트웨어 업무에서 사용하는 도구·개념·절차입니다. 실제 직무에서는 설계, 운용, 분석 또는 의사결정 결과를 만드는 데 적용됩니다.",드론 전장·배선 설계 엔지니어이(가) 전원분배·하네스·커넥터·배선도 설계 업무를 수행할 때 하네스을(를) 이해하고 적용하기 위해 학습합니다.,제어공학·전자회로·프로그래밍 기초,중급,PREREQUISITE,국비지원 직업훈련,AIOT 기반 드론 영상 관제시스템 프로젝트 개발,AIG20250000501335,982,DW아카데미학원,직업훈련기관,응용SW엔지니어링 기반의 고용24 훈련과정입니다. 하네스 학습에는 과정명과의 직접 연관성에 따라 기초·포함·선수 경로로 연결했습니다.,응용SW엔지니어링; AI소프트웨어; AIOT; 파이썬,중급,오프라인,국비지원(일부 자부담 가능),고용24 직업훈련(국민내일배움카드 적용 여부는 과정 상세 확인),대전 중구,"총 1,120시간",,2026-09-09~2027-04-05,K-디지털 트레이닝,수료 여부 과정별 확인,https://www.work24.go.kr/hr/a/a/3100/selectTracseDetl.do?tracseId=AIG20250000501335&tracseTme=8&crseTracseSe=C0061&trainstCstmrId=500020022702,고용24 훈련과정 상세,정부사이트,2026-09-28,현재 운영,,전자·제어 기초 → 센서·임베디드 → 필터·제어 구현 → HIL·비행시험,대시보드 원본 교육데이터(진행중)를 Skill과 연결. relevance_type=PREREQUISITE.,dashboard C.html / Work24 원천 링크
개발·제작,항전·통신·센서·임무장비,DJ-047,드론 항전통합 엔지니어,항전·비행제어,ICD,인터페이스 통제문서,"인터페이스 통제문서은(는) 항전장비·센서융합·비행제어 소프트웨어 업무에서 사용하는 도구·개념·절차입니다. 실제 직무에서는 설계, 운용, 분석 또는 의사결정 결과를 만드는 데 적용됩니다.",드론 항전통합 엔지니어이(가) 비행컴퓨터·센서·통신·전원을 기체에 통합 업무를 수행할 때 ICD을(를) 이해하고 적용하기 위해 학습합니다.,제어공학·전자회로·프로그래밍 기초,중급,PREREQUISITE,국비지원 직업훈련,AIOT 기반 드론 영상 관제시스템 프로젝트 개발,AIG20250000501335,982,DW아카데미학원,직업훈련기관,응용SW엔지니어링 기반의 고용24 훈련과정입니다. ICD 학습에는 과정명과의 직접 연관성에 따라 기초·포함·선수 경로로 연결했습니다.,응용SW엔지니어링; AI소프트웨어; AIOT; 파이썬,중급,오프라인,국비지원(일부 자부담 가능),고용24 직업훈련(국민내일배움카드 적용 여부는 과정 상세 확인),대전 중구,"총 1,120시간",,2026-09-09~2027-04-05,K-디지털 트레이닝,수료 여부 과정별 확인,https://www.work24.go.kr/hr/a/a/3100/selectTracseDetl.do?tracseId=AIG20250000501335&tracseTme=8&crseTracseSe=C0061&trainstCstmrId=500020022702,고용24 훈련과정 상세,정부사이트,2026-09-28,현재 운영,,전자·제어 기초 → 센서·임베디드 → 필터·제어 구현 → HIL·비행시험,대시보드 원본 교육데이터(진행중)를 Skill과 연결. relevance_type=PREREQUISITE.,dashboard C.html / Work24 원천 링크
개발·제작,항전·통신·센서·임무장비,DJ-047,드론 항전통합 엔지니어,항전·비행제어,시험,시험,"시험은(는) 항전장비·센서융합·비행제어 소프트웨어 업무에서 사용하는 도구·개념·절차입니다. 실제 직무에서는 설계, 운용, 분석 또는 의사결정 결과를 만드는 데 적용됩니다.",드론 항전통합 엔지니어이(가) 비행컴퓨터·센서·통신·전원을 기체에 통합 업무를 수행할 때 시험을(를) 이해하고 적용하기 위해 학습합니다.,제어공학·전자회로·프로그래밍 기초,중급,PREREQUISITE,국비지원 직업훈련,AIOT 기반 드론 영상 관제시스템 프로젝트 개발,AIG20250000501335,982,DW아카데미학원,직업훈련기관,응용SW엔지니어링 기반의 고용24 훈련과정입니다. 시험 학습에는 과정명과의 직접 연관성에 따라 기초·포함·선수 경로로 연결했습니다.,응용SW엔지니어링; AI소프트웨어; AIOT; 파이썬,중급,오프라인,국비지원(일부 자부담 가능),고용24 직업훈련(국민내일배움카드 적용 여부는 과정 상세 확인),대전 중구,"총 1,120시간",,2026-09-09~2027-04-05,K-디지털 트레이닝,수료 여부 과정별 확인,https://www.work24.go.kr/hr/a/a/3100/selectTracseDetl.do?tracseId=AIG20250000501335&tracseTme=8&crseTracseSe=C0061&trainstCstmrId=500020022702,고용24 훈련과정 상세,정부사이트,2026-09-28,현재 운영,,전자·제어 기초 → 센서·임베디드 → 필터·제어 구현 → HIL·비행시험,대시보드 원본 교육데이터(진행중)를 Skill과 연결. relevance_type=PREREQUISITE.,dashboard C.html / Work24 원천 링크
개발·제작,항전·통신·센서·임무장비,DJ-047,드론 항전통합 엔지니어,항전·비행제어,인터페이스,인터페이스,"인터페이스은(는) 항전장비·센서융합·비행제어 소프트웨어 업무에서 사용하는 도구·개념·절차입니다. 실제 직무에서는 설계, 운용, 분석 또는 의사결정 결과를 만드는 데 적용됩니다.",드론 항전통합 엔지니어이(가) 비행컴퓨터·센서·통신·전원을 기체에 통합 업무를 수행할 때 인터페이스을(를) 이해하고 적용하기 위해 학습합니다.,제어공학·전자회로·프로그래밍 기초,중급,PREREQUISITE,국비지원 직업훈련,AIOT 기반 드론 영상 관제시스템 프로젝트 개발,AIG20250000501335,982,DW아카데미학원,직업훈련기관,응용SW엔지니어링 기반의 고용24 훈련과정입니다. 인터페이스 학습에는 과정명과의 직접 연관성에 따라 기초·포함·선수 경로로 연결했습니다.,응용SW엔지니어링; AI소프트웨어; AIOT; 파이썬,중급,오프라인,국비지원(일부 자부담 가능),고용24 직업훈련(국민내일배움카드 적용 여부는 과정 상세 확인),대전 중구,"총 1,120시간",,2026-09-09~2027-04-05,K-디지털 트레이닝,수료 여부 과정별 확인,https://www.work24.go.kr/hr/a/a/3100/selectTracseDetl.do?tracseId=AIG20250000501335&tracseTme=8&crseTracseSe=C0061&trainstCstmrId=500020022702,고용24 훈련과정 상세,정부사이트,2026-09-28,현재 운영,,전자·제어 기초 → 센서·임베디드 → 필터·제어 구현 → HIL·비행시험,대시보드 원본 교육데이터(진행중)를 Skill과 연결. relevance_type=PREREQUISITE.,dashboard C.html / Work24 원천 링크
개발·제작,항전·통신·센서·임무장비,DJ-047,드론 항전통합 엔지니어,항전·비행제어,항전,항전,"항전은(는) 항전장비·센서융합·비행제어 소프트웨어 업무에서 사용하는 도구·개념·절차입니다. 실제 직무에서는 설계, 운용, 분석 또는 의사결정 결과를 만드는 데 적용됩니다.",드론 항전통합 엔지니어이(가) 비행컴퓨터·센서·통신·전원을 기체에 통합 업무를 수행할 때 항전을(를) 이해하고 적용하기 위해 학습합니다.,제어공학·전자회로·프로그래밍 기초,중급,PREREQUISITE,국비지원 직업훈련,AIOT 기반 드론 영상 관제시스템 프로젝트 개발,AIG20250000501335,982,DW아카데미학원,직업훈련기관,응용SW엔지니어링 기반의 고용24 훈련과정입니다. 항전 학습에는 과정명과의 직접 연관성에 따라 기초·포함·선수 경로로 연결했습니다.,응용SW엔지니어링; AI소프트웨어; AIOT; 파이썬,중급,오프라인,국비지원(일부 자부담 가능),고용24 직업훈련(국민내일배움카드 적용 여부는 과정 상세 확인),대전 중구,"총 1,120시간",,2026-09-09~2027-04-05,K-디지털 트레이닝,수료 여부 과정별 확인,https://www.work24.go.kr/hr/a/a/3100/selectTracseDetl.do?tracseId=AIG20250000501335&tracseTme=8&crseTracseSe=C0061&trainstCstmrId=500020022702,고용24 훈련과정 상세,정부사이트,2026-09-28,현재 운영,,전자·제어 기초 → 센서·임베디드 → 필터·제어 구현 → HIL·비행시험,대시보드 원본 교육데이터(진행중)를 Skill과 연결. relevance_type=PREREQUISITE.,dashboard C.html / Work24 원천 링크
개발·제작,항전·통신·센서·임무장비,DJ-052,드론 GNSS 항법 엔지니어,항전·비행제어,GNSS,위성항법시스템,"위성항법시스템은(는) 항전장비·센서융합·비행제어 소프트웨어 업무에서 사용하는 도구·개념·절차입니다. 실제 직무에서는 설계, 운용, 분석 또는 의사결정 결과를 만드는 데 적용됩니다.",드론 GNSS 항법 엔지니어이(가) GNSS·RTK 기반 위치결정과 항법 알고리즘 개발 업무를 수행할 때 GNSS을(를) 이해하고 적용하기 위해 학습합니다.,제어공학·전자회로·프로그래밍 기초,중급,PREREQUISITE,국비지원 직업훈련,AIOT 기반 드론 영상 관제시스템 프로젝트 개발,AIG20250000501335,982,DW아카데미학원,직업훈련기관,응용SW엔지니어링 기반의 고용24 훈련과정입니다. GNSS 학습에는 과정명과의 직접 연관성에 따라 기초·포함·선수 경로로 연결했습니다.,응용SW엔지니어링; AI소프트웨어; AIOT; 파이썬,중급,오프라인,국비지원(일부 자부담 가능),고용24 직업훈련(국민내일배움카드 적용 여부는 과정 상세 확인),대전 중구,"총 1,120시간",,2026-09-09~2027-04-05,K-디지털 트레이닝,수료 여부 과정별 확인,https://www.work24.go.kr/hr/a/a/3100/selectTracseDetl.do?tracseId=AIG20250000501335&tracseTme=8&crseTracseSe=C0061&trainstCstmrId=500020022702,고용24 훈련과정 상세,정부사이트,2026-09-28,현재 운영,,전자·제어 기초 → 센서·임베디드 → 필터·제어 구현 → HIL·비행시험,대시보드 원본 교육데이터(진행중)를 Skill과 연결. relevance_type=PREREQUISITE.,dashboard C.html / Work24 원천 링크
개발·제작,항전·통신·센서·임무장비,DJ-052,드론 GNSS 항법 엔지니어,항전·비행제어,RTK,실시간 이동측위,"실시간 이동측위은(는) 항전장비·센서융합·비행제어 소프트웨어 업무에서 사용하는 도구·개념·절차입니다. 실제 직무에서는 설계, 운용, 분석 또는 의사결정 결과를 만드는 데 적용됩니다.",드론 GNSS 항법 엔지니어이(가) GNSS·RTK 기반 위치결정과 항법 알고리즘 개발 업무를 수행할 때 RTK을(를) 이해하고 적용하기 위해 학습합니다.,제어공학·전자회로·프로그래밍 기초,중급,PREREQUISITE,국비지원 직업훈련,AIOT 기반 드론 영상 관제시스템 프로젝트 개발,AIG20250000501335,982,DW아카데미학원,직업훈련기관,응용SW엔지니어링 기반의 고용24 훈련과정입니다. RTK 학습에는 과정명과의 직접 연관성에 따라 기초·포함·선수 경로로 연결했습니다.,응용SW엔지니어링; AI소프트웨어; AIOT; 파이썬,중급,오프라인,국비지원(일부 자부담 가능),고용24 직업훈련(국민내일배움카드 적용 여부는 과정 상세 확인),대전 중구,"총 1,120시간",,2026-09-09~2027-04-05,K-디지털 트레이닝,수료 여부 과정별 확인,https://www.work24.go.kr/hr/a/a/3100/selectTracseDetl.do?tracseId=AIG20250000501335&tracseTme=8&crseTracseSe=C0061&trainstCstmrId=500020022702,고용24 훈련과정 상세,정부사이트,2026-09-28,현재 운영,,전자·제어 기초 → 센서·임베디드 → 필터·제어 구현 → HIL·비행시험,대시보드 원본 교육데이터(진행중)를 Skill과 연결. relevance_type=PREREQUISITE.,dashboard C.html / Work24 원천 링크
개발·제작,항전·통신·센서·임무장비,DJ-052,드론 GNSS 항법 엔지니어,항전·비행제어,좌표계,좌표계,"좌표계은(는) 항전장비·센서융합·비행제어 소프트웨어 업무에서 사용하는 도구·개념·절차입니다. 실제 직무에서는 설계, 운용, 분석 또는 의사결정 결과를 만드는 데 적용됩니다.",드론 GNSS 항법 엔지니어이(가) GNSS·RTK 기반 위치결정과 항법 알고리즘 개발 업무를 수행할 때 좌표계을(를) 이해하고 적용하기 위해 학습합니다.,제어공학·전자회로·프로그래밍 기초,중급,PREREQUISITE,국비지원 직업훈련,AIOT 기반 드론 영상 관제시스템 프로젝트 개발,AIG20250000501335,982,DW아카데미학원,직업훈련기관,응용SW엔지니어링 기반의 고용24 훈련과정입니다. 좌표계 학습에는 과정명과의 직접 연관성에 따라 기초·포함·선수 경로로 연결했습니다.,응용SW엔지니어링; AI소프트웨어; AIOT; 파이썬,중급,오프라인,국비지원(일부 자부담 가능),고용24 직업훈련(국민내일배움카드 적용 여부는 과정 상세 확인),대전 중구,"총 1,120시간",,2026-09-09~2027-04-05,K-디지털 트레이닝,수료 여부 과정별 확인,https://www.work24.go.kr/hr/a/a/3100/selectTracseDetl.do?tracseId=AIG20250000501335&tracseTme=8&crseTracseSe=C0061&trainstCstmrId=500020022702,고용24 훈련과정 상세,정부사이트,2026-09-28,현재 운영,https://docs.qgis.org/latest/en/docs/training_manual/index.html,전자·제어 기초 → 센서·임베디드 → 필터·제어 구현 → HIL·비행시험,대시보드 원본 교육데이터(진행중)를 Skill과 연결. relevance_type=PREREQUISITE.,dashboard C.html / Work24 원천 링크
개발·제작,항전·통신·센서·임무장비,DJ-052,드론 GNSS 항법 엔지니어,항전·비행제어,좌표계,좌표계,"좌표계은(는) 항전장비·센서융합·비행제어 소프트웨어 업무에서 사용하는 도구·개념·절차입니다. 실제 직무에서는 설계, 운용, 분석 또는 의사결정 결과를 만드는 데 적용됩니다.",드론 GNSS 항법 엔지니어이(가) GNSS·RTK 기반 위치결정과 항법 알고리즘 개발 업무를 수행할 때 좌표계을(를) 이해하고 적용하기 위해 학습합니다.,컴퓨터 파일 관리와 지도 기초,중급,OFFICIAL_RESOURCE,공식 튜토리얼·문서,QGIS Training Manual,QGIS,,QGIS Project,공식 오픈소스,"GIS 인터페이스, 벡터·래스터 데이터, 좌표계, 공간분석과 지도 제작을 단계별로 실습합니다.",QGIS; GIS; CRS; Vector; Raster; Spatial Analysis,입문~중급,온라인,무료,,온라인,자기주도 학습,상시,상시,대학생·취업준비생·재직자·일반인,없음,https://docs.qgis.org/latest/en/docs/training_manual/index.html,QGIS Project,공식 기술문서,2026-09-28,상시 운영,,인터페이스 → 레이어·좌표계 → 편집 → 공간분석 → 드론 공간정보 프로젝트,공식 제공기관이 운영하는 교육·튜토리얼·문서 기반 학습경로.,공식 웹사이트 직접 확인
개발·제작,항전·통신·센서·임무장비,DJ-053,드론 INS·IMU 엔지니어,항전·비행제어,IMU,관성측정장치,"관성측정장치은(는) 항전장비·센서융합·비행제어 소프트웨어 업무에서 사용하는 도구·개념·절차입니다. 실제 직무에서는 설계, 운용, 분석 또는 의사결정 결과를 만드는 데 적용됩니다.",드론 INS·IMU 엔지니어이(가) 관성센서 보정·정렬·항법 알고리즘 개발 업무를 수행할 때 IMU을(를) 이해하고 적용하기 위해 학습합니다.,제어공학·전자회로·프로그래밍 기초,중급,PREREQUISITE,국비지원 직업훈련,AIOT 기반 드론 영상 관제시스템 프로젝트 개발,AIG20250000501335,982,DW아카데미학원,직업훈련기관,응용SW엔지니어링 기반의 고용24 훈련과정입니다. IMU 학습에는 과정명과의 직접 연관성에 따라 기초·포함·선수 경로로 연결했습니다.,응용SW엔지니어링; AI소프트웨어; AIOT; 파이썬,중급,오프라인,국비지원(일부 자부담 가능),고용24 직업훈련(국민내일배움카드 적용 여부는 과정 상세 확인),대전 중구,"총 1,120시간",,2026-09-09~2027-04-05,K-디지털 트레이닝,수료 여부 과정별 확인,https://www.work24.go.kr/hr/a/a/3100/selectTracseDetl.do?tracseId=AIG20250000501335&tracseTme=8&crseTracseSe=C0061&trainstCstmrId=500020022702,고용24 훈련과정 상세,정부사이트,2026-09-28,현재 운영,,전자·제어 기초 → 센서·임베디드 → 필터·제어 구현 → HIL·비행시험,대시보드 원본 교육데이터(진행중)를 Skill과 연결. relevance_type=PREREQUISITE.,dashboard C.html / Work24 원천 링크
개발·제작,항전·통신·센서·임무장비,DJ-053,드론 INS·IMU 엔지니어,항전·비행제어,INS,관성항법시스템,"관성항법시스템은(는) 항전장비·센서융합·비행제어 소프트웨어 업무에서 사용하는 도구·개념·절차입니다. 실제 직무에서는 설계, 운용, 분석 또는 의사결정 결과를 만드는 데 적용됩니다.",드론 INS·IMU 엔지니어이(가) 관성센서 보정·정렬·항법 알고리즘 개발 업무를 수행할 때 INS을(를) 이해하고 적용하기 위해 학습합니다.,제어공학·전자회로·프로그래밍 기초,중급,PREREQUISITE,국비지원 직업훈련,AIOT 기반 드론 영상 관제시스템 프로젝트 개발,AIG20250000501335,982,DW아카데미학원,직업훈련기관,응용SW엔지니어링 기반의 고용24 훈련과정입니다. INS 학습에는 과정명과의 직접 연관성에 따라 기초·포함·선수 경로로 연결했습니다.,응용SW엔지니어링; AI소프트웨어; AIOT; 파이썬,중급,오프라인,국비지원(일부 자부담 가능),고용24 직업훈련(국민내일배움카드 적용 여부는 과정 상세 확인),대전 중구,"총 1,120시간",,2026-09-09~2027-04-05,K-디지털 트레이닝,수료 여부 과정별 확인,https://www.work24.go.kr/hr/a/a/3100/selectTracseDetl.do?tracseId=AIG20250000501335&tracseTme=8&crseTracseSe=C0061&trainstCstmrId=500020022702,고용24 훈련과정 상세,정부사이트,2026-09-28,현재 운영,,전자·제어 기초 → 센서·임베디드 → 필터·제어 구현 → HIL·비행시험,대시보드 원본 교육데이터(진행중)를 Skill과 연결. relevance_type=PREREQUISITE.,dashboard C.html / Work24 원천 링크
개발·제작,항전·통신·센서·임무장비,DJ-053,드론 INS·IMU 엔지니어,항전·비행제어,Kalman Filter,칼만 필터,"칼만 필터은(는) 항전장비·센서융합·비행제어 소프트웨어 업무에서 사용하는 도구·개념·절차입니다. 실제 직무에서는 설계, 운용, 분석 또는 의사결정 결과를 만드는 데 적용됩니다.",드론 INS·IMU 엔지니어이(가) 관성센서 보정·정렬·항법 알고리즘 개발 업무를 수행할 때 Kalman Filter을(를) 이해하고 적용하기 위해 학습합니다.,제어공학·전자회로·프로그래밍 기초,고급,PREREQUISITE,국비지원 직업훈련,AIOT 기반 드론 영상 관제시스템 프로젝트 개발,AIG20250000501335,982,DW아카데미학원,직업훈련기관,응용SW엔지니어링 기반의 고용24 훈련과정입니다. Kalman Filter 학습에는 과정명과의 직접 연관성에 따라 기초·포함·선수 경로로 연결했습니다.,응용SW엔지니어링; AI소프트웨어; AIOT; 파이썬,고급,오프라인,국비지원(일부 자부담 가능),고용24 직업훈련(국민내일배움카드 적용 여부는 과정 상세 확인),대전 중구,"총 1,120시간",,2026-09-09~2027-04-05,K-디지털 트레이닝,수료 여부 과정별 확인,https://www.work24.go.kr/hr/a/a/3100/selectTracseDetl.do?tracseId=AIG20250000501335&tracseTme=8&crseTracseSe=C0061&trainstCstmrId=500020022702,고용24 훈련과정 상세,정부사이트,2026-09-28,현재 운영,https://matlabacademy.mathworks.com/details/control-design-onramp-with-simulink/controls,전자·제어 기초 → 센서·임베디드 → 필터·제어 구현 → HIL·비행시험,대시보드 원본 교육데이터(진행중)를 Skill과 연결. relevance_type=PREREQUISITE.,dashboard C.html / Work24 원천 링크
개발·제작,항전·통신·센서·임무장비,DJ-053,드론 INS·IMU 엔지니어,항전·비행제어,Kalman Filter,칼만 필터,"칼만 필터은(는) 항전장비·센서융합·비행제어 소프트웨어 업무에서 사용하는 도구·개념·절차입니다. 실제 직무에서는 설계, 운용, 분석 또는 의사결정 결과를 만드는 데 적용됩니다.",드론 INS·IMU 엔지니어이(가) 관성센서 보정·정렬·항법 알고리즘 개발 업무를 수행할 때 Kalman Filter을(를) 이해하고 적용하기 위해 학습합니다.,기초 미적분과 동역학,고급,INCLUDED,공식 튜토리얼·문서,Control Design Onramp with Simulink,CONTROL,,MathWorks,기업 공식교육,"피드백 제어, 동적 시스템, PID 튜닝과 제어 설계 워크플로를 Simulink로 실습합니다.",Control; Simulink; PID; Dynamic System; Feedback,초급~중급,온라인,무료,,온라인,자기주도 학습,상시,상시,대학생·취업준비생·재직자·일반인,수료 진행상태 제공,https://matlabacademy.mathworks.com/details/control-design-onramp-with-simulink/controls,MathWorks,기업·기관 공식사이트,2026-09-28,상시 운영,,동적 시스템 → 피드백 → PID → 모델 검증 → 비행제어 응용,공식 제공기관이 운영하는 교육·튜토리얼·문서 기반 학습경로.,공식 웹사이트 직접 확인
기획·지원,교육·연구·정책·지원,DJ-190,드론 교관 법정교육 강사,교육·연구,Recurrent Training,Recurrent Training 관련 기술,"Recurrent Training은(는) 교육 설계·연구·훈련 운영 업무에서 사용하는 도구·개념·절차입니다. 실제 직무에서는 설계, 운용, 분석 또는 의사결정 결과를 만드는 데 적용됩니다.",드론 교관 법정교육 강사이(가) 지도조종자 대상 법정·보수교육 운영 업무를 수행할 때 Recurrent Training을(를) 이해하고 적용하기 위해 학습합니다.,드론 산업 기초와 문서 작성 능력,초급~중급,PREREQUISITE,국비지원 직업훈련,AIOT 기반 드론 영상 관제시스템 프로젝트 개발,AIG20250000501335,982,DW아카데미학원,직업훈련기관,응용SW엔지니어링 기반의 고용24 훈련과정입니다. Recurrent Training 학습에는 과정명과의 직접 연관성에 따라 기초·포함·선수 경로로 연결했습니다.,응용SW엔지니어링; AI소프트웨어; AIOT; 파이썬,초급~중급,오프라인,국비지원(일부 자부담 가능),고용24 직업훈련(국민내일배움카드 적용 여부는 과정 상세 확인),대전 중구,"총 1,120시간",,2026-09-09~2027-04-05,K-디지털 트레이닝,수료 여부 과정별 확인,https://www.work24.go.kr/hr/a/a/3100/selectTracseDetl.do?tracseId=AIG20250000501335&tracseTme=8&crseTracseSe=C0061&trainstCstmrId=500020022702,고용24 훈련과정 상세,정부사이트,2026-09-28,현재 운영,,드론 기초 → 교육·연구 방법 → 공식 자료 실습 → 교육 또는 연구 프로젝트,대시보드 원본 교육데이터(진행중)를 Skill과 연결. relevance_type=PREREQUISITE.,dashboard C.html / Work24 원천 링크
기획·지원,교육·연구·정책·지원,DJ-190,드론 교관 법정교육 강사,교육·연구,Regulation,Regulation 관련 기술,"Regulation은(는) 교육 설계·연구·훈련 운영 업무에서 사용하는 도구·개념·절차입니다. 실제 직무에서는 설계, 운용, 분석 또는 의사결정 결과를 만드는 데 적용됩니다.",드론 교관 법정교육 강사이(가) 지도조종자 대상 법정·보수교육 운영 업무를 수행할 때 Regulation을(를) 이해하고 적용하기 위해 학습합니다.,드론 산업 기초와 문서 작성 능력,초급~중급,PREREQUISITE,국비지원 직업훈련,드론 지도조종자(교관) 실기반(무인멀티콥터),AIG20250000513160,1060,새동엔지니어링(주) 드론교육원,직업훈련기관,소형무인기운용·조종 기반의 고용24 훈련과정입니다. Regulation 학습에는 과정명과의 직접 연관성에 따라 기초·포함·선수 경로로 연결했습니다.,소형무인기운용·조종; 기초기술 현장적용; 지도조종자; 교관,초급~중급,오프라인,국비지원(일부 자부담 가능),고용24 직업훈련(국민내일배움카드 적용 여부는 과정 상세 확인),서울 관악구,총 192시간,,2026-09-28~2026-11-02,국민내일배움카드(일반),지도조종자(교관),https://www.work24.go.kr/hr/a/a/3100/selectTracseDetl.do?tracseId=AIG20250000513160&tracseTme=13&crseTracseSe=C0061&trainstCstmrId=500037079851,고용24 훈련과정 상세,정부사이트,2026-09-28,현재 운영,,드론 기초 → 교육·연구 방법 → 공식 자료 실습 → 교육 또는 연구 프로젝트,대시보드 원본 교육데이터(예정)를 Skill과 연결. relevance_type=PREREQUISITE.,dashboard C.html / Work24 원천 링크
기획·지원,교육·연구·정책·지원,DJ-192,드론 교육 콘텐츠 제작자,교육·연구,e-Learning,e-Learning 관련 기술,"e-Learning은(는) 교육 설계·연구·훈련 운영 업무에서 사용하는 도구·개념·절차입니다. 실제 직무에서는 설계, 운용, 분석 또는 의사결정 결과를 만드는 데 적용됩니다.",드론 교육 콘텐츠 제작자이(가) 온라인 강의·VR·시뮬레이션·교재 제작 업무를 수행할 때 e-Learning을(를) 이해하고 적용하기 위해 학습합니다.,드론 산업 기초와 문서 작성 능력,초급~중급,PREREQUISITE,국비지원 직업훈련,드론 지도조종자(교관) 실기반(무인멀티콥터),AIG20250000513160,1060,새동엔지니어링(주) 드론교육원,직업훈련기관,소형무인기운용·조종 기반의 고용24 훈련과정입니다. e-Learning 학습에는 과정명과의 직접 연관성에 따라 기초·포함·선수 경로로 연결했습니다.,소형무인기운용·조종; 기초기술 현장적용; 지도조종자; 교관,초급~중급,오프라인,국비지원(일부 자부담 가능),고용24 직업훈련(국민내일배움카드 적용 여부는 과정 상세 확인),서울 관악구,총 192시간,,2026-09-28~2026-11-02,국민내일배움카드(일반),지도조종자(교관),https://www.work24.go.kr/hr/a/a/3100/selectTracseDetl.do?tracseId=AIG20250000513160&tracseTme=13&crseTracseSe=C0061&trainstCstmrId=500037079851,고용24 훈련과정 상세,정부사이트,2026-09-28,현재 운영,,드론 기초 → 교육·연구 방법 → 공식 자료 실습 → 교육 또는 연구 프로젝트,대시보드 원본 교육데이터(예정)를 Skill과 연결. relevance_type=PREREQUISITE.,dashboard C.html / Work24 원천 링크
기획·지원,교육·연구·정책·지원,DJ-192,드론 교육 콘텐츠 제작자,교육·연구,Video,Video 관련 기술,"Video은(는) 교육 설계·연구·훈련 운영 업무에서 사용하는 도구·개념·절차입니다. 실제 직무에서는 설계, 운용, 분석 또는 의사결정 결과를 만드는 데 적용됩니다.",드론 교육 콘텐츠 제작자이(가) 온라인 강의·VR·시뮬레이션·교재 제작 업무를 수행할 때 Video을(를) 이해하고 적용하기 위해 학습합니다.,드론 산업 기초와 문서 작성 능력,입문~초급,INCLUDED,국비지원 직업훈련,[촬영용 드론] 드론을 활용한 영상촬영 및 편집기술,ACG20263001414787,1048,(1st)인비원 평생교육원,직업훈련기관,소형무인기운용·조종 기반의 고용24 훈련과정입니다. Video 학습에는 과정명과의 직접 연관성에 따라 기초·포함·선수 경로로 연결했습니다.,소형무인기운용·조종; 영상촬영; 영상콘텐츠; 촬영용 드론,입문~초급,온라인,국비지원(일부 자부담 가능),고용24 직업훈련(국민내일배움카드 적용 여부는 과정 상세 확인),온라인,총 17시간,,2026-09-28~2026-10-28,근로자원격훈련,수료 여부 과정별 확인,https://www.work24.go.kr/hr/a/a/3100/selectTracseDetl.do?tracseId=ACG20263001414787&tracseTme=52&crseTracseSe=C0031&trainstCstmrId=500044312625,고용24 훈련과정 상세,정부사이트,2026-09-28,현재 운영,https://www.adobe.com/learn/premiere-pro,드론 기초 → 교육·연구 방법 → 공식 자료 실습 → 교육 또는 연구 프로젝트,대시보드 원본 교육데이터(예정)를 Skill과 연결. relevance_type=INCLUDED.,dashboard C.html / Work24 원천 링크
기획·지원,교육·연구·정책·지원,DJ-192,드론 교육 콘텐츠 제작자,교육·연구,Video,Video 관련 기술,"Video은(는) 교육 설계·연구·훈련 운영 업무에서 사용하는 도구·개념·절차입니다. 실제 직무에서는 설계, 운용, 분석 또는 의사결정 결과를 만드는 데 적용됩니다.",드론 교육 콘텐츠 제작자이(가) 온라인 강의·VR·시뮬레이션·교재 제작 업무를 수행할 때 Video을(를) 이해하고 적용하기 위해 학습합니다.,영상 파일과 컴퓨터 사용 기초,입문~초급,INCLUDED,공식 튜토리얼·문서,Adobe Learn - Premiere,ADOBE,,Adobe,기업 공식교육,"영상 편집, 전환·효과, 색상과 오디오 등 콘텐츠 제작 워크플로를 공식 튜토리얼로 학습합니다.",Premiere Pro; Video Editing; Color; Effects; Audio,입문~중급,온라인,튜토리얼 무료,,온라인,자기주도 학습,상시,상시,대학생·취업준비생·재직자·일반인,별도 인증 과정 있음,https://www.adobe.com/learn/premiere-pro,Adobe,기업·기관 공식사이트,2026-09-28,상시 운영,,클립 관리 → 편집 → 색·오디오 → 효과 → 드론 영상 완성,공식 제공기관이 운영하는 교육·튜토리얼·문서 기반 학습경로.,공식 웹사이트 직접 확인
기획·지원,교육·연구·정책·지원,DJ-192,드론 교육 콘텐츠 제작자,교육·연구,Video,Video 관련 기술,"Video은(는) 교육 설계·연구·훈련 운영 업무에서 사용하는 도구·개념·절차입니다. 실제 직무에서는 설계, 운용, 분석 또는 의사결정 결과를 만드는 데 적용됩니다.",드론 교육 콘텐츠 제작자이(가) 온라인 강의·VR·시뮬레이션·교재 제작 업무를 수행할 때 Video을(를) 이해하고 적용하기 위해 학습합니다.,영상 편집 기초,입문~초급,OFFICIAL_RESOURCE,공식 튜토리얼·문서,DaVinci Resolve 공식 트레이닝,DAVINCI,,Blackmagic Design,기업 공식교육,편집·색보정·오디오·시각효과를 공식 교재와 실습 파일로 학습합니다.,DaVinci Resolve; Editing; Color; Fairlight; Fusion,입문~고급,온라인,교재·영상 무료,,온라인,자기주도 학습,상시,상시,대학생·취업준비생·재직자·일반인,공식 인증 과정 있음,https://www.blackmagicdesign.com/kr/products/davinciresolve/training,Blackmagic Design,기업·기관 공식사이트,2026-09-28,상시 운영,,편집 → 색보정 → 오디오 → 효과 → 최종 출력,공식 제공기관이 운영하는 교육·튜토리얼·문서 기반 학습경로.,공식 웹사이트 직접 확인
기획·지원,교육·연구·정책·지원,DJ-192,드론 교육 콘텐츠 제작자,교육·연구,VR,VR 관련 기술,"VR은(는) 교육 설계·연구·훈련 운영 업무에서 사용하는 도구·개념·절차입니다. 실제 직무에서는 설계, 운용, 분석 또는 의사결정 결과를 만드는 데 적용됩니다.",드론 교육 콘텐츠 제작자이(가) 온라인 강의·VR·시뮬레이션·교재 제작 업무를 수행할 때 VR을(를) 이해하고 적용하기 위해 학습합니다.,드론 산업 기초와 문서 작성 능력,초급~중급,PREREQUISITE,국비지원 직업훈련,드론 지도조종자(교관) 실기반(무인멀티콥터),AIG20250000513160,1060,새동엔지니어링(주) 드론교육원,직업훈련기관,소형무인기운용·조종 기반의 고용24 훈련과정입니다. VR 학습에는 과정명과의 직접 연관성에 따라 기초·포함·선수 경로로 연결했습니다.,소형무인기운용·조종; 기초기술 현장적용; 지도조종자; 교관,초급~중급,오프라인,국비지원(일부 자부담 가능),고용24 직업훈련(국민내일배움카드 적용 여부는 과정 상세 확인),서울 관악구,총 192시간,,2026-09-28~2026-11-02,국민내일배움카드(일반),지도조종자(교관),https://www.work24.go.kr/hr/a/a/3100/selectTracseDetl.do?tracseId=AIG20250000513160&tracseTme=13&crseTracseSe=C0061&trainstCstmrId=500037079851,고용24 훈련과정 상세,정부사이트,2026-09-28,현재 운영,,드론 기초 → 교육·연구 방법 → 공식 자료 실습 → 교육 또는 연구 프로젝트,대시보드 원본 교육데이터(예정)를 Skill과 연결. relevance_type=PREREQUISITE.,dashboard C.html / Work24 원천 링크
기획·지원,교육·연구·정책·지원,DJ-191,드론 교육과정 개발자,교육·연구,Curriculum,Curriculum 관련 기술,"Curriculum은(는) 교육 설계·연구·훈련 운영 업무에서 사용하는 도구·개념·절차입니다. 실제 직무에서는 설계, 운용, 분석 또는 의사결정 결과를 만드는 데 적용됩니다.",드론 교육과정 개발자이(가) 기체·임무·안전·SW 교육과정과 평가도구 개발 업무를 수행할 때 Curriculum을(를) 이해하고 적용하기 위해 학습합니다.,드론 산업 기초와 문서 작성 능력,초급~중급,PREREQUISITE,국비지원 직업훈련,드론 지도조종자(교관) 실기반(무인멀티콥터),AIG20250000513160,1060,새동엔지니어링(주) 드론교육원,직업훈련기관,소형무인기운용·조종 기반의 고용24 훈련과정입니다. Curriculum 학습에는 과정명과의 직접 연관성에 따라 기초·포함·선수 경로로 연결했습니다.,소형무인기운용·조종; 기초기술 현장적용; 지도조종자; 교관,초급~중급,오프라인,국비지원(일부 자부담 가능),고용24 직업훈련(국민내일배움카드 적용 여부는 과정 상세 확인),서울 관악구,총 192시간,,2026-09-28~2026-11-02,국민내일배움카드(일반),지도조종자(교관),https://www.work24.go.kr/hr/a/a/3100/selectTracseDetl.do?tracseId=AIG20250000513160&tracseTme=13&crseTracseSe=C0061&trainstCstmrId=500037079851,고용24 훈련과정 상세,정부사이트,2026-09-28,현재 운영,,드론 기초 → 교육·연구 방법 → 공식 자료 실습 → 교육 또는 연구 프로젝트,대시보드 원본 교육데이터(예정)를 Skill과 연결. relevance_type=PREREQUISITE.,dashboard C.html / Work24 원천 링크
기획·지원,교육·연구·정책·지원,DJ-191,드론 교육과정 개발자,교육·연구,Instructional Design,Instructional Design 관련 기술,"Instructional Design은(는) 교육 설계·연구·훈련 운영 업무에서 사용하는 도구·개념·절차입니다. 실제 직무에서는 설계, 운용, 분석 또는 의사결정 결과를 만드는 데 적용됩니다.",드론 교육과정 개발자이(가) 기체·임무·안전·SW 교육과정과 평가도구 개발 업무를 수행할 때 Instructional Design을(를) 이해하고 적용하기 위해 학습합니다.,드론 산업 기초와 문서 작성 능력,초급~중급,PREREQUISITE,국비지원 직업훈련,드론 지도조종자(교관) 실기반(무인멀티콥터),AIG20250000513160,1060,새동엔지니어링(주) 드론교육원,직업훈련기관,소형무인기운용·조종 기반의 고용24 훈련과정입니다. Instructional Design 학습에는 과정명과의 직접 연관성에 따라 기초·포함·선수 경로로 연결했습니다.,소형무인기운용·조종; 기초기술 현장적용; 지도조종자; 교관,초급~중급,오프라인,국비지원(일부 자부담 가능),고용24 직업훈련(국민내일배움카드 적용 여부는 과정 상세 확인),서울 관악구,총 192시간,,2026-09-28~2026-11-02,국민내일배움카드(일반),지도조종자(교관),https://www.work24.go.kr/hr/a/a/3100/selectTracseDetl.do?tracseId=AIG20250000513160&tracseTme=13&crseTracseSe=C0061&trainstCstmrId=500037079851,고용24 훈련과정 상세,정부사이트,2026-09-28,현재 운영,,드론 기초 → 교육·연구 방법 → 공식 자료 실습 → 교육 또는 연구 프로젝트,대시보드 원본 교육데이터(예정)를 Skill과 연결. relevance_type=PREREQUISITE.,dashboard C.html / Work24 원천 링크
기획·지원,교육·연구·정책·지원,DJ-193,드론 교육센터 운영관리자,교육·연구,Administration,Administration 관련 기술,"Administration은(는) 교육 설계·연구·훈련 운영 업무에서 사용하는 도구·개념·절차입니다. 실제 직무에서는 설계, 운용, 분석 또는 의사결정 결과를 만드는 데 적용됩니다.",드론 교육센터 운영관리자이(가) 교육일정·기체·시설·강사·수강생·행정 관리 업무를 수행할 때 Administration을(를) 이해하고 적용하기 위해 학습합니다.,드론 산업 기초와 문서 작성 능력,초급~중급,PREREQUISITE,국비지원 직업훈련,드론 지도조종자(교관) 실기반(무인멀티콥터),AIG20250000513160,1060,새동엔지니어링(주) 드론교육원,직업훈련기관,소형무인기운용·조종 기반의 고용24 훈련과정입니다. Administration 학습에는 과정명과의 직접 연관성에 따라 기초·포함·선수 경로로 연결했습니다.,소형무인기운용·조종; 기초기술 현장적용; 지도조종자; 교관,초급~중급,오프라인,국비지원(일부 자부담 가능),고용24 직업훈련(국민내일배움카드 적용 여부는 과정 상세 확인),서울 관악구,총 192시간,,2026-09-28~2026-11-02,국민내일배움카드(일반),지도조종자(교관),https://www.work24.go.kr/hr/a/a/3100/selectTracseDetl.do?tracseId=AIG20250000513160&tracseTme=13&crseTracseSe=C0061&trainstCstmrId=500037079851,고용24 훈련과정 상세,정부사이트,2026-09-28,현재 운영,,드론 기초 → 교육·연구 방법 → 공식 자료 실습 → 교육 또는 연구 프로젝트,대시보드 원본 교육데이터(예정)를 Skill과 연결. relevance_type=PREREQUISITE.,dashboard C.html / Work24 원천 링크
기획·지원,교육·연구·정책·지원,DJ-193,드론 교육센터 운영관리자,교육·연구,Safety,Safety 관련 기술,"Safety은(는) 교육 설계·연구·훈련 운영 업무에서 사용하는 도구·개념·절차입니다. 실제 직무에서는 설계, 운용, 분석 또는 의사결정 결과를 만드는 데 적용됩니다.",드론 교육센터 운영관리자이(가) 교육일정·기체·시설·강사·수강생·행정 관리 업무를 수행할 때 Safety을(를) 이해하고 적용하기 위해 학습합니다.,드론 산업 기초와 문서 작성 능력,초급~중급,PREREQUISITE,국비지원 직업훈련,드론 지도조종자(교관) 실기반(무인멀티콥터),AIG20250000513160,1060,새동엔지니어링(주) 드론교육원,직업훈련기관,소형무인기운용·조종 기반의 고용24 훈련과정입니다. Safety 학습에는 과정명과의 직접 연관성에 따라 기초·포함·선수 경로로 연결했습니다.,소형무인기운용·조종; 국가자격; 무인멀티콥터; VTOL,초급~중급,오프라인,국비지원(일부 자부담 가능),고용24 직업훈련(국민내일배움카드 적용 여부는 과정 상세 확인),서울 관악구,총 192시간,,2026-09-28~2026-11-02,국민내일배움카드(일반),지도조종자(교관),https://www.work24.go.kr/hr/a/a/3100/selectTracseDetl.do?tracseId=AIG20250000513160&tracseTme=13&crseTracseSe=C0061&trainstCstmrId=500037079851,고용24 훈련과정 상세,정부사이트,2026-09-28,현재 운영,,드론 기초 → 교육·연구 방법 → 공식 자료 실습 → 교육 또는 연구 프로젝트,대시보드 원본 교육데이터(예정)를 Skill과 연결. relevance_type=PREREQUISITE.,dashboard C.html / Work24 원천 링크
기획·지원,교육·연구·정책·지원,DJ-193,드론 교육센터 운영관리자,교육·연구,Training Ops,Training Ops 관련 기술,"Training Ops은(는) 교육 설계·연구·훈련 운영 업무에서 사용하는 도구·개념·절차입니다. 실제 직무에서는 설계, 운용, 분석 또는 의사결정 결과를 만드는 데 적용됩니다.",드론 교육센터 운영관리자이(가) 교육일정·기체·시설·강사·수강생·행정 관리 업무를 수행할 때 Training Ops을(를) 이해하고 적용하기 위해 학습합니다.,드론 산업 기초와 문서 작성 능력,초급~중급,PREREQUISITE,국비지원 직업훈련,AIOT 기반 드론 영상 관제시스템 프로젝트 개발,AIG20250000501335,982,DW아카데미학원,직업훈련기관,응용SW엔지니어링 기반의 고용24 훈련과정입니다. Training Ops 학습에는 과정명과의 직접 연관성에 따라 기초·포함·선수 경로로 연결했습니다.,응용SW엔지니어링; AI소프트웨어; AIOT; 파이썬,초급~중급,오프라인,국비지원(일부 자부담 가능),고용24 직업훈련(국민내일배움카드 적용 여부는 과정 상세 확인),대전 중구,"총 1,120시간",,2026-09-09~2027-04-05,K-디지털 트레이닝,수료 여부 과정별 확인,https://www.work24.go.kr/hr/a/a/3100/selectTracseDetl.do?tracseId=AIG20250000501335&tracseTme=8&crseTracseSe=C0061&trainstCstmrId=500020022702,고용24 훈련과정 상세,정부사이트,2026-09-28,현재 운영,,드론 기초 → 교육·연구 방법 → 공식 자료 실습 → 교육 또는 연구 프로젝트,대시보드 원본 교육데이터(진행중)를 Skill과 연결. relevance_type=PREREQUISITE.,dashboard C.html / Work24 원천 링크
기획·지원,교육·연구·정책·지원,DJ-197,드론 대학 교수·강사,교육·연구,Lab,Lab 관련 기술,"Lab은(는) 교육 설계·연구·훈련 운영 업무에서 사용하는 도구·개념·절차입니다. 실제 직무에서는 설계, 운용, 분석 또는 의사결정 결과를 만드는 데 적용됩니다.",드론 대학 교수·강사이(가) 드론 공학·운항·활용서비스 교육과 연구 업무를 수행할 때 Lab을(를) 이해하고 적용하기 위해 학습합니다.,드론 산업 기초와 문서 작성 능력,초급~중급,PREREQUISITE,국비지원 직업훈련,드론 지도조종자(교관) 실기반(무인멀티콥터),AIG20250000513160,1060,새동엔지니어링(주) 드론교육원,직업훈련기관,소형무인기운용·조종 기반의 고용24 훈련과정입니다. Lab 학습에는 과정명과의 직접 연관성에 따라 기초·포함·선수 경로로 연결했습니다.,소형무인기운용·조종; 기초기술 현장적용; 지도조종자; 교관,초급~중급,오프라인,국비지원(일부 자부담 가능),고용24 직업훈련(국민내일배움카드 적용 여부는 과정 상세 확인),서울 관악구,총 192시간,,2026-09-28~2026-11-02,국민내일배움카드(일반),지도조종자(교관),https://www.work24.go.kr/hr/a/a/3100/selectTracseDetl.do?tracseId=AIG20250000513160&tracseTme=13&crseTracseSe=C0061&trainstCstmrId=500037079851,고용24 훈련과정 상세,정부사이트,2026-09-28,현재 운영,,드론 기초 → 교육·연구 방법 → 공식 자료 실습 → 교육 또는 연구 프로젝트,대시보드 원본 교육데이터(예정)를 Skill과 연결. relevance_type=PREREQUISITE.,dashboard C.html / Work24 원천 링크
기획·지원,교육·연구·정책·지원,DJ-197,드론 대학 교수·강사,교육·연구,Research,Research 관련 기술,"Research은(는) 교육 설계·연구·훈련 운영 업무에서 사용하는 도구·개념·절차입니다. 실제 직무에서는 설계, 운용, 분석 또는 의사결정 결과를 만드는 데 적용됩니다.",드론 대학 교수·강사이(가) 드론 공학·운항·활용서비스 교육과 연구 업무를 수행할 때 Research을(를) 이해하고 적용하기 위해 학습합니다.,드론 산업 기초와 문서 작성 능력,초급~중급,PREREQUISITE,국비지원 직업훈련,드론 지도조종자(교관) 실기반(무인멀티콥터),AIG20250000513160,1060,새동엔지니어링(주) 드론교육원,직업훈련기관,소형무인기운용·조종 기반의 고용24 훈련과정입니다. Research 학습에는 과정명과의 직접 연관성에 따라 기초·포함·선수 경로로 연결했습니다.,소형무인기운용·조종; 기초기술 현장적용; 지도조종자; 교관,초급~중급,오프라인,국비지원(일부 자부담 가능),고용24 직업훈련(국민내일배움카드 적용 여부는 과정 상세 확인),서울 관악구,총 192시간,,2026-09-28~2026-11-02,국민내일배움카드(일반),지도조종자(교관),https://www.work24.go.kr/hr/a/a/3100/selectTracseDetl.do?tracseId=AIG20250000513160&tracseTme=13&crseTracseSe=C0061&trainstCstmrId=500037079851,고용24 훈련과정 상세,정부사이트,2026-09-28,현재 운영,,드론 기초 → 교육·연구 방법 → 공식 자료 실습 → 교육 또는 연구 프로젝트,대시보드 원본 교육데이터(예정)를 Skill과 연결. relevance_type=PREREQUISITE.,dashboard C.html / Work24 원천 링크
기획·지원,교육·연구·정책·지원,DJ-197,드론 대학 교수·강사,교육·연구,Teaching,Teaching 관련 기술,"Teaching은(는) 교육 설계·연구·훈련 운영 업무에서 사용하는 도구·개념·절차입니다. 실제 직무에서는 설계, 운용, 분석 또는 의사결정 결과를 만드는 데 적용됩니다.",드론 대학 교수·강사이(가) 드론 공학·운항·활용서비스 교육과 연구 업무를 수행할 때 Teaching을(를) 이해하고 적용하기 위해 학습합니다.,드론 산업 기초와 문서 작성 능력,초급~중급,PREREQUISITE,국비지원 직업훈련,드론 지도조종자(교관) 실기반(무인멀티콥터),AIG20250000513160,1060,새동엔지니어링(주) 드론교육원,직업훈련기관,소형무인기운용·조종 기반의 고용24 훈련과정입니다. Teaching 학습에는 과정명과의 직접 연관성에 따라 기초·포함·선수 경로로 연결했습니다.,소형무인기운용·조종; 기초기술 현장적용; 지도조종자; 교관,초급~중급,오프라인,국비지원(일부 자부담 가능),고용24 직업훈련(국민내일배움카드 적용 여부는 과정 상세 확인),서울 관악구,총 192시간,,2026-09-28~2026-11-02,국민내일배움카드(일반),지도조종자(교관),https://www.work24.go.kr/hr/a/a/3100/selectTracseDetl.do?tracseId=AIG20250000513160&tracseTme=13&crseTracseSe=C0061&trainstCstmrId=500037079851,고용24 훈련과정 상세,정부사이트,2026-09-28,현재 운영,,드론 기초 → 교육·연구 방법 → 공식 자료 실습 → 교육 또는 연구 프로젝트,대시보드 원본 교육데이터(예정)를 Skill과 연결. relevance_type=PREREQUISITE.,dashboard C.html / Work24 원천 링크
기획·지원,교육·연구·정책·지원,DJ-195,드론 소프트웨어 교육강사,교육·연구,GIS,지리정보시스템,"지리정보시스템은(는) 교육 설계·연구·훈련 운영 업무에서 사용하는 도구·개념·절차입니다. 실제 직무에서는 설계, 운용, 분석 또는 의사결정 결과를 만드는 데 적용됩니다.",드론 소프트웨어 교육강사이(가) 코딩·자율비행·GCS·영상처리 실습 교육 업무를 수행할 때 GIS을(를) 이해하고 적용하기 위해 학습합니다.,드론 산업 기초와 문서 작성 능력,입문~초급,INCLUDED,국비지원 직업훈련,특화드론운용 및 2D/3D공간정보 촬영 편집(A반),AIG20250000520214,779,신한글로벌인재교육원,직업훈련기관,소형무인기운용·조종 기반의 고용24 훈련과정입니다. GIS 학습에는 과정명과의 직접 연관성에 따라 기초·포함·선수 경로로 연결했습니다.,소형무인기운용·조종; 측량; 3D; 맵핑,입문~초급,오프라인,국비지원(일부 자부담 가능),고용24 직업훈련(국민내일배움카드 적용 여부는 과정 상세 확인),경기 의정부시,총 645시간,,2026-07-27~2026-11-24,국가기간전략산업직종,수료 여부 과정별 확인,https://www.work24.go.kr/hr/a/a/3100/selectTracseDetl.do?tracseId=AIG20250000520214&tracseTme=1&crseTracseSe=C0061&trainstCstmrId=500020031915,고용24 훈련과정 상세,정부사이트,2026-09-28,현재 운영,https://docs.qgis.org/latest/en/docs/training_manual/index.html,드론 기초 → 교육·연구 방법 → 공식 자료 실습 → 교육 또는 연구 프로젝트,대시보드 원본 교육데이터(진행중)를 Skill과 연결. relevance_type=INCLUDED.,dashboard C.html / Work24 원천 링크
기획·지원,교육·연구·정책·지원,DJ-195,드론 소프트웨어 교육강사,교육·연구,GIS,지리정보시스템,"지리정보시스템은(는) 교육 설계·연구·훈련 운영 업무에서 사용하는 도구·개념·절차입니다. 실제 직무에서는 설계, 운용, 분석 또는 의사결정 결과를 만드는 데 적용됩니다.",드론 소프트웨어 교육강사이(가) 코딩·자율비행·GCS·영상처리 실습 교육 업무를 수행할 때 GIS을(를) 이해하고 적용하기 위해 학습합니다.,컴퓨터 파일 관리와 지도 기초,입문~초급,OFFICIAL_RESOURCE,공식 튜토리얼·문서,QGIS Training Manual,QGIS,,QGIS Project,공식 오픈소스,"GIS 인터페이스, 벡터·래스터 데이터, 좌표계, 공간분석과 지도 제작을 단계별로 실습합니다.",QGIS; GIS; CRS; Vector; Raster; Spatial Analysis,입문~중급,온라인,무료,,온라인,자기주도 학습,상시,상시,대학생·취업준비생·재직자·일반인,없음,https://docs.qgis.org/latest/en/docs/training_manual/index.html,QGIS Project,공식 기술문서,2026-09-28,상시 운영,,인터페이스 → 레이어·좌표계 → 편집 → 공간분석 → 드론 공간정보 프로젝트,공식 제공기관이 운영하는 교육·튜토리얼·문서 기반 학습경로.,공식 웹사이트 직접 확인
기획·지원,교육·연구·정책·지원,DJ-195,드론 소프트웨어 교육강사,교육·연구,PX4,PX4 오픈소스 비행제어 플랫폼,"PX4 오픈소스 비행제어 플랫폼은(는) 교육 설계·연구·훈련 운영 업무에서 사용하는 도구·개념·절차입니다. 실제 직무에서는 설계, 운용, 분석 또는 의사결정 결과를 만드는 데 적용됩니다.",드론 소프트웨어 교육강사이(가) 코딩·자율비행·GCS·영상처리 실습 교육 업무를 수행할 때 PX4을(를) 이해하고 적용하기 위해 학습합니다.,드론 산업 기초와 문서 작성 능력,초급~중급,PREREQUISITE,국비지원 직업훈련,AIOT 기반 드론 영상 관제시스템 프로젝트 개발,AIG20250000501335,982,DW아카데미학원,직업훈련기관,응용SW엔지니어링 기반의 고용24 훈련과정입니다. PX4 학습에는 과정명과의 직접 연관성에 따라 기초·포함·선수 경로로 연결했습니다.,응용SW엔지니어링; AI소프트웨어; AIOT; 파이썬,초급~중급,오프라인,국비지원(일부 자부담 가능),고용24 직업훈련(국민내일배움카드 적용 여부는 과정 상세 확인),대전 중구,"총 1,120시간",,2026-09-09~2027-04-05,K-디지털 트레이닝,수료 여부 과정별 확인,https://www.work24.go.kr/hr/a/a/3100/selectTracseDetl.do?tracseId=AIG20250000501335&tracseTme=8&crseTracseSe=C0061&trainstCstmrId=500020022702,고용24 훈련과정 상세,정부사이트,2026-09-28,현재 운영,https://docs.px4.io/main/en/,드론 기초 → 교육·연구 방법 → 공식 자료 실습 → 교육 또는 연구 프로젝트,대시보드 원본 교육데이터(진행중)를 Skill과 연결. relevance_type=PREREQUISITE.,dashboard C.html / Work24 원천 링크
기획·지원,교육·연구·정책·지원,DJ-195,드론 소프트웨어 교육강사,교육·연구,PX4,PX4 오픈소스 비행제어 플랫폼,"PX4 오픈소스 비행제어 플랫폼은(는) 교육 설계·연구·훈련 운영 업무에서 사용하는 도구·개념·절차입니다. 실제 직무에서는 설계, 운용, 분석 또는 의사결정 결과를 만드는 데 적용됩니다.",드론 소프트웨어 교육강사이(가) 코딩·자율비행·GCS·영상처리 실습 교육 업무를 수행할 때 PX4을(를) 이해하고 적용하기 위해 학습합니다.,드론 구조와 Linux·C++ 기초(개발 과정),초급~중급,OFFICIAL_RESOURCE,공식 튜토리얼·문서,PX4 Autopilot User Guide,PX4-GUIDE,,PX4 / Dronecode Foundation,공식 오픈소스,"PX4의 기본 개념, 기체 구성, 비행 모드, 시뮬레이션, 로그 분석과 개발 절차를 단계별로 학습합니다.",PX4; 비행제어; 시뮬레이션; 로그; 기체 설정,초급~고급,온라인,무료,,온라인,자기주도 학습,상시,상시,대학생·취업준비생·재직자·일반인,없음,https://docs.px4.io/main/en/,PX4 / Dronecode Foundation,공식 기술문서,2026-09-28,상시 운영,,Basic Concepts → Simulation → Configuration → Development,공식 제공기관이 운영하는 교육·튜토리얼·문서 기반 학습경로.,공식 웹사이트 직접 확인
기획·지원,교육·연구·정책·지원,DJ-195,드론 소프트웨어 교육강사,교육·연구,Python,파이썬,"파이썬은(는) 교육 설계·연구·훈련 운영 업무에서 사용하는 도구·개념·절차입니다. 실제 직무에서는 설계, 운용, 분석 또는 의사결정 결과를 만드는 데 적용됩니다.",드론 소프트웨어 교육강사이(가) 코딩·자율비행·GCS·영상처리 실습 교육 업무를 수행할 때 Python을(를) 이해하고 적용하기 위해 학습합니다.,기초적인 프로그래밍 개념,입문~초급,DIRECT,공식교육,파이썬 자습서,PYTHON,,Python Software Foundation,공식 오픈소스,"파이썬 문법, 자료구조, 함수, 모듈, 예외와 클래스를 한국어 공식 문서로 학습합니다.",Python; 문법; 자료구조; 함수; 모듈; 클래스,초급,온라인,무료,,온라인,자기주도 학습,상시,상시,대학생·취업준비생·재직자·일반인,없음,https://docs.python.org/ko/3/tutorial/index.html,Python Software Foundation,공식 기술문서,2026-09-28,상시 운영,,문법 → 자료구조 → 함수·모듈 → 클래스 → 드론 데이터·제어 예제,공식 제공기관이 운영하는 교육·튜토리얼·문서 기반 학습경로.,공식 웹사이트 직접 확인
기획·지원,교육·연구·정책·지원,DJ-195,드론 소프트웨어 교육강사,교육·연구,Python,파이썬,"파이썬은(는) 교육 설계·연구·훈련 운영 업무에서 사용하는 도구·개념·절차입니다. 실제 직무에서는 설계, 운용, 분석 또는 의사결정 결과를 만드는 데 적용됩니다.",드론 소프트웨어 교육강사이(가) 코딩·자율비행·GCS·영상처리 실습 교육 업무를 수행할 때 Python을(를) 이해하고 적용하기 위해 학습합니다.,드론 산업 기초와 문서 작성 능력,입문~초급,INCLUDED,국비지원 직업훈련,AIOT 기반 드론 영상 관제시스템 프로젝트 개발,AIG20250000501335,982,DW아카데미학원,직업훈련기관,응용SW엔지니어링 기반의 고용24 훈련과정입니다. Python 학습에는 과정명과의 직접 연관성에 따라 기초·포함·선수 경로로 연결했습니다.,응용SW엔지니어링; AI소프트웨어; AIOT; 파이썬,입문~초급,오프라인,국비지원(일부 자부담 가능),고용24 직업훈련(국민내일배움카드 적용 여부는 과정 상세 확인),대전 중구,"총 1,120시간",,2026-09-09~2027-04-05,K-디지털 트레이닝,수료 여부 과정별 확인,https://www.work24.go.kr/hr/a/a/3100/selectTracseDetl.do?tracseId=AIG20250000501335&tracseTme=8&crseTracseSe=C0061&trainstCstmrId=500020022702,고용24 훈련과정 상세,정부사이트,2026-09-28,현재 운영,https://docs.python.org/ko/3/tutorial/index.html,드론 기초 → 교육·연구 방법 → 공식 자료 실습 → 교육 또는 연구 프로젝트,대시보드 원본 교육데이터(진행중)를 Skill과 연결. relevance_type=INCLUDED.,dashboard C.html / Work24 원천 링크
기획·지원,교육·연구·정책·지원,DJ-195,드론 소프트웨어 교육강사,교육·연구,ROS,로봇 운영체제(ROS),"로봇 운영체제(ROS)은(는) 교육 설계·연구·훈련 운영 업무에서 사용하는 도구·개념·절차입니다. 실제 직무에서는 설계, 운용, 분석 또는 의사결정 결과를 만드는 데 적용됩니다.",드론 소프트웨어 교육강사이(가) 코딩·자율비행·GCS·영상처리 실습 교육 업무를 수행할 때 ROS을(를) 이해하고 적용하기 위해 학습합니다.,드론 산업 기초와 문서 작성 능력,초급~중급,INCLUDED,국비지원 직업훈련,AIOT 기반 드론 영상 관제시스템 프로젝트 개발,AIG20250000501335,982,DW아카데미학원,직업훈련기관,응용SW엔지니어링 기반의 고용24 훈련과정입니다. ROS 학습에는 과정명과의 직접 연관성에 따라 기초·포함·선수 경로로 연결했습니다.,응용SW엔지니어링; AI소프트웨어; AIOT; 파이썬,초급~중급,오프라인,국비지원(일부 자부담 가능),고용24 직업훈련(국민내일배움카드 적용 여부는 과정 상세 확인),대전 중구,"총 1,120시간",,2026-09-09~2027-04-05,K-디지털 트레이닝,수료 여부 과정별 확인,https://www.work24.go.kr/hr/a/a/3100/selectTracseDetl.do?tracseId=AIG20250000501335&tracseTme=8&crseTracseSe=C0061&trainstCstmrId=500020022702,고용24 훈련과정 상세,정부사이트,2026-09-28,현재 운영,https://docs.ros.org/en/jazzy/Tutorials.html,드론 기초 → 교육·연구 방법 → 공식 자료 실습 → 교육 또는 연구 프로젝트,대시보드 원본 교육데이터(진행중)를 Skill과 연결. relevance_type=INCLUDED.,dashboard C.html / Work24 원천 링크
기획·지원,교육·연구·정책·지원,DJ-195,드론 소프트웨어 교육강사,교육·연구,ROS,로봇 운영체제(ROS),"로봇 운영체제(ROS)은(는) 교육 설계·연구·훈련 운영 업무에서 사용하는 도구·개념·절차입니다. 실제 직무에서는 설계, 운용, 분석 또는 의사결정 결과를 만드는 데 적용됩니다.",드론 소프트웨어 교육강사이(가) 코딩·자율비행·GCS·영상처리 실습 교육 업무를 수행할 때 ROS을(를) 이해하고 적용하기 위해 학습합니다.,Python 또는 C++ 기초와 Linux 사용 경험,초급~중급,OFFICIAL_RESOURCE,공식 튜토리얼·문서,ROS 2 Tutorials,ROS2-DOC,,Open Robotics / ROS,공식 오픈소스,"ROS 2 노드, 토픽, 서비스, 액션, 패키지와 로봇 응용 개발 절차를 실습합니다.",ROS2; Node; Topic; Service; Action; Package,초급~중급,온라인,무료,,온라인,자기주도 학습,상시,상시,대학생·취업준비생·재직자·일반인,없음,https://docs.ros.org/en/jazzy/Tutorials.html,Open Robotics / ROS,공식 기술문서,2026-09-28,상시 운영,,CLI → Node·Topic → Service·Action → Package → 로봇 프로젝트,공식 제공기관이 운영하는 교육·튜토리얼·문서 기반 학습경로.,공식 웹사이트 직접 확인
기획·지원,교육·연구·정책·지원,DJ-189,드론 실기평가자,교육·연구,Practical Test,Practical Test 관련 기술,"Practical Test은(는) 교육 설계·연구·훈련 운영 업무에서 사용하는 도구·개념·절차입니다. 실제 직무에서는 설계, 운용, 분석 또는 의사결정 결과를 만드는 데 적용됩니다.",드론 실기평가자이(가) 조종 자격 실기능력과 안전절차 평가 업무를 수행할 때 Practical Test을(를) 이해하고 적용하기 위해 학습합니다.,드론 산업 기초와 문서 작성 능력,초급~중급,PREREQUISITE,국비지원 직업훈련,드론 지도조종자(교관) 실기반(무인멀티콥터),AIG20250000513160,1060,새동엔지니어링(주) 드론교육원,직업훈련기관,소형무인기운용·조종 기반의 고용24 훈련과정입니다. Practical Test 학습에는 과정명과의 직접 연관성에 따라 기초·포함·선수 경로로 연결했습니다.,소형무인기운용·조종; 기초기술 현장적용; 지도조종자; 교관,초급~중급,오프라인,국비지원(일부 자부담 가능),고용24 직업훈련(국민내일배움카드 적용 여부는 과정 상세 확인),서울 관악구,총 192시간,,2026-09-28~2026-11-02,국민내일배움카드(일반),지도조종자(교관),https://www.work24.go.kr/hr/a/a/3100/selectTracseDetl.do?tracseId=AIG20250000513160&tracseTme=13&crseTracseSe=C0061&trainstCstmrId=500037079851,고용24 훈련과정 상세,정부사이트,2026-09-28,현재 운영,,드론 기초 → 교육·연구 방법 → 공식 자료 실습 → 교육 또는 연구 프로젝트,대시보드 원본 교육데이터(예정)를 Skill과 연결. relevance_type=PREREQUISITE.,dashboard C.html / Work24 원천 링크
기획·지원,교육·연구·정책·지원,DJ-189,드론 실기평가자,교육·연구,Standardization,Standardization 관련 기술,"Standardization은(는) 교육 설계·연구·훈련 운영 업무에서 사용하는 도구·개념·절차입니다. 실제 직무에서는 설계, 운용, 분석 또는 의사결정 결과를 만드는 데 적용됩니다.",드론 실기평가자이(가) 조종 자격 실기능력과 안전절차 평가 업무를 수행할 때 Standardization을(를) 이해하고 적용하기 위해 학습합니다.,드론 산업 기초와 문서 작성 능력,초급~중급,PREREQUISITE,국비지원 직업훈련,드론 지도조종자(교관) 실기반(무인멀티콥터),AIG20250000513160,1060,새동엔지니어링(주) 드론교육원,직업훈련기관,소형무인기운용·조종 기반의 고용24 훈련과정입니다. Standardization 학습에는 과정명과의 직접 연관성에 따라 기초·포함·선수 경로로 연결했습니다.,소형무인기운용·조종; 기초기술 현장적용; 지도조종자; 교관,초급~중급,오프라인,국비지원(일부 자부담 가능),고용24 직업훈련(국민내일배움카드 적용 여부는 과정 상세 확인),서울 관악구,총 192시간,,2026-09-28~2026-11-02,국민내일배움카드(일반),지도조종자(교관),https://www.work24.go.kr/hr/a/a/3100/selectTracseDetl.do?tracseId=AIG20250000513160&tracseTme=13&crseTracseSe=C0061&trainstCstmrId=500037079851,고용24 훈련과정 상세,정부사이트,2026-09-28,현재 운영,,드론 기초 → 교육·연구 방법 → 공식 자료 실습 → 교육 또는 연구 프로젝트,대시보드 원본 교육데이터(예정)를 Skill과 연결. relevance_type=PREREQUISITE.,dashboard C.html / Work24 원천 링크
기획·지원,교육·연구·정책·지원,DJ-194,드론 정비교육 강사,교육·연구,Diagnostics,Diagnostics 관련 기술,"Diagnostics은(는) 교육 설계·연구·훈련 운영 업무에서 사용하는 도구·개념·절차입니다. 실제 직무에서는 설계, 운용, 분석 또는 의사결정 결과를 만드는 데 적용됩니다.",드론 정비교육 강사이(가) 점검·고장진단·수리·배터리 안전 교육 업무를 수행할 때 Diagnostics을(를) 이해하고 적용하기 위해 학습합니다.,드론 산업 기초와 문서 작성 능력,초급~중급,INCLUDED,국비지원 직업훈련,드론 조립 및 분해(유지보수),AIG20250000516588,1063,신한글로벌인재교육원,직업훈련기관,소형무인기운용·조종 기반의 고용24 훈련과정입니다. Diagnostics 학습에는 과정명과의 직접 연관성에 따라 기초·포함·선수 경로로 연결했습니다.,소형무인기운용·조종; 정비; 유지보수; 조립,초급~중급,오프라인,국비지원(일부 자부담 가능),고용24 직업훈련(국민내일배움카드 적용 여부는 과정 상세 확인),경기 의정부시,총 36시간,,2026-09-28~2026-10-06,국민내일배움카드(일반),수료 여부 과정별 확인,https://www.work24.go.kr/hr/a/a/3100/selectTracseDetl.do?tracseId=AIG20250000516588&tracseTme=3&crseTracseSe=C0061&trainstCstmrId=500020031915,고용24 훈련과정 상세,정부사이트,2026-09-28,현재 운영,,드론 기초 → 교육·연구 방법 → 공식 자료 실습 → 교육 또는 연구 프로젝트,대시보드 원본 교육데이터(예정)를 Skill과 연결. relevance_type=INCLUDED.,dashboard C.html / Work24 원천 링크
기획·지원,교육·연구·정책·지원,DJ-194,드론 정비교육 강사,교육·연구,Maintenance Training,Maintenance Training 관련 기술,"Maintenance Training은(는) 교육 설계·연구·훈련 운영 업무에서 사용하는 도구·개념·절차입니다. 실제 직무에서는 설계, 운용, 분석 또는 의사결정 결과를 만드는 데 적용됩니다.",드론 정비교육 강사이(가) 점검·고장진단·수리·배터리 안전 교육 업무를 수행할 때 Maintenance Training을(를) 이해하고 적용하기 위해 학습합니다.,드론 산업 기초와 문서 작성 능력,초급~중급,PREREQUISITE,국비지원 직업훈련,AIOT 기반 드론 영상 관제시스템 프로젝트 개발,AIG20250000501335,982,DW아카데미학원,직업훈련기관,응용SW엔지니어링 기반의 고용24 훈련과정입니다. Maintenance Training 학습에는 과정명과의 직접 연관성에 따라 기초·포함·선수 경로로 연결했습니다.,응용SW엔지니어링; AI소프트웨어; AIOT; 파이썬,초급~중급,오프라인,국비지원(일부 자부담 가능),고용24 직업훈련(국민내일배움카드 적용 여부는 과정 상세 확인),대전 중구,"총 1,120시간",,2026-09-09~2027-04-05,K-디지털 트레이닝,수료 여부 과정별 확인,https://www.work24.go.kr/hr/a/a/3100/selectTracseDetl.do?tracseId=AIG20250000501335&tracseTme=8&crseTracseSe=C0061&trainstCstmrId=500020022702,고용24 훈련과정 상세,정부사이트,2026-09-28,현재 운영,,드론 기초 → 교육·연구 방법 → 공식 자료 실습 → 교육 또는 연구 프로젝트,대시보드 원본 교육데이터(진행중)를 Skill과 연결. relevance_type=PREREQUISITE.,dashboard C.html / Work24 원천 링크
기획·지원,교육·연구·정책·지원,DJ-187,드론 조종 교육강사,교육·연구,Flight Training,Flight Training 관련 기술,"Flight Training은(는) 교육 설계·연구·훈련 운영 업무에서 사용하는 도구·개념·절차입니다. 실제 직무에서는 설계, 운용, 분석 또는 의사결정 결과를 만드는 데 적용됩니다.",드론 조종 교육강사이(가) 이론·모의·실기 조종교육과 안전지도 업무를 수행할 때 Flight Training을(를) 이해하고 적용하기 위해 학습합니다.,드론 산업 기초와 문서 작성 능력,초급~중급,PREREQUISITE,국비지원 직업훈련,AIOT 기반 드론 영상 관제시스템 프로젝트 개발,AIG20250000501335,982,DW아카데미학원,직업훈련기관,응용SW엔지니어링 기반의 고용24 훈련과정입니다. Flight Training 학습에는 과정명과의 직접 연관성에 따라 기초·포함·선수 경로로 연결했습니다.,응용SW엔지니어링; AI소프트웨어; AIOT; 파이썬,초급~중급,오프라인,국비지원(일부 자부담 가능),고용24 직업훈련(국민내일배움카드 적용 여부는 과정 상세 확인),대전 중구,"총 1,120시간",,2026-09-09~2027-04-05,K-디지털 트레이닝,수료 여부 과정별 확인,https://www.work24.go.kr/hr/a/a/3100/selectTracseDetl.do?tracseId=AIG20250000501335&tracseTme=8&crseTracseSe=C0061&trainstCstmrId=500020022702,고용24 훈련과정 상세,정부사이트,2026-09-28,현재 운영,,드론 기초 → 교육·연구 방법 → 공식 자료 실습 → 교육 또는 연구 프로젝트,대시보드 원본 교육데이터(진행중)를 Skill과 연결. relevance_type=PREREQUISITE.,dashboard C.html / Work24 원천 링크
기획·지원,교육·연구·정책·지원,DJ-187,드론 조종 교육강사,교육·연구,Instruction,Instruction 관련 기술,"Instruction은(는) 교육 설계·연구·훈련 운영 업무에서 사용하는 도구·개념·절차입니다. 실제 직무에서는 설계, 운용, 분석 또는 의사결정 결과를 만드는 데 적용됩니다.",드론 조종 교육강사이(가) 이론·모의·실기 조종교육과 안전지도 업무를 수행할 때 Instruction을(를) 이해하고 적용하기 위해 학습합니다.,드론 산업 기초와 문서 작성 능력,초급~중급,PREREQUISITE,국비지원 직업훈련,드론 지도조종자(교관) 실기반(무인멀티콥터),AIG20250000513160,1060,새동엔지니어링(주) 드론교육원,직업훈련기관,소형무인기운용·조종 기반의 고용24 훈련과정입니다. Instruction 학습에는 과정명과의 직접 연관성에 따라 기초·포함·선수 경로로 연결했습니다.,소형무인기운용·조종; 기초기술 현장적용; 지도조종자; 교관,초급~중급,오프라인,국비지원(일부 자부담 가능),고용24 직업훈련(국민내일배움카드 적용 여부는 과정 상세 확인),서울 관악구,총 192시간,,2026-09-28~2026-11-02,국민내일배움카드(일반),지도조종자(교관),https://www.work24.go.kr/hr/a/a/3100/selectTracseDetl.do?tracseId=AIG20250000513160&tracseTme=13&crseTracseSe=C0061&trainstCstmrId=500037079851,고용24 훈련과정 상세,정부사이트,2026-09-28,현재 운영,,드론 기초 → 교육·연구 방법 → 공식 자료 실습 → 교육 또는 연구 프로젝트,대시보드 원본 교육데이터(예정)를 Skill과 연결. relevance_type=PREREQUISITE.,dashboard C.html / Work24 원천 링크
기획·지원,교육·연구·정책·지원,DJ-187,드론 조종 교육강사,교육·연구,Safety,Safety 관련 기술,"Safety은(는) 교육 설계·연구·훈련 운영 업무에서 사용하는 도구·개념·절차입니다. 실제 직무에서는 설계, 운용, 분석 또는 의사결정 결과를 만드는 데 적용됩니다.",드론 조종 교육강사이(가) 이론·모의·실기 조종교육과 안전지도 업무를 수행할 때 Safety을(를) 이해하고 적용하기 위해 학습합니다.,드론 산업 기초와 문서 작성 능력,초급~중급,PREREQUISITE,국비지원 직업훈련,드론 지도조종자(교관) 실기반(무인멀티콥터),AIG20250000513160,1060,새동엔지니어링(주) 드론교육원,직업훈련기관,소형무인기운용·조종 기반의 고용24 훈련과정입니다. Safety 학습에는 과정명과의 직접 연관성에 따라 기초·포함·선수 경로로 연결했습니다.,소형무인기운용·조종; 국가자격; 무인멀티콥터; VTOL,초급~중급,오프라인,국비지원(일부 자부담 가능),고용24 직업훈련(국민내일배움카드 적용 여부는 과정 상세 확인),서울 관악구,총 192시간,,2026-09-28~2026-11-02,국민내일배움카드(일반),지도조종자(교관),https://www.work24.go.kr/hr/a/a/3100/selectTracseDetl.do?tracseId=AIG20250000513160&tracseTme=13&crseTracseSe=C0061&trainstCstmrId=500037079851,고용24 훈련과정 상세,정부사이트,2026-09-28,현재 운영,,드론 기초 → 교육·연구 방법 → 공식 자료 실습 → 교육 또는 연구 프로젝트,대시보드 원본 교육데이터(예정)를 Skill과 연결. relevance_type=PREREQUISITE.,dashboard C.html / Work24 원천 링크
기획·지원,교육·연구·정책·지원,DJ-188,드론 지도조종자,교육·연구,CRM,승무원·팀 자원관리,"승무원·팀 자원관리은(는) 교육 설계·연구·훈련 운영 업무에서 사용하는 도구·개념·절차입니다. 실제 직무에서는 설계, 운용, 분석 또는 의사결정 결과를 만드는 데 적용됩니다.",드론 지도조종자이(가) 교육생 비행훈련·평가·훈련기록을 책임 업무를 수행할 때 CRM을(를) 이해하고 적용하기 위해 학습합니다.,드론 산업 기초와 문서 작성 능력,초급~중급,PREREQUISITE,국비지원 직업훈련,드론 지도조종자(교관) 실기반(무인멀티콥터),AIG20250000513160,1060,새동엔지니어링(주) 드론교육원,직업훈련기관,소형무인기운용·조종 기반의 고용24 훈련과정입니다. CRM 학습에는 과정명과의 직접 연관성에 따라 기초·포함·선수 경로로 연결했습니다.,소형무인기운용·조종; 기초기술 현장적용; 지도조종자; 교관,초급~중급,오프라인,국비지원(일부 자부담 가능),고용24 직업훈련(국민내일배움카드 적용 여부는 과정 상세 확인),서울 관악구,총 192시간,,2026-09-28~2026-11-02,국민내일배움카드(일반),지도조종자(교관),https://www.work24.go.kr/hr/a/a/3100/selectTracseDetl.do?tracseId=AIG20250000513160&tracseTme=13&crseTracseSe=C0061&trainstCstmrId=500037079851,고용24 훈련과정 상세,정부사이트,2026-09-28,현재 운영,,드론 기초 → 교육·연구 방법 → 공식 자료 실습 → 교육 또는 연구 프로젝트,대시보드 원본 교육데이터(예정)를 Skill과 연결. relevance_type=PREREQUISITE.,dashboard C.html / Work24 원천 링크
기획·지원,교육·연구·정책·지원,DJ-188,드론 지도조종자,교육·연구,Evaluation,Evaluation 관련 기술,"Evaluation은(는) 교육 설계·연구·훈련 운영 업무에서 사용하는 도구·개념·절차입니다. 실제 직무에서는 설계, 운용, 분석 또는 의사결정 결과를 만드는 데 적용됩니다.",드론 지도조종자이(가) 교육생 비행훈련·평가·훈련기록을 책임 업무를 수행할 때 Evaluation을(를) 이해하고 적용하기 위해 학습합니다.,드론 산업 기초와 문서 작성 능력,초급~중급,PREREQUISITE,국비지원 직업훈련,드론 지도조종자(교관) 실기반(무인멀티콥터),AIG20250000513160,1060,새동엔지니어링(주) 드론교육원,직업훈련기관,소형무인기운용·조종 기반의 고용24 훈련과정입니다. Evaluation 학습에는 과정명과의 직접 연관성에 따라 기초·포함·선수 경로로 연결했습니다.,소형무인기운용·조종; 기초기술 현장적용; 지도조종자; 교관,초급~중급,오프라인,국비지원(일부 자부담 가능),고용24 직업훈련(국민내일배움카드 적용 여부는 과정 상세 확인),서울 관악구,총 192시간,,2026-09-28~2026-11-02,국민내일배움카드(일반),지도조종자(교관),https://www.work24.go.kr/hr/a/a/3100/selectTracseDetl.do?tracseId=AIG20250000513160&tracseTme=13&crseTracseSe=C0061&trainstCstmrId=500037079851,고용24 훈련과정 상세,정부사이트,2026-09-28,현재 운영,,드론 기초 → 교육·연구 방법 → 공식 자료 실습 → 교육 또는 연구 프로젝트,대시보드 원본 교육데이터(예정)를 Skill과 연결. relevance_type=PREREQUISITE.,dashboard C.html / Work24 원천 링크
기획·지원,교육·연구·정책·지원,DJ-188,드론 지도조종자,교육·연구,Instructor Pilot,Instructor Pilot 관련 기술,"Instructor Pilot은(는) 교육 설계·연구·훈련 운영 업무에서 사용하는 도구·개념·절차입니다. 실제 직무에서는 설계, 운용, 분석 또는 의사결정 결과를 만드는 데 적용됩니다.",드론 지도조종자이(가) 교육생 비행훈련·평가·훈련기록을 책임 업무를 수행할 때 Instructor Pilot을(를) 이해하고 적용하기 위해 학습합니다.,드론 산업 기초와 문서 작성 능력,초급~중급,PREREQUISITE,국비지원 직업훈련,드론 지도조종자(교관) 실기반(무인멀티콥터),AIG20250000513160,1060,새동엔지니어링(주) 드론교육원,직업훈련기관,소형무인기운용·조종 기반의 고용24 훈련과정입니다. Instructor Pilot 학습에는 과정명과의 직접 연관성에 따라 기초·포함·선수 경로로 연결했습니다.,소형무인기운용·조종; 기초기술 현장적용; 지도조종자; 교관,초급~중급,오프라인,국비지원(일부 자부담 가능),고용24 직업훈련(국민내일배움카드 적용 여부는 과정 상세 확인),서울 관악구,총 192시간,,2026-09-28~2026-11-02,국민내일배움카드(일반),지도조종자(교관),https://www.work24.go.kr/hr/a/a/3100/selectTracseDetl.do?tracseId=AIG20250000513160&tracseTme=13&crseTracseSe=C0061&trainstCstmrId=500037079851,고용24 훈련과정 상세,정부사이트,2026-09-28,현재 운영,,드론 기초 → 교육·연구 방법 → 공식 자료 실습 → 교육 또는 연구 프로젝트,대시보드 원본 교육데이터(예정)를 Skill과 연결. relevance_type=PREREQUISITE.,dashboard C.html / Work24 원천 링크
기획·지원,교육·연구·정책·지원,DJ-196,무인항공 연구원,교육·연구,Experiment,Experiment 관련 기술,"Experiment은(는) 교육 설계·연구·훈련 운영 업무에서 사용하는 도구·개념·절차입니다. 실제 직무에서는 설계, 운용, 분석 또는 의사결정 결과를 만드는 데 적용됩니다.",무인항공 연구원이(가) 무인항공 핵심기술·운항·안전·정책 연구 업무를 수행할 때 Experiment을(를) 이해하고 적용하기 위해 학습합니다.,드론 산업 기초와 문서 작성 능력,초급~중급,PREREQUISITE,국비지원 직업훈련,드론 지도조종자(교관) 실기반(무인멀티콥터),AIG20250000513160,1060,새동엔지니어링(주) 드론교육원,직업훈련기관,소형무인기운용·조종 기반의 고용24 훈련과정입니다. Experiment 학습에는 과정명과의 직접 연관성에 따라 기초·포함·선수 경로로 연결했습니다.,소형무인기운용·조종; 기초기술 현장적용; 지도조종자; 교관,초급~중급,오프라인,국비지원(일부 자부담 가능),고용24 직업훈련(국민내일배움카드 적용 여부는 과정 상세 확인),서울 관악구,총 192시간,,2026-09-28~2026-11-02,국민내일배움카드(일반),지도조종자(교관),https://www.work24.go.kr/hr/a/a/3100/selectTracseDetl.do?tracseId=AIG20250000513160&tracseTme=13&crseTracseSe=C0061&trainstCstmrId=500037079851,고용24 훈련과정 상세,정부사이트,2026-09-28,현재 운영,,드론 기초 → 교육·연구 방법 → 공식 자료 실습 → 교육 또는 연구 프로젝트,대시보드 원본 교육데이터(예정)를 Skill과 연결. relevance_type=PREREQUISITE.,dashboard C.html / Work24 원천 링크
기획·지원,교육·연구·정책·지원,DJ-196,무인항공 연구원,교육·연구,Publication,Publication 관련 기술,"Publication은(는) 교육 설계·연구·훈련 운영 업무에서 사용하는 도구·개념·절차입니다. 실제 직무에서는 설계, 운용, 분석 또는 의사결정 결과를 만드는 데 적용됩니다.",무인항공 연구원이(가) 무인항공 핵심기술·운항·안전·정책 연구 업무를 수행할 때 Publication을(를) 이해하고 적용하기 위해 학습합니다.,드론 산업 기초와 문서 작성 능력,초급~중급,PREREQUISITE,국비지원 직업훈련,드론 지도조종자(교관) 실기반(무인멀티콥터),AIG20250000513160,1060,새동엔지니어링(주) 드론교육원,직업훈련기관,소형무인기운용·조종 기반의 고용24 훈련과정입니다. Publication 학습에는 과정명과의 직접 연관성에 따라 기초·포함·선수 경로로 연결했습니다.,소형무인기운용·조종; 기초기술 현장적용; 지도조종자; 교관,초급~중급,오프라인,국비지원(일부 자부담 가능),고용24 직업훈련(국민내일배움카드 적용 여부는 과정 상세 확인),서울 관악구,총 192시간,,2026-09-28~2026-11-02,국민내일배움카드(일반),지도조종자(교관),https://www.work24.go.kr/hr/a/a/3100/selectTracseDetl.do?tracseId=AIG20250000513160&tracseTme=13&crseTracseSe=C0061&trainstCstmrId=500037079851,고용24 훈련과정 상세,정부사이트,2026-09-28,현재 운영,,드론 기초 → 교육·연구 방법 → 공식 자료 실습 → 교육 또는 연구 프로젝트,대시보드 원본 교육데이터(예정)를 Skill과 연결. relevance_type=PREREQUISITE.,dashboard C.html / Work24 원천 링크
기획·지원,교육·연구·정책·지원,DJ-196,무인항공 연구원,교육·연구,Research,Research 관련 기술,"Research은(는) 교육 설계·연구·훈련 운영 업무에서 사용하는 도구·개념·절차입니다. 실제 직무에서는 설계, 운용, 분석 또는 의사결정 결과를 만드는 데 적용됩니다.",무인항공 연구원이(가) 무인항공 핵심기술·운항·안전·정책 연구 업무를 수행할 때 Research을(를) 이해하고 적용하기 위해 학습합니다.,드론 산업 기초와 문서 작성 능력,초급~중급,PREREQUISITE,국비지원 직업훈련,드론 지도조종자(교관) 실기반(무인멀티콥터),AIG20250000513160,1060,새동엔지니어링(주) 드론교육원,직업훈련기관,소형무인기운용·조종 기반의 고용24 훈련과정입니다. Research 학습에는 과정명과의 직접 연관성에 따라 기초·포함·선수 경로로 연결했습니다.,소형무인기운용·조종; 기초기술 현장적용; 지도조종자; 교관,초급~중급,오프라인,국비지원(일부 자부담 가능),고용24 직업훈련(국민내일배움카드 적용 여부는 과정 상세 확인),서울 관악구,총 192시간,,2026-09-28~2026-11-02,국민내일배움카드(일반),지도조종자(교관),https://www.work24.go.kr/hr/a/a/3100/selectTracseDetl.do?tracseId=AIG20250000513160&tracseTme=13&crseTracseSe=C0061&trainstCstmrId=500037079851,고용24 훈련과정 상세,정부사이트,2026-09-28,현재 운영,,드론 기초 → 교육·연구 방법 → 공식 자료 실습 → 교육 또는 연구 프로젝트,대시보드 원본 교육데이터(예정)를 Skill과 연결. relevance_type=PREREQUISITE.,dashboard C.html / Work24 원천 링크
기획·지원,체계기획·사업,DJ-007,드론 구축 프로젝트 매니저,기획·통합·사업,PM,프로젝트 관리,"프로젝트 관리은(는) 드론 시스템 기획·통합·사업관리 업무에서 사용하는 도구·개념·절차입니다. 실제 직무에서는 설계, 운용, 분석 또는 의사결정 결과를 만드는 데 적용됩니다.",드론 구축 프로젝트 매니저이(가) 관제·스테이션·현장 시스템 구축 프로젝트 관리 업무를 수행할 때 PM을(를) 이해하고 적용하기 위해 학습합니다.,드론 시스템 구성과 기본 문서 작성,초급~중급,PREREQUISITE,국비지원 직업훈련,드론 지도조종자(교관) 실기반(무인멀티콥터),AIG20250000513160,1060,새동엔지니어링(주) 드론교육원,직업훈련기관,소형무인기운용·조종 기반의 고용24 훈련과정입니다. PM 학습에는 과정명과의 직접 연관성에 따라 기초·포함·선수 경로로 연결했습니다.,소형무인기운용·조종; 기초기술 현장적용; 지도조종자; 교관,초급~중급,오프라인,국비지원(일부 자부담 가능),고용24 직업훈련(국민내일배움카드 적용 여부는 과정 상세 확인),서울 관악구,총 192시간,,2026-09-28~2026-11-02,국민내일배움카드(일반),지도조종자(교관),https://www.work24.go.kr/hr/a/a/3100/selectTracseDetl.do?tracseId=AIG20250000513160&tracseTme=13&crseTracseSe=C0061&trainstCstmrId=500037079851,고용24 훈련과정 상세,정부사이트,2026-09-28,현재 운영,,산업·시스템 이해 → 요구사항·기획 방법 → 사례 분석 → 사업·통합 산출물 작성,대시보드 원본 교육데이터(예정)를 Skill과 연결. relevance_type=PREREQUISITE.,dashboard C.html / Work24 원천 링크
기획·지원,체계기획·사업,DJ-007,드론 구축 프로젝트 매니저,기획·통합·사업,SI,SI 관련 기술,"SI은(는) 드론 시스템 기획·통합·사업관리 업무에서 사용하는 도구·개념·절차입니다. 실제 직무에서는 설계, 운용, 분석 또는 의사결정 결과를 만드는 데 적용됩니다.",드론 구축 프로젝트 매니저이(가) 관제·스테이션·현장 시스템 구축 프로젝트 관리 업무를 수행할 때 SI을(를) 이해하고 적용하기 위해 학습합니다.,드론 시스템 구성과 기본 문서 작성,초급~중급,PREREQUISITE,국비지원 직업훈련,드론 지도조종자(교관) 실기반(무인멀티콥터),AIG20250000513160,1060,새동엔지니어링(주) 드론교육원,직업훈련기관,소형무인기운용·조종 기반의 고용24 훈련과정입니다. SI 학습에는 과정명과의 직접 연관성에 따라 기초·포함·선수 경로로 연결했습니다.,소형무인기운용·조종; 기초기술 현장적용; 지도조종자; 교관,초급~중급,오프라인,국비지원(일부 자부담 가능),고용24 직업훈련(국민내일배움카드 적용 여부는 과정 상세 확인),서울 관악구,총 192시간,,2026-09-28~2026-11-02,국민내일배움카드(일반),지도조종자(교관),https://www.work24.go.kr/hr/a/a/3100/selectTracseDetl.do?tracseId=AIG20250000513160&tracseTme=13&crseTracseSe=C0061&trainstCstmrId=500037079851,고용24 훈련과정 상세,정부사이트,2026-09-28,현재 운영,,산업·시스템 이해 → 요구사항·기획 방법 → 사례 분석 → 사업·통합 산출물 작성,대시보드 원본 교육데이터(예정)를 Skill과 연결. relevance_type=PREREQUISITE.,dashboard C.html / Work24 원천 링크
기획·지원,체계기획·사업,DJ-007,드론 구축 프로젝트 매니저,기획·통합·사업,검수,검수,"검수은(는) 드론 시스템 기획·통합·사업관리 업무에서 사용하는 도구·개념·절차입니다. 실제 직무에서는 설계, 운용, 분석 또는 의사결정 결과를 만드는 데 적용됩니다.",드론 구축 프로젝트 매니저이(가) 관제·스테이션·현장 시스템 구축 프로젝트 관리 업무를 수행할 때 검수을(를) 이해하고 적용하기 위해 학습합니다.,드론 시스템 구성과 기본 문서 작성,초급~중급,PREREQUISITE,국비지원 직업훈련,드론 지도조종자(교관) 실기반(무인멀티콥터),AIG20250000513160,1060,새동엔지니어링(주) 드론교육원,직업훈련기관,소형무인기운용·조종 기반의 고용24 훈련과정입니다. 검수 학습에는 과정명과의 직접 연관성에 따라 기초·포함·선수 경로로 연결했습니다.,소형무인기운용·조종; 기초기술 현장적용; 지도조종자; 교관,초급~중급,오프라인,국비지원(일부 자부담 가능),고용24 직업훈련(국민내일배움카드 적용 여부는 과정 상세 확인),서울 관악구,총 192시간,,2026-09-28~2026-11-02,국민내일배움카드(일반),지도조종자(교관),https://www.work24.go.kr/hr/a/a/3100/selectTracseDetl.do?tracseId=AIG20250000513160&tracseTme=13&crseTracseSe=C0061&trainstCstmrId=500037079851,고용24 훈련과정 상세,정부사이트,2026-09-28,현재 운영,,산업·시스템 이해 → 요구사항·기획 방법 → 사례 분석 → 사업·통합 산출물 작성,대시보드 원본 교육데이터(예정)를 Skill과 연결. relevance_type=PREREQUISITE.,dashboard C.html / Work24 원천 링크
기획·지원,체계기획·사업,DJ-007,드론 구축 프로젝트 매니저,기획·통합·사업,현장구축,현장구축,"현장구축은(는) 드론 시스템 기획·통합·사업관리 업무에서 사용하는 도구·개념·절차입니다. 실제 직무에서는 설계, 운용, 분석 또는 의사결정 결과를 만드는 데 적용됩니다.",드론 구축 프로젝트 매니저이(가) 관제·스테이션·현장 시스템 구축 프로젝트 관리 업무를 수행할 때 현장구축을(를) 이해하고 적용하기 위해 학습합니다.,드론 시스템 구성과 기본 문서 작성,초급~중급,PREREQUISITE,국비지원 직업훈련,드론 지도조종자(교관) 실기반(무인멀티콥터),AIG20250000513160,1060,새동엔지니어링(주) 드론교육원,직업훈련기관,소형무인기운용·조종 기반의 고용24 훈련과정입니다. 현장구축 학습에는 과정명과의 직접 연관성에 따라 기초·포함·선수 경로로 연결했습니다.,소형무인기운용·조종; 기초기술 현장적용; 지도조종자; 교관,초급~중급,오프라인,국비지원(일부 자부담 가능),고용24 직업훈련(국민내일배움카드 적용 여부는 과정 상세 확인),서울 관악구,총 192시간,,2026-09-28~2026-11-02,국민내일배움카드(일반),지도조종자(교관),https://www.work24.go.kr/hr/a/a/3100/selectTracseDetl.do?tracseId=AIG20250000513160&tracseTme=13&crseTracseSe=C0061&trainstCstmrId=500037079851,고용24 훈련과정 상세,정부사이트,2026-09-28,현재 운영,,산업·시스템 이해 → 요구사항·기획 방법 → 사례 분석 → 사업·통합 산출물 작성,대시보드 원본 교육데이터(예정)를 Skill과 연결. relevance_type=PREREQUISITE.,dashboard C.html / Work24 원천 링크
기획·지원,체계기획·사업,DJ-009,드론 부품 기술영업 담당자,기획·통합·사업,ArduPilot,ArduPilot 관련 기술,"ArduPilot은(는) 드론 시스템 기획·통합·사업관리 업무에서 사용하는 도구·개념·절차입니다. 실제 직무에서는 설계, 운용, 분석 또는 의사결정 결과를 만드는 데 적용됩니다.",드론 부품 기술영업 담당자이(가) 드론 부품·교보재·솔루션의 기술제안과 고객 지원 업무를 수행할 때 ArduPilot을(를) 이해하고 적용하기 위해 학습합니다.,드론 시스템 구성과 기본 문서 작성,초급~중급,PREREQUISITE,국비지원 직업훈련,AIOT 기반 드론 영상 관제시스템 프로젝트 개발,AIG20250000501335,982,DW아카데미학원,직업훈련기관,응용SW엔지니어링 기반의 고용24 훈련과정입니다. ArduPilot 학습에는 과정명과의 직접 연관성에 따라 기초·포함·선수 경로로 연결했습니다.,응용SW엔지니어링; AI소프트웨어; AIOT; 파이썬,초급~중급,오프라인,국비지원(일부 자부담 가능),고용24 직업훈련(국민내일배움카드 적용 여부는 과정 상세 확인),대전 중구,"총 1,120시간",,2026-09-09~2027-04-05,K-디지털 트레이닝,수료 여부 과정별 확인,https://www.work24.go.kr/hr/a/a/3100/selectTracseDetl.do?tracseId=AIG20250000501335&tracseTme=8&crseTracseSe=C0061&trainstCstmrId=500020022702,고용24 훈련과정 상세,정부사이트,2026-09-28,현재 운영,https://ardupilot.org/dev/,산업·시스템 이해 → 요구사항·기획 방법 → 사례 분석 → 사업·통합 산출물 작성,대시보드 원본 교육데이터(진행중)를 Skill과 연결. relevance_type=PREREQUISITE.,dashboard C.html / Work24 원천 링크
기획·지원,체계기획·사업,DJ-009,드론 부품 기술영업 담당자,기획·통합·사업,ArduPilot,ArduPilot 관련 기술,"ArduPilot은(는) 드론 시스템 기획·통합·사업관리 업무에서 사용하는 도구·개념·절차입니다. 실제 직무에서는 설계, 운용, 분석 또는 의사결정 결과를 만드는 데 적용됩니다.",드론 부품 기술영업 담당자이(가) 드론 부품·교보재·솔루션의 기술제안과 고객 지원 업무를 수행할 때 ArduPilot을(를) 이해하고 적용하기 위해 학습합니다.,C++와 Linux 명령어 기초,초급~중급,OFFICIAL_RESOURCE,공식 튜토리얼·문서,ArduPilot Development Documentation,ARDUPILOT-DEV,,ArduPilot,공식 오픈소스,"ArduPilot 빌드, 코드 구조, SITL 시뮬레이션과 하드웨어 통합을 학습하는 공식 개발 문서입니다.",ArduPilot; SITL; C++; 비행제어; 하드웨어 통합,중급~고급,온라인,무료,,온라인,자기주도 학습,상시,상시,대학생·취업준비생·재직자·일반인,없음,https://ardupilot.org/dev/,ArduPilot,공식 기술문서,2026-09-28,상시 운영,,개발환경 → 빌드 → SITL → 코드 구조 → 기체 적용,공식 제공기관이 운영하는 교육·튜토리얼·문서 기반 학습경로.,공식 웹사이트 직접 확인
기획·지원,체계기획·사업,DJ-009,드론 부품 기술영업 담당자,기획·통합·사업,Pixhawk,Pixhawk 관련 기술,"Pixhawk은(는) 드론 시스템 기획·통합·사업관리 업무에서 사용하는 도구·개념·절차입니다. 실제 직무에서는 설계, 운용, 분석 또는 의사결정 결과를 만드는 데 적용됩니다.",드론 부품 기술영업 담당자이(가) 드론 부품·교보재·솔루션의 기술제안과 고객 지원 업무를 수행할 때 Pixhawk을(를) 이해하고 적용하기 위해 학습합니다.,드론 시스템 구성과 기본 문서 작성,초급~중급,PREREQUISITE,국비지원 직업훈련,AIOT 기반 드론 영상 관제시스템 프로젝트 개발,AIG20250000501335,982,DW아카데미학원,직업훈련기관,응용SW엔지니어링 기반의 고용24 훈련과정입니다. Pixhawk 학습에는 과정명과의 직접 연관성에 따라 기초·포함·선수 경로로 연결했습니다.,응용SW엔지니어링; AI소프트웨어; AIOT; 파이썬,초급~중급,오프라인,국비지원(일부 자부담 가능),고용24 직업훈련(국민내일배움카드 적용 여부는 과정 상세 확인),대전 중구,"총 1,120시간",,2026-09-09~2027-04-05,K-디지털 트레이닝,수료 여부 과정별 확인,https://www.work24.go.kr/hr/a/a/3100/selectTracseDetl.do?tracseId=AIG20250000501335&tracseTme=8&crseTracseSe=C0061&trainstCstmrId=500020022702,고용24 훈련과정 상세,정부사이트,2026-09-28,현재 운영,https://docs.px4.io/main/en/,산업·시스템 이해 → 요구사항·기획 방법 → 사례 분석 → 사업·통합 산출물 작성,대시보드 원본 교육데이터(진행중)를 Skill과 연결. relevance_type=PREREQUISITE.,dashboard C.html / Work24 원천 링크
기획·지원,체계기획·사업,DJ-009,드론 부품 기술영업 담당자,기획·통합·사업,Pixhawk,Pixhawk 관련 기술,"Pixhawk은(는) 드론 시스템 기획·통합·사업관리 업무에서 사용하는 도구·개념·절차입니다. 실제 직무에서는 설계, 운용, 분석 또는 의사결정 결과를 만드는 데 적용됩니다.",드론 부품 기술영업 담당자이(가) 드론 부품·교보재·솔루션의 기술제안과 고객 지원 업무를 수행할 때 Pixhawk을(를) 이해하고 적용하기 위해 학습합니다.,C++와 Linux 명령어 기초,초급~중급,OFFICIAL_RESOURCE,공식 튜토리얼·문서,ArduPilot Development Documentation,ARDUPILOT-DEV,,ArduPilot,공식 오픈소스,"ArduPilot 빌드, 코드 구조, SITL 시뮬레이션과 하드웨어 통합을 학습하는 공식 개발 문서입니다.",ArduPilot; SITL; C++; 비행제어; 하드웨어 통합,중급~고급,온라인,무료,,온라인,자기주도 학습,상시,상시,대학생·취업준비생·재직자·일반인,없음,https://ardupilot.org/dev/,ArduPilot,공식 기술문서,2026-09-28,상시 운영,,개발환경 → 빌드 → SITL → 코드 구조 → 기체 적용,공식 제공기관이 운영하는 교육·튜토리얼·문서 기반 학습경로.,공식 웹사이트 직접 확인
기획·지원,체계기획·사업,DJ-009,드론 부품 기술영업 담당자,기획·통합·사업,Pixhawk,Pixhawk 관련 기술,"Pixhawk은(는) 드론 시스템 기획·통합·사업관리 업무에서 사용하는 도구·개념·절차입니다. 실제 직무에서는 설계, 운용, 분석 또는 의사결정 결과를 만드는 데 적용됩니다.",드론 부품 기술영업 담당자이(가) 드론 부품·교보재·솔루션의 기술제안과 고객 지원 업무를 수행할 때 Pixhawk을(를) 이해하고 적용하기 위해 학습합니다.,드론 구조와 Linux·C++ 기초(개발 과정),초급~중급,OFFICIAL_RESOURCE,공식 튜토리얼·문서,PX4 Autopilot User Guide,PX4-GUIDE,,PX4 / Dronecode Foundation,공식 오픈소스,"PX4의 기본 개념, 기체 구성, 비행 모드, 시뮬레이션, 로그 분석과 개발 절차를 단계별로 학습합니다.",PX4; 비행제어; 시뮬레이션; 로그; 기체 설정,초급~고급,온라인,무료,,온라인,자기주도 학습,상시,상시,대학생·취업준비생·재직자·일반인,없음,https://docs.px4.io/main/en/,PX4 / Dronecode Foundation,공식 기술문서,2026-09-28,상시 운영,,Basic Concepts → Simulation → Configuration → Development,공식 제공기관이 운영하는 교육·튜토리얼·문서 기반 학습경로.,공식 웹사이트 직접 확인
기획·지원,체계기획·사업,DJ-009,드론 부품 기술영업 담당자,기획·통합·사업,PX4,PX4 오픈소스 비행제어 플랫폼,"PX4 오픈소스 비행제어 플랫폼은(는) 드론 시스템 기획·통합·사업관리 업무에서 사용하는 도구·개념·절차입니다. 실제 직무에서는 설계, 운용, 분석 또는 의사결정 결과를 만드는 데 적용됩니다.",드론 부품 기술영업 담당자이(가) 드론 부품·교보재·솔루션의 기술제안과 고객 지원 업무를 수행할 때 PX4을(를) 이해하고 적용하기 위해 학습합니다.,드론 시스템 구성과 기본 문서 작성,초급~중급,PREREQUISITE,국비지원 직업훈련,AIOT 기반 드론 영상 관제시스템 프로젝트 개발,AIG20250000501335,982,DW아카데미학원,직업훈련기관,응용SW엔지니어링 기반의 고용24 훈련과정입니다. PX4 학습에는 과정명과의 직접 연관성에 따라 기초·포함·선수 경로로 연결했습니다.,응용SW엔지니어링; AI소프트웨어; AIOT; 파이썬,초급~중급,오프라인,국비지원(일부 자부담 가능),고용24 직업훈련(국민내일배움카드 적용 여부는 과정 상세 확인),대전 중구,"총 1,120시간",,2026-09-09~2027-04-05,K-디지털 트레이닝,수료 여부 과정별 확인,https://www.work24.go.kr/hr/a/a/3100/selectTracseDetl.do?tracseId=AIG20250000501335&tracseTme=8&crseTracseSe=C0061&trainstCstmrId=500020022702,고용24 훈련과정 상세,정부사이트,2026-09-28,현재 운영,https://docs.px4.io/main/en/,산업·시스템 이해 → 요구사항·기획 방법 → 사례 분석 → 사업·통합 산출물 작성,대시보드 원본 교육데이터(진행중)를 Skill과 연결. relevance_type=PREREQUISITE.,dashboard C.html / Work24 원천 링크
기획·지원,체계기획·사업,DJ-009,드론 부품 기술영업 담당자,기획·통합·사업,PX4,PX4 오픈소스 비행제어 플랫폼,"PX4 오픈소스 비행제어 플랫폼은(는) 드론 시스템 기획·통합·사업관리 업무에서 사용하는 도구·개념·절차입니다. 실제 직무에서는 설계, 운용, 분석 또는 의사결정 결과를 만드는 데 적용됩니다.",드론 부품 기술영업 담당자이(가) 드론 부품·교보재·솔루션의 기술제안과 고객 지원 업무를 수행할 때 PX4을(를) 이해하고 적용하기 위해 학습합니다.,드론 구조와 Linux·C++ 기초(개발 과정),초급~중급,OFFICIAL_RESOURCE,공식 튜토리얼·문서,PX4 Autopilot User Guide,PX4-GUIDE,,PX4 / Dronecode Foundation,공식 오픈소스,"PX4의 기본 개념, 기체 구성, 비행 모드, 시뮬레이션, 로그 분석과 개발 절차를 단계별로 학습합니다.",PX4; 비행제어; 시뮬레이션; 로그; 기체 설정,초급~고급,온라인,무료,,온라인,자기주도 학습,상시,상시,대학생·취업준비생·재직자·일반인,없음,https://docs.px4.io/main/en/,PX4 / Dronecode Foundation,공식 기술문서,2026-09-28,상시 운영,,Basic Concepts → Simulation → Configuration → Development,공식 제공기관이 운영하는 교육·튜토리얼·문서 기반 학습경로.,공식 웹사이트 직접 확인
기획·지원,체계기획·사업,DJ-009,드론 부품 기술영업 담당자,기획·통합·사업,기술영업,기술영업,"기술영업은(는) 드론 시스템 기획·통합·사업관리 업무에서 사용하는 도구·개념·절차입니다. 실제 직무에서는 설계, 운용, 분석 또는 의사결정 결과를 만드는 데 적용됩니다.",드론 부품 기술영업 담당자이(가) 드론 부품·교보재·솔루션의 기술제안과 고객 지원 업무를 수행할 때 기술영업을(를) 이해하고 적용하기 위해 학습합니다.,드론 시스템 구성과 기본 문서 작성,초급~중급,PREREQUISITE,국비지원 직업훈련,드론 지도조종자(교관) 실기반(무인멀티콥터),AIG20250000513160,1060,새동엔지니어링(주) 드론교육원,직업훈련기관,소형무인기운용·조종 기반의 고용24 훈련과정입니다. 기술영업 학습에는 과정명과의 직접 연관성에 따라 기초·포함·선수 경로로 연결했습니다.,소형무인기운용·조종; 기초기술 현장적용; 지도조종자; 교관,초급~중급,오프라인,국비지원(일부 자부담 가능),고용24 직업훈련(국민내일배움카드 적용 여부는 과정 상세 확인),서울 관악구,총 192시간,,2026-09-28~2026-11-02,국민내일배움카드(일반),지도조종자(교관),https://www.work24.go.kr/hr/a/a/3100/selectTracseDetl.do?tracseId=AIG20250000513160&tracseTme=13&crseTracseSe=C0061&trainstCstmrId=500037079851,고용24 훈련과정 상세,정부사이트,2026-09-28,현재 운영,,산업·시스템 이해 → 요구사항·기획 방법 → 사례 분석 → 사업·통합 산출물 작성,대시보드 원본 교육데이터(예정)를 Skill과 연결. relevance_type=PREREQUISITE.,dashboard C.html / Work24 원천 링크
기획·지원,체계기획·사업,DJ-008,드론 사업개발 담당자,기획·통합·사업,B2B 제안,B2B 제안,"B2B 제안은(는) 드론 시스템 기획·통합·사업관리 업무에서 사용하는 도구·개념·절차입니다. 실제 직무에서는 설계, 운용, 분석 또는 의사결정 결과를 만드는 데 적용됩니다.",드론 사업개발 담당자이(가) 산업별 활용처 발굴과 제안·파트너십 추진 업무를 수행할 때 B2B 제안을(를) 이해하고 적용하기 위해 학습합니다.,드론 시스템 구성과 기본 문서 작성,초급~중급,PREREQUISITE,국비지원 직업훈련,드론 지도조종자(교관) 실기반(무인멀티콥터),AIG20250000513160,1060,새동엔지니어링(주) 드론교육원,직업훈련기관,소형무인기운용·조종 기반의 고용24 훈련과정입니다. B2B 제안 학습에는 과정명과의 직접 연관성에 따라 기초·포함·선수 경로로 연결했습니다.,소형무인기운용·조종; 기초기술 현장적용; 지도조종자; 교관,초급~중급,오프라인,국비지원(일부 자부담 가능),고용24 직업훈련(국민내일배움카드 적용 여부는 과정 상세 확인),서울 관악구,총 192시간,,2026-09-28~2026-11-02,국민내일배움카드(일반),지도조종자(교관),https://www.work24.go.kr/hr/a/a/3100/selectTracseDetl.do?tracseId=AIG20250000513160&tracseTme=13&crseTracseSe=C0061&trainstCstmrId=500037079851,고용24 훈련과정 상세,정부사이트,2026-09-28,현재 운영,,산업·시스템 이해 → 요구사항·기획 방법 → 사례 분석 → 사업·통합 산출물 작성,대시보드 원본 교육데이터(예정)를 Skill과 연결. relevance_type=PREREQUISITE.,dashboard C.html / Work24 원천 링크
기획·지원,체계기획·사업,DJ-008,드론 사업개발 담당자,기획·통합·사업,사업성분석,사업성분석,"사업성분석은(는) 드론 시스템 기획·통합·사업관리 업무에서 사용하는 도구·개념·절차입니다. 실제 직무에서는 설계, 운용, 분석 또는 의사결정 결과를 만드는 데 적용됩니다.",드론 사업개발 담당자이(가) 산업별 활용처 발굴과 제안·파트너십 추진 업무를 수행할 때 사업성분석을(를) 이해하고 적용하기 위해 학습합니다.,드론 시스템 구성과 기본 문서 작성,초급~중급,PREREQUISITE,국비지원 직업훈련,드론 지도조종자(교관) 실기반(무인멀티콥터),AIG20250000513160,1060,새동엔지니어링(주) 드론교육원,직업훈련기관,소형무인기운용·조종 기반의 고용24 훈련과정입니다. 사업성분석 학습에는 과정명과의 직접 연관성에 따라 기초·포함·선수 경로로 연결했습니다.,소형무인기운용·조종; 기초기술 현장적용; 지도조종자; 교관,초급~중급,오프라인,국비지원(일부 자부담 가능),고용24 직업훈련(국민내일배움카드 적용 여부는 과정 상세 확인),서울 관악구,총 192시간,,2026-09-28~2026-11-02,국민내일배움카드(일반),지도조종자(교관),https://www.work24.go.kr/hr/a/a/3100/selectTracseDetl.do?tracseId=AIG20250000513160&tracseTme=13&crseTracseSe=C0061&trainstCstmrId=500037079851,고용24 훈련과정 상세,정부사이트,2026-09-28,현재 운영,,산업·시스템 이해 → 요구사항·기획 방법 → 사례 분석 → 사업·통합 산출물 작성,대시보드 원본 교육데이터(예정)를 Skill과 연결. relevance_type=PREREQUISITE.,dashboard C.html / Work24 원천 링크
기획·지원,체계기획·사업,DJ-008,드론 사업개발 담당자,기획·통합·사업,파트너십,파트너십,"파트너십은(는) 드론 시스템 기획·통합·사업관리 업무에서 사용하는 도구·개념·절차입니다. 실제 직무에서는 설계, 운용, 분석 또는 의사결정 결과를 만드는 데 적용됩니다.",드론 사업개발 담당자이(가) 산업별 활용처 발굴과 제안·파트너십 추진 업무를 수행할 때 파트너십을(를) 이해하고 적용하기 위해 학습합니다.,드론 시스템 구성과 기본 문서 작성,초급~중급,PREREQUISITE,국비지원 직업훈련,드론 지도조종자(교관) 실기반(무인멀티콥터),AIG20250000513160,1060,새동엔지니어링(주) 드론교육원,직업훈련기관,소형무인기운용·조종 기반의 고용24 훈련과정입니다. 파트너십 학습에는 과정명과의 직접 연관성에 따라 기초·포함·선수 경로로 연결했습니다.,소형무인기운용·조종; 기초기술 현장적용; 지도조종자; 교관,초급~중급,오프라인,국비지원(일부 자부담 가능),고용24 직업훈련(국민내일배움카드 적용 여부는 과정 상세 확인),서울 관악구,총 192시간,,2026-09-28~2026-11-02,국민내일배움카드(일반),지도조종자(교관),https://www.work24.go.kr/hr/a/a/3100/selectTracseDetl.do?tracseId=AIG20250000513160&tracseTme=13&crseTracseSe=C0061&trainstCstmrId=500037079851,고용24 훈련과정 상세,정부사이트,2026-09-28,현재 운영,,산업·시스템 이해 → 요구사항·기획 방법 → 사례 분석 → 사업·통합 산출물 작성,대시보드 원본 교육데이터(예정)를 Skill과 연결. relevance_type=PREREQUISITE.,dashboard C.html / Work24 원천 링크
기획·지원,체계기획·사업,DJ-005,드론 서비스기획자,기획·통합·사업,데이터기획,데이터기획,"데이터기획은(는) 드론 시스템 기획·통합·사업관리 업무에서 사용하는 도구·개념·절차입니다. 실제 직무에서는 설계, 운용, 분석 또는 의사결정 결과를 만드는 데 적용됩니다.",드론 서비스기획자이(가) 드론 활용 서비스의 고객 여정·운영모델·수익모델 기획 업무를 수행할 때 데이터기획을(를) 이해하고 적용하기 위해 학습합니다.,드론 시스템 구성과 기본 문서 작성,초급~중급,PREREQUISITE,국비지원 직업훈련,드론 지도조종자(교관) 실기반(무인멀티콥터),AIG20250000513160,1060,새동엔지니어링(주) 드론교육원,직업훈련기관,소형무인기운용·조종 기반의 고용24 훈련과정입니다. 데이터기획 학습에는 과정명과의 직접 연관성에 따라 기초·포함·선수 경로로 연결했습니다.,소형무인기운용·조종; 기초기술 현장적용; 지도조종자; 교관,초급~중급,오프라인,국비지원(일부 자부담 가능),고용24 직업훈련(국민내일배움카드 적용 여부는 과정 상세 확인),서울 관악구,총 192시간,,2026-09-28~2026-11-02,국민내일배움카드(일반),지도조종자(교관),https://www.work24.go.kr/hr/a/a/3100/selectTracseDetl.do?tracseId=AIG20250000513160&tracseTme=13&crseTracseSe=C0061&trainstCstmrId=500037079851,고용24 훈련과정 상세,정부사이트,2026-09-28,현재 운영,,산업·시스템 이해 → 요구사항·기획 방법 → 사례 분석 → 사업·통합 산출물 작성,대시보드 원본 교육데이터(예정)를 Skill과 연결. relevance_type=PREREQUISITE.,dashboard C.html / Work24 원천 링크
기획·지원,체계기획·사업,DJ-005,드론 서비스기획자,기획·통합·사업,서비스디자인,서비스디자인,"서비스디자인은(는) 드론 시스템 기획·통합·사업관리 업무에서 사용하는 도구·개념·절차입니다. 실제 직무에서는 설계, 운용, 분석 또는 의사결정 결과를 만드는 데 적용됩니다.",드론 서비스기획자이(가) 드론 활용 서비스의 고객 여정·운영모델·수익모델 기획 업무를 수행할 때 서비스디자인을(를) 이해하고 적용하기 위해 학습합니다.,드론 시스템 구성과 기본 문서 작성,초급~중급,PREREQUISITE,국비지원 직업훈련,드론 지도조종자(교관) 실기반(무인멀티콥터),AIG20250000513160,1060,새동엔지니어링(주) 드론교육원,직업훈련기관,소형무인기운용·조종 기반의 고용24 훈련과정입니다. 서비스디자인 학습에는 과정명과의 직접 연관성에 따라 기초·포함·선수 경로로 연결했습니다.,소형무인기운용·조종; 기초기술 현장적용; 지도조종자; 교관,초급~중급,오프라인,국비지원(일부 자부담 가능),고용24 직업훈련(국민내일배움카드 적용 여부는 과정 상세 확인),서울 관악구,총 192시간,,2026-09-28~2026-11-02,국민내일배움카드(일반),지도조종자(교관),https://www.work24.go.kr/hr/a/a/3100/selectTracseDetl.do?tracseId=AIG20250000513160&tracseTme=13&crseTracseSe=C0061&trainstCstmrId=500037079851,고용24 훈련과정 상세,정부사이트,2026-09-28,현재 운영,,산업·시스템 이해 → 요구사항·기획 방법 → 사례 분석 → 사업·통합 산출물 작성,대시보드 원본 교육데이터(예정)를 Skill과 연결. relevance_type=PREREQUISITE.,dashboard C.html / Work24 원천 링크
기획·지원,체계기획·사업,DJ-005,드론 서비스기획자,기획·통합·사업,운영설계,운영설계,"운영설계은(는) 드론 시스템 기획·통합·사업관리 업무에서 사용하는 도구·개념·절차입니다. 실제 직무에서는 설계, 운용, 분석 또는 의사결정 결과를 만드는 데 적용됩니다.",드론 서비스기획자이(가) 드론 활용 서비스의 고객 여정·운영모델·수익모델 기획 업무를 수행할 때 운영설계을(를) 이해하고 적용하기 위해 학습합니다.,드론 시스템 구성과 기본 문서 작성,초급~중급,PREREQUISITE,국비지원 직업훈련,드론 지도조종자(교관) 실기반(무인멀티콥터),AIG20250000513160,1060,새동엔지니어링(주) 드론교육원,직업훈련기관,소형무인기운용·조종 기반의 고용24 훈련과정입니다. 운영설계 학습에는 과정명과의 직접 연관성에 따라 기초·포함·선수 경로로 연결했습니다.,소형무인기운용·조종; 기초기술 현장적용; 지도조종자; 교관,초급~중급,오프라인,국비지원(일부 자부담 가능),고용24 직업훈련(국민내일배움카드 적용 여부는 과정 상세 확인),서울 관악구,총 192시간,,2026-09-28~2026-11-02,국민내일배움카드(일반),지도조종자(교관),https://www.work24.go.kr/hr/a/a/3100/selectTracseDetl.do?tracseId=AIG20250000513160&tracseTme=13&crseTracseSe=C0061&trainstCstmrId=500037079851,고용24 훈련과정 상세,정부사이트,2026-09-28,현재 운영,,산업·시스템 이해 → 요구사항·기획 방법 → 사례 분석 → 사업·통합 산출물 작성,대시보드 원본 교육데이터(예정)를 Skill과 연결. relevance_type=PREREQUISITE.,dashboard C.html / Work24 원천 링크
기획·지원,체계기획·사업,DJ-002,드론 시스템 아키텍트,기획·통합·사업,MBSE,모델 기반 시스템공학,"모델 기반 시스템공학은(는) 드론 시스템 기획·통합·사업관리 업무에서 사용하는 도구·개념·절차입니다. 실제 직무에서는 설계, 운용, 분석 또는 의사결정 결과를 만드는 데 적용됩니다.",드론 시스템 아키텍트이(가) 드론 하드웨어·소프트웨어·통신 구조 설계 업무를 수행할 때 MBSE을(를) 이해하고 적용하기 위해 학습합니다.,드론 시스템 구성과 기본 문서 작성,고급,PREREQUISITE,국비지원 직업훈련,드론 지도조종자(교관) 실기반(무인멀티콥터),AIG20250000513160,1060,새동엔지니어링(주) 드론교육원,직업훈련기관,소형무인기운용·조종 기반의 고용24 훈련과정입니다. MBSE 학습에는 과정명과의 직접 연관성에 따라 기초·포함·선수 경로로 연결했습니다.,소형무인기운용·조종; 기초기술 현장적용; 지도조종자; 교관,고급,오프라인,국비지원(일부 자부담 가능),고용24 직업훈련(국민내일배움카드 적용 여부는 과정 상세 확인),서울 관악구,총 192시간,,2026-09-28~2026-11-02,국민내일배움카드(일반),지도조종자(교관),https://www.work24.go.kr/hr/a/a/3100/selectTracseDetl.do?tracseId=AIG20250000513160&tracseTme=13&crseTracseSe=C0061&trainstCstmrId=500037079851,고용24 훈련과정 상세,정부사이트,2026-09-28,현재 운영,,산업·시스템 이해 → 요구사항·기획 방법 → 사례 분석 → 사업·통합 산출물 작성,대시보드 원본 교육데이터(예정)를 Skill과 연결. relevance_type=PREREQUISITE.,dashboard C.html / Work24 원천 링크
기획·지원,체계기획·사업,DJ-002,드론 시스템 아키텍트,기획·통합·사업,시스템 아키텍처,시스템 아키텍처,"시스템 아키텍처은(는) 드론 시스템 기획·통합·사업관리 업무에서 사용하는 도구·개념·절차입니다. 실제 직무에서는 설계, 운용, 분석 또는 의사결정 결과를 만드는 데 적용됩니다.",드론 시스템 아키텍트이(가) 드론 하드웨어·소프트웨어·통신 구조 설계 업무를 수행할 때 시스템 아키텍처을(를) 이해하고 적용하기 위해 학습합니다.,드론 시스템 구성과 기본 문서 작성,초급~중급,PREREQUISITE,국비지원 직업훈련,드론 지도조종자(교관) 실기반(무인멀티콥터),AIG20250000513160,1060,새동엔지니어링(주) 드론교육원,직업훈련기관,소형무인기운용·조종 기반의 고용24 훈련과정입니다. 시스템 아키텍처 학습에는 과정명과의 직접 연관성에 따라 기초·포함·선수 경로로 연결했습니다.,소형무인기운용·조종; 기초기술 현장적용; 지도조종자; 교관,초급~중급,오프라인,국비지원(일부 자부담 가능),고용24 직업훈련(국민내일배움카드 적용 여부는 과정 상세 확인),서울 관악구,총 192시간,,2026-09-28~2026-11-02,국민내일배움카드(일반),지도조종자(교관),https://www.work24.go.kr/hr/a/a/3100/selectTracseDetl.do?tracseId=AIG20250000513160&tracseTme=13&crseTracseSe=C0061&trainstCstmrId=500037079851,고용24 훈련과정 상세,정부사이트,2026-09-28,현재 운영,,산업·시스템 이해 → 요구사항·기획 방법 → 사례 분석 → 사업·통합 산출물 작성,대시보드 원본 교육데이터(예정)를 Skill과 연결. relevance_type=PREREQUISITE.,dashboard C.html / Work24 원천 링크
기획·지원,체계기획·사업,DJ-002,드론 시스템 아키텍트,기획·통합·사업,인터페이스,인터페이스,"인터페이스은(는) 드론 시스템 기획·통합·사업관리 업무에서 사용하는 도구·개념·절차입니다. 실제 직무에서는 설계, 운용, 분석 또는 의사결정 결과를 만드는 데 적용됩니다.",드론 시스템 아키텍트이(가) 드론 하드웨어·소프트웨어·통신 구조 설계 업무를 수행할 때 인터페이스을(를) 이해하고 적용하기 위해 학습합니다.,드론 시스템 구성과 기본 문서 작성,초급~중급,PREREQUISITE,국비지원 직업훈련,드론 지도조종자(교관) 실기반(무인멀티콥터),AIG20250000513160,1060,새동엔지니어링(주) 드론교육원,직업훈련기관,소형무인기운용·조종 기반의 고용24 훈련과정입니다. 인터페이스 학습에는 과정명과의 직접 연관성에 따라 기초·포함·선수 경로로 연결했습니다.,소형무인기운용·조종; 기초기술 현장적용; 지도조종자; 교관,초급~중급,오프라인,국비지원(일부 자부담 가능),고용24 직업훈련(국민내일배움카드 적용 여부는 과정 상세 확인),서울 관악구,총 192시간,,2026-09-28~2026-11-02,국민내일배움카드(일반),지도조종자(교관),https://www.work24.go.kr/hr/a/a/3100/selectTracseDetl.do?tracseId=AIG20250000513160&tracseTme=13&crseTracseSe=C0061&trainstCstmrId=500037079851,고용24 훈련과정 상세,정부사이트,2026-09-28,현재 운영,,산업·시스템 이해 → 요구사항·기획 방법 → 사례 분석 → 사업·통합 산출물 작성,대시보드 원본 교육데이터(예정)를 Skill과 연결. relevance_type=PREREQUISITE.,dashboard C.html / Work24 원천 링크
기획·지원,체계기획·사업,DJ-006,드론 연구개발 프로젝트 매니저,기획·통합·사업,PM,프로젝트 관리,"프로젝트 관리은(는) 드론 시스템 기획·통합·사업관리 업무에서 사용하는 도구·개념·절차입니다. 실제 직무에서는 설계, 운용, 분석 또는 의사결정 결과를 만드는 데 적용됩니다.",드론 연구개발 프로젝트 매니저이(가) 개발 일정·예산·위험·협력기관 관리 업무를 수행할 때 PM을(를) 이해하고 적용하기 위해 학습합니다.,드론 시스템 구성과 기본 문서 작성,초급~중급,PREREQUISITE,국비지원 직업훈련,드론 지도조종자(교관) 실기반(무인멀티콥터),AIG20250000513160,1060,새동엔지니어링(주) 드론교육원,직업훈련기관,소형무인기운용·조종 기반의 고용24 훈련과정입니다. PM 학습에는 과정명과의 직접 연관성에 따라 기초·포함·선수 경로로 연결했습니다.,소형무인기운용·조종; 기초기술 현장적용; 지도조종자; 교관,초급~중급,오프라인,국비지원(일부 자부담 가능),고용24 직업훈련(국민내일배움카드 적용 여부는 과정 상세 확인),서울 관악구,총 192시간,,2026-09-28~2026-11-02,국민내일배움카드(일반),지도조종자(교관),https://www.work24.go.kr/hr/a/a/3100/selectTracseDetl.do?tracseId=AIG20250000513160&tracseTme=13&crseTracseSe=C0061&trainstCstmrId=500037079851,고용24 훈련과정 상세,정부사이트,2026-09-28,현재 운영,,산업·시스템 이해 → 요구사항·기획 방법 → 사례 분석 → 사업·통합 산출물 작성,대시보드 원본 교육데이터(예정)를 Skill과 연결. relevance_type=PREREQUISITE.,dashboard C.html / Work24 원천 링크
기획·지원,체계기획·사업,DJ-006,드론 연구개발 프로젝트 매니저,기획·통합·사업,원가,원가,"원가은(는) 드론 시스템 기획·통합·사업관리 업무에서 사용하는 도구·개념·절차입니다. 실제 직무에서는 설계, 운용, 분석 또는 의사결정 결과를 만드는 데 적용됩니다.",드론 연구개발 프로젝트 매니저이(가) 개발 일정·예산·위험·협력기관 관리 업무를 수행할 때 원가을(를) 이해하고 적용하기 위해 학습합니다.,드론 시스템 구성과 기본 문서 작성,초급~중급,PREREQUISITE,국비지원 직업훈련,드론 지도조종자(교관) 실기반(무인멀티콥터),AIG20250000513160,1060,새동엔지니어링(주) 드론교육원,직업훈련기관,소형무인기운용·조종 기반의 고용24 훈련과정입니다. 원가 학습에는 과정명과의 직접 연관성에 따라 기초·포함·선수 경로로 연결했습니다.,소형무인기운용·조종; 기초기술 현장적용; 지도조종자; 교관,초급~중급,오프라인,국비지원(일부 자부담 가능),고용24 직업훈련(국민내일배움카드 적용 여부는 과정 상세 확인),서울 관악구,총 192시간,,2026-09-28~2026-11-02,국민내일배움카드(일반),지도조종자(교관),https://www.work24.go.kr/hr/a/a/3100/selectTracseDetl.do?tracseId=AIG20250000513160&tracseTme=13&crseTracseSe=C0061&trainstCstmrId=500037079851,고용24 훈련과정 상세,정부사이트,2026-09-28,현재 운영,,산업·시스템 이해 → 요구사항·기획 방법 → 사례 분석 → 사업·통합 산출물 작성,대시보드 원본 교육데이터(예정)를 Skill과 연결. relevance_type=PREREQUISITE.,dashboard C.html / Work24 원천 링크
기획·지원,체계기획·사업,DJ-006,드론 연구개발 프로젝트 매니저,기획·통합·사업,위험관리,위험관리,"위험관리은(는) 드론 시스템 기획·통합·사업관리 업무에서 사용하는 도구·개념·절차입니다. 실제 직무에서는 설계, 운용, 분석 또는 의사결정 결과를 만드는 데 적용됩니다.",드론 연구개발 프로젝트 매니저이(가) 개발 일정·예산·위험·협력기관 관리 업무를 수행할 때 위험관리을(를) 이해하고 적용하기 위해 학습합니다.,드론 시스템 구성과 기본 문서 작성,초급~중급,PREREQUISITE,국비지원 직업훈련,드론 지도조종자(교관) 실기반(무인멀티콥터),AIG20250000513160,1060,새동엔지니어링(주) 드론교육원,직업훈련기관,소형무인기운용·조종 기반의 고용24 훈련과정입니다. 위험관리 학습에는 과정명과의 직접 연관성에 따라 기초·포함·선수 경로로 연결했습니다.,소형무인기운용·조종; 기초기술 현장적용; 지도조종자; 교관,초급~중급,오프라인,국비지원(일부 자부담 가능),고용24 직업훈련(국민내일배움카드 적용 여부는 과정 상세 확인),서울 관악구,총 192시간,,2026-09-28~2026-11-02,국민내일배움카드(일반),지도조종자(교관),https://www.work24.go.kr/hr/a/a/3100/selectTracseDetl.do?tracseId=AIG20250000513160&tracseTme=13&crseTracseSe=C0061&trainstCstmrId=500037079851,고용24 훈련과정 상세,정부사이트,2026-09-28,현재 운영,,산업·시스템 이해 → 요구사항·기획 방법 → 사례 분석 → 사업·통합 산출물 작성,대시보드 원본 교육데이터(예정)를 Skill과 연결. relevance_type=PREREQUISITE.,dashboard C.html / Work24 원천 링크
기획·지원,체계기획·사업,DJ-006,드론 연구개발 프로젝트 매니저,기획·통합·사업,일정,일정,"일정은(는) 드론 시스템 기획·통합·사업관리 업무에서 사용하는 도구·개념·절차입니다. 실제 직무에서는 설계, 운용, 분석 또는 의사결정 결과를 만드는 데 적용됩니다.",드론 연구개발 프로젝트 매니저이(가) 개발 일정·예산·위험·협력기관 관리 업무를 수행할 때 일정을(를) 이해하고 적용하기 위해 학습합니다.,드론 시스템 구성과 기본 문서 작성,초급~중급,PREREQUISITE,국비지원 직업훈련,드론 지도조종자(교관) 실기반(무인멀티콥터),AIG20250000513160,1060,새동엔지니어링(주) 드론교육원,직업훈련기관,소형무인기운용·조종 기반의 고용24 훈련과정입니다. 일정 학습에는 과정명과의 직접 연관성에 따라 기초·포함·선수 경로로 연결했습니다.,소형무인기운용·조종; 기초기술 현장적용; 지도조종자; 교관,초급~중급,오프라인,국비지원(일부 자부담 가능),고용24 직업훈련(국민내일배움카드 적용 여부는 과정 상세 확인),서울 관악구,총 192시간,,2026-09-28~2026-11-02,국민내일배움카드(일반),지도조종자(교관),https://www.work24.go.kr/hr/a/a/3100/selectTracseDetl.do?tracseId=AIG20250000513160&tracseTme=13&crseTracseSe=C0061&trainstCstmrId=500037079851,고용24 훈련과정 상세,정부사이트,2026-09-28,현재 운영,,산업·시스템 이해 → 요구사항·기획 방법 → 사례 분석 → 사업·통합 산출물 작성,대시보드 원본 교육데이터(예정)를 Skill과 연결. relevance_type=PREREQUISITE.,dashboard C.html / Work24 원천 링크
기획·지원,체계기획·사업,DJ-003,드론 임무·운용개념 분석가,기획·통합·사업,CONOPS,운용개념서,"운용개념서은(는) 드론 시스템 기획·통합·사업관리 업무에서 사용하는 도구·개념·절차입니다. 실제 직무에서는 설계, 운용, 분석 또는 의사결정 결과를 만드는 데 적용됩니다.",드론 임무·운용개념 분석가이(가) 임무 시나리오와 운용개념·성능 요구도 분석 업무를 수행할 때 CONOPS을(를) 이해하고 적용하기 위해 학습합니다.,드론 시스템 구성과 기본 문서 작성,초급~중급,PREREQUISITE,국비지원 직업훈련,드론 지도조종자(교관) 실기반(무인멀티콥터),AIG20250000513160,1060,새동엔지니어링(주) 드론교육원,직업훈련기관,소형무인기운용·조종 기반의 고용24 훈련과정입니다. CONOPS 학습에는 과정명과의 직접 연관성에 따라 기초·포함·선수 경로로 연결했습니다.,소형무인기운용·조종; 기초기술 현장적용; 지도조종자; 교관,초급~중급,오프라인,국비지원(일부 자부담 가능),고용24 직업훈련(국민내일배움카드 적용 여부는 과정 상세 확인),서울 관악구,총 192시간,,2026-09-28~2026-11-02,국민내일배움카드(일반),지도조종자(교관),https://www.work24.go.kr/hr/a/a/3100/selectTracseDetl.do?tracseId=AIG20250000513160&tracseTme=13&crseTracseSe=C0061&trainstCstmrId=500037079851,고용24 훈련과정 상세,정부사이트,2026-09-28,현재 운영,,산업·시스템 이해 → 요구사항·기획 방법 → 사례 분석 → 사업·통합 산출물 작성,대시보드 원본 교육데이터(예정)를 Skill과 연결. relevance_type=PREREQUISITE.,dashboard C.html / Work24 원천 링크
기획·지원,체계기획·사업,DJ-003,드론 임무·운용개념 분석가,기획·통합·사업,성능지표,성능지표,"성능지표은(는) 드론 시스템 기획·통합·사업관리 업무에서 사용하는 도구·개념·절차입니다. 실제 직무에서는 설계, 운용, 분석 또는 의사결정 결과를 만드는 데 적용됩니다.",드론 임무·운용개념 분석가이(가) 임무 시나리오와 운용개념·성능 요구도 분석 업무를 수행할 때 성능지표을(를) 이해하고 적용하기 위해 학습합니다.,드론 시스템 구성과 기본 문서 작성,초급~중급,PREREQUISITE,국비지원 직업훈련,드론 지도조종자(교관) 실기반(무인멀티콥터),AIG20250000513160,1060,새동엔지니어링(주) 드론교육원,직업훈련기관,소형무인기운용·조종 기반의 고용24 훈련과정입니다. 성능지표 학습에는 과정명과의 직접 연관성에 따라 기초·포함·선수 경로로 연결했습니다.,소형무인기운용·조종; 기초기술 현장적용; 지도조종자; 교관,초급~중급,오프라인,국비지원(일부 자부담 가능),고용24 직업훈련(국민내일배움카드 적용 여부는 과정 상세 확인),서울 관악구,총 192시간,,2026-09-28~2026-11-02,국민내일배움카드(일반),지도조종자(교관),https://www.work24.go.kr/hr/a/a/3100/selectTracseDetl.do?tracseId=AIG20250000513160&tracseTme=13&crseTracseSe=C0061&trainstCstmrId=500037079851,고용24 훈련과정 상세,정부사이트,2026-09-28,현재 운영,,산업·시스템 이해 → 요구사항·기획 방법 → 사례 분석 → 사업·통합 산출물 작성,대시보드 원본 교육데이터(예정)를 Skill과 연결. relevance_type=PREREQUISITE.,dashboard C.html / Work24 원천 링크
기획·지원,체계기획·사업,DJ-003,드론 임무·운용개념 분석가,기획·통합·사업,임무분석,임무분석,"임무분석은(는) 드론 시스템 기획·통합·사업관리 업무에서 사용하는 도구·개념·절차입니다. 실제 직무에서는 설계, 운용, 분석 또는 의사결정 결과를 만드는 데 적용됩니다.",드론 임무·운용개념 분석가이(가) 임무 시나리오와 운용개념·성능 요구도 분석 업무를 수행할 때 임무분석을(를) 이해하고 적용하기 위해 학습합니다.,드론 시스템 구성과 기본 문서 작성,초급~중급,PREREQUISITE,국비지원 직업훈련,드론 지도조종자(교관) 실기반(무인멀티콥터),AIG20250000513160,1060,새동엔지니어링(주) 드론교육원,직업훈련기관,소형무인기운용·조종 기반의 고용24 훈련과정입니다. 임무분석 학습에는 과정명과의 직접 연관성에 따라 기초·포함·선수 경로로 연결했습니다.,소형무인기운용·조종; 기초기술 현장적용; 지도조종자; 교관,초급~중급,오프라인,국비지원(일부 자부담 가능),고용24 직업훈련(국민내일배움카드 적용 여부는 과정 상세 확인),서울 관악구,총 192시간,,2026-09-28~2026-11-02,국민내일배움카드(일반),지도조종자(교관),https://www.work24.go.kr/hr/a/a/3100/selectTracseDetl.do?tracseId=AIG20250000513160&tracseTme=13&crseTracseSe=C0061&trainstCstmrId=500037079851,고용24 훈련과정 상세,정부사이트,2026-09-28,현재 운영,,산업·시스템 이해 → 요구사항·기획 방법 → 사례 분석 → 사업·통합 산출물 작성,대시보드 원본 교육데이터(예정)를 Skill과 연결. relevance_type=PREREQUISITE.,dashboard C.html / Work24 원천 링크
기획·지원,체계기획·사업,DJ-004,드론 제품기획자,기획·통합·사업,시장조사,시장조사,"시장조사은(는) 드론 시스템 기획·통합·사업관리 업무에서 사용하는 도구·개념·절차입니다. 실제 직무에서는 설계, 운용, 분석 또는 의사결정 결과를 만드는 데 적용됩니다.",드론 제품기획자이(가) 시장·고객 요구를 제품 사양과 개발 로드맵으로 전환 업무를 수행할 때 시장조사을(를) 이해하고 적용하기 위해 학습합니다.,드론 시스템 구성과 기본 문서 작성,초급~중급,PREREQUISITE,국비지원 직업훈련,드론 지도조종자(교관) 실기반(무인멀티콥터),AIG20250000513160,1060,새동엔지니어링(주) 드론교육원,직업훈련기관,소형무인기운용·조종 기반의 고용24 훈련과정입니다. 시장조사 학습에는 과정명과의 직접 연관성에 따라 기초·포함·선수 경로로 연결했습니다.,소형무인기운용·조종; 기초기술 현장적용; 지도조종자; 교관,초급~중급,오프라인,국비지원(일부 자부담 가능),고용24 직업훈련(국민내일배움카드 적용 여부는 과정 상세 확인),서울 관악구,총 192시간,,2026-09-28~2026-11-02,국민내일배움카드(일반),지도조종자(교관),https://www.work24.go.kr/hr/a/a/3100/selectTracseDetl.do?tracseId=AIG20250000513160&tracseTme=13&crseTracseSe=C0061&trainstCstmrId=500037079851,고용24 훈련과정 상세,정부사이트,2026-09-28,현재 운영,,산업·시스템 이해 → 요구사항·기획 방법 → 사례 분석 → 사업·통합 산출물 작성,대시보드 원본 교육데이터(예정)를 Skill과 연결. relevance_type=PREREQUISITE.,dashboard C.html / Work24 원천 링크
기획·지원,체계기획·사업,DJ-004,드론 제품기획자,기획·통합·사업,요구사항,요구사항,"요구사항은(는) 드론 시스템 기획·통합·사업관리 업무에서 사용하는 도구·개념·절차입니다. 실제 직무에서는 설계, 운용, 분석 또는 의사결정 결과를 만드는 데 적용됩니다.",드론 제품기획자이(가) 시장·고객 요구를 제품 사양과 개발 로드맵으로 전환 업무를 수행할 때 요구사항을(를) 이해하고 적용하기 위해 학습합니다.,드론 시스템 구성과 기본 문서 작성,초급~중급,PREREQUISITE,국비지원 직업훈련,드론 지도조종자(교관) 실기반(무인멀티콥터),AIG20250000513160,1060,새동엔지니어링(주) 드론교육원,직업훈련기관,소형무인기운용·조종 기반의 고용24 훈련과정입니다. 요구사항 학습에는 과정명과의 직접 연관성에 따라 기초·포함·선수 경로로 연결했습니다.,소형무인기운용·조종; 기초기술 현장적용; 지도조종자; 교관,초급~중급,오프라인,국비지원(일부 자부담 가능),고용24 직업훈련(국민내일배움카드 적용 여부는 과정 상세 확인),서울 관악구,총 192시간,,2026-09-28~2026-11-02,국민내일배움카드(일반),지도조종자(교관),https://www.work24.go.kr/hr/a/a/3100/selectTracseDetl.do?tracseId=AIG20250000513160&tracseTme=13&crseTracseSe=C0061&trainstCstmrId=500037079851,고용24 훈련과정 상세,정부사이트,2026-09-28,현재 운영,,산업·시스템 이해 → 요구사항·기획 방법 → 사례 분석 → 사업·통합 산출물 작성,대시보드 원본 교육데이터(예정)를 Skill과 연결. relevance_type=PREREQUISITE.,dashboard C.html / Work24 원천 링크
기획·지원,체계기획·사업,DJ-004,드론 제품기획자,기획·통합·사업,제품기획,제품기획,"제품기획은(는) 드론 시스템 기획·통합·사업관리 업무에서 사용하는 도구·개념·절차입니다. 실제 직무에서는 설계, 운용, 분석 또는 의사결정 결과를 만드는 데 적용됩니다.",드론 제품기획자이(가) 시장·고객 요구를 제품 사양과 개발 로드맵으로 전환 업무를 수행할 때 제품기획을(를) 이해하고 적용하기 위해 학습합니다.,드론 시스템 구성과 기본 문서 작성,초급~중급,PREREQUISITE,국비지원 직업훈련,드론 지도조종자(교관) 실기반(무인멀티콥터),AIG20250000513160,1060,새동엔지니어링(주) 드론교육원,직업훈련기관,소형무인기운용·조종 기반의 고용24 훈련과정입니다. 제품기획 학습에는 과정명과의 직접 연관성에 따라 기초·포함·선수 경로로 연결했습니다.,소형무인기운용·조종; 기초기술 현장적용; 지도조종자; 교관,초급~중급,오프라인,국비지원(일부 자부담 가능),고용24 직업훈련(국민내일배움카드 적용 여부는 과정 상세 확인),서울 관악구,총 192시간,,2026-09-28~2026-11-02,국민내일배움카드(일반),지도조종자(교관),https://www.work24.go.kr/hr/a/a/3100/selectTracseDetl.do?tracseId=AIG20250000513160&tracseTme=13&crseTracseSe=C0061&trainstCstmrId=500037079851,고용24 훈련과정 상세,정부사이트,2026-09-28,현재 운영,,산업·시스템 이해 → 요구사항·기획 방법 → 사례 분석 → 사업·통합 산출물 작성,대시보드 원본 교육데이터(예정)를 Skill과 연결. relevance_type=PREREQUISITE.,dashboard C.html / Work24 원천 링크
기획·지원,체계기획·사업,DJ-010,드론 조달·공급망 담당자,기획·통합·사업,BOM,자재명세서,"자재명세서은(는) 드론 시스템 기획·통합·사업관리 업무에서 사용하는 도구·개념·절차입니다. 실제 직무에서는 설계, 운용, 분석 또는 의사결정 결과를 만드는 데 적용됩니다.","드론 조달·공급망 담당자이(가) 기체·부품 공급사 발굴, 구매, 납기·재고·품질 관리 업무를 수행할 때 BOM을(를) 이해하고 적용하기 위해 학습합니다.",드론 시스템 구성과 기본 문서 작성,초급~중급,INCLUDED,국비지원 직업훈련,드론 조립 및 분해(유지보수),AIG20250000516588,1063,신한글로벌인재교육원,직업훈련기관,소형무인기운용·조종 기반의 고용24 훈련과정입니다. BOM 학습에는 과정명과의 직접 연관성에 따라 기초·포함·선수 경로로 연결했습니다.,소형무인기운용·조종; 정비; 유지보수; 조립,초급~중급,오프라인,국비지원(일부 자부담 가능),고용24 직업훈련(국민내일배움카드 적용 여부는 과정 상세 확인),경기 의정부시,총 36시간,,2026-09-28~2026-10-06,국민내일배움카드(일반),수료 여부 과정별 확인,https://www.work24.go.kr/hr/a/a/3100/selectTracseDetl.do?tracseId=AIG20250000516588&tracseTme=3&crseTracseSe=C0061&trainstCstmrId=500020031915,고용24 훈련과정 상세,정부사이트,2026-09-28,현재 운영,,산업·시스템 이해 → 요구사항·기획 방법 → 사례 분석 → 사업·통합 산출물 작성,대시보드 원본 교육데이터(예정)를 Skill과 연결. relevance_type=INCLUDED.,dashboard C.html / Work24 원천 링크
기획·지원,체계기획·사업,DJ-010,드론 조달·공급망 담당자,기획·통합·사업,SCM,공급망 관리,"공급망 관리은(는) 드론 시스템 기획·통합·사업관리 업무에서 사용하는 도구·개념·절차입니다. 실제 직무에서는 설계, 운용, 분석 또는 의사결정 결과를 만드는 데 적용됩니다.","드론 조달·공급망 담당자이(가) 기체·부품 공급사 발굴, 구매, 납기·재고·품질 관리 업무를 수행할 때 SCM을(를) 이해하고 적용하기 위해 학습합니다.",드론 시스템 구성과 기본 문서 작성,초급~중급,PREREQUISITE,국비지원 직업훈련,드론 지도조종자(교관) 실기반(무인멀티콥터),AIG20250000513160,1060,새동엔지니어링(주) 드론교육원,직업훈련기관,소형무인기운용·조종 기반의 고용24 훈련과정입니다. SCM 학습에는 과정명과의 직접 연관성에 따라 기초·포함·선수 경로로 연결했습니다.,소형무인기운용·조종; 기초기술 현장적용; 지도조종자; 교관,초급~중급,오프라인,국비지원(일부 자부담 가능),고용24 직업훈련(국민내일배움카드 적용 여부는 과정 상세 확인),서울 관악구,총 192시간,,2026-09-28~2026-11-02,국민내일배움카드(일반),지도조종자(교관),https://www.work24.go.kr/hr/a/a/3100/selectTracseDetl.do?tracseId=AIG20250000513160&tracseTme=13&crseTracseSe=C0061&trainstCstmrId=500037079851,고용24 훈련과정 상세,정부사이트,2026-09-28,현재 운영,,산업·시스템 이해 → 요구사항·기획 방법 → 사례 분석 → 사업·통합 산출물 작성,대시보드 원본 교육데이터(예정)를 Skill과 연결. relevance_type=PREREQUISITE.,dashboard C.html / Work24 원천 링크
기획·지원,체계기획·사업,DJ-010,드론 조달·공급망 담당자,기획·통합·사업,구매,구매,"구매은(는) 드론 시스템 기획·통합·사업관리 업무에서 사용하는 도구·개념·절차입니다. 실제 직무에서는 설계, 운용, 분석 또는 의사결정 결과를 만드는 데 적용됩니다.","드론 조달·공급망 담당자이(가) 기체·부품 공급사 발굴, 구매, 납기·재고·품질 관리 업무를 수행할 때 구매을(를) 이해하고 적용하기 위해 학습합니다.",드론 시스템 구성과 기본 문서 작성,초급~중급,PREREQUISITE,국비지원 직업훈련,드론 지도조종자(교관) 실기반(무인멀티콥터),AIG20250000513160,1060,새동엔지니어링(주) 드론교육원,직업훈련기관,소형무인기운용·조종 기반의 고용24 훈련과정입니다. 구매 학습에는 과정명과의 직접 연관성에 따라 기초·포함·선수 경로로 연결했습니다.,소형무인기운용·조종; 기초기술 현장적용; 지도조종자; 교관,초급~중급,오프라인,국비지원(일부 자부담 가능),고용24 직업훈련(국민내일배움카드 적용 여부는 과정 상세 확인),서울 관악구,총 192시간,,2026-09-28~2026-11-02,국민내일배움카드(일반),지도조종자(교관),https://www.work24.go.kr/hr/a/a/3100/selectTracseDetl.do?tracseId=AIG20250000513160&tracseTme=13&crseTracseSe=C0061&trainstCstmrId=500037079851,고용24 훈련과정 상세,정부사이트,2026-09-28,현재 운영,,산업·시스템 이해 → 요구사항·기획 방법 → 사례 분석 → 사업·통합 산출물 작성,대시보드 원본 교육데이터(예정)를 Skill과 연결. relevance_type=PREREQUISITE.,dashboard C.html / Work24 원천 링크
기획·지원,체계기획·사업,DJ-010,드론 조달·공급망 담당자,기획·통합·사업,협력사관리,협력사관리,"협력사관리은(는) 드론 시스템 기획·통합·사업관리 업무에서 사용하는 도구·개념·절차입니다. 실제 직무에서는 설계, 운용, 분석 또는 의사결정 결과를 만드는 데 적용됩니다.","드론 조달·공급망 담당자이(가) 기체·부품 공급사 발굴, 구매, 납기·재고·품질 관리 업무를 수행할 때 협력사관리을(를) 이해하고 적용하기 위해 학습합니다.",드론 시스템 구성과 기본 문서 작성,초급~중급,PREREQUISITE,국비지원 직업훈련,드론 지도조종자(교관) 실기반(무인멀티콥터),AIG20250000513160,1060,새동엔지니어링(주) 드론교육원,직업훈련기관,소형무인기운용·조종 기반의 고용24 훈련과정입니다. 협력사관리 학습에는 과정명과의 직접 연관성에 따라 기초·포함·선수 경로로 연결했습니다.,소형무인기운용·조종; 기초기술 현장적용; 지도조종자; 교관,초급~중급,오프라인,국비지원(일부 자부담 가능),고용24 직업훈련(국민내일배움카드 적용 여부는 과정 상세 확인),서울 관악구,총 192시간,,2026-09-28~2026-11-02,국민내일배움카드(일반),지도조종자(교관),https://www.work24.go.kr/hr/a/a/3100/selectTracseDetl.do?tracseId=AIG20250000513160&tracseTme=13&crseTracseSe=C0061&trainstCstmrId=500037079851,고용24 훈련과정 상세,정부사이트,2026-09-28,현재 운영,,산업·시스템 이해 → 요구사항·기획 방법 → 사례 분석 → 사업·통합 산출물 작성,대시보드 원본 교육데이터(예정)를 Skill과 연결. relevance_type=PREREQUISITE.,dashboard C.html / Work24 원천 링크
기획·지원,체계기획·사업,DJ-001,무인항공시스템 체계종합 엔지니어,기획·통합·사업,시스템공학,시스템공학,"시스템공학은(는) 드론 시스템 기획·통합·사업관리 업무에서 사용하는 도구·개념·절차입니다. 실제 직무에서는 설계, 운용, 분석 또는 의사결정 결과를 만드는 데 적용됩니다.",무인항공시스템 체계종합 엔지니어이(가) 기체·항전·통신·임무장비 요구도를 통합하고 체계 성능을 관리 업무를 수행할 때 시스템공학을(를) 이해하고 적용하기 위해 학습합니다.,드론 시스템 구성과 기본 문서 작성,초급~중급,PREREQUISITE,국비지원 직업훈련,드론 지도조종자(교관) 실기반(무인멀티콥터),AIG20250000513160,1060,새동엔지니어링(주) 드론교육원,직업훈련기관,소형무인기운용·조종 기반의 고용24 훈련과정입니다. 시스템공학 학습에는 과정명과의 직접 연관성에 따라 기초·포함·선수 경로로 연결했습니다.,소형무인기운용·조종; 기초기술 현장적용; 지도조종자; 교관,초급~중급,오프라인,국비지원(일부 자부담 가능),고용24 직업훈련(국민내일배움카드 적용 여부는 과정 상세 확인),서울 관악구,총 192시간,,2026-09-28~2026-11-02,국민내일배움카드(일반),지도조종자(교관),https://www.work24.go.kr/hr/a/a/3100/selectTracseDetl.do?tracseId=AIG20250000513160&tracseTme=13&crseTracseSe=C0061&trainstCstmrId=500037079851,고용24 훈련과정 상세,정부사이트,2026-09-28,현재 운영,,산업·시스템 이해 → 요구사항·기획 방법 → 사례 분석 → 사업·통합 산출물 작성,대시보드 원본 교육데이터(예정)를 Skill과 연결. relevance_type=PREREQUISITE.,dashboard C.html / Work24 원천 링크
기획·지원,체계기획·사업,DJ-001,무인항공시스템 체계종합 엔지니어,기획·통합·사업,요구도관리,요구도관리,"요구도관리은(는) 드론 시스템 기획·통합·사업관리 업무에서 사용하는 도구·개념·절차입니다. 실제 직무에서는 설계, 운용, 분석 또는 의사결정 결과를 만드는 데 적용됩니다.",무인항공시스템 체계종합 엔지니어이(가) 기체·항전·통신·임무장비 요구도를 통합하고 체계 성능을 관리 업무를 수행할 때 요구도관리을(를) 이해하고 적용하기 위해 학습합니다.,드론 시스템 구성과 기본 문서 작성,초급~중급,PREREQUISITE,국비지원 직업훈련,드론 지도조종자(교관) 실기반(무인멀티콥터),AIG20250000513160,1060,새동엔지니어링(주) 드론교육원,직업훈련기관,소형무인기운용·조종 기반의 고용24 훈련과정입니다. 요구도관리 학습에는 과정명과의 직접 연관성에 따라 기초·포함·선수 경로로 연결했습니다.,소형무인기운용·조종; 기초기술 현장적용; 지도조종자; 교관,초급~중급,오프라인,국비지원(일부 자부담 가능),고용24 직업훈련(국민내일배움카드 적용 여부는 과정 상세 확인),서울 관악구,총 192시간,,2026-09-28~2026-11-02,국민내일배움카드(일반),지도조종자(교관),https://www.work24.go.kr/hr/a/a/3100/selectTracseDetl.do?tracseId=AIG20250000513160&tracseTme=13&crseTracseSe=C0061&trainstCstmrId=500037079851,고용24 훈련과정 상세,정부사이트,2026-09-28,현재 운영,,산업·시스템 이해 → 요구사항·기획 방법 → 사례 분석 → 사업·통합 산출물 작성,대시보드 원본 교육데이터(예정)를 Skill과 연결. relevance_type=PREREQUISITE.,dashboard C.html / Work24 원천 링크
기획·지원,체계기획·사업,DJ-001,무인항공시스템 체계종합 엔지니어,기획·통합·사업,인터페이스,인터페이스,"인터페이스은(는) 드론 시스템 기획·통합·사업관리 업무에서 사용하는 도구·개념·절차입니다. 실제 직무에서는 설계, 운용, 분석 또는 의사결정 결과를 만드는 데 적용됩니다.",무인항공시스템 체계종합 엔지니어이(가) 기체·항전·통신·임무장비 요구도를 통합하고 체계 성능을 관리 업무를 수행할 때 인터페이스을(를) 이해하고 적용하기 위해 학습합니다.,드론 시스템 구성과 기본 문서 작성,초급~중급,PREREQUISITE,국비지원 직업훈련,드론 지도조종자(교관) 실기반(무인멀티콥터),AIG20250000513160,1060,새동엔지니어링(주) 드론교육원,직업훈련기관,소형무인기운용·조종 기반의 고용24 훈련과정입니다. 인터페이스 학습에는 과정명과의 직접 연관성에 따라 기초·포함·선수 경로로 연결했습니다.,소형무인기운용·조종; 기초기술 현장적용; 지도조종자; 교관,초급~중급,오프라인,국비지원(일부 자부담 가능),고용24 직업훈련(국민내일배움카드 적용 여부는 과정 상세 확인),서울 관악구,총 192시간,,2026-09-28~2026-11-02,국민내일배움카드(일반),지도조종자(교관),https://www.work24.go.kr/hr/a/a/3100/selectTracseDetl.do?tracseId=AIG20250000513160&tracseTme=13&crseTracseSe=C0061&trainstCstmrId=500037079851,고용24 훈련과정 상세,정부사이트,2026-09-28,현재 운영,,산업·시스템 이해 → 요구사항·기획 방법 → 사례 분석 → 사업·통합 산출물 작성,대시보드 원본 교육데이터(예정)를 Skill과 연결. relevance_type=PREREQUISITE.,dashboard C.html / Work24 원천 링크
기획·지원,체계기획·사업,DJ-001,무인항공시스템 체계종합 엔지니어,기획·통합·사업,형상관리,형상관리,"형상관리은(는) 드론 시스템 기획·통합·사업관리 업무에서 사용하는 도구·개념·절차입니다. 실제 직무에서는 설계, 운용, 분석 또는 의사결정 결과를 만드는 데 적용됩니다.",무인항공시스템 체계종합 엔지니어이(가) 기체·항전·통신·임무장비 요구도를 통합하고 체계 성능을 관리 업무를 수행할 때 형상관리을(를) 이해하고 적용하기 위해 학습합니다.,드론 시스템 구성과 기본 문서 작성,초급~중급,PREREQUISITE,국비지원 직업훈련,드론 지도조종자(교관) 실기반(무인멀티콥터),AIG20250000513160,1060,새동엔지니어링(주) 드론교육원,직업훈련기관,소형무인기운용·조종 기반의 고용24 훈련과정입니다. 형상관리 학습에는 과정명과의 직접 연관성에 따라 기초·포함·선수 경로로 연결했습니다.,소형무인기운용·조종; 기초기술 현장적용; 지도조종자; 교관,초급~중급,오프라인,국비지원(일부 자부담 가능),고용24 직업훈련(국민내일배움카드 적용 여부는 과정 상세 확인),서울 관악구,총 192시간,,2026-09-28~2026-11-02,국민내일배움카드(일반),지도조종자(교관),https://www.work24.go.kr/hr/a/a/3100/selectTracseDetl.do?tracseId=AIG20250000513160&tracseTme=13&crseTracseSe=C0061&trainstCstmrId=500037079851,고용24 훈련과정 상세,정부사이트,2026-09-28,현재 운영,,산업·시스템 이해 → 요구사항·기획 방법 → 사례 분석 → 사업·통합 산출물 작성,대시보드 원본 교육데이터(예정)를 Skill과 연결. relevance_type=PREREQUISITE.,dashboard C.html / Work24 원천 링크
기획·지원,교육·연구·정책·지원,DJ-208,드론 고객성공·기술상담 담당자,정책·표준·산업지원,Customer Success,Customer Success 관련 기술,"Customer Success은(는) 드론 정책·표준·시장·사업지원 업무에서 사용하는 도구·개념·절차입니다. 실제 직무에서는 설계, 운용, 분석 또는 의사결정 결과를 만드는 데 적용됩니다.",드론 고객성공·기술상담 담당자이(가) 도입·활용·교육·장애 대응으로 고객 사용성과 관리 업무를 수행할 때 Customer Success을(를) 이해하고 적용하기 위해 학습합니다.,드론 산업 구조와 기본 법규 이해,초급~중급,PREREQUISITE,국비지원 직업훈련,드론 지도조종자(교관) 실기반(무인멀티콥터),AIG20250000513160,1060,새동엔지니어링(주) 드론교육원,직업훈련기관,소형무인기운용·조종 기반의 고용24 훈련과정입니다. Customer Success 학습에는 과정명과의 직접 연관성에 따라 기초·포함·선수 경로로 연결했습니다.,소형무인기운용·조종; 기초기술 현장적용; 지도조종자; 교관,초급~중급,오프라인,국비지원(일부 자부담 가능),고용24 직업훈련(국민내일배움카드 적용 여부는 과정 상세 확인),서울 관악구,총 192시간,,2026-09-28~2026-11-02,국민내일배움카드(일반),지도조종자(교관),https://www.work24.go.kr/hr/a/a/3100/selectTracseDetl.do?tracseId=AIG20250000513160&tracseTme=13&crseTracseSe=C0061&trainstCstmrId=500037079851,고용24 훈련과정 상세,정부사이트,2026-09-28,현재 운영,,산업·법규 기초 → 정책·표준·시장 분석 → 사례 비교 → 지원·사업 문서 작성,대시보드 원본 교육데이터(예정)를 Skill과 연결. relevance_type=PREREQUISITE.,dashboard C.html / Work24 원천 링크
기획·지원,교육·연구·정책·지원,DJ-208,드론 고객성공·기술상담 담당자,정책·표준·산업지원,Support,Support 관련 기술,"Support은(는) 드론 정책·표준·시장·사업지원 업무에서 사용하는 도구·개념·절차입니다. 실제 직무에서는 설계, 운용, 분석 또는 의사결정 결과를 만드는 데 적용됩니다.",드론 고객성공·기술상담 담당자이(가) 도입·활용·교육·장애 대응으로 고객 사용성과 관리 업무를 수행할 때 Support을(를) 이해하고 적용하기 위해 학습합니다.,드론 산업 구조와 기본 법규 이해,입문~초급,PREREQUISITE,국비지원 직업훈련,드론 지도조종자(교관) 실기반(무인멀티콥터),AIG20250000513160,1060,새동엔지니어링(주) 드론교육원,직업훈련기관,소형무인기운용·조종 기반의 고용24 훈련과정입니다. Support 학습에는 과정명과의 직접 연관성에 따라 기초·포함·선수 경로로 연결했습니다.,소형무인기운용·조종; 기초기술 현장적용; 지도조종자; 교관,입문~초급,오프라인,국비지원(일부 자부담 가능),고용24 직업훈련(국민내일배움카드 적용 여부는 과정 상세 확인),서울 관악구,총 192시간,,2026-09-28~2026-11-02,국민내일배움카드(일반),지도조종자(교관),https://www.work24.go.kr/hr/a/a/3100/selectTracseDetl.do?tracseId=AIG20250000513160&tracseTme=13&crseTracseSe=C0061&trainstCstmrId=500037079851,고용24 훈련과정 상세,정부사이트,2026-09-28,현재 운영,,산업·법규 기초 → 정책·표준·시장 분석 → 사례 비교 → 지원·사업 문서 작성,대시보드 원본 교육데이터(예정)를 Skill과 연결. relevance_type=PREREQUISITE.,dashboard C.html / Work24 원천 링크
기획·지원,교육·연구·정책·지원,DJ-208,드론 고객성공·기술상담 담당자,정책·표준·산업지원,Training,Training 관련 기술,"Training은(는) 드론 정책·표준·시장·사업지원 업무에서 사용하는 도구·개념·절차입니다. 실제 직무에서는 설계, 운용, 분석 또는 의사결정 결과를 만드는 데 적용됩니다.",드론 고객성공·기술상담 담당자이(가) 도입·활용·교육·장애 대응으로 고객 사용성과 관리 업무를 수행할 때 Training을(를) 이해하고 적용하기 위해 학습합니다.,드론 산업 구조와 기본 법규 이해,입문~초급,PREREQUISITE,국비지원 직업훈련,AIOT 기반 드론 영상 관제시스템 프로젝트 개발,AIG20250000501335,982,DW아카데미학원,직업훈련기관,응용SW엔지니어링 기반의 고용24 훈련과정입니다. Training 학습에는 과정명과의 직접 연관성에 따라 기초·포함·선수 경로로 연결했습니다.,응용SW엔지니어링; AI소프트웨어; AIOT; 파이썬,입문~초급,오프라인,국비지원(일부 자부담 가능),고용24 직업훈련(국민내일배움카드 적용 여부는 과정 상세 확인),대전 중구,"총 1,120시간",,2026-09-09~2027-04-05,K-디지털 트레이닝,수료 여부 과정별 확인,https://www.work24.go.kr/hr/a/a/3100/selectTracseDetl.do?tracseId=AIG20250000501335&tracseTme=8&crseTracseSe=C0061&trainstCstmrId=500020022702,고용24 훈련과정 상세,정부사이트,2026-09-28,현재 운영,,산업·법규 기초 → 정책·표준·시장 분석 → 사례 비교 → 지원·사업 문서 작성,대시보드 원본 교육데이터(진행중)를 Skill과 연결. relevance_type=PREREQUISITE.,dashboard C.html / Work24 원천 링크
기획·지원,교육·연구·정책·지원,DJ-203,드론 공공조달 담당자,정책·표준·산업지원,Acceptance,Acceptance 관련 기술,"Acceptance은(는) 드론 정책·표준·시장·사업지원 업무에서 사용하는 도구·개념·절차입니다. 실제 직무에서는 설계, 운용, 분석 또는 의사결정 결과를 만드는 데 적용됩니다.",드론 공공조달 담당자이(가) 공공 드론 도입의 규격·입찰·계약·검수 관리 업무를 수행할 때 Acceptance을(를) 이해하고 적용하기 위해 학습합니다.,드론 산업 구조와 기본 법규 이해,초급~중급,PREREQUISITE,국비지원 직업훈련,드론 지도조종자(교관) 실기반(무인멀티콥터),AIG20250000513160,1060,새동엔지니어링(주) 드론교육원,직업훈련기관,소형무인기운용·조종 기반의 고용24 훈련과정입니다. Acceptance 학습에는 과정명과의 직접 연관성에 따라 기초·포함·선수 경로로 연결했습니다.,소형무인기운용·조종; 기초기술 현장적용; 지도조종자; 교관,초급~중급,오프라인,국비지원(일부 자부담 가능),고용24 직업훈련(국민내일배움카드 적용 여부는 과정 상세 확인),서울 관악구,총 192시간,,2026-09-28~2026-11-02,국민내일배움카드(일반),지도조종자(교관),https://www.work24.go.kr/hr/a/a/3100/selectTracseDetl.do?tracseId=AIG20250000513160&tracseTme=13&crseTracseSe=C0061&trainstCstmrId=500037079851,고용24 훈련과정 상세,정부사이트,2026-09-28,현재 운영,,산업·법규 기초 → 정책·표준·시장 분석 → 사례 비교 → 지원·사업 문서 작성,대시보드 원본 교육데이터(예정)를 Skill과 연결. relevance_type=PREREQUISITE.,dashboard C.html / Work24 원천 링크
기획·지원,교육·연구·정책·지원,DJ-203,드론 공공조달 담당자,정책·표준·산업지원,Procurement,Procurement 관련 기술,"Procurement은(는) 드론 정책·표준·시장·사업지원 업무에서 사용하는 도구·개념·절차입니다. 실제 직무에서는 설계, 운용, 분석 또는 의사결정 결과를 만드는 데 적용됩니다.",드론 공공조달 담당자이(가) 공공 드론 도입의 규격·입찰·계약·검수 관리 업무를 수행할 때 Procurement을(를) 이해하고 적용하기 위해 학습합니다.,드론 산업 구조와 기본 법규 이해,초급~중급,PREREQUISITE,국비지원 직업훈련,드론 지도조종자(교관) 실기반(무인멀티콥터),AIG20250000513160,1060,새동엔지니어링(주) 드론교육원,직업훈련기관,소형무인기운용·조종 기반의 고용24 훈련과정입니다. Procurement 학습에는 과정명과의 직접 연관성에 따라 기초·포함·선수 경로로 연결했습니다.,소형무인기운용·조종; 기초기술 현장적용; 지도조종자; 교관,초급~중급,오프라인,국비지원(일부 자부담 가능),고용24 직업훈련(국민내일배움카드 적용 여부는 과정 상세 확인),서울 관악구,총 192시간,,2026-09-28~2026-11-02,국민내일배움카드(일반),지도조종자(교관),https://www.work24.go.kr/hr/a/a/3100/selectTracseDetl.do?tracseId=AIG20250000513160&tracseTme=13&crseTracseSe=C0061&trainstCstmrId=500037079851,고용24 훈련과정 상세,정부사이트,2026-09-28,현재 운영,,산업·법규 기초 → 정책·표준·시장 분석 → 사례 비교 → 지원·사업 문서 작성,대시보드 원본 교육데이터(예정)를 Skill과 연결. relevance_type=PREREQUISITE.,dashboard C.html / Work24 원천 링크
기획·지원,교육·연구·정책·지원,DJ-203,드론 공공조달 담당자,정책·표준·산업지원,RFP,제안요청서,"제안요청서은(는) 드론 정책·표준·시장·사업지원 업무에서 사용하는 도구·개념·절차입니다. 실제 직무에서는 설계, 운용, 분석 또는 의사결정 결과를 만드는 데 적용됩니다.",드론 공공조달 담당자이(가) 공공 드론 도입의 규격·입찰·계약·검수 관리 업무를 수행할 때 RFP을(를) 이해하고 적용하기 위해 학습합니다.,드론 산업 구조와 기본 법규 이해,초급~중급,PREREQUISITE,국비지원 직업훈련,드론 지도조종자(교관) 실기반(무인멀티콥터),AIG20250000513160,1060,새동엔지니어링(주) 드론교육원,직업훈련기관,소형무인기운용·조종 기반의 고용24 훈련과정입니다. RFP 학습에는 과정명과의 직접 연관성에 따라 기초·포함·선수 경로로 연결했습니다.,소형무인기운용·조종; 기초기술 현장적용; 지도조종자; 교관,초급~중급,오프라인,국비지원(일부 자부담 가능),고용24 직업훈련(국민내일배움카드 적용 여부는 과정 상세 확인),서울 관악구,총 192시간,,2026-09-28~2026-11-02,국민내일배움카드(일반),지도조종자(교관),https://www.work24.go.kr/hr/a/a/3100/selectTracseDetl.do?tracseId=AIG20250000513160&tracseTme=13&crseTracseSe=C0061&trainstCstmrId=500037079851,고용24 훈련과정 상세,정부사이트,2026-09-28,현재 운영,,산업·법규 기초 → 정책·표준·시장 분석 → 사례 비교 → 지원·사업 문서 작성,대시보드 원본 교육데이터(예정)를 Skill과 연결. relevance_type=PREREQUISITE.,dashboard C.html / Work24 원천 링크
기획·지원,교육·연구·정책·지원,DJ-202,드론 국제협력 담당자,정책·표준·산업지원,Export,Export 관련 기술,"Export은(는) 드론 정책·표준·시장·사업지원 업무에서 사용하는 도구·개념·절차입니다. 실제 직무에서는 설계, 운용, 분석 또는 의사결정 결과를 만드는 데 적용됩니다.",드론 국제협력 담당자이(가) 국제기구·해외 인증·공동연구·수출 협력 업무를 수행할 때 Export을(를) 이해하고 적용하기 위해 학습합니다.,드론 산업 구조와 기본 법규 이해,초급~중급,PREREQUISITE,국비지원 직업훈련,드론 지도조종자(교관) 실기반(무인멀티콥터),AIG20250000513160,1060,새동엔지니어링(주) 드론교육원,직업훈련기관,소형무인기운용·조종 기반의 고용24 훈련과정입니다. Export 학습에는 과정명과의 직접 연관성에 따라 기초·포함·선수 경로로 연결했습니다.,소형무인기운용·조종; 기초기술 현장적용; 지도조종자; 교관,초급~중급,오프라인,국비지원(일부 자부담 가능),고용24 직업훈련(국민내일배움카드 적용 여부는 과정 상세 확인),서울 관악구,총 192시간,,2026-09-28~2026-11-02,국민내일배움카드(일반),지도조종자(교관),https://www.work24.go.kr/hr/a/a/3100/selectTracseDetl.do?tracseId=AIG20250000513160&tracseTme=13&crseTracseSe=C0061&trainstCstmrId=500037079851,고용24 훈련과정 상세,정부사이트,2026-09-28,현재 운영,,산업·법규 기초 → 정책·표준·시장 분석 → 사례 비교 → 지원·사업 문서 작성,대시보드 원본 교육데이터(예정)를 Skill과 연결. relevance_type=PREREQUISITE.,dashboard C.html / Work24 원천 링크
기획·지원,교육·연구·정책·지원,DJ-202,드론 국제협력 담당자,정책·표준·산업지원,ICAO,ICAO 관련 기술,"ICAO은(는) 드론 정책·표준·시장·사업지원 업무에서 사용하는 도구·개념·절차입니다. 실제 직무에서는 설계, 운용, 분석 또는 의사결정 결과를 만드는 데 적용됩니다.",드론 국제협력 담당자이(가) 국제기구·해외 인증·공동연구·수출 협력 업무를 수행할 때 ICAO을(를) 이해하고 적용하기 위해 학습합니다.,드론 산업 구조와 기본 법규 이해,초급~중급,PREREQUISITE,국비지원 직업훈련,드론 지도조종자(교관) 실기반(무인멀티콥터),AIG20250000513160,1060,새동엔지니어링(주) 드론교육원,직업훈련기관,소형무인기운용·조종 기반의 고용24 훈련과정입니다. ICAO 학습에는 과정명과의 직접 연관성에 따라 기초·포함·선수 경로로 연결했습니다.,소형무인기운용·조종; 기초기술 현장적용; 지도조종자; 교관,초급~중급,오프라인,국비지원(일부 자부담 가능),고용24 직업훈련(국민내일배움카드 적용 여부는 과정 상세 확인),서울 관악구,총 192시간,,2026-09-28~2026-11-02,국민내일배움카드(일반),지도조종자(교관),https://www.work24.go.kr/hr/a/a/3100/selectTracseDetl.do?tracseId=AIG20250000513160&tracseTme=13&crseTracseSe=C0061&trainstCstmrId=500037079851,고용24 훈련과정 상세,정부사이트,2026-09-28,현재 운영,,산업·법규 기초 → 정책·표준·시장 분석 → 사례 비교 → 지원·사업 문서 작성,대시보드 원본 교육데이터(예정)를 Skill과 연결. relevance_type=PREREQUISITE.,dashboard C.html / Work24 원천 링크
기획·지원,교육·연구·정책·지원,DJ-202,드론 국제협력 담당자,정책·표준·산업지원,International Project,International Project 관련 기술,"International Project은(는) 드론 정책·표준·시장·사업지원 업무에서 사용하는 도구·개념·절차입니다. 실제 직무에서는 설계, 운용, 분석 또는 의사결정 결과를 만드는 데 적용됩니다.",드론 국제협력 담당자이(가) 국제기구·해외 인증·공동연구·수출 협력 업무를 수행할 때 International Project을(를) 이해하고 적용하기 위해 학습합니다.,드론 산업 구조와 기본 법규 이해,초급~중급,PREREQUISITE,국비지원 직업훈련,드론 지도조종자(교관) 실기반(무인멀티콥터),AIG20250000513160,1060,새동엔지니어링(주) 드론교육원,직업훈련기관,소형무인기운용·조종 기반의 고용24 훈련과정입니다. International Project 학습에는 과정명과의 직접 연관성에 따라 기초·포함·선수 경로로 연결했습니다.,소형무인기운용·조종; 기초기술 현장적용; 지도조종자; 교관,초급~중급,오프라인,국비지원(일부 자부담 가능),고용24 직업훈련(국민내일배움카드 적용 여부는 과정 상세 확인),서울 관악구,총 192시간,,2026-09-28~2026-11-02,국민내일배움카드(일반),지도조종자(교관),https://www.work24.go.kr/hr/a/a/3100/selectTracseDetl.do?tracseId=AIG20250000513160&tracseTme=13&crseTracseSe=C0061&trainstCstmrId=500037079851,고용24 훈련과정 상세,정부사이트,2026-09-28,현재 운영,,산업·법규 기초 → 정책·표준·시장 분석 → 사례 비교 → 지원·사업 문서 작성,대시보드 원본 교육데이터(예정)를 Skill과 연결. relevance_type=PREREQUISITE.,dashboard C.html / Work24 원천 링크
기획·지원,교육·연구·정책·지원,DJ-200,드론 법규·컴플라이언스 컨설턴트,정책·표준·산업지원,Aviation Law,Aviation Law 관련 기술,"Aviation Law은(는) 드론 정책·표준·시장·사업지원 업무에서 사용하는 도구·개념·절차입니다. 실제 직무에서는 설계, 운용, 분석 또는 의사결정 결과를 만드는 데 적용됩니다.",드론 법규·컴플라이언스 컨설턴트이(가) 사업자·운영자의 법규·승인·개인정보·안전 준수 자문 업무를 수행할 때 Aviation Law을(를) 이해하고 적용하기 위해 학습합니다.,드론 산업 구조와 기본 법규 이해,초급~중급,PREREQUISITE,국비지원 직업훈련,드론 지도조종자(교관) 실기반(무인멀티콥터),AIG20250000513160,1060,새동엔지니어링(주) 드론교육원,직업훈련기관,소형무인기운용·조종 기반의 고용24 훈련과정입니다. Aviation Law 학습에는 과정명과의 직접 연관성에 따라 기초·포함·선수 경로로 연결했습니다.,소형무인기운용·조종; 기초기술 현장적용; 지도조종자; 교관,초급~중급,오프라인,국비지원(일부 자부담 가능),고용24 직업훈련(국민내일배움카드 적용 여부는 과정 상세 확인),서울 관악구,총 192시간,,2026-09-28~2026-11-02,국민내일배움카드(일반),지도조종자(교관),https://www.work24.go.kr/hr/a/a/3100/selectTracseDetl.do?tracseId=AIG20250000513160&tracseTme=13&crseTracseSe=C0061&trainstCstmrId=500037079851,고용24 훈련과정 상세,정부사이트,2026-09-28,현재 운영,,산업·법규 기초 → 정책·표준·시장 분석 → 사례 비교 → 지원·사업 문서 작성,대시보드 원본 교육데이터(예정)를 Skill과 연결. relevance_type=PREREQUISITE.,dashboard C.html / Work24 원천 링크
기획·지원,교육·연구·정책·지원,DJ-200,드론 법규·컴플라이언스 컨설턴트,정책·표준·산업지원,Compliance,Compliance 관련 기술,"Compliance은(는) 드론 정책·표준·시장·사업지원 업무에서 사용하는 도구·개념·절차입니다. 실제 직무에서는 설계, 운용, 분석 또는 의사결정 결과를 만드는 데 적용됩니다.",드론 법규·컴플라이언스 컨설턴트이(가) 사업자·운영자의 법규·승인·개인정보·안전 준수 자문 업무를 수행할 때 Compliance을(를) 이해하고 적용하기 위해 학습합니다.,드론 산업 구조와 기본 법규 이해,초급~중급,PREREQUISITE,국비지원 직업훈련,드론 지도조종자(교관) 실기반(무인멀티콥터),AIG20250000513160,1060,새동엔지니어링(주) 드론교육원,직업훈련기관,소형무인기운용·조종 기반의 고용24 훈련과정입니다. Compliance 학습에는 과정명과의 직접 연관성에 따라 기초·포함·선수 경로로 연결했습니다.,소형무인기운용·조종; 기초기술 현장적용; 지도조종자; 교관,초급~중급,오프라인,국비지원(일부 자부담 가능),고용24 직업훈련(국민내일배움카드 적용 여부는 과정 상세 확인),서울 관악구,총 192시간,,2026-09-28~2026-11-02,국민내일배움카드(일반),지도조종자(교관),https://www.work24.go.kr/hr/a/a/3100/selectTracseDetl.do?tracseId=AIG20250000513160&tracseTme=13&crseTracseSe=C0061&trainstCstmrId=500037079851,고용24 훈련과정 상세,정부사이트,2026-09-28,현재 운영,,산업·법규 기초 → 정책·표준·시장 분석 → 사례 비교 → 지원·사업 문서 작성,대시보드 원본 교육데이터(예정)를 Skill과 연결. relevance_type=PREREQUISITE.,dashboard C.html / Work24 원천 링크
기획·지원,교육·연구·정책·지원,DJ-200,드론 법규·컴플라이언스 컨설턴트,정책·표준·산업지원,Privacy,Privacy 관련 기술,"Privacy은(는) 드론 정책·표준·시장·사업지원 업무에서 사용하는 도구·개념·절차입니다. 실제 직무에서는 설계, 운용, 분석 또는 의사결정 결과를 만드는 데 적용됩니다.",드론 법규·컴플라이언스 컨설턴트이(가) 사업자·운영자의 법규·승인·개인정보·안전 준수 자문 업무를 수행할 때 Privacy을(를) 이해하고 적용하기 위해 학습합니다.,드론 산업 구조와 기본 법규 이해,초급~중급,PREREQUISITE,국비지원 직업훈련,드론 지도조종자(교관) 실기반(무인멀티콥터),AIG20250000513160,1060,새동엔지니어링(주) 드론교육원,직업훈련기관,소형무인기운용·조종 기반의 고용24 훈련과정입니다. Privacy 학습에는 과정명과의 직접 연관성에 따라 기초·포함·선수 경로로 연결했습니다.,소형무인기운용·조종; 기초기술 현장적용; 지도조종자; 교관,초급~중급,오프라인,국비지원(일부 자부담 가능),고용24 직업훈련(국민내일배움카드 적용 여부는 과정 상세 확인),서울 관악구,총 192시간,,2026-09-28~2026-11-02,국민내일배움카드(일반),지도조종자(교관),https://www.work24.go.kr/hr/a/a/3100/selectTracseDetl.do?tracseId=AIG20250000513160&tracseTme=13&crseTracseSe=C0061&trainstCstmrId=500037079851,고용24 훈련과정 상세,정부사이트,2026-09-28,현재 운영,,산업·법규 기초 → 정책·표준·시장 분석 → 사례 비교 → 지원·사업 문서 작성,대시보드 원본 교육데이터(예정)를 Skill과 연결. relevance_type=PREREQUISITE.,dashboard C.html / Work24 원천 링크
기획·지원,교육·연구·정책·지원,DJ-206,드론 보험 인수심사역,정책·표준·산업지원,Claims,Claims 관련 기술,"Claims은(는) 드론 정책·표준·시장·사업지원 업무에서 사용하는 도구·개념·절차입니다. 실제 직무에서는 설계, 운용, 분석 또는 의사결정 결과를 만드는 데 적용됩니다.",드론 보험 인수심사역이(가) 기체·임무·조종자·운항위험을 평가해 보험조건 산정 업무를 수행할 때 Claims을(를) 이해하고 적용하기 위해 학습합니다.,드론 산업 구조와 기본 법규 이해,초급~중급,PREREQUISITE,국비지원 직업훈련,AIOT 기반 드론 영상 관제시스템 프로젝트 개발,AIG20250000501335,982,DW아카데미학원,직업훈련기관,응용SW엔지니어링 기반의 고용24 훈련과정입니다. Claims 학습에는 과정명과의 직접 연관성에 따라 기초·포함·선수 경로로 연결했습니다.,응용SW엔지니어링; AI소프트웨어; AIOT; 파이썬,초급~중급,오프라인,국비지원(일부 자부담 가능),고용24 직업훈련(국민내일배움카드 적용 여부는 과정 상세 확인),대전 중구,"총 1,120시간",,2026-09-09~2027-04-05,K-디지털 트레이닝,수료 여부 과정별 확인,https://www.work24.go.kr/hr/a/a/3100/selectTracseDetl.do?tracseId=AIG20250000501335&tracseTme=8&crseTracseSe=C0061&trainstCstmrId=500020022702,고용24 훈련과정 상세,정부사이트,2026-09-28,현재 운영,,산업·법규 기초 → 정책·표준·시장 분석 → 사례 비교 → 지원·사업 문서 작성,대시보드 원본 교육데이터(진행중)를 Skill과 연결. relevance_type=PREREQUISITE.,dashboard C.html / Work24 원천 링크
기획·지원,교육·연구·정책·지원,DJ-206,드론 보험 인수심사역,정책·표준·산업지원,Risk,Risk 관련 기술,"Risk은(는) 드론 정책·표준·시장·사업지원 업무에서 사용하는 도구·개념·절차입니다. 실제 직무에서는 설계, 운용, 분석 또는 의사결정 결과를 만드는 데 적용됩니다.",드론 보험 인수심사역이(가) 기체·임무·조종자·운항위험을 평가해 보험조건 산정 업무를 수행할 때 Risk을(를) 이해하고 적용하기 위해 학습합니다.,드론 산업 구조와 기본 법규 이해,초급~중급,PREREQUISITE,국비지원 직업훈련,드론 지도조종자(교관) 실기반(무인멀티콥터),AIG20250000513160,1060,새동엔지니어링(주) 드론교육원,직업훈련기관,소형무인기운용·조종 기반의 고용24 훈련과정입니다. Risk 학습에는 과정명과의 직접 연관성에 따라 기초·포함·선수 경로로 연결했습니다.,소형무인기운용·조종; 기초기술 현장적용; 지도조종자; 교관,초급~중급,오프라인,국비지원(일부 자부담 가능),고용24 직업훈련(국민내일배움카드 적용 여부는 과정 상세 확인),서울 관악구,총 192시간,,2026-09-28~2026-11-02,국민내일배움카드(일반),지도조종자(교관),https://www.work24.go.kr/hr/a/a/3100/selectTracseDetl.do?tracseId=AIG20250000513160&tracseTme=13&crseTracseSe=C0061&trainstCstmrId=500037079851,고용24 훈련과정 상세,정부사이트,2026-09-28,현재 운영,,산업·법규 기초 → 정책·표준·시장 분석 → 사례 비교 → 지원·사업 문서 작성,대시보드 원본 교육데이터(예정)를 Skill과 연결. relevance_type=PREREQUISITE.,dashboard C.html / Work24 원천 링크
기획·지원,교육·연구·정책·지원,DJ-206,드론 보험 인수심사역,정책·표준·산업지원,Underwriting,Underwriting 관련 기술,"Underwriting은(는) 드론 정책·표준·시장·사업지원 업무에서 사용하는 도구·개념·절차입니다. 실제 직무에서는 설계, 운용, 분석 또는 의사결정 결과를 만드는 데 적용됩니다.",드론 보험 인수심사역이(가) 기체·임무·조종자·운항위험을 평가해 보험조건 산정 업무를 수행할 때 Underwriting을(를) 이해하고 적용하기 위해 학습합니다.,드론 산업 구조와 기본 법규 이해,초급~중급,PREREQUISITE,국비지원 직업훈련,드론 지도조종자(교관) 실기반(무인멀티콥터),AIG20250000513160,1060,새동엔지니어링(주) 드론교육원,직업훈련기관,소형무인기운용·조종 기반의 고용24 훈련과정입니다. Underwriting 학습에는 과정명과의 직접 연관성에 따라 기초·포함·선수 경로로 연결했습니다.,소형무인기운용·조종; 기초기술 현장적용; 지도조종자; 교관,초급~중급,오프라인,국비지원(일부 자부담 가능),고용24 직업훈련(국민내일배움카드 적용 여부는 과정 상세 확인),서울 관악구,총 192시간,,2026-09-28~2026-11-02,국민내일배움카드(일반),지도조종자(교관),https://www.work24.go.kr/hr/a/a/3100/selectTracseDetl.do?tracseId=AIG20250000513160&tracseTme=13&crseTracseSe=C0061&trainstCstmrId=500037079851,고용24 훈련과정 상세,정부사이트,2026-09-28,현재 운영,,산업·법규 기초 → 정책·표준·시장 분석 → 사례 비교 → 지원·사업 문서 작성,대시보드 원본 교육데이터(예정)를 Skill과 연결. relevance_type=PREREQUISITE.,dashboard C.html / Work24 원천 링크
기획·지원,교육·연구·정책·지원,DJ-199,드론 산업통계 분석가,정책·표준·산업지원,Market Analysis,Market Analysis 관련 기술,"Market Analysis은(는) 드론 정책·표준·시장·사업지원 업무에서 사용하는 도구·개념·절차입니다. 실제 직무에서는 설계, 운용, 분석 또는 의사결정 결과를 만드는 데 적용됩니다.",드론 산업통계 분석가이(가) 기업·매출·고용·기체·서비스 시장 통계 조사·분석 업무를 수행할 때 Market Analysis을(를) 이해하고 적용하기 위해 학습합니다.,드론 산업 구조와 기본 법규 이해,초급~중급,PREREQUISITE,국비지원 직업훈련,드론 지도조종자(교관) 실기반(무인멀티콥터),AIG20250000513160,1060,새동엔지니어링(주) 드론교육원,직업훈련기관,소형무인기운용·조종 기반의 고용24 훈련과정입니다. Market Analysis 학습에는 과정명과의 직접 연관성에 따라 기초·포함·선수 경로로 연결했습니다.,소형무인기운용·조종; 기초기술 현장적용; 지도조종자; 교관,초급~중급,오프라인,국비지원(일부 자부담 가능),고용24 직업훈련(국민내일배움카드 적용 여부는 과정 상세 확인),서울 관악구,총 192시간,,2026-09-28~2026-11-02,국민내일배움카드(일반),지도조종자(교관),https://www.work24.go.kr/hr/a/a/3100/selectTracseDetl.do?tracseId=AIG20250000513160&tracseTme=13&crseTracseSe=C0061&trainstCstmrId=500037079851,고용24 훈련과정 상세,정부사이트,2026-09-28,현재 운영,,산업·법규 기초 → 정책·표준·시장 분석 → 사례 비교 → 지원·사업 문서 작성,대시보드 원본 교육데이터(예정)를 Skill과 연결. relevance_type=PREREQUISITE.,dashboard C.html / Work24 원천 링크
기획·지원,교육·연구·정책·지원,DJ-199,드론 산업통계 분석가,정책·표준·산업지원,Statistics,Statistics 관련 기술,"Statistics은(는) 드론 정책·표준·시장·사업지원 업무에서 사용하는 도구·개념·절차입니다. 실제 직무에서는 설계, 운용, 분석 또는 의사결정 결과를 만드는 데 적용됩니다.",드론 산업통계 분석가이(가) 기업·매출·고용·기체·서비스 시장 통계 조사·분석 업무를 수행할 때 Statistics을(를) 이해하고 적용하기 위해 학습합니다.,드론 산업 구조와 기본 법규 이해,초급~중급,PREREQUISITE,국비지원 직업훈련,드론 지도조종자(교관) 실기반(무인멀티콥터),AIG20250000513160,1060,새동엔지니어링(주) 드론교육원,직업훈련기관,소형무인기운용·조종 기반의 고용24 훈련과정입니다. Statistics 학습에는 과정명과의 직접 연관성에 따라 기초·포함·선수 경로로 연결했습니다.,소형무인기운용·조종; 재난; 임무비행; 수중드론,초급~중급,오프라인,국비지원(일부 자부담 가능),고용24 직업훈련(국민내일배움카드 적용 여부는 과정 상세 확인),서울 관악구,총 192시간,,2026-09-28~2026-11-02,국민내일배움카드(일반),지도조종자(교관),https://www.work24.go.kr/hr/a/a/3100/selectTracseDetl.do?tracseId=AIG20250000513160&tracseTme=13&crseTracseSe=C0061&trainstCstmrId=500037079851,고용24 훈련과정 상세,정부사이트,2026-09-28,현재 운영,https://matlabacademy.mathworks.com/details/matlab-onramp/gettingstarted,산업·법규 기초 → 정책·표준·시장 분석 → 사례 비교 → 지원·사업 문서 작성,대시보드 원본 교육데이터(예정)를 Skill과 연결. relevance_type=PREREQUISITE.,dashboard C.html / Work24 원천 링크
기획·지원,교육·연구·정책·지원,DJ-199,드론 산업통계 분석가,정책·표준·산업지원,Statistics,Statistics 관련 기술,"Statistics은(는) 드론 정책·표준·시장·사업지원 업무에서 사용하는 도구·개념·절차입니다. 실제 직무에서는 설계, 운용, 분석 또는 의사결정 결과를 만드는 데 적용됩니다.",드론 산업통계 분석가이(가) 기업·매출·고용·기체·서비스 시장 통계 조사·분석 업무를 수행할 때 Statistics을(를) 이해하고 적용하기 위해 학습합니다.,기초 수학,초급~중급,OFFICIAL_RESOURCE,공식 튜토리얼·문서,MATLAB Onramp,MATLAB,,MathWorks,기업 공식교육,"MATLAB 언어와 환경, 배열 계산, 데이터 분석·시각화의 기본 워크플로를 대화형으로 학습합니다.",MATLAB; Array; Data Analysis; Visualization; Script,입문,온라인,무료,,온라인,자기주도 학습,상시,상시,대학생·취업준비생·재직자·일반인,수료 진행상태 제공,https://matlabacademy.mathworks.com/details/matlab-onramp/gettingstarted,MathWorks,기업·기관 공식사이트,2026-09-28,상시 운영,,환경 → 배열·연산 → 스크립트 → 데이터 분석 → 공학 문제 적용,공식 제공기관이 운영하는 교육·튜토리얼·문서 기반 학습경로.,공식 웹사이트 직접 확인
기획·지원,교육·연구·정책·지원,DJ-199,드론 산업통계 분석가,정책·표준·산업지원,Survey,Survey 관련 기술,"Survey은(는) 드론 정책·표준·시장·사업지원 업무에서 사용하는 도구·개념·절차입니다. 실제 직무에서는 설계, 운용, 분석 또는 의사결정 결과를 만드는 데 적용됩니다.",드론 산업통계 분석가이(가) 기업·매출·고용·기체·서비스 시장 통계 조사·분석 업무를 수행할 때 Survey을(를) 이해하고 적용하기 위해 학습합니다.,드론 산업 구조와 기본 법규 이해,초급~중급,INCLUDED,국비지원 직업훈련,특화드론운용 및 2D/3D공간정보 촬영 편집(A반),AIG20250000520214,779,신한글로벌인재교육원,직업훈련기관,소형무인기운용·조종 기반의 고용24 훈련과정입니다. Survey 학습에는 과정명과의 직접 연관성에 따라 기초·포함·선수 경로로 연결했습니다.,소형무인기운용·조종; 측량; 3D; 맵핑,초급~중급,오프라인,국비지원(일부 자부담 가능),고용24 직업훈련(국민내일배움카드 적용 여부는 과정 상세 확인),경기 의정부시,총 645시간,,2026-07-27~2026-11-24,국가기간전략산업직종,수료 여부 과정별 확인,https://www.work24.go.kr/hr/a/a/3100/selectTracseDetl.do?tracseId=AIG20250000520214&tracseTme=1&crseTracseSe=C0061&trainstCstmrId=500020031915,고용24 훈련과정 상세,정부사이트,2026-09-28,현재 운영,,산업·법규 기초 → 정책·표준·시장 분석 → 사례 비교 → 지원·사업 문서 작성,대시보드 원본 교육데이터(진행중)를 Skill과 연결. relevance_type=INCLUDED.,dashboard C.html / Work24 원천 링크
기획·지원,교육·연구·정책·지원,DJ-204,드론 실증사업 코디네이터,정책·표준·산업지원,Demonstration,Demonstration 관련 기술,"Demonstration은(는) 드론 정책·표준·시장·사업지원 업무에서 사용하는 도구·개념·절차입니다. 실제 직무에서는 설계, 운용, 분석 또는 의사결정 결과를 만드는 데 적용됩니다.",드론 실증사업 코디네이터이(가) 실증 공역·참여기관·안전·성과·데이터 관리 업무를 수행할 때 Demonstration을(를) 이해하고 적용하기 위해 학습합니다.,드론 산업 구조와 기본 법규 이해,초급~중급,PREREQUISITE,국비지원 직업훈련,드론 지도조종자(교관) 실기반(무인멀티콥터),AIG20250000513160,1060,새동엔지니어링(주) 드론교육원,직업훈련기관,소형무인기운용·조종 기반의 고용24 훈련과정입니다. Demonstration 학습에는 과정명과의 직접 연관성에 따라 기초·포함·선수 경로로 연결했습니다.,소형무인기운용·조종; 기초기술 현장적용; 지도조종자; 교관,초급~중급,오프라인,국비지원(일부 자부담 가능),고용24 직업훈련(국민내일배움카드 적용 여부는 과정 상세 확인),서울 관악구,총 192시간,,2026-09-28~2026-11-02,국민내일배움카드(일반),지도조종자(교관),https://www.work24.go.kr/hr/a/a/3100/selectTracseDetl.do?tracseId=AIG20250000513160&tracseTme=13&crseTracseSe=C0061&trainstCstmrId=500037079851,고용24 훈련과정 상세,정부사이트,2026-09-28,현재 운영,,산업·법규 기초 → 정책·표준·시장 분석 → 사례 비교 → 지원·사업 문서 작성,대시보드 원본 교육데이터(예정)를 Skill과 연결. relevance_type=PREREQUISITE.,dashboard C.html / Work24 원천 링크
기획·지원,교육·연구·정책·지원,DJ-204,드론 실증사업 코디네이터,정책·표준·산업지원,KPI,핵심성과지표,"핵심성과지표은(는) 드론 정책·표준·시장·사업지원 업무에서 사용하는 도구·개념·절차입니다. 실제 직무에서는 설계, 운용, 분석 또는 의사결정 결과를 만드는 데 적용됩니다.",드론 실증사업 코디네이터이(가) 실증 공역·참여기관·안전·성과·데이터 관리 업무를 수행할 때 KPI을(를) 이해하고 적용하기 위해 학습합니다.,드론 산업 구조와 기본 법규 이해,초급~중급,PREREQUISITE,국비지원 직업훈련,드론 지도조종자(교관) 실기반(무인멀티콥터),AIG20250000513160,1060,새동엔지니어링(주) 드론교육원,직업훈련기관,소형무인기운용·조종 기반의 고용24 훈련과정입니다. KPI 학습에는 과정명과의 직접 연관성에 따라 기초·포함·선수 경로로 연결했습니다.,소형무인기운용·조종; 기초기술 현장적용; 지도조종자; 교관,초급~중급,오프라인,국비지원(일부 자부담 가능),고용24 직업훈련(국민내일배움카드 적용 여부는 과정 상세 확인),서울 관악구,총 192시간,,2026-09-28~2026-11-02,국민내일배움카드(일반),지도조종자(교관),https://www.work24.go.kr/hr/a/a/3100/selectTracseDetl.do?tracseId=AIG20250000513160&tracseTme=13&crseTracseSe=C0061&trainstCstmrId=500037079851,고용24 훈련과정 상세,정부사이트,2026-09-28,현재 운영,,산업·법규 기초 → 정책·표준·시장 분석 → 사례 비교 → 지원·사업 문서 작성,대시보드 원본 교육데이터(예정)를 Skill과 연결. relevance_type=PREREQUISITE.,dashboard C.html / Work24 원천 링크
기획·지원,교육·연구·정책·지원,DJ-204,드론 실증사업 코디네이터,정책·표준·산업지원,Stakeholder,Stakeholder 관련 기술,"Stakeholder은(는) 드론 정책·표준·시장·사업지원 업무에서 사용하는 도구·개념·절차입니다. 실제 직무에서는 설계, 운용, 분석 또는 의사결정 결과를 만드는 데 적용됩니다.",드론 실증사업 코디네이터이(가) 실증 공역·참여기관·안전·성과·데이터 관리 업무를 수행할 때 Stakeholder을(를) 이해하고 적용하기 위해 학습합니다.,드론 산업 구조와 기본 법규 이해,초급~중급,PREREQUISITE,국비지원 직업훈련,드론 지도조종자(교관) 실기반(무인멀티콥터),AIG20250000513160,1060,새동엔지니어링(주) 드론교육원,직업훈련기관,소형무인기운용·조종 기반의 고용24 훈련과정입니다. Stakeholder 학습에는 과정명과의 직접 연관성에 따라 기초·포함·선수 경로로 연결했습니다.,소형무인기운용·조종; 기초기술 현장적용; 지도조종자; 교관,초급~중급,오프라인,국비지원(일부 자부담 가능),고용24 직업훈련(국민내일배움카드 적용 여부는 과정 상세 확인),서울 관악구,총 192시간,,2026-09-28~2026-11-02,국민내일배움카드(일반),지도조종자(교관),https://www.work24.go.kr/hr/a/a/3100/selectTracseDetl.do?tracseId=AIG20250000513160&tracseTme=13&crseTracseSe=C0061&trainstCstmrId=500037079851,고용24 훈련과정 상세,정부사이트,2026-09-28,현재 운영,,산업·법규 기초 → 정책·표준·시장 분석 → 사례 비교 → 지원·사업 문서 작성,대시보드 원본 교육데이터(예정)를 Skill과 연결. relevance_type=PREREQUISITE.,dashboard C.html / Work24 원천 링크
기획·지원,교육·연구·정책·지원,DJ-207,드론 유통·렌탈 운영자,정책·표준·산업지원,Inventory,Inventory 관련 기술,"Inventory은(는) 드론 정책·표준·시장·사업지원 업무에서 사용하는 도구·개념·절차입니다. 실제 직무에서는 설계, 운용, 분석 또는 의사결정 결과를 만드는 데 적용됩니다.",드론 유통·렌탈 운영자이(가) 기체 판매·대여·재고·교육·A/S 연계 운영 업무를 수행할 때 Inventory을(를) 이해하고 적용하기 위해 학습합니다.,드론 산업 구조와 기본 법규 이해,초급~중급,PREREQUISITE,국비지원 직업훈련,드론 지도조종자(교관) 실기반(무인멀티콥터),AIG20250000513160,1060,새동엔지니어링(주) 드론교육원,직업훈련기관,소형무인기운용·조종 기반의 고용24 훈련과정입니다. Inventory 학습에는 과정명과의 직접 연관성에 따라 기초·포함·선수 경로로 연결했습니다.,소형무인기운용·조종; 기초기술 현장적용; 지도조종자; 교관,초급~중급,오프라인,국비지원(일부 자부담 가능),고용24 직업훈련(국민내일배움카드 적용 여부는 과정 상세 확인),서울 관악구,총 192시간,,2026-09-28~2026-11-02,국민내일배움카드(일반),지도조종자(교관),https://www.work24.go.kr/hr/a/a/3100/selectTracseDetl.do?tracseId=AIG20250000513160&tracseTme=13&crseTracseSe=C0061&trainstCstmrId=500037079851,고용24 훈련과정 상세,정부사이트,2026-09-28,현재 운영,,산업·법규 기초 → 정책·표준·시장 분석 → 사례 비교 → 지원·사업 문서 작성,대시보드 원본 교육데이터(예정)를 Skill과 연결. relevance_type=PREREQUISITE.,dashboard C.html / Work24 원천 링크
기획·지원,교육·연구·정책·지원,DJ-207,드론 유통·렌탈 운영자,정책·표준·산업지원,Rental,Rental 관련 기술,"Rental은(는) 드론 정책·표준·시장·사업지원 업무에서 사용하는 도구·개념·절차입니다. 실제 직무에서는 설계, 운용, 분석 또는 의사결정 결과를 만드는 데 적용됩니다.",드론 유통·렌탈 운영자이(가) 기체 판매·대여·재고·교육·A/S 연계 운영 업무를 수행할 때 Rental을(를) 이해하고 적용하기 위해 학습합니다.,드론 산업 구조와 기본 법규 이해,초급~중급,PREREQUISITE,국비지원 직업훈련,드론 지도조종자(교관) 실기반(무인멀티콥터),AIG20250000513160,1060,새동엔지니어링(주) 드론교육원,직업훈련기관,소형무인기운용·조종 기반의 고용24 훈련과정입니다. Rental 학습에는 과정명과의 직접 연관성에 따라 기초·포함·선수 경로로 연결했습니다.,소형무인기운용·조종; 기초기술 현장적용; 지도조종자; 교관,초급~중급,오프라인,국비지원(일부 자부담 가능),고용24 직업훈련(국민내일배움카드 적용 여부는 과정 상세 확인),서울 관악구,총 192시간,,2026-09-28~2026-11-02,국민내일배움카드(일반),지도조종자(교관),https://www.work24.go.kr/hr/a/a/3100/selectTracseDetl.do?tracseId=AIG20250000513160&tracseTme=13&crseTracseSe=C0061&trainstCstmrId=500037079851,고용24 훈련과정 상세,정부사이트,2026-09-28,현재 운영,,산업·법규 기초 → 정책·표준·시장 분석 → 사례 비교 → 지원·사업 문서 작성,대시보드 원본 교육데이터(예정)를 Skill과 연결. relevance_type=PREREQUISITE.,dashboard C.html / Work24 원천 링크
기획·지원,교육·연구·정책·지원,DJ-207,드론 유통·렌탈 운영자,정책·표준·산업지원,Retail,Retail 관련 기술,"Retail은(는) 드론 정책·표준·시장·사업지원 업무에서 사용하는 도구·개념·절차입니다. 실제 직무에서는 설계, 운용, 분석 또는 의사결정 결과를 만드는 데 적용됩니다.",드론 유통·렌탈 운영자이(가) 기체 판매·대여·재고·교육·A/S 연계 운영 업무를 수행할 때 Retail을(를) 이해하고 적용하기 위해 학습합니다.,드론 산업 구조와 기본 법규 이해,초급~중급,PREREQUISITE,국비지원 직업훈련,AIOT 기반 드론 영상 관제시스템 프로젝트 개발,AIG20250000501335,982,DW아카데미학원,직업훈련기관,응용SW엔지니어링 기반의 고용24 훈련과정입니다. Retail 학습에는 과정명과의 직접 연관성에 따라 기초·포함·선수 경로로 연결했습니다.,응용SW엔지니어링; AI소프트웨어; AIOT; 파이썬,초급~중급,오프라인,국비지원(일부 자부담 가능),고용24 직업훈련(국민내일배움카드 적용 여부는 과정 상세 확인),대전 중구,"총 1,120시간",,2026-09-09~2027-04-05,K-디지털 트레이닝,수료 여부 과정별 확인,https://www.work24.go.kr/hr/a/a/3100/selectTracseDetl.do?tracseId=AIG20250000501335&tracseTme=8&crseTracseSe=C0061&trainstCstmrId=500020022702,고용24 훈련과정 상세,정부사이트,2026-09-28,현재 운영,,산업·법규 기초 → 정책·표준·시장 분석 → 사례 비교 → 지원·사업 문서 작성,대시보드 원본 교육데이터(진행중)를 Skill과 연결. relevance_type=PREREQUISITE.,dashboard C.html / Work24 원천 링크
기획·지원,교육·연구·정책·지원,DJ-209,드론 전시·행사 프로젝트 매니저,정책·표준·산업지원,Event PM,Event PM 관련 기술,"Event PM은(는) 드론 정책·표준·시장·사업지원 업무에서 사용하는 도구·개념·절차입니다. 실제 직무에서는 설계, 운용, 분석 또는 의사결정 결과를 만드는 데 적용됩니다.",드론 전시·행사 프로젝트 매니저이(가) 드론 전시·경기·체험·시연 행사를 기획·운영 업무를 수행할 때 Event PM을(를) 이해하고 적용하기 위해 학습합니다.,드론 산업 구조와 기본 법규 이해,초급~중급,PREREQUISITE,국비지원 직업훈련,드론 지도조종자(교관) 실기반(무인멀티콥터),AIG20250000513160,1060,새동엔지니어링(주) 드론교육원,직업훈련기관,소형무인기운용·조종 기반의 고용24 훈련과정입니다. Event PM 학습에는 과정명과의 직접 연관성에 따라 기초·포함·선수 경로로 연결했습니다.,소형무인기운용·조종; 기초기술 현장적용; 지도조종자; 교관,초급~중급,오프라인,국비지원(일부 자부담 가능),고용24 직업훈련(국민내일배움카드 적용 여부는 과정 상세 확인),서울 관악구,총 192시간,,2026-09-28~2026-11-02,국민내일배움카드(일반),지도조종자(교관),https://www.work24.go.kr/hr/a/a/3100/selectTracseDetl.do?tracseId=AIG20250000513160&tracseTme=13&crseTracseSe=C0061&trainstCstmrId=500037079851,고용24 훈련과정 상세,정부사이트,2026-09-28,현재 운영,,산업·법규 기초 → 정책·표준·시장 분석 → 사례 비교 → 지원·사업 문서 작성,대시보드 원본 교육데이터(예정)를 Skill과 연결. relevance_type=PREREQUISITE.,dashboard C.html / Work24 원천 링크
기획·지원,교육·연구·정책·지원,DJ-209,드론 전시·행사 프로젝트 매니저,정책·표준·산업지원,Safety,Safety 관련 기술,"Safety은(는) 드론 정책·표준·시장·사업지원 업무에서 사용하는 도구·개념·절차입니다. 실제 직무에서는 설계, 운용, 분석 또는 의사결정 결과를 만드는 데 적용됩니다.",드론 전시·행사 프로젝트 매니저이(가) 드론 전시·경기·체험·시연 행사를 기획·운영 업무를 수행할 때 Safety을(를) 이해하고 적용하기 위해 학습합니다.,드론 산업 구조와 기본 법규 이해,초급~중급,PREREQUISITE,국비지원 직업훈련,드론 지도조종자(교관) 실기반(무인멀티콥터),AIG20250000513160,1060,새동엔지니어링(주) 드론교육원,직업훈련기관,소형무인기운용·조종 기반의 고용24 훈련과정입니다. Safety 학습에는 과정명과의 직접 연관성에 따라 기초·포함·선수 경로로 연결했습니다.,소형무인기운용·조종; 국가자격; 무인멀티콥터; VTOL,초급~중급,오프라인,국비지원(일부 자부담 가능),고용24 직업훈련(국민내일배움카드 적용 여부는 과정 상세 확인),서울 관악구,총 192시간,,2026-09-28~2026-11-02,국민내일배움카드(일반),지도조종자(교관),https://www.work24.go.kr/hr/a/a/3100/selectTracseDetl.do?tracseId=AIG20250000513160&tracseTme=13&crseTracseSe=C0061&trainstCstmrId=500037079851,고용24 훈련과정 상세,정부사이트,2026-09-28,현재 운영,,산업·법규 기초 → 정책·표준·시장 분석 → 사례 비교 → 지원·사업 문서 작성,대시보드 원본 교육데이터(예정)를 Skill과 연결. relevance_type=PREREQUISITE.,dashboard C.html / Work24 원천 링크
기획·지원,교육·연구·정책·지원,DJ-209,드론 전시·행사 프로젝트 매니저,정책·표준·산업지원,Vendor,Vendor 관련 기술,"Vendor은(는) 드론 정책·표준·시장·사업지원 업무에서 사용하는 도구·개념·절차입니다. 실제 직무에서는 설계, 운용, 분석 또는 의사결정 결과를 만드는 데 적용됩니다.",드론 전시·행사 프로젝트 매니저이(가) 드론 전시·경기·체험·시연 행사를 기획·운영 업무를 수행할 때 Vendor을(를) 이해하고 적용하기 위해 학습합니다.,드론 산업 구조와 기본 법규 이해,초급~중급,PREREQUISITE,국비지원 직업훈련,드론 지도조종자(교관) 실기반(무인멀티콥터),AIG20250000513160,1060,새동엔지니어링(주) 드론교육원,직업훈련기관,소형무인기운용·조종 기반의 고용24 훈련과정입니다. Vendor 학습에는 과정명과의 직접 연관성에 따라 기초·포함·선수 경로로 연결했습니다.,소형무인기운용·조종; 기초기술 현장적용; 지도조종자; 교관,초급~중급,오프라인,국비지원(일부 자부담 가능),고용24 직업훈련(국민내일배움카드 적용 여부는 과정 상세 확인),서울 관악구,총 192시간,,2026-09-28~2026-11-02,국민내일배움카드(일반),지도조종자(교관),https://www.work24.go.kr/hr/a/a/3100/selectTracseDetl.do?tracseId=AIG20250000513160&tracseTme=13&crseTracseSe=C0061&trainstCstmrId=500037079851,고용24 훈련과정 상세,정부사이트,2026-09-28,현재 운영,,산업·법규 기초 → 정책·표준·시장 분석 → 사례 비교 → 지원·사업 문서 작성,대시보드 원본 교육데이터(예정)를 Skill과 연결. relevance_type=PREREQUISITE.,dashboard C.html / Work24 원천 링크
기획·지원,교육·연구·정책·지원,DJ-198,드론 정책연구원,정책·표준·산업지원,Policy Analysis,Policy Analysis 관련 기술,"Policy Analysis은(는) 드론 정책·표준·시장·사업지원 업무에서 사용하는 도구·개념·절차입니다. 실제 직무에서는 설계, 운용, 분석 또는 의사결정 결과를 만드는 데 적용됩니다.",드론 정책연구원이(가) 산업·운항·안전·공공활용 정책과 제도 연구 업무를 수행할 때 Policy Analysis을(를) 이해하고 적용하기 위해 학습합니다.,드론 산업 구조와 기본 법규 이해,초급~중급,PREREQUISITE,국비지원 직업훈련,드론 지도조종자(교관) 실기반(무인멀티콥터),AIG20250000513160,1060,새동엔지니어링(주) 드론교육원,직업훈련기관,소형무인기운용·조종 기반의 고용24 훈련과정입니다. Policy Analysis 학습에는 과정명과의 직접 연관성에 따라 기초·포함·선수 경로로 연결했습니다.,소형무인기운용·조종; 기초기술 현장적용; 지도조종자; 교관,초급~중급,오프라인,국비지원(일부 자부담 가능),고용24 직업훈련(국민내일배움카드 적용 여부는 과정 상세 확인),서울 관악구,총 192시간,,2026-09-28~2026-11-02,국민내일배움카드(일반),지도조종자(교관),https://www.work24.go.kr/hr/a/a/3100/selectTracseDetl.do?tracseId=AIG20250000513160&tracseTme=13&crseTracseSe=C0061&trainstCstmrId=500037079851,고용24 훈련과정 상세,정부사이트,2026-09-28,현재 운영,,산업·법규 기초 → 정책·표준·시장 분석 → 사례 비교 → 지원·사업 문서 작성,대시보드 원본 교육데이터(예정)를 Skill과 연결. relevance_type=PREREQUISITE.,dashboard C.html / Work24 원천 링크
기획·지원,교육·연구·정책·지원,DJ-198,드론 정책연구원,정책·표준·산업지원,Regulation,Regulation 관련 기술,"Regulation은(는) 드론 정책·표준·시장·사업지원 업무에서 사용하는 도구·개념·절차입니다. 실제 직무에서는 설계, 운용, 분석 또는 의사결정 결과를 만드는 데 적용됩니다.",드론 정책연구원이(가) 산업·운항·안전·공공활용 정책과 제도 연구 업무를 수행할 때 Regulation을(를) 이해하고 적용하기 위해 학습합니다.,드론 산업 구조와 기본 법규 이해,초급~중급,PREREQUISITE,국비지원 직업훈련,드론 지도조종자(교관) 실기반(무인멀티콥터),AIG20250000513160,1060,새동엔지니어링(주) 드론교육원,직업훈련기관,소형무인기운용·조종 기반의 고용24 훈련과정입니다. Regulation 학습에는 과정명과의 직접 연관성에 따라 기초·포함·선수 경로로 연결했습니다.,소형무인기운용·조종; 기초기술 현장적용; 지도조종자; 교관,초급~중급,오프라인,국비지원(일부 자부담 가능),고용24 직업훈련(국민내일배움카드 적용 여부는 과정 상세 확인),서울 관악구,총 192시간,,2026-09-28~2026-11-02,국민내일배움카드(일반),지도조종자(교관),https://www.work24.go.kr/hr/a/a/3100/selectTracseDetl.do?tracseId=AIG20250000513160&tracseTme=13&crseTracseSe=C0061&trainstCstmrId=500037079851,고용24 훈련과정 상세,정부사이트,2026-09-28,현재 운영,,산업·법규 기초 → 정책·표준·시장 분석 → 사례 비교 → 지원·사업 문서 작성,대시보드 원본 교육데이터(예정)를 Skill과 연결. relevance_type=PREREQUISITE.,dashboard C.html / Work24 원천 링크
기획·지원,교육·연구·정책·지원,DJ-198,드론 정책연구원,정책·표준·산업지원,Statistics,Statistics 관련 기술,"Statistics은(는) 드론 정책·표준·시장·사업지원 업무에서 사용하는 도구·개념·절차입니다. 실제 직무에서는 설계, 운용, 분석 또는 의사결정 결과를 만드는 데 적용됩니다.",드론 정책연구원이(가) 산업·운항·안전·공공활용 정책과 제도 연구 업무를 수행할 때 Statistics을(를) 이해하고 적용하기 위해 학습합니다.,드론 산업 구조와 기본 법규 이해,초급~중급,PREREQUISITE,국비지원 직업훈련,드론 지도조종자(교관) 실기반(무인멀티콥터),AIG20250000513160,1060,새동엔지니어링(주) 드론교육원,직업훈련기관,소형무인기운용·조종 기반의 고용24 훈련과정입니다. Statistics 학습에는 과정명과의 직접 연관성에 따라 기초·포함·선수 경로로 연결했습니다.,소형무인기운용·조종; 재난; 임무비행; 수중드론,초급~중급,오프라인,국비지원(일부 자부담 가능),고용24 직업훈련(국민내일배움카드 적용 여부는 과정 상세 확인),서울 관악구,총 192시간,,2026-09-28~2026-11-02,국민내일배움카드(일반),지도조종자(교관),https://www.work24.go.kr/hr/a/a/3100/selectTracseDetl.do?tracseId=AIG20250000513160&tracseTme=13&crseTracseSe=C0061&trainstCstmrId=500037079851,고용24 훈련과정 상세,정부사이트,2026-09-28,현재 운영,https://matlabacademy.mathworks.com/details/matlab-onramp/gettingstarted,산업·법규 기초 → 정책·표준·시장 분석 → 사례 비교 → 지원·사업 문서 작성,대시보드 원본 교육데이터(예정)를 Skill과 연결. relevance_type=PREREQUISITE.,dashboard C.html / Work24 원천 링크
기획·지원,교육·연구·정책·지원,DJ-198,드론 정책연구원,정책·표준·산업지원,Statistics,Statistics 관련 기술,"Statistics은(는) 드론 정책·표준·시장·사업지원 업무에서 사용하는 도구·개념·절차입니다. 실제 직무에서는 설계, 운용, 분석 또는 의사결정 결과를 만드는 데 적용됩니다.",드론 정책연구원이(가) 산업·운항·안전·공공활용 정책과 제도 연구 업무를 수행할 때 Statistics을(를) 이해하고 적용하기 위해 학습합니다.,기초 수학,초급~중급,OFFICIAL_RESOURCE,공식 튜토리얼·문서,MATLAB Onramp,MATLAB,,MathWorks,기업 공식교육,"MATLAB 언어와 환경, 배열 계산, 데이터 분석·시각화의 기본 워크플로를 대화형으로 학습합니다.",MATLAB; Array; Data Analysis; Visualization; Script,입문,온라인,무료,,온라인,자기주도 학습,상시,상시,대학생·취업준비생·재직자·일반인,수료 진행상태 제공,https://matlabacademy.mathworks.com/details/matlab-onramp/gettingstarted,MathWorks,기업·기관 공식사이트,2026-09-28,상시 운영,,환경 → 배열·연산 → 스크립트 → 데이터 분석 → 공학 문제 적용,공식 제공기관이 운영하는 교육·튜토리얼·문서 기반 학습경로.,공식 웹사이트 직접 확인
기획·지원,교육·연구·정책·지원,DJ-205,드론 창업·사업 컨설턴트,정책·표준·산업지원,Business Model,Business Model 관련 기술,"Business Model은(는) 드론 정책·표준·시장·사업지원 업무에서 사용하는 도구·개념·절차입니다. 실제 직무에서는 설계, 운용, 분석 또는 의사결정 결과를 만드는 데 적용됩니다.",드론 창업·사업 컨설턴트이(가) 시장·BM·인허가·투자·사업계획 수립 지원 업무를 수행할 때 Business Model을(를) 이해하고 적용하기 위해 학습합니다.,드론 산업 구조와 기본 법규 이해,초급~중급,PREREQUISITE,국비지원 직업훈련,드론 지도조종자(교관) 실기반(무인멀티콥터),AIG20250000513160,1060,새동엔지니어링(주) 드론교육원,직업훈련기관,소형무인기운용·조종 기반의 고용24 훈련과정입니다. Business Model 학습에는 과정명과의 직접 연관성에 따라 기초·포함·선수 경로로 연결했습니다.,소형무인기운용·조종; 기초기술 현장적용; 지도조종자; 교관,초급~중급,오프라인,국비지원(일부 자부담 가능),고용24 직업훈련(국민내일배움카드 적용 여부는 과정 상세 확인),서울 관악구,총 192시간,,2026-09-28~2026-11-02,국민내일배움카드(일반),지도조종자(교관),https://www.work24.go.kr/hr/a/a/3100/selectTracseDetl.do?tracseId=AIG20250000513160&tracseTme=13&crseTracseSe=C0061&trainstCstmrId=500037079851,고용24 훈련과정 상세,정부사이트,2026-09-28,현재 운영,,산업·법규 기초 → 정책·표준·시장 분석 → 사례 비교 → 지원·사업 문서 작성,대시보드 원본 교육데이터(예정)를 Skill과 연결. relevance_type=PREREQUISITE.,dashboard C.html / Work24 원천 링크
기획·지원,교육·연구·정책·지원,DJ-205,드론 창업·사업 컨설턴트,정책·표준·산업지원,Funding,Funding 관련 기술,"Funding은(는) 드론 정책·표준·시장·사업지원 업무에서 사용하는 도구·개념·절차입니다. 실제 직무에서는 설계, 운용, 분석 또는 의사결정 결과를 만드는 데 적용됩니다.",드론 창업·사업 컨설턴트이(가) 시장·BM·인허가·투자·사업계획 수립 지원 업무를 수행할 때 Funding을(를) 이해하고 적용하기 위해 학습합니다.,드론 산업 구조와 기본 법규 이해,초급~중급,PREREQUISITE,국비지원 직업훈련,드론 지도조종자(교관) 실기반(무인멀티콥터),AIG20250000513160,1060,새동엔지니어링(주) 드론교육원,직업훈련기관,소형무인기운용·조종 기반의 고용24 훈련과정입니다. Funding 학습에는 과정명과의 직접 연관성에 따라 기초·포함·선수 경로로 연결했습니다.,소형무인기운용·조종; 기초기술 현장적용; 지도조종자; 교관,초급~중급,오프라인,국비지원(일부 자부담 가능),고용24 직업훈련(국민내일배움카드 적용 여부는 과정 상세 확인),서울 관악구,총 192시간,,2026-09-28~2026-11-02,국민내일배움카드(일반),지도조종자(교관),https://www.work24.go.kr/hr/a/a/3100/selectTracseDetl.do?tracseId=AIG20250000513160&tracseTme=13&crseTracseSe=C0061&trainstCstmrId=500037079851,고용24 훈련과정 상세,정부사이트,2026-09-28,현재 운영,,산업·법규 기초 → 정책·표준·시장 분석 → 사례 비교 → 지원·사업 문서 작성,대시보드 원본 교육데이터(예정)를 Skill과 연결. relevance_type=PREREQUISITE.,dashboard C.html / Work24 원천 링크
기획·지원,교육·연구·정책·지원,DJ-205,드론 창업·사업 컨설턴트,정책·표준·산업지원,Regulation,Regulation 관련 기술,"Regulation은(는) 드론 정책·표준·시장·사업지원 업무에서 사용하는 도구·개념·절차입니다. 실제 직무에서는 설계, 운용, 분석 또는 의사결정 결과를 만드는 데 적용됩니다.",드론 창업·사업 컨설턴트이(가) 시장·BM·인허가·투자·사업계획 수립 지원 업무를 수행할 때 Regulation을(를) 이해하고 적용하기 위해 학습합니다.,드론 산업 구조와 기본 법규 이해,초급~중급,PREREQUISITE,국비지원 직업훈련,드론 지도조종자(교관) 실기반(무인멀티콥터),AIG20250000513160,1060,새동엔지니어링(주) 드론교육원,직업훈련기관,소형무인기운용·조종 기반의 고용24 훈련과정입니다. Regulation 학습에는 과정명과의 직접 연관성에 따라 기초·포함·선수 경로로 연결했습니다.,소형무인기운용·조종; 기초기술 현장적용; 지도조종자; 교관,초급~중급,오프라인,국비지원(일부 자부담 가능),고용24 직업훈련(국민내일배움카드 적용 여부는 과정 상세 확인),서울 관악구,총 192시간,,2026-09-28~2026-11-02,국민내일배움카드(일반),지도조종자(교관),https://www.work24.go.kr/hr/a/a/3100/selectTracseDetl.do?tracseId=AIG20250000513160&tracseTme=13&crseTracseSe=C0061&trainstCstmrId=500037079851,고용24 훈련과정 상세,정부사이트,2026-09-28,현재 운영,,산업·법규 기초 → 정책·표준·시장 분석 → 사례 비교 → 지원·사업 문서 작성,대시보드 원본 교육데이터(예정)를 Skill과 연결. relevance_type=PREREQUISITE.,dashboard C.html / Work24 원천 링크
기획·지원,교육·연구·정책·지원,DJ-201,드론 표준화 전문가,정책·표준·산업지원,ASTM,ASTM 관련 기술,"ASTM은(는) 드론 정책·표준·시장·사업지원 업무에서 사용하는 도구·개념·절차입니다. 실제 직무에서는 설계, 운용, 분석 또는 의사결정 결과를 만드는 데 적용됩니다.",드론 표준화 전문가이(가) 기체·통신·운항·데이터 국내외 표준 개발·대응 업무를 수행할 때 ASTM을(를) 이해하고 적용하기 위해 학습합니다.,드론 산업 구조와 기본 법규 이해,초급~중급,PREREQUISITE,국비지원 직업훈련,드론 지도조종자(교관) 실기반(무인멀티콥터),AIG20250000513160,1060,새동엔지니어링(주) 드론교육원,직업훈련기관,소형무인기운용·조종 기반의 고용24 훈련과정입니다. ASTM 학습에는 과정명과의 직접 연관성에 따라 기초·포함·선수 경로로 연결했습니다.,소형무인기운용·조종; 기초기술 현장적용; 지도조종자; 교관,초급~중급,오프라인,국비지원(일부 자부담 가능),고용24 직업훈련(국민내일배움카드 적용 여부는 과정 상세 확인),서울 관악구,총 192시간,,2026-09-28~2026-11-02,국민내일배움카드(일반),지도조종자(교관),https://www.work24.go.kr/hr/a/a/3100/selectTracseDetl.do?tracseId=AIG20250000513160&tracseTme=13&crseTracseSe=C0061&trainstCstmrId=500037079851,고용24 훈련과정 상세,정부사이트,2026-09-28,현재 운영,,산업·법규 기초 → 정책·표준·시장 분석 → 사례 비교 → 지원·사업 문서 작성,대시보드 원본 교육데이터(예정)를 Skill과 연결. relevance_type=PREREQUISITE.,dashboard C.html / Work24 원천 링크
기획·지원,교육·연구·정책·지원,DJ-201,드론 표준화 전문가,정책·표준·산업지원,ISO,ISO 관련 기술,"ISO은(는) 드론 정책·표준·시장·사업지원 업무에서 사용하는 도구·개념·절차입니다. 실제 직무에서는 설계, 운용, 분석 또는 의사결정 결과를 만드는 데 적용됩니다.",드론 표준화 전문가이(가) 기체·통신·운항·데이터 국내외 표준 개발·대응 업무를 수행할 때 ISO을(를) 이해하고 적용하기 위해 학습합니다.,드론 산업 구조와 기본 법규 이해,초급~중급,PREREQUISITE,국비지원 직업훈련,드론 지도조종자(교관) 실기반(무인멀티콥터),AIG20250000513160,1060,새동엔지니어링(주) 드론교육원,직업훈련기관,소형무인기운용·조종 기반의 고용24 훈련과정입니다. ISO 학습에는 과정명과의 직접 연관성에 따라 기초·포함·선수 경로로 연결했습니다.,소형무인기운용·조종; 기초기술 현장적용; 지도조종자; 교관,초급~중급,오프라인,국비지원(일부 자부담 가능),고용24 직업훈련(국민내일배움카드 적용 여부는 과정 상세 확인),서울 관악구,총 192시간,,2026-09-28~2026-11-02,국민내일배움카드(일반),지도조종자(교관),https://www.work24.go.kr/hr/a/a/3100/selectTracseDetl.do?tracseId=AIG20250000513160&tracseTme=13&crseTracseSe=C0061&trainstCstmrId=500037079851,고용24 훈련과정 상세,정부사이트,2026-09-28,현재 운영,,산업·법규 기초 → 정책·표준·시장 분석 → 사례 비교 → 지원·사업 문서 작성,대시보드 원본 교육데이터(예정)를 Skill과 연결. relevance_type=PREREQUISITE.,dashboard C.html / Work24 원천 링크
기획·지원,교육·연구·정책·지원,DJ-201,드론 표준화 전문가,정책·표준·산업지원,KS,KS 관련 기술,"KS은(는) 드론 정책·표준·시장·사업지원 업무에서 사용하는 도구·개념·절차입니다. 실제 직무에서는 설계, 운용, 분석 또는 의사결정 결과를 만드는 데 적용됩니다.",드론 표준화 전문가이(가) 기체·통신·운항·데이터 국내외 표준 개발·대응 업무를 수행할 때 KS을(를) 이해하고 적용하기 위해 학습합니다.,드론 산업 구조와 기본 법규 이해,초급~중급,PREREQUISITE,국비지원 직업훈련,드론 지도조종자(교관) 실기반(무인멀티콥터),AIG20250000513160,1060,새동엔지니어링(주) 드론교육원,직업훈련기관,소형무인기운용·조종 기반의 고용24 훈련과정입니다. KS 학습에는 과정명과의 직접 연관성에 따라 기초·포함·선수 경로로 연결했습니다.,소형무인기운용·조종; 기초기술 현장적용; 지도조종자; 교관,초급~중급,오프라인,국비지원(일부 자부담 가능),고용24 직업훈련(국민내일배움카드 적용 여부는 과정 상세 확인),서울 관악구,총 192시간,,2026-09-28~2026-11-02,국민내일배움카드(일반),지도조종자(교관),https://www.work24.go.kr/hr/a/a/3100/selectTracseDetl.do?tracseId=AIG20250000513160&tracseTme=13&crseTracseSe=C0061&trainstCstmrId=500037079851,고용24 훈련과정 상세,정부사이트,2026-09-28,현재 운영,,산업·법규 기초 → 정책·표준·시장 분석 → 사례 비교 → 지원·사업 문서 작성,대시보드 원본 교육데이터(예정)를 Skill과 연결. relevance_type=PREREQUISITE.,dashboard C.html / Work24 원천 링크
기획·지원,교육·연구·정책·지원,DJ-201,드론 표준화 전문가,정책·표준·산업지원,Standardization,Standardization 관련 기술,"Standardization은(는) 드론 정책·표준·시장·사업지원 업무에서 사용하는 도구·개념·절차입니다. 실제 직무에서는 설계, 운용, 분석 또는 의사결정 결과를 만드는 데 적용됩니다.",드론 표준화 전문가이(가) 기체·통신·운항·데이터 국내외 표준 개발·대응 업무를 수행할 때 Standardization을(를) 이해하고 적용하기 위해 학습합니다.,드론 산업 구조와 기본 법규 이해,초급~중급,PREREQUISITE,국비지원 직업훈련,드론 지도조종자(교관) 실기반(무인멀티콥터),AIG20250000513160,1060,새동엔지니어링(주) 드론교육원,직업훈련기관,소형무인기운용·조종 기반의 고용24 훈련과정입니다. Standardization 학습에는 과정명과의 직접 연관성에 따라 기초·포함·선수 경로로 연결했습니다.,소형무인기운용·조종; 기초기술 현장적용; 지도조종자; 교관,초급~중급,오프라인,국비지원(일부 자부담 가능),고용24 직업훈련(국민내일배움카드 적용 여부는 과정 상세 확인),서울 관악구,총 192시간,,2026-09-28~2026-11-02,국민내일배움카드(일반),지도조종자(교관),https://www.work24.go.kr/hr/a/a/3100/selectTracseDetl.do?tracseId=AIG20250000513160&tracseTme=13&crseTracseSe=C0061&trainstCstmrId=500037079851,고용24 훈련과정 상세,정부사이트,2026-09-28,현재 운영,,산업·법규 기초 → 정책·표준·시장 분석 → 사례 비교 → 지원·사업 문서 작성,대시보드 원본 교육데이터(예정)를 Skill과 연결. relevance_type=PREREQUISITE.,dashboard C.html / Work24 원천 링크
운용·안전,운항·시험·정비·안전,DJ-119,드론 기술지원 엔지니어,시험·정비,ArduPilot,ArduPilot 관련 기술,"ArduPilot은(는) 드론의 상태 진단·비행시험·정비·신뢰성 관리 업무에서 사용하는 도구·개념·절차입니다. 실제 직무에서는 설계, 운용, 분석 또는 의사결정 결과를 만드는 데 적용됩니다.",드론 기술지원 엔지니어이(가) 기체 세팅·펌웨어·비행 문제 해결과 고객 교육 업무를 수행할 때 ArduPilot을(를) 이해하고 적용하기 위해 학습합니다.,드론 구조와 안전 절차 기초,초급~중급,PREREQUISITE,국비지원 직업훈련,드론 조립 및 분해(유지보수),AIG20250000516588,1063,신한글로벌인재교육원,직업훈련기관,소형무인기운용·조종 기반의 고용24 훈련과정입니다. ArduPilot 학습에는 과정명과의 직접 연관성에 따라 기초·포함·선수 경로로 연결했습니다.,소형무인기운용·조종; AI소프트웨어; AIOT; 파이썬,초급~중급,오프라인,국비지원(일부 자부담 가능),고용24 직업훈련(국민내일배움카드 적용 여부는 과정 상세 확인),경기 의정부시,총 36시간,,2026-09-28~2026-10-06,국민내일배움카드(일반),수료 여부 과정별 확인,https://www.work24.go.kr/hr/a/a/3100/selectTracseDetl.do?tracseId=AIG20250000516588&tracseTme=3&crseTracseSe=C0061&trainstCstmrId=500020031915,고용24 훈련과정 상세,정부사이트,2026-09-28,현재 운영,https://ardupilot.org/dev/,드론 구조·안전 → 점검·계측 → 정비·시험 실습 → 결과 기록·판정,대시보드 원본 교육데이터(예정)를 Skill과 연결. relevance_type=PREREQUISITE.,dashboard C.html / Work24 원천 링크
운용·안전,운항·시험·정비·안전,DJ-119,드론 기술지원 엔지니어,시험·정비,ArduPilot,ArduPilot 관련 기술,"ArduPilot은(는) 드론의 상태 진단·비행시험·정비·신뢰성 관리 업무에서 사용하는 도구·개념·절차입니다. 실제 직무에서는 설계, 운용, 분석 또는 의사결정 결과를 만드는 데 적용됩니다.",드론 기술지원 엔지니어이(가) 기체 세팅·펌웨어·비행 문제 해결과 고객 교육 업무를 수행할 때 ArduPilot을(를) 이해하고 적용하기 위해 학습합니다.,C++와 Linux 명령어 기초,초급~중급,OFFICIAL_RESOURCE,공식 튜토리얼·문서,ArduPilot Development Documentation,ARDUPILOT-DEV,,ArduPilot,공식 오픈소스,"ArduPilot 빌드, 코드 구조, SITL 시뮬레이션과 하드웨어 통합을 학습하는 공식 개발 문서입니다.",ArduPilot; SITL; C++; 비행제어; 하드웨어 통합,중급~고급,온라인,무료,,온라인,자기주도 학습,상시,상시,대학생·취업준비생·재직자·일반인,없음,https://ardupilot.org/dev/,ArduPilot,공식 기술문서,2026-09-28,상시 운영,,개발환경 → 빌드 → SITL → 코드 구조 → 기체 적용,공식 제공기관이 운영하는 교육·튜토리얼·문서 기반 학습경로.,공식 웹사이트 직접 확인
운용·안전,운항·시험·정비·안전,DJ-119,드론 기술지원 엔지니어,시험·정비,GCS,지상관제시스템,"지상관제시스템은(는) 드론의 상태 진단·비행시험·정비·신뢰성 관리 업무에서 사용하는 도구·개념·절차입니다. 실제 직무에서는 설계, 운용, 분석 또는 의사결정 결과를 만드는 데 적용됩니다.",드론 기술지원 엔지니어이(가) 기체 세팅·펌웨어·비행 문제 해결과 고객 교육 업무를 수행할 때 GCS을(를) 이해하고 적용하기 위해 학습합니다.,드론 구조와 안전 절차 기초,초급~중급,PREREQUISITE,국비지원 직업훈련,드론 조립 및 분해(유지보수),AIG20250000516588,1063,신한글로벌인재교육원,직업훈련기관,소형무인기운용·조종 기반의 고용24 훈련과정입니다. GCS 학습에는 과정명과의 직접 연관성에 따라 기초·포함·선수 경로로 연결했습니다.,소형무인기운용·조종; 정비; 유지보수; 조립,초급~중급,오프라인,국비지원(일부 자부담 가능),고용24 직업훈련(국민내일배움카드 적용 여부는 과정 상세 확인),경기 의정부시,총 36시간,,2026-09-28~2026-10-06,국민내일배움카드(일반),수료 여부 과정별 확인,https://www.work24.go.kr/hr/a/a/3100/selectTracseDetl.do?tracseId=AIG20250000516588&tracseTme=3&crseTracseSe=C0061&trainstCstmrId=500020031915,고용24 훈련과정 상세,정부사이트,2026-09-28,현재 운영,https://docs.px4.io/main/en/,드론 구조·안전 → 점검·계측 → 정비·시험 실습 → 결과 기록·판정,대시보드 원본 교육데이터(예정)를 Skill과 연결. relevance_type=PREREQUISITE.,dashboard C.html / Work24 원천 링크
운용·안전,운항·시험·정비·안전,DJ-119,드론 기술지원 엔지니어,시험·정비,GCS,지상관제시스템,"지상관제시스템은(는) 드론의 상태 진단·비행시험·정비·신뢰성 관리 업무에서 사용하는 도구·개념·절차입니다. 실제 직무에서는 설계, 운용, 분석 또는 의사결정 결과를 만드는 데 적용됩니다.",드론 기술지원 엔지니어이(가) 기체 세팅·펌웨어·비행 문제 해결과 고객 교육 업무를 수행할 때 GCS을(를) 이해하고 적용하기 위해 학습합니다.,드론 구조와 Linux·C++ 기초(개발 과정),초급~중급,OFFICIAL_RESOURCE,공식 튜토리얼·문서,PX4 Autopilot User Guide,PX4-GUIDE,,PX4 / Dronecode Foundation,공식 오픈소스,"PX4의 기본 개념, 기체 구성, 비행 모드, 시뮬레이션, 로그 분석과 개발 절차를 단계별로 학습합니다.",PX4; 비행제어; 시뮬레이션; 로그; 기체 설정,초급~고급,온라인,무료,,온라인,자기주도 학습,상시,상시,대학생·취업준비생·재직자·일반인,없음,https://docs.px4.io/main/en/,PX4 / Dronecode Foundation,공식 기술문서,2026-09-28,상시 운영,,Basic Concepts → Simulation → Configuration → Development,공식 제공기관이 운영하는 교육·튜토리얼·문서 기반 학습경로.,공식 웹사이트 직접 확인
운용·안전,운항·시험·정비·안전,DJ-119,드론 기술지원 엔지니어,시험·정비,GCS,지상관제시스템,"지상관제시스템은(는) 드론의 상태 진단·비행시험·정비·신뢰성 관리 업무에서 사용하는 도구·개념·절차입니다. 실제 직무에서는 설계, 운용, 분석 또는 의사결정 결과를 만드는 데 적용됩니다.",드론 기술지원 엔지니어이(가) 기체 세팅·펌웨어·비행 문제 해결과 고객 교육 업무를 수행할 때 GCS을(를) 이해하고 적용하기 위해 학습합니다.,드론 구조와 기본 조종 이해,초급~중급,OFFICIAL_RESOURCE,공식 튜토리얼·문서,QGroundControl User Guide,QGC,,QGroundControl / Dronecode,공식 오픈소스,"PX4·ArduPilot 기체 설정, 임무계획, 비행 모니터링, 로그와 다중 기체 관리를 학습합니다.",QGroundControl; Mission Planning; GCS; Flight; Log,초급~중급,온라인,무료,,온라인,자기주도 학습,상시,상시,대학생·취업준비생·재직자·일반인,없음,https://docs.qgroundcontrol.com/Stable_V5.1/ko/qgc-user-guide/index.html,QGroundControl / Dronecode,공식 기술문서,2026-09-28,상시 운영,,설치·연결 → 기체 설정 → 임무계획 → 비행 모니터링 → 로그 분석,공식 제공기관이 운영하는 교육·튜토리얼·문서 기반 학습경로.,공식 웹사이트 직접 확인
운용·안전,운항·시험·정비·안전,DJ-119,드론 기술지원 엔지니어,시험·정비,Pixhawk,Pixhawk 관련 기술,"Pixhawk은(는) 드론의 상태 진단·비행시험·정비·신뢰성 관리 업무에서 사용하는 도구·개념·절차입니다. 실제 직무에서는 설계, 운용, 분석 또는 의사결정 결과를 만드는 데 적용됩니다.",드론 기술지원 엔지니어이(가) 기체 세팅·펌웨어·비행 문제 해결과 고객 교육 업무를 수행할 때 Pixhawk을(를) 이해하고 적용하기 위해 학습합니다.,드론 구조와 안전 절차 기초,초급~중급,PREREQUISITE,국비지원 직업훈련,드론 조립 및 분해(유지보수),AIG20250000516588,1063,신한글로벌인재교육원,직업훈련기관,소형무인기운용·조종 기반의 고용24 훈련과정입니다. Pixhawk 학습에는 과정명과의 직접 연관성에 따라 기초·포함·선수 경로로 연결했습니다.,소형무인기운용·조종; AI소프트웨어; AIOT; 파이썬,초급~중급,오프라인,국비지원(일부 자부담 가능),고용24 직업훈련(국민내일배움카드 적용 여부는 과정 상세 확인),경기 의정부시,총 36시간,,2026-09-28~2026-10-06,국민내일배움카드(일반),수료 여부 과정별 확인,https://www.work24.go.kr/hr/a/a/3100/selectTracseDetl.do?tracseId=AIG20250000516588&tracseTme=3&crseTracseSe=C0061&trainstCstmrId=500020031915,고용24 훈련과정 상세,정부사이트,2026-09-28,현재 운영,https://docs.px4.io/main/en/,드론 구조·안전 → 점검·계측 → 정비·시험 실습 → 결과 기록·판정,대시보드 원본 교육데이터(예정)를 Skill과 연결. relevance_type=PREREQUISITE.,dashboard C.html / Work24 원천 링크
운용·안전,운항·시험·정비·안전,DJ-119,드론 기술지원 엔지니어,시험·정비,Pixhawk,Pixhawk 관련 기술,"Pixhawk은(는) 드론의 상태 진단·비행시험·정비·신뢰성 관리 업무에서 사용하는 도구·개념·절차입니다. 실제 직무에서는 설계, 운용, 분석 또는 의사결정 결과를 만드는 데 적용됩니다.",드론 기술지원 엔지니어이(가) 기체 세팅·펌웨어·비행 문제 해결과 고객 교육 업무를 수행할 때 Pixhawk을(를) 이해하고 적용하기 위해 학습합니다.,C++와 Linux 명령어 기초,초급~중급,OFFICIAL_RESOURCE,공식 튜토리얼·문서,ArduPilot Development Documentation,ARDUPILOT-DEV,,ArduPilot,공식 오픈소스,"ArduPilot 빌드, 코드 구조, SITL 시뮬레이션과 하드웨어 통합을 학습하는 공식 개발 문서입니다.",ArduPilot; SITL; C++; 비행제어; 하드웨어 통합,중급~고급,온라인,무료,,온라인,자기주도 학습,상시,상시,대학생·취업준비생·재직자·일반인,없음,https://ardupilot.org/dev/,ArduPilot,공식 기술문서,2026-09-28,상시 운영,,개발환경 → 빌드 → SITL → 코드 구조 → 기체 적용,공식 제공기관이 운영하는 교육·튜토리얼·문서 기반 학습경로.,공식 웹사이트 직접 확인
운용·안전,운항·시험·정비·안전,DJ-119,드론 기술지원 엔지니어,시험·정비,Pixhawk,Pixhawk 관련 기술,"Pixhawk은(는) 드론의 상태 진단·비행시험·정비·신뢰성 관리 업무에서 사용하는 도구·개념·절차입니다. 실제 직무에서는 설계, 운용, 분석 또는 의사결정 결과를 만드는 데 적용됩니다.",드론 기술지원 엔지니어이(가) 기체 세팅·펌웨어·비행 문제 해결과 고객 교육 업무를 수행할 때 Pixhawk을(를) 이해하고 적용하기 위해 학습합니다.,드론 구조와 Linux·C++ 기초(개발 과정),초급~중급,OFFICIAL_RESOURCE,공식 튜토리얼·문서,PX4 Autopilot User Guide,PX4-GUIDE,,PX4 / Dronecode Foundation,공식 오픈소스,"PX4의 기본 개념, 기체 구성, 비행 모드, 시뮬레이션, 로그 분석과 개발 절차를 단계별로 학습합니다.",PX4; 비행제어; 시뮬레이션; 로그; 기체 설정,초급~고급,온라인,무료,,온라인,자기주도 학습,상시,상시,대학생·취업준비생·재직자·일반인,없음,https://docs.px4.io/main/en/,PX4 / Dronecode Foundation,공식 기술문서,2026-09-28,상시 운영,,Basic Concepts → Simulation → Configuration → Development,공식 제공기관이 운영하는 교육·튜토리얼·문서 기반 학습경로.,공식 웹사이트 직접 확인
운용·안전,운항·시험·정비·안전,DJ-119,드론 기술지원 엔지니어,시험·정비,PX4,PX4 오픈소스 비행제어 플랫폼,"PX4 오픈소스 비행제어 플랫폼은(는) 드론의 상태 진단·비행시험·정비·신뢰성 관리 업무에서 사용하는 도구·개념·절차입니다. 실제 직무에서는 설계, 운용, 분석 또는 의사결정 결과를 만드는 데 적용됩니다.",드론 기술지원 엔지니어이(가) 기체 세팅·펌웨어·비행 문제 해결과 고객 교육 업무를 수행할 때 PX4을(를) 이해하고 적용하기 위해 학습합니다.,드론 구조와 안전 절차 기초,초급~중급,PREREQUISITE,국비지원 직업훈련,드론 조립 및 분해(유지보수),AIG20250000516588,1063,신한글로벌인재교육원,직업훈련기관,소형무인기운용·조종 기반의 고용24 훈련과정입니다. PX4 학습에는 과정명과의 직접 연관성에 따라 기초·포함·선수 경로로 연결했습니다.,소형무인기운용·조종; AI소프트웨어; AIOT; 파이썬,초급~중급,오프라인,국비지원(일부 자부담 가능),고용24 직업훈련(국민내일배움카드 적용 여부는 과정 상세 확인),경기 의정부시,총 36시간,,2026-09-28~2026-10-06,국민내일배움카드(일반),수료 여부 과정별 확인,https://www.work24.go.kr/hr/a/a/3100/selectTracseDetl.do?tracseId=AIG20250000516588&tracseTme=3&crseTracseSe=C0061&trainstCstmrId=500020031915,고용24 훈련과정 상세,정부사이트,2026-09-28,현재 운영,https://docs.px4.io/main/en/,드론 구조·안전 → 점검·계측 → 정비·시험 실습 → 결과 기록·판정,대시보드 원본 교육데이터(예정)를 Skill과 연결. relevance_type=PREREQUISITE.,dashboard C.html / Work24 원천 링크
운용·안전,운항·시험·정비·안전,DJ-119,드론 기술지원 엔지니어,시험·정비,PX4,PX4 오픈소스 비행제어 플랫폼,"PX4 오픈소스 비행제어 플랫폼은(는) 드론의 상태 진단·비행시험·정비·신뢰성 관리 업무에서 사용하는 도구·개념·절차입니다. 실제 직무에서는 설계, 운용, 분석 또는 의사결정 결과를 만드는 데 적용됩니다.",드론 기술지원 엔지니어이(가) 기체 세팅·펌웨어·비행 문제 해결과 고객 교육 업무를 수행할 때 PX4을(를) 이해하고 적용하기 위해 학습합니다.,드론 구조와 Linux·C++ 기초(개발 과정),초급~중급,OFFICIAL_RESOURCE,공식 튜토리얼·문서,PX4 Autopilot User Guide,PX4-GUIDE,,PX4 / Dronecode Foundation,공식 오픈소스,"PX4의 기본 개념, 기체 구성, 비행 모드, 시뮬레이션, 로그 분석과 개발 절차를 단계별로 학습합니다.",PX4; 비행제어; 시뮬레이션; 로그; 기체 설정,초급~고급,온라인,무료,,온라인,자기주도 학습,상시,상시,대학생·취업준비생·재직자·일반인,없음,https://docs.px4.io/main/en/,PX4 / Dronecode Foundation,공식 기술문서,2026-09-28,상시 운영,,Basic Concepts → Simulation → Configuration → Development,공식 제공기관이 운영하는 교육·튜토리얼·문서 기반 학습경로.,공식 웹사이트 직접 확인
운용·안전,운항·시험·정비·안전,DJ-117,드론 배터리 정비·관리자,시험·정비,Battery,Battery 관련 기술,"Battery은(는) 드론의 상태 진단·비행시험·정비·신뢰성 관리 업무에서 사용하는 도구·개념·절차입니다. 실제 직무에서는 설계, 운용, 분석 또는 의사결정 결과를 만드는 데 적용됩니다.",드론 배터리 정비·관리자이(가) 배터리 검사·충방전·수명·보관·폐기 안전관리 업무를 수행할 때 Battery을(를) 이해하고 적용하기 위해 학습합니다.,드론 구조와 안전 절차 기초,초급~중급,INCLUDED,국비지원 직업훈련,드론 조립 및 분해(유지보수),AIG20250000516588,1063,신한글로벌인재교육원,직업훈련기관,소형무인기운용·조종 기반의 고용24 훈련과정입니다. Battery 학습에는 과정명과의 직접 연관성에 따라 기초·포함·선수 경로로 연결했습니다.,소형무인기운용·조종; 정비; 유지보수; 조립,초급~중급,오프라인,국비지원(일부 자부담 가능),고용24 직업훈련(국민내일배움카드 적용 여부는 과정 상세 확인),경기 의정부시,총 36시간,,2026-09-28~2026-10-06,국민내일배움카드(일반),수료 여부 과정별 확인,https://www.work24.go.kr/hr/a/a/3100/selectTracseDetl.do?tracseId=AIG20250000516588&tracseTme=3&crseTracseSe=C0061&trainstCstmrId=500020031915,고용24 훈련과정 상세,정부사이트,2026-09-28,현재 운영,,드론 구조·안전 → 점검·계측 → 정비·시험 실습 → 결과 기록·판정,대시보드 원본 교육데이터(예정)를 Skill과 연결. relevance_type=INCLUDED.,dashboard C.html / Work24 원천 링크
운용·안전,운항·시험·정비·안전,DJ-117,드론 배터리 정비·관리자,시험·정비,Fire Safety,Fire Safety 관련 기술,"Fire Safety은(는) 드론의 상태 진단·비행시험·정비·신뢰성 관리 업무에서 사용하는 도구·개념·절차입니다. 실제 직무에서는 설계, 운용, 분석 또는 의사결정 결과를 만드는 데 적용됩니다.",드론 배터리 정비·관리자이(가) 배터리 검사·충방전·수명·보관·폐기 안전관리 업무를 수행할 때 Fire Safety을(를) 이해하고 적용하기 위해 학습합니다.,드론 구조와 안전 절차 기초,초급~중급,PREREQUISITE,국비지원 직업훈련,드론 조립 및 분해(유지보수),AIG20250000516588,1063,신한글로벌인재교육원,직업훈련기관,소형무인기운용·조종 기반의 고용24 훈련과정입니다. Fire Safety 학습에는 과정명과의 직접 연관성에 따라 기초·포함·선수 경로로 연결했습니다.,소형무인기운용·조종; 정비; 유지보수; 조립,초급~중급,오프라인,국비지원(일부 자부담 가능),고용24 직업훈련(국민내일배움카드 적용 여부는 과정 상세 확인),경기 의정부시,총 36시간,,2026-09-28~2026-10-06,국민내일배움카드(일반),수료 여부 과정별 확인,https://www.work24.go.kr/hr/a/a/3100/selectTracseDetl.do?tracseId=AIG20250000516588&tracseTme=3&crseTracseSe=C0061&trainstCstmrId=500020031915,고용24 훈련과정 상세,정부사이트,2026-09-28,현재 운영,,드론 구조·안전 → 점검·계측 → 정비·시험 실습 → 결과 기록·판정,대시보드 원본 교육데이터(예정)를 Skill과 연결. relevance_type=PREREQUISITE.,dashboard C.html / Work24 원천 링크
운용·안전,운항·시험·정비·안전,DJ-117,드론 배터리 정비·관리자,시험·정비,SOC/SOH,배터리 충전·건강 상태,"배터리 충전·건강 상태은(는) 드론의 상태 진단·비행시험·정비·신뢰성 관리 업무에서 사용하는 도구·개념·절차입니다. 실제 직무에서는 설계, 운용, 분석 또는 의사결정 결과를 만드는 데 적용됩니다.",드론 배터리 정비·관리자이(가) 배터리 검사·충방전·수명·보관·폐기 안전관리 업무를 수행할 때 SOC/SOH을(를) 이해하고 적용하기 위해 학습합니다.,드론 구조와 안전 절차 기초,초급~중급,PREREQUISITE,국비지원 직업훈련,드론 조립 및 분해(유지보수),AIG20250000516588,1063,신한글로벌인재교육원,직업훈련기관,소형무인기운용·조종 기반의 고용24 훈련과정입니다. SOC/SOH 학습에는 과정명과의 직접 연관성에 따라 기초·포함·선수 경로로 연결했습니다.,소형무인기운용·조종; 정비; 유지보수; 조립,초급~중급,오프라인,국비지원(일부 자부담 가능),고용24 직업훈련(국민내일배움카드 적용 여부는 과정 상세 확인),경기 의정부시,총 36시간,,2026-09-28~2026-10-06,국민내일배움카드(일반),수료 여부 과정별 확인,https://www.work24.go.kr/hr/a/a/3100/selectTracseDetl.do?tracseId=AIG20250000516588&tracseTme=3&crseTracseSe=C0061&trainstCstmrId=500020031915,고용24 훈련과정 상세,정부사이트,2026-09-28,현재 운영,,드론 구조·안전 → 점검·계측 → 정비·시험 실습 → 결과 기록·판정,대시보드 원본 교육데이터(예정)를 Skill과 연결. relevance_type=PREREQUISITE.,dashboard C.html / Work24 원천 링크
운용·안전,운항·시험·정비·안전,DJ-111,드론 비행시험 엔지니어,시험·정비,Analysis,Analysis 관련 기술,"Analysis은(는) 드론의 상태 진단·비행시험·정비·신뢰성 관리 업무에서 사용하는 도구·개념·절차입니다. 실제 직무에서는 설계, 운용, 분석 또는 의사결정 결과를 만드는 데 적용됩니다.",드론 비행시험 엔지니어이(가) 시험계획·계측·데이터 분석·결과보고 업무를 수행할 때 Analysis을(를) 이해하고 적용하기 위해 학습합니다.,드론 구조와 안전 절차 기초,초급~중급,PREREQUISITE,국비지원 직업훈련,드론 조립 및 분해(유지보수),AIG20250000516588,1063,신한글로벌인재교육원,직업훈련기관,소형무인기운용·조종 기반의 고용24 훈련과정입니다. Analysis 학습에는 과정명과의 직접 연관성에 따라 기초·포함·선수 경로로 연결했습니다.,소형무인기운용·조종; 정비; 유지보수; 조립,초급~중급,오프라인,국비지원(일부 자부담 가능),고용24 직업훈련(국민내일배움카드 적용 여부는 과정 상세 확인),경기 의정부시,총 36시간,,2026-09-28~2026-10-06,국민내일배움카드(일반),수료 여부 과정별 확인,https://www.work24.go.kr/hr/a/a/3100/selectTracseDetl.do?tracseId=AIG20250000516588&tracseTme=3&crseTracseSe=C0061&trainstCstmrId=500020031915,고용24 훈련과정 상세,정부사이트,2026-09-28,현재 운영,,드론 구조·안전 → 점검·계측 → 정비·시험 실습 → 결과 기록·판정,대시보드 원본 교육데이터(예정)를 Skill과 연결. relevance_type=PREREQUISITE.,dashboard C.html / Work24 원천 링크
운용·안전,운항·시험·정비·안전,DJ-111,드론 비행시험 엔지니어,시험·정비,DAQ,데이터 수집,"데이터 수집은(는) 드론의 상태 진단·비행시험·정비·신뢰성 관리 업무에서 사용하는 도구·개념·절차입니다. 실제 직무에서는 설계, 운용, 분석 또는 의사결정 결과를 만드는 데 적용됩니다.",드론 비행시험 엔지니어이(가) 시험계획·계측·데이터 분석·결과보고 업무를 수행할 때 DAQ을(를) 이해하고 적용하기 위해 학습합니다.,드론 구조와 안전 절차 기초,초급~중급,PREREQUISITE,국비지원 직업훈련,드론 조립 및 분해(유지보수),AIG20250000516588,1063,신한글로벌인재교육원,직업훈련기관,소형무인기운용·조종 기반의 고용24 훈련과정입니다. DAQ 학습에는 과정명과의 직접 연관성에 따라 기초·포함·선수 경로로 연결했습니다.,소형무인기운용·조종; 정비; 유지보수; 조립,초급~중급,오프라인,국비지원(일부 자부담 가능),고용24 직업훈련(국민내일배움카드 적용 여부는 과정 상세 확인),경기 의정부시,총 36시간,,2026-09-28~2026-10-06,국민내일배움카드(일반),수료 여부 과정별 확인,https://www.work24.go.kr/hr/a/a/3100/selectTracseDetl.do?tracseId=AIG20250000516588&tracseTme=3&crseTracseSe=C0061&trainstCstmrId=500020031915,고용24 훈련과정 상세,정부사이트,2026-09-28,현재 운영,,드론 구조·안전 → 점검·계측 → 정비·시험 실습 → 결과 기록·판정,대시보드 원본 교육데이터(예정)를 Skill과 연결. relevance_type=PREREQUISITE.,dashboard C.html / Work24 원천 링크
운용·안전,운항·시험·정비·안전,DJ-111,드론 비행시험 엔지니어,시험·정비,Flight Test,Flight Test 관련 기술,"Flight Test은(는) 드론의 상태 진단·비행시험·정비·신뢰성 관리 업무에서 사용하는 도구·개념·절차입니다. 실제 직무에서는 설계, 운용, 분석 또는 의사결정 결과를 만드는 데 적용됩니다.",드론 비행시험 엔지니어이(가) 시험계획·계측·데이터 분석·결과보고 업무를 수행할 때 Flight Test을(를) 이해하고 적용하기 위해 학습합니다.,드론 구조와 안전 절차 기초,초급~중급,PREREQUISITE,국비지원 직업훈련,드론 조립 및 분해(유지보수),AIG20250000516588,1063,신한글로벌인재교육원,직업훈련기관,소형무인기운용·조종 기반의 고용24 훈련과정입니다. Flight Test 학습에는 과정명과의 직접 연관성에 따라 기초·포함·선수 경로로 연결했습니다.,소형무인기운용·조종; 정비; 유지보수; 조립,초급~중급,오프라인,국비지원(일부 자부담 가능),고용24 직업훈련(국민내일배움카드 적용 여부는 과정 상세 확인),경기 의정부시,총 36시간,,2026-09-28~2026-10-06,국민내일배움카드(일반),수료 여부 과정별 확인,https://www.work24.go.kr/hr/a/a/3100/selectTracseDetl.do?tracseId=AIG20250000516588&tracseTme=3&crseTracseSe=C0061&trainstCstmrId=500020031915,고용24 훈련과정 상세,정부사이트,2026-09-28,현재 운영,,드론 구조·안전 → 점검·계측 → 정비·시험 실습 → 결과 기록·판정,대시보드 원본 교육데이터(예정)를 Skill과 연결. relevance_type=PREREQUISITE.,dashboard C.html / Work24 원천 링크
운용·안전,운항·시험·정비·안전,DJ-118,드론 서비스센터 정비 엔지니어,시험·정비,Customer Support,Customer Support 관련 기술,"Customer Support은(는) 드론의 상태 진단·비행시험·정비·신뢰성 관리 업무에서 사용하는 도구·개념·절차입니다. 실제 직무에서는 설계, 운용, 분석 또는 의사결정 결과를 만드는 데 적용됩니다.",드론 서비스센터 정비 엔지니어이(가) 고객 기체 접수·진단·수리·검수·기술상담 업무를 수행할 때 Customer Support을(를) 이해하고 적용하기 위해 학습합니다.,드론 구조와 안전 절차 기초,초급~중급,PREREQUISITE,국비지원 직업훈련,드론 조립 및 분해(유지보수),AIG20250000516588,1063,신한글로벌인재교육원,직업훈련기관,소형무인기운용·조종 기반의 고용24 훈련과정입니다. Customer Support 학습에는 과정명과의 직접 연관성에 따라 기초·포함·선수 경로로 연결했습니다.,소형무인기운용·조종; 정비; 유지보수; 조립,초급~중급,오프라인,국비지원(일부 자부담 가능),고용24 직업훈련(국민내일배움카드 적용 여부는 과정 상세 확인),경기 의정부시,총 36시간,,2026-09-28~2026-10-06,국민내일배움카드(일반),수료 여부 과정별 확인,https://www.work24.go.kr/hr/a/a/3100/selectTracseDetl.do?tracseId=AIG20250000516588&tracseTme=3&crseTracseSe=C0061&trainstCstmrId=500020031915,고용24 훈련과정 상세,정부사이트,2026-09-28,현재 운영,,드론 구조·안전 → 점검·계측 → 정비·시험 실습 → 결과 기록·판정,대시보드 원본 교육데이터(예정)를 Skill과 연결. relevance_type=PREREQUISITE.,dashboard C.html / Work24 원천 링크
운용·안전,운항·시험·정비·안전,DJ-118,드론 서비스센터 정비 엔지니어,시험·정비,QA,품질보증,"품질보증은(는) 드론의 상태 진단·비행시험·정비·신뢰성 관리 업무에서 사용하는 도구·개념·절차입니다. 실제 직무에서는 설계, 운용, 분석 또는 의사결정 결과를 만드는 데 적용됩니다.",드론 서비스센터 정비 엔지니어이(가) 고객 기체 접수·진단·수리·검수·기술상담 업무를 수행할 때 QA을(를) 이해하고 적용하기 위해 학습합니다.,드론 구조와 안전 절차 기초,초급~중급,PREREQUISITE,국비지원 직업훈련,드론 조립 및 분해(유지보수),AIG20250000516588,1063,신한글로벌인재교육원,직업훈련기관,소형무인기운용·조종 기반의 고용24 훈련과정입니다. QA 학습에는 과정명과의 직접 연관성에 따라 기초·포함·선수 경로로 연결했습니다.,소형무인기운용·조종; 정비; 유지보수; 조립,초급~중급,오프라인,국비지원(일부 자부담 가능),고용24 직업훈련(국민내일배움카드 적용 여부는 과정 상세 확인),경기 의정부시,총 36시간,,2026-09-28~2026-10-06,국민내일배움카드(일반),수료 여부 과정별 확인,https://www.work24.go.kr/hr/a/a/3100/selectTracseDetl.do?tracseId=AIG20250000516588&tracseTme=3&crseTracseSe=C0061&trainstCstmrId=500020031915,고용24 훈련과정 상세,정부사이트,2026-09-28,현재 운영,,드론 구조·안전 → 점검·계측 → 정비·시험 실습 → 결과 기록·판정,대시보드 원본 교육데이터(예정)를 Skill과 연결. relevance_type=PREREQUISITE.,dashboard C.html / Work24 원천 링크
운용·안전,운항·시험·정비·안전,DJ-118,드론 서비스센터 정비 엔지니어,시험·정비,Repair,Repair 관련 기술,"Repair은(는) 드론의 상태 진단·비행시험·정비·신뢰성 관리 업무에서 사용하는 도구·개념·절차입니다. 실제 직무에서는 설계, 운용, 분석 또는 의사결정 결과를 만드는 데 적용됩니다.",드론 서비스센터 정비 엔지니어이(가) 고객 기체 접수·진단·수리·검수·기술상담 업무를 수행할 때 Repair을(를) 이해하고 적용하기 위해 학습합니다.,드론 구조와 안전 절차 기초,초급~중급,INCLUDED,국비지원 직업훈련,드론 조립 및 분해(유지보수),AIG20250000516588,1063,신한글로벌인재교육원,직업훈련기관,소형무인기운용·조종 기반의 고용24 훈련과정입니다. Repair 학습에는 과정명과의 직접 연관성에 따라 기초·포함·선수 경로로 연결했습니다.,소형무인기운용·조종; AI소프트웨어; AIOT; 파이썬,초급~중급,오프라인,국비지원(일부 자부담 가능),고용24 직업훈련(국민내일배움카드 적용 여부는 과정 상세 확인),경기 의정부시,총 36시간,,2026-09-28~2026-10-06,국민내일배움카드(일반),수료 여부 과정별 확인,https://www.work24.go.kr/hr/a/a/3100/selectTracseDetl.do?tracseId=AIG20250000516588&tracseTme=3&crseTracseSe=C0061&trainstCstmrId=500020031915,고용24 훈련과정 상세,정부사이트,2026-09-28,현재 운영,,드론 구조·안전 → 점검·계측 → 정비·시험 실습 → 결과 기록·판정,대시보드 원본 교육데이터(예정)를 Skill과 연결. relevance_type=INCLUDED.,dashboard C.html / Work24 원천 링크
운용·안전,운항·시험·정비·안전,DJ-110,드론 시험비행 조종사,시험·정비,Test Pilot,Test Pilot 관련 기술,"Test Pilot은(는) 드론의 상태 진단·비행시험·정비·신뢰성 관리 업무에서 사용하는 도구·개념·절차입니다. 실제 직무에서는 설계, 운용, 분석 또는 의사결정 결과를 만드는 데 적용됩니다.",드론 시험비행 조종사이(가) 개발·개조 기체의 시험카드에 따른 시험비행 업무를 수행할 때 Test Pilot을(를) 이해하고 적용하기 위해 학습합니다.,드론 구조와 안전 절차 기초,초급~중급,PREREQUISITE,국비지원 직업훈련,드론 조립 및 분해(유지보수),AIG20250000516588,1063,신한글로벌인재교육원,직업훈련기관,소형무인기운용·조종 기반의 고용24 훈련과정입니다. Test Pilot 학습에는 과정명과의 직접 연관성에 따라 기초·포함·선수 경로로 연결했습니다.,소형무인기운용·조종; 정비; 유지보수; 조립,초급~중급,오프라인,국비지원(일부 자부담 가능),고용24 직업훈련(국민내일배움카드 적용 여부는 과정 상세 확인),경기 의정부시,총 36시간,,2026-09-28~2026-10-06,국민내일배움카드(일반),수료 여부 과정별 확인,https://www.work24.go.kr/hr/a/a/3100/selectTracseDetl.do?tracseId=AIG20250000516588&tracseTme=3&crseTracseSe=C0061&trainstCstmrId=500020031915,고용24 훈련과정 상세,정부사이트,2026-09-28,현재 운영,,드론 구조·안전 → 점검·계측 → 정비·시험 실습 → 결과 기록·판정,대시보드 원본 교육데이터(예정)를 Skill과 연결. relevance_type=PREREQUISITE.,dashboard C.html / Work24 원천 링크
운용·안전,운항·시험·정비·안전,DJ-110,드론 시험비행 조종사,시험·정비,계측,계측,"계측은(는) 드론의 상태 진단·비행시험·정비·신뢰성 관리 업무에서 사용하는 도구·개념·절차입니다. 실제 직무에서는 설계, 운용, 분석 또는 의사결정 결과를 만드는 데 적용됩니다.",드론 시험비행 조종사이(가) 개발·개조 기체의 시험카드에 따른 시험비행 업무를 수행할 때 계측을(를) 이해하고 적용하기 위해 학습합니다.,드론 구조와 안전 절차 기초,초급~중급,PREREQUISITE,국비지원 직업훈련,드론 조립 및 분해(유지보수),AIG20250000516588,1063,신한글로벌인재교육원,직업훈련기관,소형무인기운용·조종 기반의 고용24 훈련과정입니다. 계측 학습에는 과정명과의 직접 연관성에 따라 기초·포함·선수 경로로 연결했습니다.,소형무인기운용·조종; 정비; 유지보수; 조립,초급~중급,오프라인,국비지원(일부 자부담 가능),고용24 직업훈련(국민내일배움카드 적용 여부는 과정 상세 확인),경기 의정부시,총 36시간,,2026-09-28~2026-10-06,국민내일배움카드(일반),수료 여부 과정별 확인,https://www.work24.go.kr/hr/a/a/3100/selectTracseDetl.do?tracseId=AIG20250000516588&tracseTme=3&crseTracseSe=C0061&trainstCstmrId=500020031915,고용24 훈련과정 상세,정부사이트,2026-09-28,현재 운영,,드론 구조·안전 → 점검·계측 → 정비·시험 실습 → 결과 기록·판정,대시보드 원본 교육데이터(예정)를 Skill과 연결. relevance_type=PREREQUISITE.,dashboard C.html / Work24 원천 링크
운용·안전,운항·시험·정비·안전,DJ-110,드론 시험비행 조종사,시험·정비,비상절차,비상절차,"비상절차은(는) 드론의 상태 진단·비행시험·정비·신뢰성 관리 업무에서 사용하는 도구·개념·절차입니다. 실제 직무에서는 설계, 운용, 분석 또는 의사결정 결과를 만드는 데 적용됩니다.",드론 시험비행 조종사이(가) 개발·개조 기체의 시험카드에 따른 시험비행 업무를 수행할 때 비상절차을(를) 이해하고 적용하기 위해 학습합니다.,드론 구조와 안전 절차 기초,초급~중급,PREREQUISITE,국비지원 직업훈련,드론 조립 및 분해(유지보수),AIG20250000516588,1063,신한글로벌인재교육원,직업훈련기관,소형무인기운용·조종 기반의 고용24 훈련과정입니다. 비상절차 학습에는 과정명과의 직접 연관성에 따라 기초·포함·선수 경로로 연결했습니다.,소형무인기운용·조종; 정비; 유지보수; 조립,초급~중급,오프라인,국비지원(일부 자부담 가능),고용24 직업훈련(국민내일배움카드 적용 여부는 과정 상세 확인),경기 의정부시,총 36시간,,2026-09-28~2026-10-06,국민내일배움카드(일반),수료 여부 과정별 확인,https://www.work24.go.kr/hr/a/a/3100/selectTracseDetl.do?tracseId=AIG20250000516588&tracseTme=3&crseTracseSe=C0061&trainstCstmrId=500020031915,고용24 훈련과정 상세,정부사이트,2026-09-28,현재 운영,,드론 구조·안전 → 점검·계측 → 정비·시험 실습 → 결과 기록·판정,대시보드 원본 교육데이터(예정)를 Skill과 연결. relevance_type=PREREQUISITE.,dashboard C.html / Work24 원천 링크
운용·안전,운항·시험·정비·안전,DJ-112,드론 시험비행·검증 담당자,시험·정비,VTOL,수직이착륙,"수직이착륙은(는) 드론의 상태 진단·비행시험·정비·신뢰성 관리 업무에서 사용하는 도구·개념·절차입니다. 실제 직무에서는 설계, 운용, 분석 또는 의사결정 결과를 만드는 데 적용됩니다.",드론 시험비행·검증 담당자이(가) 기체 성능·운용요건을 시험비행으로 검증 업무를 수행할 때 VTOL을(를) 이해하고 적용하기 위해 학습합니다.,드론 구조와 안전 절차 기초,초급~중급,PREREQUISITE,국비지원 직업훈련,드론 조립 및 분해(유지보수),AIG20250000516588,1063,신한글로벌인재교육원,직업훈련기관,소형무인기운용·조종 기반의 고용24 훈련과정입니다. VTOL 학습에는 과정명과의 직접 연관성에 따라 기초·포함·선수 경로로 연결했습니다.,소형무인기운용·조종; 정비; 유지보수; 조립,초급~중급,오프라인,국비지원(일부 자부담 가능),고용24 직업훈련(국민내일배움카드 적용 여부는 과정 상세 확인),경기 의정부시,총 36시간,,2026-09-28~2026-10-06,국민내일배움카드(일반),수료 여부 과정별 확인,https://www.work24.go.kr/hr/a/a/3100/selectTracseDetl.do?tracseId=AIG20250000516588&tracseTme=3&crseTracseSe=C0061&trainstCstmrId=500020031915,고용24 훈련과정 상세,정부사이트,2026-09-28,현재 운영,https://docs.px4.io/main/en/,드론 구조·안전 → 점검·계측 → 정비·시험 실습 → 결과 기록·판정,대시보드 원본 교육데이터(예정)를 Skill과 연결. relevance_type=PREREQUISITE.,dashboard C.html / Work24 원천 링크
운용·안전,운항·시험·정비·안전,DJ-112,드론 시험비행·검증 담당자,시험·정비,VTOL,수직이착륙,"수직이착륙은(는) 드론의 상태 진단·비행시험·정비·신뢰성 관리 업무에서 사용하는 도구·개념·절차입니다. 실제 직무에서는 설계, 운용, 분석 또는 의사결정 결과를 만드는 데 적용됩니다.",드론 시험비행·검증 담당자이(가) 기체 성능·운용요건을 시험비행으로 검증 업무를 수행할 때 VTOL을(를) 이해하고 적용하기 위해 학습합니다.,드론 구조와 Linux·C++ 기초(개발 과정),초급~중급,OFFICIAL_RESOURCE,공식 튜토리얼·문서,PX4 Autopilot User Guide,PX4-GUIDE,,PX4 / Dronecode Foundation,공식 오픈소스,"PX4의 기본 개념, 기체 구성, 비행 모드, 시뮬레이션, 로그 분석과 개발 절차를 단계별로 학습합니다.",PX4; 비행제어; 시뮬레이션; 로그; 기체 설정,초급~고급,온라인,무료,,온라인,자기주도 학습,상시,상시,대학생·취업준비생·재직자·일반인,없음,https://docs.px4.io/main/en/,PX4 / Dronecode Foundation,공식 기술문서,2026-09-28,상시 운영,,Basic Concepts → Simulation → Configuration → Development,공식 제공기관이 운영하는 교육·튜토리얼·문서 기반 학습경로.,공식 웹사이트 직접 확인
운용·안전,운항·시험·정비·안전,DJ-112,드론 시험비행·검증 담당자,시험·정비,검증,검증,"검증은(는) 드론의 상태 진단·비행시험·정비·신뢰성 관리 업무에서 사용하는 도구·개념·절차입니다. 실제 직무에서는 설계, 운용, 분석 또는 의사결정 결과를 만드는 데 적용됩니다.",드론 시험비행·검증 담당자이(가) 기체 성능·운용요건을 시험비행으로 검증 업무를 수행할 때 검증을(를) 이해하고 적용하기 위해 학습합니다.,드론 구조와 안전 절차 기초,초급~중급,PREREQUISITE,국비지원 직업훈련,드론 조립 및 분해(유지보수),AIG20250000516588,1063,신한글로벌인재교육원,직업훈련기관,소형무인기운용·조종 기반의 고용24 훈련과정입니다. 검증 학습에는 과정명과의 직접 연관성에 따라 기초·포함·선수 경로로 연결했습니다.,소형무인기운용·조종; 정비; 유지보수; 조립,초급~중급,오프라인,국비지원(일부 자부담 가능),고용24 직업훈련(국민내일배움카드 적용 여부는 과정 상세 확인),경기 의정부시,총 36시간,,2026-09-28~2026-10-06,국민내일배움카드(일반),수료 여부 과정별 확인,https://www.work24.go.kr/hr/a/a/3100/selectTracseDetl.do?tracseId=AIG20250000516588&tracseTme=3&crseTracseSe=C0061&trainstCstmrId=500020031915,고용24 훈련과정 상세,정부사이트,2026-09-28,현재 운영,,드론 구조·안전 → 점검·계측 → 정비·시험 실습 → 결과 기록·판정,대시보드 원본 교육데이터(예정)를 Skill과 연결. relevance_type=PREREQUISITE.,dashboard C.html / Work24 원천 링크
운용·안전,운항·시험·정비·안전,DJ-112,드론 시험비행·검증 담당자,시험·정비,시험비행,시험비행,"시험비행은(는) 드론의 상태 진단·비행시험·정비·신뢰성 관리 업무에서 사용하는 도구·개념·절차입니다. 실제 직무에서는 설계, 운용, 분석 또는 의사결정 결과를 만드는 데 적용됩니다.",드론 시험비행·검증 담당자이(가) 기체 성능·운용요건을 시험비행으로 검증 업무를 수행할 때 시험비행을(를) 이해하고 적용하기 위해 학습합니다.,드론 구조와 안전 절차 기초,초급~중급,PREREQUISITE,국비지원 직업훈련,드론 조립 및 분해(유지보수),AIG20250000516588,1063,신한글로벌인재교육원,직업훈련기관,소형무인기운용·조종 기반의 고용24 훈련과정입니다. 시험비행 학습에는 과정명과의 직접 연관성에 따라 기초·포함·선수 경로로 연결했습니다.,소형무인기운용·조종; 정비; 유지보수; 조립,초급~중급,오프라인,국비지원(일부 자부담 가능),고용24 직업훈련(국민내일배움카드 적용 여부는 과정 상세 확인),경기 의정부시,총 36시간,,2026-09-28~2026-10-06,국민내일배움카드(일반),수료 여부 과정별 확인,https://www.work24.go.kr/hr/a/a/3100/selectTracseDetl.do?tracseId=AIG20250000516588&tracseTme=3&crseTracseSe=C0061&trainstCstmrId=500020031915,고용24 훈련과정 상세,정부사이트,2026-09-28,현재 운영,,드론 구조·안전 → 점검·계측 → 정비·시험 실습 → 결과 기록·판정,대시보드 원본 교육데이터(예정)를 Skill과 연결. relevance_type=PREREQUISITE.,dashboard C.html / Work24 원천 링크
운용·안전,운항·시험·정비·안전,DJ-120,드론 신뢰성 엔지니어,시험·정비,FMEA,고장형태·영향분석,"고장형태·영향분석은(는) 드론의 상태 진단·비행시험·정비·신뢰성 관리 업무에서 사용하는 도구·개념·절차입니다. 실제 직무에서는 설계, 운용, 분석 또는 의사결정 결과를 만드는 데 적용됩니다.",드론 신뢰성 엔지니어이(가) 고장률·수명·FMEA·신뢰성 시험과 개선 업무를 수행할 때 FMEA을(를) 이해하고 적용하기 위해 학습합니다.,드론 구조와 안전 절차 기초,초급~중급,PREREQUISITE,국비지원 직업훈련,드론 조립 및 분해(유지보수),AIG20250000516588,1063,신한글로벌인재교육원,직업훈련기관,소형무인기운용·조종 기반의 고용24 훈련과정입니다. FMEA 학습에는 과정명과의 직접 연관성에 따라 기초·포함·선수 경로로 연결했습니다.,소형무인기운용·조종; 정비; 유지보수; 조립,초급~중급,오프라인,국비지원(일부 자부담 가능),고용24 직업훈련(국민내일배움카드 적용 여부는 과정 상세 확인),경기 의정부시,총 36시간,,2026-09-28~2026-10-06,국민내일배움카드(일반),수료 여부 과정별 확인,https://www.work24.go.kr/hr/a/a/3100/selectTracseDetl.do?tracseId=AIG20250000516588&tracseTme=3&crseTracseSe=C0061&trainstCstmrId=500020031915,고용24 훈련과정 상세,정부사이트,2026-09-28,현재 운영,,드론 구조·안전 → 점검·계측 → 정비·시험 실습 → 결과 기록·판정,대시보드 원본 교육데이터(예정)를 Skill과 연결. relevance_type=PREREQUISITE.,dashboard C.html / Work24 원천 링크
운용·안전,운항·시험·정비·안전,DJ-120,드론 신뢰성 엔지니어,시험·정비,FRACAS,고장보고·분석·시정조치,"고장보고·분석·시정조치은(는) 드론의 상태 진단·비행시험·정비·신뢰성 관리 업무에서 사용하는 도구·개념·절차입니다. 실제 직무에서는 설계, 운용, 분석 또는 의사결정 결과를 만드는 데 적용됩니다.",드론 신뢰성 엔지니어이(가) 고장률·수명·FMEA·신뢰성 시험과 개선 업무를 수행할 때 FRACAS을(를) 이해하고 적용하기 위해 학습합니다.,드론 구조와 안전 절차 기초,초급~중급,PREREQUISITE,국비지원 직업훈련,드론 조립 및 분해(유지보수),AIG20250000516588,1063,신한글로벌인재교육원,직업훈련기관,소형무인기운용·조종 기반의 고용24 훈련과정입니다. FRACAS 학습에는 과정명과의 직접 연관성에 따라 기초·포함·선수 경로로 연결했습니다.,소형무인기운용·조종; 정비; 유지보수; 조립,초급~중급,오프라인,국비지원(일부 자부담 가능),고용24 직업훈련(국민내일배움카드 적용 여부는 과정 상세 확인),경기 의정부시,총 36시간,,2026-09-28~2026-10-06,국민내일배움카드(일반),수료 여부 과정별 확인,https://www.work24.go.kr/hr/a/a/3100/selectTracseDetl.do?tracseId=AIG20250000516588&tracseTme=3&crseTracseSe=C0061&trainstCstmrId=500020031915,고용24 훈련과정 상세,정부사이트,2026-09-28,현재 운영,,드론 구조·안전 → 점검·계측 → 정비·시험 실습 → 결과 기록·판정,대시보드 원본 교육데이터(예정)를 Skill과 연결. relevance_type=PREREQUISITE.,dashboard C.html / Work24 원천 링크
운용·안전,운항·시험·정비·안전,DJ-120,드론 신뢰성 엔지니어,시험·정비,Reliability,Reliability 관련 기술,"Reliability은(는) 드론의 상태 진단·비행시험·정비·신뢰성 관리 업무에서 사용하는 도구·개념·절차입니다. 실제 직무에서는 설계, 운용, 분석 또는 의사결정 결과를 만드는 데 적용됩니다.",드론 신뢰성 엔지니어이(가) 고장률·수명·FMEA·신뢰성 시험과 개선 업무를 수행할 때 Reliability을(를) 이해하고 적용하기 위해 학습합니다.,드론 구조와 안전 절차 기초,초급~중급,PREREQUISITE,국비지원 직업훈련,드론 조립 및 분해(유지보수),AIG20250000516588,1063,신한글로벌인재교육원,직업훈련기관,소형무인기운용·조종 기반의 고용24 훈련과정입니다. Reliability 학습에는 과정명과의 직접 연관성에 따라 기초·포함·선수 경로로 연결했습니다.,소형무인기운용·조종; 정비; 유지보수; 조립,초급~중급,오프라인,국비지원(일부 자부담 가능),고용24 직업훈련(국민내일배움카드 적용 여부는 과정 상세 확인),경기 의정부시,총 36시간,,2026-09-28~2026-10-06,국민내일배움카드(일반),수료 여부 과정별 확인,https://www.work24.go.kr/hr/a/a/3100/selectTracseDetl.do?tracseId=AIG20250000516588&tracseTme=3&crseTracseSe=C0061&trainstCstmrId=500020031915,고용24 훈련과정 상세,정부사이트,2026-09-28,현재 운영,,드론 구조·안전 → 점검·계측 → 정비·시험 실습 → 결과 기록·판정,대시보드 원본 교육데이터(예정)를 Skill과 연결. relevance_type=PREREQUISITE.,dashboard C.html / Work24 원천 링크
운용·안전,운항·시험·정비·안전,DJ-109,드론 운용·시험 엔지니어,시험·정비,계측,계측,"계측은(는) 드론의 상태 진단·비행시험·정비·신뢰성 관리 업무에서 사용하는 도구·개념·절차입니다. 실제 직무에서는 설계, 운용, 분석 또는 의사결정 결과를 만드는 데 적용됩니다.",드론 운용·시험 엔지니어이(가) 연구개발 기체 운용과 시험계획·데이터 기록 업무를 수행할 때 계측을(를) 이해하고 적용하기 위해 학습합니다.,드론 구조와 안전 절차 기초,초급~중급,PREREQUISITE,국비지원 직업훈련,드론 조립 및 분해(유지보수),AIG20250000516588,1063,신한글로벌인재교육원,직업훈련기관,소형무인기운용·조종 기반의 고용24 훈련과정입니다. 계측 학습에는 과정명과의 직접 연관성에 따라 기초·포함·선수 경로로 연결했습니다.,소형무인기운용·조종; 정비; 유지보수; 조립,초급~중급,오프라인,국비지원(일부 자부담 가능),고용24 직업훈련(국민내일배움카드 적용 여부는 과정 상세 확인),경기 의정부시,총 36시간,,2026-09-28~2026-10-06,국민내일배움카드(일반),수료 여부 과정별 확인,https://www.work24.go.kr/hr/a/a/3100/selectTracseDetl.do?tracseId=AIG20250000516588&tracseTme=3&crseTracseSe=C0061&trainstCstmrId=500020031915,고용24 훈련과정 상세,정부사이트,2026-09-28,현재 운영,,드론 구조·안전 → 점검·계측 → 정비·시험 실습 → 결과 기록·판정,대시보드 원본 교육데이터(예정)를 Skill과 연결. relevance_type=PREREQUISITE.,dashboard C.html / Work24 원천 링크
운용·안전,운항·시험·정비·안전,DJ-109,드론 운용·시험 엔지니어,시험·정비,문서,문서,"문서은(는) 드론의 상태 진단·비행시험·정비·신뢰성 관리 업무에서 사용하는 도구·개념·절차입니다. 실제 직무에서는 설계, 운용, 분석 또는 의사결정 결과를 만드는 데 적용됩니다.",드론 운용·시험 엔지니어이(가) 연구개발 기체 운용과 시험계획·데이터 기록 업무를 수행할 때 문서을(를) 이해하고 적용하기 위해 학습합니다.,드론 구조와 안전 절차 기초,입문~초급,PREREQUISITE,국비지원 직업훈련,드론 조립 및 분해(유지보수),AIG20250000516588,1063,신한글로벌인재교육원,직업훈련기관,소형무인기운용·조종 기반의 고용24 훈련과정입니다. 문서 학습에는 과정명과의 직접 연관성에 따라 기초·포함·선수 경로로 연결했습니다.,소형무인기운용·조종; 정비; 유지보수; 조립,입문~초급,오프라인,국비지원(일부 자부담 가능),고용24 직업훈련(국민내일배움카드 적용 여부는 과정 상세 확인),경기 의정부시,총 36시간,,2026-09-28~2026-10-06,국민내일배움카드(일반),수료 여부 과정별 확인,https://www.work24.go.kr/hr/a/a/3100/selectTracseDetl.do?tracseId=AIG20250000516588&tracseTme=3&crseTracseSe=C0061&trainstCstmrId=500020031915,고용24 훈련과정 상세,정부사이트,2026-09-28,현재 운영,,드론 구조·안전 → 점검·계측 → 정비·시험 실습 → 결과 기록·판정,대시보드 원본 교육데이터(예정)를 Skill과 연결. relevance_type=PREREQUISITE.,dashboard C.html / Work24 원천 링크
운용·안전,운항·시험·정비·안전,DJ-109,드론 운용·시험 엔지니어,시험·정비,시험운용,시험운용,"시험운용은(는) 드론의 상태 진단·비행시험·정비·신뢰성 관리 업무에서 사용하는 도구·개념·절차입니다. 실제 직무에서는 설계, 운용, 분석 또는 의사결정 결과를 만드는 데 적용됩니다.",드론 운용·시험 엔지니어이(가) 연구개발 기체 운용과 시험계획·데이터 기록 업무를 수행할 때 시험운용을(를) 이해하고 적용하기 위해 학습합니다.,드론 구조와 안전 절차 기초,초급~중급,PREREQUISITE,국비지원 직업훈련,드론 조립 및 분해(유지보수),AIG20250000516588,1063,신한글로벌인재교육원,직업훈련기관,소형무인기운용·조종 기반의 고용24 훈련과정입니다. 시험운용 학습에는 과정명과의 직접 연관성에 따라 기초·포함·선수 경로로 연결했습니다.,소형무인기운용·조종; 정비; 유지보수; 조립,초급~중급,오프라인,국비지원(일부 자부담 가능),고용24 직업훈련(국민내일배움카드 적용 여부는 과정 상세 확인),경기 의정부시,총 36시간,,2026-09-28~2026-10-06,국민내일배움카드(일반),수료 여부 과정별 확인,https://www.work24.go.kr/hr/a/a/3100/selectTracseDetl.do?tracseId=AIG20250000516588&tracseTme=3&crseTracseSe=C0061&trainstCstmrId=500020031915,고용24 훈련과정 상세,정부사이트,2026-09-28,현재 운영,,드론 구조·안전 → 점검·계측 → 정비·시험 실습 → 결과 기록·판정,대시보드 원본 교육데이터(예정)를 Skill과 연결. relevance_type=PREREQUISITE.,dashboard C.html / Work24 원천 링크
운용·안전,운항·시험·정비·안전,DJ-114,드론 정비사,시험·정비,기록,기록,"기록은(는) 드론의 상태 진단·비행시험·정비·신뢰성 관리 업무에서 사용하는 도구·개념·절차입니다. 실제 직무에서는 설계, 운용, 분석 또는 의사결정 결과를 만드는 데 적용됩니다.",드론 정비사이(가) 정기점검·고장진단·수리·정비기록 관리 업무를 수행할 때 기록을(를) 이해하고 적용하기 위해 학습합니다.,드론 구조와 안전 절차 기초,초급~중급,PREREQUISITE,국비지원 직업훈련,드론 조립 및 분해(유지보수),AIG20250000516588,1063,신한글로벌인재교육원,직업훈련기관,소형무인기운용·조종 기반의 고용24 훈련과정입니다. 기록 학습에는 과정명과의 직접 연관성에 따라 기초·포함·선수 경로로 연결했습니다.,소형무인기운용·조종; 정비; 유지보수; 조립,초급~중급,오프라인,국비지원(일부 자부담 가능),고용24 직업훈련(국민내일배움카드 적용 여부는 과정 상세 확인),경기 의정부시,총 36시간,,2026-09-28~2026-10-06,국민내일배움카드(일반),수료 여부 과정별 확인,https://www.work24.go.kr/hr/a/a/3100/selectTracseDetl.do?tracseId=AIG20250000516588&tracseTme=3&crseTracseSe=C0061&trainstCstmrId=500020031915,고용24 훈련과정 상세,정부사이트,2026-09-28,현재 운영,,드론 구조·안전 → 점검·계측 → 정비·시험 실습 → 결과 기록·판정,대시보드 원본 교육데이터(예정)를 Skill과 연결. relevance_type=PREREQUISITE.,dashboard C.html / Work24 원천 링크
운용·안전,운항·시험·정비·안전,DJ-114,드론 정비사,시험·정비,납땜,납땜,"납땜은(는) 드론의 상태 진단·비행시험·정비·신뢰성 관리 업무에서 사용하는 도구·개념·절차입니다. 실제 직무에서는 설계, 운용, 분석 또는 의사결정 결과를 만드는 데 적용됩니다.",드론 정비사이(가) 정기점검·고장진단·수리·정비기록 관리 업무를 수행할 때 납땜을(를) 이해하고 적용하기 위해 학습합니다.,드론 구조와 안전 절차 기초,초급~중급,INCLUDED,국비지원 직업훈련,드론 조립 및 분해(유지보수),AIG20250000516588,1063,신한글로벌인재교육원,직업훈련기관,소형무인기운용·조종 기반의 고용24 훈련과정입니다. 납땜 학습에는 과정명과의 직접 연관성에 따라 기초·포함·선수 경로로 연결했습니다.,소형무인기운용·조종; 정비; 유지보수; 조립,초급~중급,오프라인,국비지원(일부 자부담 가능),고용24 직업훈련(국민내일배움카드 적용 여부는 과정 상세 확인),경기 의정부시,총 36시간,,2026-09-28~2026-10-06,국민내일배움카드(일반),수료 여부 과정별 확인,https://www.work24.go.kr/hr/a/a/3100/selectTracseDetl.do?tracseId=AIG20250000516588&tracseTme=3&crseTracseSe=C0061&trainstCstmrId=500020031915,고용24 훈련과정 상세,정부사이트,2026-09-28,현재 운영,https://docs.arduino.cc/learn,드론 구조·안전 → 점검·계측 → 정비·시험 실습 → 결과 기록·판정,대시보드 원본 교육데이터(예정)를 Skill과 연결. relevance_type=INCLUDED.,dashboard C.html / Work24 원천 링크
운용·안전,운항·시험·정비·안전,DJ-114,드론 정비사,시험·정비,납땜,납땜,"납땜은(는) 드론의 상태 진단·비행시험·정비·신뢰성 관리 업무에서 사용하는 도구·개념·절차입니다. 실제 직무에서는 설계, 운용, 분석 또는 의사결정 결과를 만드는 데 적용됩니다.",드론 정비사이(가) 정기점검·고장진단·수리·정비기록 관리 업무를 수행할 때 납땜을(를) 이해하고 적용하기 위해 학습합니다.,전기 안전과 기초 회로,초급~중급,INCLUDED,공식 튜토리얼·문서,Arduino Learn,ARDUINO,,Arduino,기업 공식교육,"전자회로, 마이크로컨트롤러, 센서·모터·통신을 공식 실습 예제로 학습합니다.",Arduino; Electronics; MCU; Sensor; Motor; Serial Communication,입문~중급,온라인,무료,,온라인,자기주도 학습,상시,상시,대학생·취업준비생·재직자·일반인,없음,https://docs.arduino.cc/learn,Arduino,기업·기관 공식사이트,2026-09-28,상시 운영,,회로 기초 → 입출력 → 센서·통신 → 모터 제어 → 드론 장치 프로토타입,공식 제공기관이 운영하는 교육·튜토리얼·문서 기반 학습경로.,공식 웹사이트 직접 확인
운용·안전,운항·시험·정비·안전,DJ-114,드론 정비사,시험·정비,정비,정비,"정비은(는) 드론의 상태 진단·비행시험·정비·신뢰성 관리 업무에서 사용하는 도구·개념·절차입니다. 실제 직무에서는 설계, 운용, 분석 또는 의사결정 결과를 만드는 데 적용됩니다.",드론 정비사이(가) 정기점검·고장진단·수리·정비기록 관리 업무를 수행할 때 정비을(를) 이해하고 적용하기 위해 학습합니다.,드론 구조와 안전 절차 기초,초급~중급,DIRECT,국비지원 직업훈련,"드론(소형무인기) 항공촬영, 편집, 드론방제, 드론정비 및 국가자격(드론1종) 취득과정",AIG20250000517356,755,누리드론교육원,직업훈련기관,소형무인기운용·조종 기반의 고용24 훈련과정입니다. 정비 학습에는 과정명과의 직접 연관성에 따라 기초·포함·선수 경로로 연결했습니다.,소형무인기운용·조종; 정비; 유지보수; 조립,초급~중급,오프라인,국비지원(일부 자부담 가능),고용24 직업훈련(국민내일배움카드 적용 여부는 과정 상세 확인),경남 김해시,총 960시간,,2026-07-21~2027-01-13,국가기간전략산업직종,드론 조종자 1종,https://www.work24.go.kr/hr/a/a/3100/selectTracseDetl.do?tracseId=AIG20250000517356&tracseTme=2&crseTracseSe=C0061&trainstCstmrId=500041601289,고용24 훈련과정 상세,정부사이트,2026-09-28,현재 운영,,드론 구조·안전 → 점검·계측 → 정비·시험 실습 → 결과 기록·판정,대시보드 원본 교육데이터(진행중)를 Skill과 연결. relevance_type=DIRECT.,dashboard C.html / Work24 원천 링크
운용·안전,운항·시험·정비·안전,DJ-114,드론 정비사,시험·정비,진단,진단,"진단은(는) 드론의 상태 진단·비행시험·정비·신뢰성 관리 업무에서 사용하는 도구·개념·절차입니다. 실제 직무에서는 설계, 운용, 분석 또는 의사결정 결과를 만드는 데 적용됩니다.",드론 정비사이(가) 정기점검·고장진단·수리·정비기록 관리 업무를 수행할 때 진단을(를) 이해하고 적용하기 위해 학습합니다.,드론 구조와 안전 절차 기초,초급~중급,INCLUDED,국비지원 직업훈련,드론 조립 및 분해(유지보수),AIG20250000516588,1063,신한글로벌인재교육원,직업훈련기관,소형무인기운용·조종 기반의 고용24 훈련과정입니다. 진단 학습에는 과정명과의 직접 연관성에 따라 기초·포함·선수 경로로 연결했습니다.,소형무인기운용·조종; 정비; 유지보수; 조립,초급~중급,오프라인,국비지원(일부 자부담 가능),고용24 직업훈련(국민내일배움카드 적용 여부는 과정 상세 확인),경기 의정부시,총 36시간,,2026-09-28~2026-10-06,국민내일배움카드(일반),수료 여부 과정별 확인,https://www.work24.go.kr/hr/a/a/3100/selectTracseDetl.do?tracseId=AIG20250000516588&tracseTme=3&crseTracseSe=C0061&trainstCstmrId=500020031915,고용24 훈련과정 상세,정부사이트,2026-09-28,현재 운영,,드론 구조·안전 → 점검·계측 → 정비·시험 실습 → 결과 기록·판정,대시보드 원본 교육데이터(예정)를 Skill과 연결. relevance_type=INCLUDED.,dashboard C.html / Work24 원천 링크
운용·안전,운항·시험·정비·안전,DJ-116,드론 추진계통 정비사,시험·정비,Engine,Engine 관련 기술,"Engine은(는) 드론의 상태 진단·비행시험·정비·신뢰성 관리 업무에서 사용하는 도구·개념·절차입니다. 실제 직무에서는 설계, 운용, 분석 또는 의사결정 결과를 만드는 데 적용됩니다.",드론 추진계통 정비사이(가) 모터·ESC·엔진·프로펠러·연료계통 점검·수리 업무를 수행할 때 Engine을(를) 이해하고 적용하기 위해 학습합니다.,드론 구조와 안전 절차 기초,초급~중급,PREREQUISITE,국비지원 직업훈련,드론 조립 및 분해(유지보수),AIG20250000516588,1063,신한글로벌인재교육원,직업훈련기관,소형무인기운용·조종 기반의 고용24 훈련과정입니다. Engine 학습에는 과정명과의 직접 연관성에 따라 기초·포함·선수 경로로 연결했습니다.,소형무인기운용·조종; 정비; 유지보수; 조립,초급~중급,오프라인,국비지원(일부 자부담 가능),고용24 직업훈련(국민내일배움카드 적용 여부는 과정 상세 확인),경기 의정부시,총 36시간,,2026-09-28~2026-10-06,국민내일배움카드(일반),수료 여부 과정별 확인,https://www.work24.go.kr/hr/a/a/3100/selectTracseDetl.do?tracseId=AIG20250000516588&tracseTme=3&crseTracseSe=C0061&trainstCstmrId=500020031915,고용24 훈련과정 상세,정부사이트,2026-09-28,현재 운영,,드론 구조·안전 → 점검·계측 → 정비·시험 실습 → 결과 기록·판정,대시보드 원본 교육데이터(예정)를 Skill과 연결. relevance_type=PREREQUISITE.,dashboard C.html / Work24 원천 링크
운용·안전,운항·시험·정비·안전,DJ-116,드론 추진계통 정비사,시험·정비,Motor,Motor 관련 기술,"Motor은(는) 드론의 상태 진단·비행시험·정비·신뢰성 관리 업무에서 사용하는 도구·개념·절차입니다. 실제 직무에서는 설계, 운용, 분석 또는 의사결정 결과를 만드는 데 적용됩니다.",드론 추진계통 정비사이(가) 모터·ESC·엔진·프로펠러·연료계통 점검·수리 업무를 수행할 때 Motor을(를) 이해하고 적용하기 위해 학습합니다.,드론 구조와 안전 절차 기초,초급~중급,INCLUDED,국비지원 직업훈련,드론 조립 및 분해(유지보수),AIG20250000516588,1063,신한글로벌인재교육원,직업훈련기관,소형무인기운용·조종 기반의 고용24 훈련과정입니다. Motor 학습에는 과정명과의 직접 연관성에 따라 기초·포함·선수 경로로 연결했습니다.,소형무인기운용·조종; 정비; 유지보수; 조립,초급~중급,오프라인,국비지원(일부 자부담 가능),고용24 직업훈련(국민내일배움카드 적용 여부는 과정 상세 확인),경기 의정부시,총 36시간,,2026-09-28~2026-10-06,국민내일배움카드(일반),수료 여부 과정별 확인,https://www.work24.go.kr/hr/a/a/3100/selectTracseDetl.do?tracseId=AIG20250000516588&tracseTme=3&crseTracseSe=C0061&trainstCstmrId=500020031915,고용24 훈련과정 상세,정부사이트,2026-09-28,현재 운영,,드론 구조·안전 → 점검·계측 → 정비·시험 실습 → 결과 기록·판정,대시보드 원본 교육데이터(예정)를 Skill과 연결. relevance_type=INCLUDED.,dashboard C.html / Work24 원천 링크
운용·안전,운항·시험·정비·안전,DJ-116,드론 추진계통 정비사,시험·정비,Propulsion,Propulsion 관련 기술,"Propulsion은(는) 드론의 상태 진단·비행시험·정비·신뢰성 관리 업무에서 사용하는 도구·개념·절차입니다. 실제 직무에서는 설계, 운용, 분석 또는 의사결정 결과를 만드는 데 적용됩니다.",드론 추진계통 정비사이(가) 모터·ESC·엔진·프로펠러·연료계통 점검·수리 업무를 수행할 때 Propulsion을(를) 이해하고 적용하기 위해 학습합니다.,드론 구조와 안전 절차 기초,초급~중급,PREREQUISITE,국비지원 직업훈련,드론 조립 및 분해(유지보수),AIG20250000516588,1063,신한글로벌인재교육원,직업훈련기관,소형무인기운용·조종 기반의 고용24 훈련과정입니다. Propulsion 학습에는 과정명과의 직접 연관성에 따라 기초·포함·선수 경로로 연결했습니다.,소형무인기운용·조종; 정비; 유지보수; 조립,초급~중급,오프라인,국비지원(일부 자부담 가능),고용24 직업훈련(국민내일배움카드 적용 여부는 과정 상세 확인),경기 의정부시,총 36시간,,2026-09-28~2026-10-06,국민내일배움카드(일반),수료 여부 과정별 확인,https://www.work24.go.kr/hr/a/a/3100/selectTracseDetl.do?tracseId=AIG20250000516588&tracseTme=3&crseTracseSe=C0061&trainstCstmrId=500020031915,고용24 훈련과정 상세,정부사이트,2026-09-28,현재 운영,,드론 구조·안전 → 점검·계측 → 정비·시험 실습 → 결과 기록·판정,대시보드 원본 교육데이터(예정)를 Skill과 연결. relevance_type=PREREQUISITE.,dashboard C.html / Work24 원천 링크
운용·안전,운항·시험·정비·안전,DJ-115,드론 항전 정비사,시험·정비,Avionics,Avionics 관련 기술,"Avionics은(는) 드론의 상태 진단·비행시험·정비·신뢰성 관리 업무에서 사용하는 도구·개념·절차입니다. 실제 직무에서는 설계, 운용, 분석 또는 의사결정 결과를 만드는 데 적용됩니다.",드론 항전 정비사이(가) 비행컴퓨터·센서·통신·배선 결함 진단·수리 업무를 수행할 때 Avionics을(를) 이해하고 적용하기 위해 학습합니다.,드론 구조와 안전 절차 기초,초급~중급,PREREQUISITE,국비지원 직업훈련,드론 조립 및 분해(유지보수),AIG20250000516588,1063,신한글로벌인재교육원,직업훈련기관,소형무인기운용·조종 기반의 고용24 훈련과정입니다. Avionics 학습에는 과정명과의 직접 연관성에 따라 기초·포함·선수 경로로 연결했습니다.,소형무인기운용·조종; 정비; 유지보수; 조립,초급~중급,오프라인,국비지원(일부 자부담 가능),고용24 직업훈련(국민내일배움카드 적용 여부는 과정 상세 확인),경기 의정부시,총 36시간,,2026-09-28~2026-10-06,국민내일배움카드(일반),수료 여부 과정별 확인,https://www.work24.go.kr/hr/a/a/3100/selectTracseDetl.do?tracseId=AIG20250000516588&tracseTme=3&crseTracseSe=C0061&trainstCstmrId=500020031915,고용24 훈련과정 상세,정부사이트,2026-09-28,현재 운영,,드론 구조·안전 → 점검·계측 → 정비·시험 실습 → 결과 기록·판정,대시보드 원본 교육데이터(예정)를 Skill과 연결. relevance_type=PREREQUISITE.,dashboard C.html / Work24 원천 링크
운용·안전,운항·시험·정비·안전,DJ-115,드론 항전 정비사,시험·정비,Diagnostics,Diagnostics 관련 기술,"Diagnostics은(는) 드론의 상태 진단·비행시험·정비·신뢰성 관리 업무에서 사용하는 도구·개념·절차입니다. 실제 직무에서는 설계, 운용, 분석 또는 의사결정 결과를 만드는 데 적용됩니다.",드론 항전 정비사이(가) 비행컴퓨터·센서·통신·배선 결함 진단·수리 업무를 수행할 때 Diagnostics을(를) 이해하고 적용하기 위해 학습합니다.,드론 구조와 안전 절차 기초,초급~중급,INCLUDED,국비지원 직업훈련,드론 조립 및 분해(유지보수),AIG20250000516588,1063,신한글로벌인재교육원,직업훈련기관,소형무인기운용·조종 기반의 고용24 훈련과정입니다. Diagnostics 학습에는 과정명과의 직접 연관성에 따라 기초·포함·선수 경로로 연결했습니다.,소형무인기운용·조종; 정비; 유지보수; 조립,초급~중급,오프라인,국비지원(일부 자부담 가능),고용24 직업훈련(국민내일배움카드 적용 여부는 과정 상세 확인),경기 의정부시,총 36시간,,2026-09-28~2026-10-06,국민내일배움카드(일반),수료 여부 과정별 확인,https://www.work24.go.kr/hr/a/a/3100/selectTracseDetl.do?tracseId=AIG20250000516588&tracseTme=3&crseTracseSe=C0061&trainstCstmrId=500020031915,고용24 훈련과정 상세,정부사이트,2026-09-28,현재 운영,,드론 구조·안전 → 점검·계측 → 정비·시험 실습 → 결과 기록·판정,대시보드 원본 교육데이터(예정)를 Skill과 연결. relevance_type=INCLUDED.,dashboard C.html / Work24 원천 링크
운용·안전,운항·시험·정비·안전,DJ-115,드론 항전 정비사,시험·정비,Wiring,Wiring 관련 기술,"Wiring은(는) 드론의 상태 진단·비행시험·정비·신뢰성 관리 업무에서 사용하는 도구·개념·절차입니다. 실제 직무에서는 설계, 운용, 분석 또는 의사결정 결과를 만드는 데 적용됩니다.",드론 항전 정비사이(가) 비행컴퓨터·센서·통신·배선 결함 진단·수리 업무를 수행할 때 Wiring을(를) 이해하고 적용하기 위해 학습합니다.,드론 구조와 안전 절차 기초,초급~중급,INCLUDED,국비지원 직업훈련,드론 조립 및 분해(유지보수),AIG20250000516588,1063,신한글로벌인재교육원,직업훈련기관,소형무인기운용·조종 기반의 고용24 훈련과정입니다. Wiring 학습에는 과정명과의 직접 연관성에 따라 기초·포함·선수 경로로 연결했습니다.,소형무인기운용·조종; 정비; 유지보수; 조립,초급~중급,오프라인,국비지원(일부 자부담 가능),고용24 직업훈련(국민내일배움카드 적용 여부는 과정 상세 확인),경기 의정부시,총 36시간,,2026-09-28~2026-10-06,국민내일배움카드(일반),수료 여부 과정별 확인,https://www.work24.go.kr/hr/a/a/3100/selectTracseDetl.do?tracseId=AIG20250000516588&tracseTme=3&crseTracseSe=C0061&trainstCstmrId=500020031915,고용24 훈련과정 상세,정부사이트,2026-09-28,현재 운영,,드론 구조·안전 → 점검·계측 → 정비·시험 실습 → 결과 기록·판정,대시보드 원본 교육데이터(예정)를 Skill과 연결. relevance_type=INCLUDED.,dashboard C.html / Work24 원천 링크
운용·안전,운항·시험·정비·안전,DJ-113,산업용 드론 생산·정비원,시험·정비,CAD,컴퓨터 지원 설계,"컴퓨터 지원 설계은(는) 드론의 상태 진단·비행시험·정비·신뢰성 관리 업무에서 사용하는 도구·개념·절차입니다. 실제 직무에서는 설계, 운용, 분석 또는 의사결정 결과를 만드는 데 적용됩니다.",산업용 드론 생산·정비원이(가) 산업용 기체 조립·고장진단·부품교환·시험 업무를 수행할 때 CAD을(를) 이해하고 적용하기 위해 학습합니다.,드론 구조와 안전 절차 기초,입문~초급,INCLUDED,국비지원 직업훈련,드론 조립 및 분해(유지보수),AIG20250000516588,1063,신한글로벌인재교육원,직업훈련기관,소형무인기운용·조종 기반의 고용24 훈련과정입니다. CAD 학습에는 과정명과의 직접 연관성에 따라 기초·포함·선수 경로로 연결했습니다.,소형무인기운용·조종; 정비; 유지보수; 조립,입문~초급,오프라인,국비지원(일부 자부담 가능),고용24 직업훈련(국민내일배움카드 적용 여부는 과정 상세 확인),경기 의정부시,총 36시간,,2026-09-28~2026-10-06,국민내일배움카드(일반),수료 여부 과정별 확인,https://www.work24.go.kr/hr/a/a/3100/selectTracseDetl.do?tracseId=AIG20250000516588&tracseTme=3&crseTracseSe=C0061&trainstCstmrId=500020031915,고용24 훈련과정 상세,정부사이트,2026-09-28,현재 운영,https://www.autodesk.com/learn/ondemand/collection/intro-to-cad-cam,드론 구조·안전 → 점검·계측 → 정비·시험 실습 → 결과 기록·판정,대시보드 원본 교육데이터(예정)를 Skill과 연결. relevance_type=INCLUDED.,dashboard C.html / Work24 원천 링크
운용·안전,운항·시험·정비·안전,DJ-113,산업용 드론 생산·정비원,시험·정비,CAD,컴퓨터 지원 설계,"컴퓨터 지원 설계은(는) 드론의 상태 진단·비행시험·정비·신뢰성 관리 업무에서 사용하는 도구·개념·절차입니다. 실제 직무에서는 설계, 운용, 분석 또는 의사결정 결과를 만드는 데 적용됩니다.",산업용 드론 생산·정비원이(가) 산업용 기체 조립·고장진단·부품교환·시험 업무를 수행할 때 CAD을(를) 이해하고 적용하기 위해 학습합니다.,기계 도면과 컴퓨터 사용 기초,입문~초급,INCLUDED,공식 튜토리얼·문서,Introduction to CAD/CAM,AUTODESK-CADCAM,,Autodesk,기업 공식교육,"Fusion 기반 스케치·3D 모델링, CAM 공정과 CNC 가공의 기초를 프로젝트로 학습합니다.",CAD; CAM; 3D Modeling; CNC; Manufacturing,입문~중급,온라인,무료,,온라인,자기주도 학습,상시,상시,대학생·취업준비생·재직자·일반인,과정별 확인,https://www.autodesk.com/learn/ondemand/collection/intro-to-cad-cam,Autodesk,기업·기관 공식사이트,2026-09-28,상시 운영,,스케치 → 3D 모델 → 도면 → CAM → 가공 프로젝트,공식 제공기관이 운영하는 교육·튜토리얼·문서 기반 학습경로.,공식 웹사이트 직접 확인
운용·안전,운항·시험·정비·안전,DJ-113,산업용 드론 생산·정비원,시험·정비,생산,생산,"생산은(는) 드론의 상태 진단·비행시험·정비·신뢰성 관리 업무에서 사용하는 도구·개념·절차입니다. 실제 직무에서는 설계, 운용, 분석 또는 의사결정 결과를 만드는 데 적용됩니다.",산업용 드론 생산·정비원이(가) 산업용 기체 조립·고장진단·부품교환·시험 업무를 수행할 때 생산을(를) 이해하고 적용하기 위해 학습합니다.,드론 구조와 안전 절차 기초,초급~중급,INCLUDED,국비지원 직업훈련,드론 조립 및 분해(유지보수),AIG20250000516588,1063,신한글로벌인재교육원,직업훈련기관,소형무인기운용·조종 기반의 고용24 훈련과정입니다. 생산 학습에는 과정명과의 직접 연관성에 따라 기초·포함·선수 경로로 연결했습니다.,소형무인기운용·조종; 정비; 유지보수; 조립,초급~중급,오프라인,국비지원(일부 자부담 가능),고용24 직업훈련(국민내일배움카드 적용 여부는 과정 상세 확인),경기 의정부시,총 36시간,,2026-09-28~2026-10-06,국민내일배움카드(일반),수료 여부 과정별 확인,https://www.work24.go.kr/hr/a/a/3100/selectTracseDetl.do?tracseId=AIG20250000516588&tracseTme=3&crseTracseSe=C0061&trainstCstmrId=500020031915,고용24 훈련과정 상세,정부사이트,2026-09-28,현재 운영,,드론 구조·안전 → 점검·계측 → 정비·시험 실습 → 결과 기록·판정,대시보드 원본 교육데이터(예정)를 Skill과 연결. relevance_type=INCLUDED.,dashboard C.html / Work24 원천 링크
운용·안전,운항·시험·정비·안전,DJ-113,산업용 드론 생산·정비원,시험·정비,정비,정비,"정비은(는) 드론의 상태 진단·비행시험·정비·신뢰성 관리 업무에서 사용하는 도구·개념·절차입니다. 실제 직무에서는 설계, 운용, 분석 또는 의사결정 결과를 만드는 데 적용됩니다.",산업용 드론 생산·정비원이(가) 산업용 기체 조립·고장진단·부품교환·시험 업무를 수행할 때 정비을(를) 이해하고 적용하기 위해 학습합니다.,드론 구조와 안전 절차 기초,초급~중급,DIRECT,국비지원 직업훈련,"드론(소형무인기) 항공촬영, 편집, 드론방제, 드론정비 및 국가자격(드론1종) 취득과정",AIG20250000517356,755,누리드론교육원,직업훈련기관,소형무인기운용·조종 기반의 고용24 훈련과정입니다. 정비 학습에는 과정명과의 직접 연관성에 따라 기초·포함·선수 경로로 연결했습니다.,소형무인기운용·조종; 정비; 유지보수; 조립,초급~중급,오프라인,국비지원(일부 자부담 가능),고용24 직업훈련(국민내일배움카드 적용 여부는 과정 상세 확인),경남 김해시,총 960시간,,2026-07-21~2027-01-13,국가기간전략산업직종,드론 조종자 1종,https://www.work24.go.kr/hr/a/a/3100/selectTracseDetl.do?tracseId=AIG20250000517356&tracseTme=2&crseTracseSe=C0061&trainstCstmrId=500041601289,고용24 훈련과정 상세,정부사이트,2026-09-28,현재 운영,,드론 구조·안전 → 점검·계측 → 정비·시험 실습 → 결과 기록·판정,대시보드 원본 교육데이터(진행중)를 Skill과 연결. relevance_type=DIRECT.,dashboard C.html / Work24 원천 링크
운용·안전,운항·시험·정비·안전,DJ-121,드론 감항·인증 엔지니어,안전·인증,Airworthiness,Airworthiness 관련 기술,"Airworthiness은(는) 드론 운용 안전·위험평가·품질·인증 업무에서 사용하는 도구·개념·절차입니다. 실제 직무에서는 설계, 운용, 분석 또는 의사결정 결과를 만드는 데 적용됩니다.",드론 감항·인증 엔지니어이(가) 기체·GCS·통신·탑재체의 인증 적합성 입증 업무를 수행할 때 Airworthiness을(를) 이해하고 적용하기 위해 학습합니다.,드론 운용 절차와 항공 법규 기초,초급~중급,PREREQUISITE,국비지원 직업훈련,드론 AI소프트웨어 개발[픽스호크+아두파일럿](무인멀티콥터),AIG20250000513278,817,새동엔지니어링(주) 드론교육원,직업훈련기관,소형무인기운용·조종 기반의 고용24 훈련과정입니다. Airworthiness 학습에는 과정명과의 직접 연관성에 따라 기초·포함·선수 경로로 연결했습니다.,소형무인기운용·조종; AI소프트웨어; AIOT; 파이썬,초급~중급,오프라인,국비지원(일부 자부담 가능),고용24 직업훈련(국민내일배움카드 적용 여부는 과정 상세 확인),서울 관악구,총 780시간,,2026-08-06~2027-02-16,국가기간전략산업직종,수료 여부 과정별 확인,https://www.work24.go.kr/hr/a/a/3100/selectTracseDetl.do?tracseId=AIG20250000513278&tracseTme=4&crseTracseSe=C0061&trainstCstmrId=500037079851,고용24 훈련과정 상세,정부사이트,2026-09-28,현재 운영,,법규·안전 기초 → 위험·품질 도구 → 사례 실습 → 인증·안전 문서 작성,대시보드 원본 교육데이터(진행중)를 Skill과 연결. relevance_type=PREREQUISITE.,dashboard C.html / Work24 원천 링크
운용·안전,운항·시험·정비·안전,DJ-121,드론 감항·인증 엔지니어,안전·인증,Compliance,Compliance 관련 기술,"Compliance은(는) 드론 운용 안전·위험평가·품질·인증 업무에서 사용하는 도구·개념·절차입니다. 실제 직무에서는 설계, 운용, 분석 또는 의사결정 결과를 만드는 데 적용됩니다.",드론 감항·인증 엔지니어이(가) 기체·GCS·통신·탑재체의 인증 적합성 입증 업무를 수행할 때 Compliance을(를) 이해하고 적용하기 위해 학습합니다.,드론 운용 절차와 항공 법규 기초,초급~중급,PREREQUISITE,국비지원 직업훈련,초경량비행장치 무인멀티콥터(드론)조종자 1종 국가자격취득과정(이론+실기),AIG20250000502620,1068,중부드론교육원,직업훈련기관,소형무인기운용·조종 기반의 고용24 훈련과정입니다. Compliance 학습에는 과정명과의 직접 연관성에 따라 기초·포함·선수 경로로 연결했습니다.,소형무인기운용·조종; 국가자격; 무인멀티콥터; VTOL,초급~중급,오프라인,국비지원(일부 자부담 가능),고용24 직업훈련(국민내일배움카드 적용 여부는 과정 상세 확인),충북 음성군,총 120시간,,2026-09-28~2026-10-16,국민내일배움카드(일반),드론 조종자 1종,https://www.work24.go.kr/hr/a/a/3100/selectTracseDetl.do?tracseId=AIG20250000502620&tracseTme=18&crseTracseSe=C0061&trainstCstmrId=500039127578,고용24 훈련과정 상세,정부사이트,2026-09-28,현재 운영,,법규·안전 기초 → 위험·품질 도구 → 사례 실습 → 인증·안전 문서 작성,대시보드 원본 교육데이터(예정)를 Skill과 연결. relevance_type=PREREQUISITE.,dashboard C.html / Work24 원천 링크
운용·안전,운항·시험·정비·안전,DJ-121,드론 감항·인증 엔지니어,안전·인증,Safety,Safety 관련 기술,"Safety은(는) 드론 운용 안전·위험평가·품질·인증 업무에서 사용하는 도구·개념·절차입니다. 실제 직무에서는 설계, 운용, 분석 또는 의사결정 결과를 만드는 데 적용됩니다.",드론 감항·인증 엔지니어이(가) 기체·GCS·통신·탑재체의 인증 적합성 입증 업무를 수행할 때 Safety을(를) 이해하고 적용하기 위해 학습합니다.,드론 운용 절차와 항공 법규 기초,초급~중급,PREREQUISITE,국비지원 직업훈련,초경량비행장치 무인멀티콥터(드론)조종자 1종 국가자격취득과정(이론+실기),AIG20250000502620,1068,중부드론교육원,직업훈련기관,소형무인기운용·조종 기반의 고용24 훈련과정입니다. Safety 학습에는 과정명과의 직접 연관성에 따라 기초·포함·선수 경로로 연결했습니다.,소형무인기운용·조종; 국가자격; 무인멀티콥터; VTOL,초급~중급,오프라인,국비지원(일부 자부담 가능),고용24 직업훈련(국민내일배움카드 적용 여부는 과정 상세 확인),충북 음성군,총 120시간,,2026-09-28~2026-10-16,국민내일배움카드(일반),드론 조종자 1종,https://www.work24.go.kr/hr/a/a/3100/selectTracseDetl.do?tracseId=AIG20250000502620&tracseTme=18&crseTracseSe=C0061&trainstCstmrId=500039127578,고용24 훈련과정 상세,정부사이트,2026-09-28,현재 운영,,법규·안전 기초 → 위험·품질 도구 → 사례 실습 → 인증·안전 문서 작성,대시보드 원본 교육데이터(예정)를 Skill과 연결. relevance_type=PREREQUISITE.,dashboard C.html / Work24 원천 링크
운용·안전,운항·시험·정비·안전,DJ-127,드론 비행로그 안전분석가,안전·인증,Python,파이썬,"파이썬은(는) 드론 운용 안전·위험평가·품질·인증 업무에서 사용하는 도구·개념·절차입니다. 실제 직무에서는 설계, 운용, 분석 또는 의사결정 결과를 만드는 데 적용됩니다.",드론 비행로그 안전분석가이(가) 운항로그에서 위험징후·이상패턴·재발방지 지표 분석 업무를 수행할 때 Python을(를) 이해하고 적용하기 위해 학습합니다.,드론 운용 절차와 항공 법규 기초,입문~초급,PREREQUISITE,국비지원 직업훈련,드론 AI소프트웨어 개발[픽스호크+아두파일럿](무인멀티콥터),AIG20250000513278,817,새동엔지니어링(주) 드론교육원,직업훈련기관,소형무인기운용·조종 기반의 고용24 훈련과정입니다. Python 학습에는 과정명과의 직접 연관성에 따라 기초·포함·선수 경로로 연결했습니다.,소형무인기운용·조종; AI소프트웨어; AIOT; 파이썬,입문~초급,오프라인,국비지원(일부 자부담 가능),고용24 직업훈련(국민내일배움카드 적용 여부는 과정 상세 확인),서울 관악구,총 780시간,,2026-08-06~2027-02-16,국가기간전략산업직종,수료 여부 과정별 확인,https://www.work24.go.kr/hr/a/a/3100/selectTracseDetl.do?tracseId=AIG20250000513278&tracseTme=4&crseTracseSe=C0061&trainstCstmrId=500037079851,고용24 훈련과정 상세,정부사이트,2026-09-28,현재 운영,https://docs.python.org/ko/3/tutorial/index.html,법규·안전 기초 → 위험·품질 도구 → 사례 실습 → 인증·안전 문서 작성,대시보드 원본 교육데이터(진행중)를 Skill과 연결. relevance_type=PREREQUISITE.,dashboard C.html / Work24 원천 링크
운용·안전,운항·시험·정비·안전,DJ-127,드론 비행로그 안전분석가,안전·인증,Python,파이썬,"파이썬은(는) 드론 운용 안전·위험평가·품질·인증 업무에서 사용하는 도구·개념·절차입니다. 실제 직무에서는 설계, 운용, 분석 또는 의사결정 결과를 만드는 데 적용됩니다.",드론 비행로그 안전분석가이(가) 운항로그에서 위험징후·이상패턴·재발방지 지표 분석 업무를 수행할 때 Python을(를) 이해하고 적용하기 위해 학습합니다.,기초적인 프로그래밍 개념,입문~초급,DIRECT,공식교육,파이썬 자습서,PYTHON,,Python Software Foundation,공식 오픈소스,"파이썬 문법, 자료구조, 함수, 모듈, 예외와 클래스를 한국어 공식 문서로 학습합니다.",Python; 문법; 자료구조; 함수; 모듈; 클래스,초급,온라인,무료,,온라인,자기주도 학습,상시,상시,대학생·취업준비생·재직자·일반인,없음,https://docs.python.org/ko/3/tutorial/index.html,Python Software Foundation,공식 기술문서,2026-09-28,상시 운영,,문법 → 자료구조 → 함수·모듈 → 클래스 → 드론 데이터·제어 예제,공식 제공기관이 운영하는 교육·튜토리얼·문서 기반 학습경로.,공식 웹사이트 직접 확인
운용·안전,운항·시험·정비·안전,DJ-127,드론 비행로그 안전분석가,안전·인증,Safety Analytics,Safety Analytics 관련 기술,"Safety Analytics은(는) 드론 운용 안전·위험평가·품질·인증 업무에서 사용하는 도구·개념·절차입니다. 실제 직무에서는 설계, 운용, 분석 또는 의사결정 결과를 만드는 데 적용됩니다.",드론 비행로그 안전분석가이(가) 운항로그에서 위험징후·이상패턴·재발방지 지표 분석 업무를 수행할 때 Safety Analytics을(를) 이해하고 적용하기 위해 학습합니다.,드론 운용 절차와 항공 법규 기초,초급~중급,PREREQUISITE,국비지원 직업훈련,무인항공기 임무비행 전문가,AIG20250000531993,1007,디엠씨,직업훈련기관,소형무인기운용·조종 기반의 고용24 훈련과정입니다. Safety Analytics 학습에는 과정명과의 직접 연관성에 따라 기초·포함·선수 경로로 연결했습니다.,소형무인기운용·조종; 재난; 임무비행; 수중드론,초급~중급,오프라인,국비지원(일부 자부담 가능),고용24 직업훈련(국민내일배움카드 적용 여부는 과정 상세 확인),경남 양산시,총 320시간,,2026-09-15~2026-11-13,국민내일배움카드(일반),수료 여부 과정별 확인,https://www.work24.go.kr/hr/a/a/3100/selectTracseDetl.do?tracseId=AIG20250000531993&tracseTme=5&crseTracseSe=C0061&trainstCstmrId=500038945686,고용24 훈련과정 상세,정부사이트,2026-09-28,현재 운영,,법규·안전 기초 → 위험·품질 도구 → 사례 실습 → 인증·안전 문서 작성,대시보드 원본 교육데이터(진행중)를 Skill과 연결. relevance_type=PREREQUISITE.,dashboard C.html / Work24 원천 링크
운용·안전,운항·시험·정비·안전,DJ-127,드론 비행로그 안전분석가,안전·인증,Statistics,Statistics 관련 기술,"Statistics은(는) 드론 운용 안전·위험평가·품질·인증 업무에서 사용하는 도구·개념·절차입니다. 실제 직무에서는 설계, 운용, 분석 또는 의사결정 결과를 만드는 데 적용됩니다.",드론 비행로그 안전분석가이(가) 운항로그에서 위험징후·이상패턴·재발방지 지표 분석 업무를 수행할 때 Statistics을(를) 이해하고 적용하기 위해 학습합니다.,드론 운용 절차와 항공 법규 기초,초급~중급,PREREQUISITE,국비지원 직업훈련,무인항공기 임무비행 전문가,AIG20250000531993,1007,디엠씨,직업훈련기관,소형무인기운용·조종 기반의 고용24 훈련과정입니다. Statistics 학습에는 과정명과의 직접 연관성에 따라 기초·포함·선수 경로로 연결했습니다.,소형무인기운용·조종; 재난; 임무비행; 수중드론,초급~중급,오프라인,국비지원(일부 자부담 가능),고용24 직업훈련(국민내일배움카드 적용 여부는 과정 상세 확인),경남 양산시,총 320시간,,2026-09-15~2026-11-13,국민내일배움카드(일반),수료 여부 과정별 확인,https://www.work24.go.kr/hr/a/a/3100/selectTracseDetl.do?tracseId=AIG20250000531993&tracseTme=5&crseTracseSe=C0061&trainstCstmrId=500038945686,고용24 훈련과정 상세,정부사이트,2026-09-28,현재 운영,https://matlabacademy.mathworks.com/details/matlab-onramp/gettingstarted,법규·안전 기초 → 위험·품질 도구 → 사례 실습 → 인증·안전 문서 작성,대시보드 원본 교육데이터(진행중)를 Skill과 연결. relevance_type=PREREQUISITE.,dashboard C.html / Work24 원천 링크
운용·안전,운항·시험·정비·안전,DJ-127,드론 비행로그 안전분석가,안전·인증,Statistics,Statistics 관련 기술,"Statistics은(는) 드론 운용 안전·위험평가·품질·인증 업무에서 사용하는 도구·개념·절차입니다. 실제 직무에서는 설계, 운용, 분석 또는 의사결정 결과를 만드는 데 적용됩니다.",드론 비행로그 안전분석가이(가) 운항로그에서 위험징후·이상패턴·재발방지 지표 분석 업무를 수행할 때 Statistics을(를) 이해하고 적용하기 위해 학습합니다.,기초 수학,초급~중급,OFFICIAL_RESOURCE,공식 튜토리얼·문서,MATLAB Onramp,MATLAB,,MathWorks,기업 공식교육,"MATLAB 언어와 환경, 배열 계산, 데이터 분석·시각화의 기본 워크플로를 대화형으로 학습합니다.",MATLAB; Array; Data Analysis; Visualization; Script,입문,온라인,무료,,온라인,자기주도 학습,상시,상시,대학생·취업준비생·재직자·일반인,수료 진행상태 제공,https://matlabacademy.mathworks.com/details/matlab-onramp/gettingstarted,MathWorks,기업·기관 공식사이트,2026-09-28,상시 운영,,환경 → 배열·연산 → 스크립트 → 데이터 분석 → 공학 문제 적용,공식 제공기관이 운영하는 교육·튜토리얼·문서 기반 학습경로.,공식 웹사이트 직접 확인
운용·안전,운항·시험·정비·안전,DJ-130,드론 비행승인·규제 대응 담당자,안전·인증,Aviation Regulation,Aviation Regulation 관련 기술,"Aviation Regulation은(는) 드론 운용 안전·위험평가·품질·인증 업무에서 사용하는 도구·개념·절차입니다. 실제 직무에서는 설계, 운용, 분석 또는 의사결정 결과를 만드는 데 적용됩니다.",드론 비행승인·규제 대응 담당자이(가) 등록·신고·비행승인·특별비행 등 규제 절차 관리 업무를 수행할 때 Aviation Regulation을(를) 이해하고 적용하기 위해 학습합니다.,드론 운용 절차와 항공 법규 기초,초급~중급,PREREQUISITE,국비지원 직업훈련,초경량비행장치 무인멀티콥터(드론)조종자 1종 국가자격취득과정(이론+실기),AIG20250000502620,1068,중부드론교육원,직업훈련기관,소형무인기운용·조종 기반의 고용24 훈련과정입니다. Aviation Regulation 학습에는 과정명과의 직접 연관성에 따라 기초·포함·선수 경로로 연결했습니다.,소형무인기운용·조종; 국가자격; 무인멀티콥터; VTOL,초급~중급,오프라인,국비지원(일부 자부담 가능),고용24 직업훈련(국민내일배움카드 적용 여부는 과정 상세 확인),충북 음성군,총 120시간,,2026-09-28~2026-10-16,국민내일배움카드(일반),드론 조종자 1종,https://www.work24.go.kr/hr/a/a/3100/selectTracseDetl.do?tracseId=AIG20250000502620&tracseTme=18&crseTracseSe=C0061&trainstCstmrId=500039127578,고용24 훈련과정 상세,정부사이트,2026-09-28,현재 운영,,법규·안전 기초 → 위험·품질 도구 → 사례 실습 → 인증·안전 문서 작성,대시보드 원본 교육데이터(예정)를 Skill과 연결. relevance_type=PREREQUISITE.,dashboard C.html / Work24 원천 링크
운용·안전,운항·시험·정비·안전,DJ-130,드론 비행승인·규제 대응 담당자,안전·인증,Compliance,Compliance 관련 기술,"Compliance은(는) 드론 운용 안전·위험평가·품질·인증 업무에서 사용하는 도구·개념·절차입니다. 실제 직무에서는 설계, 운용, 분석 또는 의사결정 결과를 만드는 데 적용됩니다.",드론 비행승인·규제 대응 담당자이(가) 등록·신고·비행승인·특별비행 등 규제 절차 관리 업무를 수행할 때 Compliance을(를) 이해하고 적용하기 위해 학습합니다.,드론 운용 절차와 항공 법규 기초,초급~중급,PREREQUISITE,국비지원 직업훈련,초경량비행장치 무인멀티콥터(드론)조종자 1종 국가자격취득과정(이론+실기),AIG20250000502620,1068,중부드론교육원,직업훈련기관,소형무인기운용·조종 기반의 고용24 훈련과정입니다. Compliance 학습에는 과정명과의 직접 연관성에 따라 기초·포함·선수 경로로 연결했습니다.,소형무인기운용·조종; 국가자격; 무인멀티콥터; VTOL,초급~중급,오프라인,국비지원(일부 자부담 가능),고용24 직업훈련(국민내일배움카드 적용 여부는 과정 상세 확인),충북 음성군,총 120시간,,2026-09-28~2026-10-16,국민내일배움카드(일반),드론 조종자 1종,https://www.work24.go.kr/hr/a/a/3100/selectTracseDetl.do?tracseId=AIG20250000502620&tracseTme=18&crseTracseSe=C0061&trainstCstmrId=500039127578,고용24 훈련과정 상세,정부사이트,2026-09-28,현재 운영,,법규·안전 기초 → 위험·품질 도구 → 사례 실습 → 인증·안전 문서 작성,대시보드 원본 교육데이터(예정)를 Skill과 연결. relevance_type=PREREQUISITE.,dashboard C.html / Work24 원천 링크
운용·안전,운항·시험·정비·안전,DJ-130,드론 비행승인·규제 대응 담당자,안전·인증,Permit,Permit 관련 기술,"Permit은(는) 드론 운용 안전·위험평가·품질·인증 업무에서 사용하는 도구·개념·절차입니다. 실제 직무에서는 설계, 운용, 분석 또는 의사결정 결과를 만드는 데 적용됩니다.",드론 비행승인·규제 대응 담당자이(가) 등록·신고·비행승인·특별비행 등 규제 절차 관리 업무를 수행할 때 Permit을(를) 이해하고 적용하기 위해 학습합니다.,드론 운용 절차와 항공 법규 기초,초급~중급,PREREQUISITE,국비지원 직업훈련,초경량비행장치 무인멀티콥터(드론)조종자 1종 국가자격취득과정(이론+실기),AIG20250000502620,1068,중부드론교육원,직업훈련기관,소형무인기운용·조종 기반의 고용24 훈련과정입니다. Permit 학습에는 과정명과의 직접 연관성에 따라 기초·포함·선수 경로로 연결했습니다.,소형무인기운용·조종; 국가자격; 무인멀티콥터; VTOL,초급~중급,오프라인,국비지원(일부 자부담 가능),고용24 직업훈련(국민내일배움카드 적용 여부는 과정 상세 확인),충북 음성군,총 120시간,,2026-09-28~2026-10-16,국민내일배움카드(일반),드론 조종자 1종,https://www.work24.go.kr/hr/a/a/3100/selectTracseDetl.do?tracseId=AIG20250000502620&tracseTme=18&crseTracseSe=C0061&trainstCstmrId=500039127578,고용24 훈련과정 상세,정부사이트,2026-09-28,현재 운영,,법규·안전 기초 → 위험·품질 도구 → 사례 실습 → 인증·안전 문서 작성,대시보드 원본 교육데이터(예정)를 Skill과 연결. relevance_type=PREREQUISITE.,dashboard C.html / Work24 원천 링크
운용·안전,운항·시험·정비·안전,DJ-123,드론 비행안전성 평가 전문가,안전·인증,Risk Assessment,Risk Assessment 관련 기술,"Risk Assessment은(는) 드론 운용 안전·위험평가·품질·인증 업무에서 사용하는 도구·개념·절차입니다. 실제 직무에서는 설계, 운용, 분석 또는 의사결정 결과를 만드는 데 적용됩니다.",드론 비행안전성 평가 전문가이(가) 운항 위험을 식별하고 완화수단·안전성 논증 평가 업무를 수행할 때 Risk Assessment을(를) 이해하고 적용하기 위해 학습합니다.,드론 운용 절차와 항공 법규 기초,초급~중급,PREREQUISITE,국비지원 직업훈련,초경량비행장치 무인멀티콥터(드론)조종자 1종 국가자격취득과정(이론+실기),AIG20250000502620,1068,중부드론교육원,직업훈련기관,소형무인기운용·조종 기반의 고용24 훈련과정입니다. Risk Assessment 학습에는 과정명과의 직접 연관성에 따라 기초·포함·선수 경로로 연결했습니다.,소형무인기운용·조종; 국가자격; 무인멀티콥터; VTOL,초급~중급,오프라인,국비지원(일부 자부담 가능),고용24 직업훈련(국민내일배움카드 적용 여부는 과정 상세 확인),충북 음성군,총 120시간,,2026-09-28~2026-10-16,국민내일배움카드(일반),드론 조종자 1종,https://www.work24.go.kr/hr/a/a/3100/selectTracseDetl.do?tracseId=AIG20250000502620&tracseTme=18&crseTracseSe=C0061&trainstCstmrId=500039127578,고용24 훈련과정 상세,정부사이트,2026-09-28,현재 운영,,법규·안전 기초 → 위험·품질 도구 → 사례 실습 → 인증·안전 문서 작성,대시보드 원본 교육데이터(예정)를 Skill과 연결. relevance_type=PREREQUISITE.,dashboard C.html / Work24 원천 링크
운용·안전,운항·시험·정비·안전,DJ-123,드론 비행안전성 평가 전문가,안전·인증,Safety Case,Safety Case 관련 기술,"Safety Case은(는) 드론 운용 안전·위험평가·품질·인증 업무에서 사용하는 도구·개념·절차입니다. 실제 직무에서는 설계, 운용, 분석 또는 의사결정 결과를 만드는 데 적용됩니다.",드론 비행안전성 평가 전문가이(가) 운항 위험을 식별하고 완화수단·안전성 논증 평가 업무를 수행할 때 Safety Case을(를) 이해하고 적용하기 위해 학습합니다.,드론 운용 절차와 항공 법규 기초,초급~중급,PREREQUISITE,국비지원 직업훈련,초경량비행장치 무인멀티콥터(드론)조종자 1종 국가자격취득과정(이론+실기),AIG20250000502620,1068,중부드론교육원,직업훈련기관,소형무인기운용·조종 기반의 고용24 훈련과정입니다. Safety Case 학습에는 과정명과의 직접 연관성에 따라 기초·포함·선수 경로로 연결했습니다.,소형무인기운용·조종; 국가자격; 무인멀티콥터; VTOL,초급~중급,오프라인,국비지원(일부 자부담 가능),고용24 직업훈련(국민내일배움카드 적용 여부는 과정 상세 확인),충북 음성군,총 120시간,,2026-09-28~2026-10-16,국민내일배움카드(일반),드론 조종자 1종,https://www.work24.go.kr/hr/a/a/3100/selectTracseDetl.do?tracseId=AIG20250000502620&tracseTme=18&crseTracseSe=C0061&trainstCstmrId=500039127578,고용24 훈련과정 상세,정부사이트,2026-09-28,현재 운영,,법규·안전 기초 → 위험·품질 도구 → 사례 실습 → 인증·안전 문서 작성,대시보드 원본 교육데이터(예정)를 Skill과 연결. relevance_type=PREREQUISITE.,dashboard C.html / Work24 원천 링크
운용·안전,운항·시험·정비·안전,DJ-123,드론 비행안전성 평가 전문가,안전·인증,SORA,특정운용위험평가,"특정운용위험평가은(는) 드론 운용 안전·위험평가·품질·인증 업무에서 사용하는 도구·개념·절차입니다. 실제 직무에서는 설계, 운용, 분석 또는 의사결정 결과를 만드는 데 적용됩니다.",드론 비행안전성 평가 전문가이(가) 운항 위험을 식별하고 완화수단·안전성 논증 평가 업무를 수행할 때 SORA을(를) 이해하고 적용하기 위해 학습합니다.,드론 운용 절차와 항공 법규 기초,고급,PREREQUISITE,국비지원 직업훈련,초경량비행장치 무인멀티콥터(드론)조종자 1종 국가자격취득과정(이론+실기),AIG20250000502620,1068,중부드론교육원,직업훈련기관,소형무인기운용·조종 기반의 고용24 훈련과정입니다. SORA 학습에는 과정명과의 직접 연관성에 따라 기초·포함·선수 경로로 연결했습니다.,소형무인기운용·조종; 국가자격; 무인멀티콥터; VTOL,고급,오프라인,국비지원(일부 자부담 가능),고용24 직업훈련(국민내일배움카드 적용 여부는 과정 상세 확인),충북 음성군,총 120시간,,2026-09-28~2026-10-16,국민내일배움카드(일반),드론 조종자 1종,https://www.work24.go.kr/hr/a/a/3100/selectTracseDetl.do?tracseId=AIG20250000502620&tracseTme=18&crseTracseSe=C0061&trainstCstmrId=500039127578,고용24 훈련과정 상세,정부사이트,2026-09-28,현재 운영,,법규·안전 기초 → 위험·품질 도구 → 사례 실습 → 인증·안전 문서 작성,대시보드 원본 교육데이터(예정)를 Skill과 연결. relevance_type=PREREQUISITE.,dashboard C.html / Work24 원천 링크
운용·안전,운항·시험·정비·안전,DJ-126,드론 사고조사관,안전·인증,Accident Investigation,Accident Investigation 관련 기술,"Accident Investigation은(는) 드론 운용 안전·위험평가·품질·인증 업무에서 사용하는 도구·개념·절차입니다. 실제 직무에서는 설계, 운용, 분석 또는 의사결정 결과를 만드는 데 적용됩니다.",드론 사고조사관이(가) 비행기록·잔해·운항·기상 자료로 사고원인 조사 업무를 수행할 때 Accident Investigation을(를) 이해하고 적용하기 위해 학습합니다.,드론 운용 절차와 항공 법규 기초,초급~중급,PREREQUISITE,국비지원 직업훈련,초경량비행장치 무인멀티콥터(드론)조종자 1종 국가자격취득과정(이론+실기),AIG20250000502620,1068,중부드론교육원,직업훈련기관,소형무인기운용·조종 기반의 고용24 훈련과정입니다. Accident Investigation 학습에는 과정명과의 직접 연관성에 따라 기초·포함·선수 경로로 연결했습니다.,소형무인기운용·조종; 국가자격; 무인멀티콥터; VTOL,초급~중급,오프라인,국비지원(일부 자부담 가능),고용24 직업훈련(국민내일배움카드 적용 여부는 과정 상세 확인),충북 음성군,총 120시간,,2026-09-28~2026-10-16,국민내일배움카드(일반),드론 조종자 1종,https://www.work24.go.kr/hr/a/a/3100/selectTracseDetl.do?tracseId=AIG20250000502620&tracseTme=18&crseTracseSe=C0061&trainstCstmrId=500039127578,고용24 훈련과정 상세,정부사이트,2026-09-28,현재 운영,,법규·안전 기초 → 위험·품질 도구 → 사례 실습 → 인증·안전 문서 작성,대시보드 원본 교육데이터(예정)를 Skill과 연결. relevance_type=PREREQUISITE.,dashboard C.html / Work24 원천 링크
운용·안전,운항·시험·정비·안전,DJ-126,드론 사고조사관,안전·인증,Flight Log,Flight Log 관련 기술,"Flight Log은(는) 드론 운용 안전·위험평가·품질·인증 업무에서 사용하는 도구·개념·절차입니다. 실제 직무에서는 설계, 운용, 분석 또는 의사결정 결과를 만드는 데 적용됩니다.",드론 사고조사관이(가) 비행기록·잔해·운항·기상 자료로 사고원인 조사 업무를 수행할 때 Flight Log을(를) 이해하고 적용하기 위해 학습합니다.,드론 운용 절차와 항공 법규 기초,초급~중급,PREREQUISITE,국비지원 직업훈련,초경량비행장치 무인멀티콥터(드론)조종자 1종 국가자격취득과정(이론+실기),AIG20250000502620,1068,중부드론교육원,직업훈련기관,소형무인기운용·조종 기반의 고용24 훈련과정입니다. Flight Log 학습에는 과정명과의 직접 연관성에 따라 기초·포함·선수 경로로 연결했습니다.,소형무인기운용·조종; 국가자격; 무인멀티콥터; VTOL,초급~중급,오프라인,국비지원(일부 자부담 가능),고용24 직업훈련(국민내일배움카드 적용 여부는 과정 상세 확인),충북 음성군,총 120시간,,2026-09-28~2026-10-16,국민내일배움카드(일반),드론 조종자 1종,https://www.work24.go.kr/hr/a/a/3100/selectTracseDetl.do?tracseId=AIG20250000502620&tracseTme=18&crseTracseSe=C0061&trainstCstmrId=500039127578,고용24 훈련과정 상세,정부사이트,2026-09-28,현재 운영,https://docs.px4.io/main/en/,법규·안전 기초 → 위험·품질 도구 → 사례 실습 → 인증·안전 문서 작성,대시보드 원본 교육데이터(예정)를 Skill과 연결. relevance_type=PREREQUISITE.,dashboard C.html / Work24 원천 링크
운용·안전,운항·시험·정비·안전,DJ-126,드론 사고조사관,안전·인증,Flight Log,Flight Log 관련 기술,"Flight Log은(는) 드론 운용 안전·위험평가·품질·인증 업무에서 사용하는 도구·개념·절차입니다. 실제 직무에서는 설계, 운용, 분석 또는 의사결정 결과를 만드는 데 적용됩니다.",드론 사고조사관이(가) 비행기록·잔해·운항·기상 자료로 사고원인 조사 업무를 수행할 때 Flight Log을(를) 이해하고 적용하기 위해 학습합니다.,드론 구조와 Linux·C++ 기초(개발 과정),초급~중급,OFFICIAL_RESOURCE,공식 튜토리얼·문서,PX4 Autopilot User Guide,PX4-GUIDE,,PX4 / Dronecode Foundation,공식 오픈소스,"PX4의 기본 개념, 기체 구성, 비행 모드, 시뮬레이션, 로그 분석과 개발 절차를 단계별로 학습합니다.",PX4; 비행제어; 시뮬레이션; 로그; 기체 설정,초급~고급,온라인,무료,,온라인,자기주도 학습,상시,상시,대학생·취업준비생·재직자·일반인,없음,https://docs.px4.io/main/en/,PX4 / Dronecode Foundation,공식 기술문서,2026-09-28,상시 운영,,Basic Concepts → Simulation → Configuration → Development,공식 제공기관이 운영하는 교육·튜토리얼·문서 기반 학습경로.,공식 웹사이트 직접 확인
운용·안전,운항·시험·정비·안전,DJ-128,드론 시험장 운영 담당자,안전·인증,ATC Coordination,ATC Coordination 관련 기술,"ATC Coordination은(는) 드론 운용 안전·위험평가·품질·인증 업무에서 사용하는 도구·개념·절차입니다. 실제 직무에서는 설계, 운용, 분석 또는 의사결정 결과를 만드는 데 적용됩니다.",드론 시험장 운영 담당자이(가) 시험공역·활주로·관제·계측·안전시설 운영 업무를 수행할 때 ATC Coordination을(를) 이해하고 적용하기 위해 학습합니다.,드론 운용 절차와 항공 법규 기초,초급~중급,PREREQUISITE,국비지원 직업훈련,초경량비행장치 무인멀티콥터(드론)조종자 1종 국가자격취득과정(이론+실기),AIG20250000502620,1068,중부드론교육원,직업훈련기관,소형무인기운용·조종 기반의 고용24 훈련과정입니다. ATC Coordination 학습에는 과정명과의 직접 연관성에 따라 기초·포함·선수 경로로 연결했습니다.,소형무인기운용·조종; 국가자격; 무인멀티콥터; VTOL,초급~중급,오프라인,국비지원(일부 자부담 가능),고용24 직업훈련(국민내일배움카드 적용 여부는 과정 상세 확인),충북 음성군,총 120시간,,2026-09-28~2026-10-16,국민내일배움카드(일반),드론 조종자 1종,https://www.work24.go.kr/hr/a/a/3100/selectTracseDetl.do?tracseId=AIG20250000502620&tracseTme=18&crseTracseSe=C0061&trainstCstmrId=500039127578,고용24 훈련과정 상세,정부사이트,2026-09-28,현재 운영,,법규·안전 기초 → 위험·품질 도구 → 사례 실습 → 인증·안전 문서 작성,대시보드 원본 교육데이터(예정)를 Skill과 연결. relevance_type=PREREQUISITE.,dashboard C.html / Work24 원천 링크
운용·안전,운항·시험·정비·안전,DJ-128,드론 시험장 운영 담당자,안전·인증,Safety,Safety 관련 기술,"Safety은(는) 드론 운용 안전·위험평가·품질·인증 업무에서 사용하는 도구·개념·절차입니다. 실제 직무에서는 설계, 운용, 분석 또는 의사결정 결과를 만드는 데 적용됩니다.",드론 시험장 운영 담당자이(가) 시험공역·활주로·관제·계측·안전시설 운영 업무를 수행할 때 Safety을(를) 이해하고 적용하기 위해 학습합니다.,드론 운용 절차와 항공 법규 기초,초급~중급,PREREQUISITE,국비지원 직업훈련,초경량비행장치 무인멀티콥터(드론)조종자 1종 국가자격취득과정(이론+실기),AIG20250000502620,1068,중부드론교육원,직업훈련기관,소형무인기운용·조종 기반의 고용24 훈련과정입니다. Safety 학습에는 과정명과의 직접 연관성에 따라 기초·포함·선수 경로로 연결했습니다.,소형무인기운용·조종; 국가자격; 무인멀티콥터; VTOL,초급~중급,오프라인,국비지원(일부 자부담 가능),고용24 직업훈련(국민내일배움카드 적용 여부는 과정 상세 확인),충북 음성군,총 120시간,,2026-09-28~2026-10-16,국민내일배움카드(일반),드론 조종자 1종,https://www.work24.go.kr/hr/a/a/3100/selectTracseDetl.do?tracseId=AIG20250000502620&tracseTme=18&crseTracseSe=C0061&trainstCstmrId=500039127578,고용24 훈련과정 상세,정부사이트,2026-09-28,현재 운영,,법규·안전 기초 → 위험·품질 도구 → 사례 실습 → 인증·안전 문서 작성,대시보드 원본 교육데이터(예정)를 Skill과 연결. relevance_type=PREREQUISITE.,dashboard C.html / Work24 원천 링크
운용·안전,운항·시험·정비·안전,DJ-128,드론 시험장 운영 담당자,안전·인증,Test Range,Test Range 관련 기술,"Test Range은(는) 드론 운용 안전·위험평가·품질·인증 업무에서 사용하는 도구·개념·절차입니다. 실제 직무에서는 설계, 운용, 분석 또는 의사결정 결과를 만드는 데 적용됩니다.",드론 시험장 운영 담당자이(가) 시험공역·활주로·관제·계측·안전시설 운영 업무를 수행할 때 Test Range을(를) 이해하고 적용하기 위해 학습합니다.,드론 운용 절차와 항공 법규 기초,초급~중급,PREREQUISITE,국비지원 직업훈련,초경량비행장치 무인멀티콥터(드론)조종자 1종 국가자격취득과정(이론+실기),AIG20250000502620,1068,중부드론교육원,직업훈련기관,소형무인기운용·조종 기반의 고용24 훈련과정입니다. Test Range 학습에는 과정명과의 직접 연관성에 따라 기초·포함·선수 경로로 연결했습니다.,소형무인기운용·조종; 국가자격; 무인멀티콥터; VTOL,초급~중급,오프라인,국비지원(일부 자부담 가능),고용24 직업훈련(국민내일배움카드 적용 여부는 과정 상세 확인),충북 음성군,총 120시간,,2026-09-28~2026-10-16,국민내일배움카드(일반),드론 조종자 1종,https://www.work24.go.kr/hr/a/a/3100/selectTracseDetl.do?tracseId=AIG20250000502620&tracseTme=18&crseTracseSe=C0061&trainstCstmrId=500039127578,고용24 훈련과정 상세,정부사이트,2026-09-28,현재 운영,,법규·안전 기초 → 위험·품질 도구 → 사례 실습 → 인증·안전 문서 작성,대시보드 원본 교육데이터(예정)를 Skill과 연결. relevance_type=PREREQUISITE.,dashboard C.html / Work24 원천 링크
운용·안전,운항·시험·정비·안전,DJ-124,드론 안전관리자,안전·인증,Audit,Audit 관련 기술,"Audit은(는) 드론 운용 안전·위험평가·품질·인증 업무에서 사용하는 도구·개념·절차입니다. 실제 직무에서는 설계, 운용, 분석 또는 의사결정 결과를 만드는 데 적용됩니다.",드론 안전관리자이(가) 조직의 비행안전 규정·교육·사고예방·SMS 운영 업무를 수행할 때 Audit을(를) 이해하고 적용하기 위해 학습합니다.,드론 운용 절차와 항공 법규 기초,초급~중급,PREREQUISITE,국비지원 직업훈련,초경량비행장치 무인멀티콥터(드론)조종자 1종 국가자격취득과정(이론+실기),AIG20250000502620,1068,중부드론교육원,직업훈련기관,소형무인기운용·조종 기반의 고용24 훈련과정입니다. Audit 학습에는 과정명과의 직접 연관성에 따라 기초·포함·선수 경로로 연결했습니다.,소형무인기운용·조종; 국가자격; 무인멀티콥터; VTOL,초급~중급,오프라인,국비지원(일부 자부담 가능),고용24 직업훈련(국민내일배움카드 적용 여부는 과정 상세 확인),충북 음성군,총 120시간,,2026-09-28~2026-10-16,국민내일배움카드(일반),드론 조종자 1종,https://www.work24.go.kr/hr/a/a/3100/selectTracseDetl.do?tracseId=AIG20250000502620&tracseTme=18&crseTracseSe=C0061&trainstCstmrId=500039127578,고용24 훈련과정 상세,정부사이트,2026-09-28,현재 운영,,법규·안전 기초 → 위험·품질 도구 → 사례 실습 → 인증·안전 문서 작성,대시보드 원본 교육데이터(예정)를 Skill과 연결. relevance_type=PREREQUISITE.,dashboard C.html / Work24 원천 링크
운용·안전,운항·시험·정비·안전,DJ-124,드론 안전관리자,안전·인증,Hazard,Hazard 관련 기술,"Hazard은(는) 드론 운용 안전·위험평가·품질·인증 업무에서 사용하는 도구·개념·절차입니다. 실제 직무에서는 설계, 운용, 분석 또는 의사결정 결과를 만드는 데 적용됩니다.",드론 안전관리자이(가) 조직의 비행안전 규정·교육·사고예방·SMS 운영 업무를 수행할 때 Hazard을(를) 이해하고 적용하기 위해 학습합니다.,드론 운용 절차와 항공 법규 기초,초급~중급,PREREQUISITE,국비지원 직업훈련,초경량비행장치 무인멀티콥터(드론)조종자 1종 국가자격취득과정(이론+실기),AIG20250000502620,1068,중부드론교육원,직업훈련기관,소형무인기운용·조종 기반의 고용24 훈련과정입니다. Hazard 학습에는 과정명과의 직접 연관성에 따라 기초·포함·선수 경로로 연결했습니다.,소형무인기운용·조종; 국가자격; 무인멀티콥터; VTOL,초급~중급,오프라인,국비지원(일부 자부담 가능),고용24 직업훈련(국민내일배움카드 적용 여부는 과정 상세 확인),충북 음성군,총 120시간,,2026-09-28~2026-10-16,국민내일배움카드(일반),드론 조종자 1종,https://www.work24.go.kr/hr/a/a/3100/selectTracseDetl.do?tracseId=AIG20250000502620&tracseTme=18&crseTracseSe=C0061&trainstCstmrId=500039127578,고용24 훈련과정 상세,정부사이트,2026-09-28,현재 운영,,법규·안전 기초 → 위험·품질 도구 → 사례 실습 → 인증·안전 문서 작성,대시보드 원본 교육데이터(예정)를 Skill과 연결. relevance_type=PREREQUISITE.,dashboard C.html / Work24 원천 링크
운용·안전,운항·시험·정비·안전,DJ-124,드론 안전관리자,안전·인증,SMS,안전관리시스템,"안전관리시스템은(는) 드론 운용 안전·위험평가·품질·인증 업무에서 사용하는 도구·개념·절차입니다. 실제 직무에서는 설계, 운용, 분석 또는 의사결정 결과를 만드는 데 적용됩니다.",드론 안전관리자이(가) 조직의 비행안전 규정·교육·사고예방·SMS 운영 업무를 수행할 때 SMS을(를) 이해하고 적용하기 위해 학습합니다.,드론 운용 절차와 항공 법규 기초,초급~중급,PREREQUISITE,국비지원 직업훈련,초경량비행장치 무인멀티콥터(드론)조종자 1종 국가자격취득과정(이론+실기),AIG20250000502620,1068,중부드론교육원,직업훈련기관,소형무인기운용·조종 기반의 고용24 훈련과정입니다. SMS 학습에는 과정명과의 직접 연관성에 따라 기초·포함·선수 경로로 연결했습니다.,소형무인기운용·조종; 국가자격; 무인멀티콥터; VTOL,초급~중급,오프라인,국비지원(일부 자부담 가능),고용24 직업훈련(국민내일배움카드 적용 여부는 과정 상세 확인),충북 음성군,총 120시간,,2026-09-28~2026-10-16,국민내일배움카드(일반),드론 조종자 1종,https://www.work24.go.kr/hr/a/a/3100/selectTracseDetl.do?tracseId=AIG20250000502620&tracseTme=18&crseTracseSe=C0061&trainstCstmrId=500039127578,고용24 훈련과정 상세,정부사이트,2026-09-28,현재 운영,,법규·안전 기초 → 위험·품질 도구 → 사례 실습 → 인증·안전 문서 작성,대시보드 원본 교육데이터(예정)를 Skill과 연결. relevance_type=PREREQUISITE.,dashboard C.html / Work24 원천 링크
운용·안전,운항·시험·정비·안전,DJ-129,드론 인증센터 시험설비 기술자,안전·인증,Calibration,Calibration 관련 기술,"Calibration은(는) 드론 운용 안전·위험평가·품질·인증 업무에서 사용하는 도구·개념·절차입니다. 실제 직무에서는 설계, 운용, 분석 또는 의사결정 결과를 만드는 데 적용됩니다.",드론 인증센터 시험설비 기술자이(가) 온습도·강우·낙하·진동·소음·추력 시험설비 운용 업무를 수행할 때 Calibration을(를) 이해하고 적용하기 위해 학습합니다.,드론 운용 절차와 항공 법규 기초,초급~중급,PREREQUISITE,국비지원 직업훈련,초경량비행장치 무인멀티콥터(드론)조종자 1종 국가자격취득과정(이론+실기),AIG20250000502620,1068,중부드론교육원,직업훈련기관,소형무인기운용·조종 기반의 고용24 훈련과정입니다. Calibration 학습에는 과정명과의 직접 연관성에 따라 기초·포함·선수 경로로 연결했습니다.,소형무인기운용·조종; 국가자격; 무인멀티콥터; VTOL,초급~중급,오프라인,국비지원(일부 자부담 가능),고용24 직업훈련(국민내일배움카드 적용 여부는 과정 상세 확인),충북 음성군,총 120시간,,2026-09-28~2026-10-16,국민내일배움카드(일반),드론 조종자 1종,https://www.work24.go.kr/hr/a/a/3100/selectTracseDetl.do?tracseId=AIG20250000502620&tracseTme=18&crseTracseSe=C0061&trainstCstmrId=500039127578,고용24 훈련과정 상세,정부사이트,2026-09-28,현재 운영,,법규·안전 기초 → 위험·품질 도구 → 사례 실습 → 인증·안전 문서 작성,대시보드 원본 교육데이터(예정)를 Skill과 연결. relevance_type=PREREQUISITE.,dashboard C.html / Work24 원천 링크
운용·안전,운항·시험·정비·안전,DJ-129,드론 인증센터 시험설비 기술자,안전·인증,Lab Equipment,Lab Equipment 관련 기술,"Lab Equipment은(는) 드론 운용 안전·위험평가·품질·인증 업무에서 사용하는 도구·개념·절차입니다. 실제 직무에서는 설계, 운용, 분석 또는 의사결정 결과를 만드는 데 적용됩니다.",드론 인증센터 시험설비 기술자이(가) 온습도·강우·낙하·진동·소음·추력 시험설비 운용 업무를 수행할 때 Lab Equipment을(를) 이해하고 적용하기 위해 학습합니다.,드론 운용 절차와 항공 법규 기초,초급~중급,PREREQUISITE,국비지원 직업훈련,초경량비행장치 무인멀티콥터(드론)조종자 1종 국가자격취득과정(이론+실기),AIG20250000502620,1068,중부드론교육원,직업훈련기관,소형무인기운용·조종 기반의 고용24 훈련과정입니다. Lab Equipment 학습에는 과정명과의 직접 연관성에 따라 기초·포함·선수 경로로 연결했습니다.,소형무인기운용·조종; 국가자격; 무인멀티콥터; VTOL,초급~중급,오프라인,국비지원(일부 자부담 가능),고용24 직업훈련(국민내일배움카드 적용 여부는 과정 상세 확인),충북 음성군,총 120시간,,2026-09-28~2026-10-16,국민내일배움카드(일반),드론 조종자 1종,https://www.work24.go.kr/hr/a/a/3100/selectTracseDetl.do?tracseId=AIG20250000502620&tracseTme=18&crseTracseSe=C0061&trainstCstmrId=500039127578,고용24 훈련과정 상세,정부사이트,2026-09-28,현재 운영,,법규·안전 기초 → 위험·품질 도구 → 사례 실습 → 인증·안전 문서 작성,대시보드 원본 교육데이터(예정)를 Skill과 연결. relevance_type=PREREQUISITE.,dashboard C.html / Work24 원천 링크
운용·안전,운항·시험·정비·안전,DJ-129,드론 인증센터 시험설비 기술자,안전·인증,Test,Test 관련 기술,"Test은(는) 드론 운용 안전·위험평가·품질·인증 업무에서 사용하는 도구·개념·절차입니다. 실제 직무에서는 설계, 운용, 분석 또는 의사결정 결과를 만드는 데 적용됩니다.",드론 인증센터 시험설비 기술자이(가) 온습도·강우·낙하·진동·소음·추력 시험설비 운용 업무를 수행할 때 Test을(를) 이해하고 적용하기 위해 학습합니다.,드론 운용 절차와 항공 법규 기초,초급~중급,PREREQUISITE,국비지원 직업훈련,초경량비행장치 무인멀티콥터(드론)조종자 1종 국가자격취득과정(이론+실기),AIG20250000502620,1068,중부드론교육원,직업훈련기관,소형무인기운용·조종 기반의 고용24 훈련과정입니다. Test 학습에는 과정명과의 직접 연관성에 따라 기초·포함·선수 경로로 연결했습니다.,소형무인기운용·조종; 국가자격; 무인멀티콥터; VTOL,초급~중급,오프라인,국비지원(일부 자부담 가능),고용24 직업훈련(국민내일배움카드 적용 여부는 과정 상세 확인),충북 음성군,총 120시간,,2026-09-28~2026-10-16,국민내일배움카드(일반),드론 조종자 1종,https://www.work24.go.kr/hr/a/a/3100/selectTracseDetl.do?tracseId=AIG20250000502620&tracseTme=18&crseTracseSe=C0061&trainstCstmrId=500039127578,고용24 훈련과정 상세,정부사이트,2026-09-28,현재 운영,,법규·안전 기초 → 위험·품질 도구 → 사례 실습 → 인증·안전 문서 작성,대시보드 원본 교육데이터(예정)를 Skill과 연결. relevance_type=PREREQUISITE.,dashboard C.html / Work24 원천 링크
운용·안전,운항·시험·정비·안전,DJ-122,드론 인증시험 엔지니어,안전·인증,Certification,Certification 관련 기술,"Certification은(는) 드론 운용 안전·위험평가·품질·인증 업무에서 사용하는 도구·개념·절차입니다. 실제 직무에서는 설계, 운용, 분석 또는 의사결정 결과를 만드는 데 적용됩니다.",드론 인증시험 엔지니어이(가) 환경·성능·비행·통신 시험을 수행하고 성적서 작성 업무를 수행할 때 Certification을(를) 이해하고 적용하기 위해 학습합니다.,드론 운용 절차와 항공 법규 기초,초급~중급,PREREQUISITE,국비지원 직업훈련,초경량비행장치 무인멀티콥터(드론)조종자 1종 국가자격취득과정(이론+실기),AIG20250000502620,1068,중부드론교육원,직업훈련기관,소형무인기운용·조종 기반의 고용24 훈련과정입니다. Certification 학습에는 과정명과의 직접 연관성에 따라 기초·포함·선수 경로로 연결했습니다.,소형무인기운용·조종; 국가자격; 무인멀티콥터; VTOL,초급~중급,오프라인,국비지원(일부 자부담 가능),고용24 직업훈련(국민내일배움카드 적용 여부는 과정 상세 확인),충북 음성군,총 120시간,,2026-09-28~2026-10-16,국민내일배움카드(일반),드론 조종자 1종,https://www.work24.go.kr/hr/a/a/3100/selectTracseDetl.do?tracseId=AIG20250000502620&tracseTme=18&crseTracseSe=C0061&trainstCstmrId=500039127578,고용24 훈련과정 상세,정부사이트,2026-09-28,현재 운영,,법규·안전 기초 → 위험·품질 도구 → 사례 실습 → 인증·안전 문서 작성,대시보드 원본 교육데이터(예정)를 Skill과 연결. relevance_type=PREREQUISITE.,dashboard C.html / Work24 원천 링크
운용·안전,운항·시험·정비·안전,DJ-122,드론 인증시험 엔지니어,안전·인증,Report,Report 관련 기술,"Report은(는) 드론 운용 안전·위험평가·품질·인증 업무에서 사용하는 도구·개념·절차입니다. 실제 직무에서는 설계, 운용, 분석 또는 의사결정 결과를 만드는 데 적용됩니다.",드론 인증시험 엔지니어이(가) 환경·성능·비행·통신 시험을 수행하고 성적서 작성 업무를 수행할 때 Report을(를) 이해하고 적용하기 위해 학습합니다.,드론 운용 절차와 항공 법규 기초,초급~중급,PREREQUISITE,국비지원 직업훈련,초경량비행장치 무인멀티콥터(드론)조종자 1종 국가자격취득과정(이론+실기),AIG20250000502620,1068,중부드론교육원,직업훈련기관,소형무인기운용·조종 기반의 고용24 훈련과정입니다. Report 학습에는 과정명과의 직접 연관성에 따라 기초·포함·선수 경로로 연결했습니다.,소형무인기운용·조종; 국가자격; 무인멀티콥터; VTOL,초급~중급,오프라인,국비지원(일부 자부담 가능),고용24 직업훈련(국민내일배움카드 적용 여부는 과정 상세 확인),충북 음성군,총 120시간,,2026-09-28~2026-10-16,국민내일배움카드(일반),드론 조종자 1종,https://www.work24.go.kr/hr/a/a/3100/selectTracseDetl.do?tracseId=AIG20250000502620&tracseTme=18&crseTracseSe=C0061&trainstCstmrId=500039127578,고용24 훈련과정 상세,정부사이트,2026-09-28,현재 운영,,법규·안전 기초 → 위험·품질 도구 → 사례 실습 → 인증·안전 문서 작성,대시보드 원본 교육데이터(예정)를 Skill과 연결. relevance_type=PREREQUISITE.,dashboard C.html / Work24 원천 링크
운용·안전,운항·시험·정비·안전,DJ-122,드론 인증시험 엔지니어,안전·인증,Test Plan,Test Plan 관련 기술,"Test Plan은(는) 드론 운용 안전·위험평가·품질·인증 업무에서 사용하는 도구·개념·절차입니다. 실제 직무에서는 설계, 운용, 분석 또는 의사결정 결과를 만드는 데 적용됩니다.",드론 인증시험 엔지니어이(가) 환경·성능·비행·통신 시험을 수행하고 성적서 작성 업무를 수행할 때 Test Plan을(를) 이해하고 적용하기 위해 학습합니다.,드론 운용 절차와 항공 법규 기초,초급~중급,PREREQUISITE,국비지원 직업훈련,초경량비행장치 무인멀티콥터(드론)조종자 1종 국가자격취득과정(이론+실기),AIG20250000502620,1068,중부드론교육원,직업훈련기관,소형무인기운용·조종 기반의 고용24 훈련과정입니다. Test Plan 학습에는 과정명과의 직접 연관성에 따라 기초·포함·선수 경로로 연결했습니다.,소형무인기운용·조종; 국가자격; 무인멀티콥터; VTOL,초급~중급,오프라인,국비지원(일부 자부담 가능),고용24 직업훈련(국민내일배움카드 적용 여부는 과정 상세 확인),충북 음성군,총 120시간,,2026-09-28~2026-10-16,국민내일배움카드(일반),드론 조종자 1종,https://www.work24.go.kr/hr/a/a/3100/selectTracseDetl.do?tracseId=AIG20250000502620&tracseTme=18&crseTracseSe=C0061&trainstCstmrId=500039127578,고용24 훈련과정 상세,정부사이트,2026-09-28,현재 운영,,법규·안전 기초 → 위험·품질 도구 → 사례 실습 → 인증·안전 문서 작성,대시보드 원본 교육데이터(예정)를 Skill과 연결. relevance_type=PREREQUISITE.,dashboard C.html / Work24 원천 링크
운용·안전,운항·시험·정비·안전,DJ-125,드론 품질보증 엔지니어,안전·인증,AS9100,항공우주 품질경영시스템,"항공우주 품질경영시스템은(는) 드론 운용 안전·위험평가·품질·인증 업무에서 사용하는 도구·개념·절차입니다. 실제 직무에서는 설계, 운용, 분석 또는 의사결정 결과를 만드는 데 적용됩니다.",드론 품질보증 엔지니어이(가) 설계·구매·생산·시험 품질시스템과 감사 운영 업무를 수행할 때 AS9100을(를) 이해하고 적용하기 위해 학습합니다.,드론 운용 절차와 항공 법규 기초,초급~중급,PREREQUISITE,국비지원 직업훈련,초경량비행장치 무인멀티콥터(드론)조종자 1종 국가자격취득과정(이론+실기),AIG20250000502620,1068,중부드론교육원,직업훈련기관,소형무인기운용·조종 기반의 고용24 훈련과정입니다. AS9100 학습에는 과정명과의 직접 연관성에 따라 기초·포함·선수 경로로 연결했습니다.,소형무인기운용·조종; 국가자격; 무인멀티콥터; VTOL,초급~중급,오프라인,국비지원(일부 자부담 가능),고용24 직업훈련(국민내일배움카드 적용 여부는 과정 상세 확인),충북 음성군,총 120시간,,2026-09-28~2026-10-16,국민내일배움카드(일반),드론 조종자 1종,https://www.work24.go.kr/hr/a/a/3100/selectTracseDetl.do?tracseId=AIG20250000502620&tracseTme=18&crseTracseSe=C0061&trainstCstmrId=500039127578,고용24 훈련과정 상세,정부사이트,2026-09-28,현재 운영,,법규·안전 기초 → 위험·품질 도구 → 사례 실습 → 인증·안전 문서 작성,대시보드 원본 교육데이터(예정)를 Skill과 연결. relevance_type=PREREQUISITE.,dashboard C.html / Work24 원천 링크
운용·안전,운항·시험·정비·안전,DJ-125,드론 품질보증 엔지니어,안전·인증,Audit,Audit 관련 기술,"Audit은(는) 드론 운용 안전·위험평가·품질·인증 업무에서 사용하는 도구·개념·절차입니다. 실제 직무에서는 설계, 운용, 분석 또는 의사결정 결과를 만드는 데 적용됩니다.",드론 품질보증 엔지니어이(가) 설계·구매·생산·시험 품질시스템과 감사 운영 업무를 수행할 때 Audit을(를) 이해하고 적용하기 위해 학습합니다.,드론 운용 절차와 항공 법규 기초,초급~중급,PREREQUISITE,국비지원 직업훈련,초경량비행장치 무인멀티콥터(드론)조종자 1종 국가자격취득과정(이론+실기),AIG20250000502620,1068,중부드론교육원,직업훈련기관,소형무인기운용·조종 기반의 고용24 훈련과정입니다. Audit 학습에는 과정명과의 직접 연관성에 따라 기초·포함·선수 경로로 연결했습니다.,소형무인기운용·조종; 국가자격; 무인멀티콥터; VTOL,초급~중급,오프라인,국비지원(일부 자부담 가능),고용24 직업훈련(국민내일배움카드 적용 여부는 과정 상세 확인),충북 음성군,총 120시간,,2026-09-28~2026-10-16,국민내일배움카드(일반),드론 조종자 1종,https://www.work24.go.kr/hr/a/a/3100/selectTracseDetl.do?tracseId=AIG20250000502620&tracseTme=18&crseTracseSe=C0061&trainstCstmrId=500039127578,고용24 훈련과정 상세,정부사이트,2026-09-28,현재 운영,,법규·안전 기초 → 위험·품질 도구 → 사례 실습 → 인증·안전 문서 작성,대시보드 원본 교육데이터(예정)를 Skill과 연결. relevance_type=PREREQUISITE.,dashboard C.html / Work24 원천 링크
운용·안전,운항·시험·정비·안전,DJ-125,드론 품질보증 엔지니어,안전·인증,QA,품질보증,"품질보증은(는) 드론 운용 안전·위험평가·품질·인증 업무에서 사용하는 도구·개념·절차입니다. 실제 직무에서는 설계, 운용, 분석 또는 의사결정 결과를 만드는 데 적용됩니다.",드론 품질보증 엔지니어이(가) 설계·구매·생산·시험 품질시스템과 감사 운영 업무를 수행할 때 QA을(를) 이해하고 적용하기 위해 학습합니다.,드론 운용 절차와 항공 법규 기초,초급~중급,PREREQUISITE,국비지원 직업훈련,초경량비행장치 무인멀티콥터(드론)조종자 1종 국가자격취득과정(이론+실기),AIG20250000502620,1068,중부드론교육원,직업훈련기관,소형무인기운용·조종 기반의 고용24 훈련과정입니다. QA 학습에는 과정명과의 직접 연관성에 따라 기초·포함·선수 경로로 연결했습니다.,소형무인기운용·조종; 국가자격; 무인멀티콥터; VTOL,초급~중급,오프라인,국비지원(일부 자부담 가능),고용24 직업훈련(국민내일배움카드 적용 여부는 과정 상세 확인),충북 음성군,총 120시간,,2026-09-28~2026-10-16,국민내일배움카드(일반),드론 조종자 1종,https://www.work24.go.kr/hr/a/a/3100/selectTracseDetl.do?tracseId=AIG20250000502620&tracseTme=18&crseTracseSe=C0061&trainstCstmrId=500039127578,고용24 훈련과정 상세,정부사이트,2026-09-28,현재 운영,,법규·안전 기초 → 위험·품질 도구 → 사례 실습 → 인증·안전 문서 작성,대시보드 원본 교육데이터(예정)를 Skill과 연결. relevance_type=PREREQUISITE.,dashboard C.html / Work24 원천 링크
운용·안전,운항·시험·정비·안전,DJ-104,드론 배차·운항통제 담당자,조종·운항,Dispatch,Dispatch 관련 기술,"Dispatch은(는) 드론 비행·임무 운항·관제·현장안전 업무에서 사용하는 도구·개념·절차입니다. 실제 직무에서는 설계, 운용, 분석 또는 의사결정 결과를 만드는 데 적용됩니다.","드론 배차·운항통제 담당자이(가) 기체·조종자 배정, 비행계획·기상·운항상태 통제 업무를 수행할 때 Dispatch을(를) 이해하고 적용하기 위해 학습합니다.",항공 법규와 드론 기본 구조 이해,초급~중급,PREREQUISITE,국비지원 직업훈련,초경량비행장치 무인멀티콥터(드론)조종자 1종 국가자격취득과정(이론+실기),AIG20250000502620,1068,중부드론교육원,직업훈련기관,소형무인기운용·조종 기반의 고용24 훈련과정입니다. Dispatch 학습에는 과정명과의 직접 연관성에 따라 기초·포함·선수 경로로 연결했습니다.,소형무인기운용·조종; 국가자격; 무인멀티콥터; VTOL,초급~중급,오프라인,국비지원(일부 자부담 가능),고용24 직업훈련(국민내일배움카드 적용 여부는 과정 상세 확인),충북 음성군,총 120시간,,2026-09-28~2026-10-16,국민내일배움카드(일반),드론 조종자 1종,https://www.work24.go.kr/hr/a/a/3100/selectTracseDetl.do?tracseId=AIG20250000502620&tracseTme=18&crseTracseSe=C0061&trainstCstmrId=500039127578,고용24 훈련과정 상세,정부사이트,2026-09-28,현재 운영,,법규·안전 → 모의비행 → 기본 조종 → 임무·비상절차 실습,대시보드 원본 교육데이터(예정)를 Skill과 연결. relevance_type=PREREQUISITE.,dashboard C.html / Work24 원천 링크
운용·안전,운항·시험·정비·안전,DJ-104,드론 배차·운항통제 담당자,조종·운항,UTM,무인기 교통관리,"무인기 교통관리은(는) 드론 비행·임무 운항·관제·현장안전 업무에서 사용하는 도구·개념·절차입니다. 실제 직무에서는 설계, 운용, 분석 또는 의사결정 결과를 만드는 데 적용됩니다.","드론 배차·운항통제 담당자이(가) 기체·조종자 배정, 비행계획·기상·운항상태 통제 업무를 수행할 때 UTM을(를) 이해하고 적용하기 위해 학습합니다.",항공 법규와 드론 기본 구조 이해,초급~중급,PREREQUISITE,국비지원 직업훈련,초경량비행장치 무인멀티콥터(드론)조종자 1종 국가자격취득과정(이론+실기),AIG20250000502620,1068,중부드론교육원,직업훈련기관,소형무인기운용·조종 기반의 고용24 훈련과정입니다. UTM 학습에는 과정명과의 직접 연관성에 따라 기초·포함·선수 경로로 연결했습니다.,소형무인기운용·조종; 국가자격; 무인멀티콥터; VTOL,초급~중급,오프라인,국비지원(일부 자부담 가능),고용24 직업훈련(국민내일배움카드 적용 여부는 과정 상세 확인),충북 음성군,총 120시간,,2026-09-28~2026-10-16,국민내일배움카드(일반),드론 조종자 1종,https://www.work24.go.kr/hr/a/a/3100/selectTracseDetl.do?tracseId=AIG20250000502620&tracseTme=18&crseTracseSe=C0061&trainstCstmrId=500039127578,고용24 훈련과정 상세,정부사이트,2026-09-28,현재 운영,https://docs.px4.io/main/en/peripherals/remote_id,법규·안전 → 모의비행 → 기본 조종 → 임무·비상절차 실습,대시보드 원본 교육데이터(예정)를 Skill과 연결. relevance_type=PREREQUISITE.,dashboard C.html / Work24 원천 링크
운용·안전,운항·시험·정비·안전,DJ-104,드론 배차·운항통제 담당자,조종·운항,UTM,무인기 교통관리,"무인기 교통관리은(는) 드론 비행·임무 운항·관제·현장안전 업무에서 사용하는 도구·개념·절차입니다. 실제 직무에서는 설계, 운용, 분석 또는 의사결정 결과를 만드는 데 적용됩니다.","드론 배차·운항통제 담당자이(가) 기체·조종자 배정, 비행계획·기상·운항상태 통제 업무를 수행할 때 UTM을(를) 이해하고 적용하기 위해 학습합니다.",PX4·MAVLink·항공안전 기초,초급~중급,OFFICIAL_RESOURCE,공식 튜토리얼·문서,PX4 Remote ID and Traffic Avoidance Guides,PX4-REMOTE-ID,,PX4 / Dronecode Foundation,공식 오픈소스,"Remote ID 장비 연결·설정과 MAVLink 기반 식별 메시지, 교통회피 연동의 기초를 학습합니다.",Remote ID; UTM; MAVLink; Traffic Avoidance; ADS-B,중급,온라인,무료,,온라인,자기주도 학습,상시,상시,대학생·취업준비생·재직자·일반인,없음,https://docs.px4.io/main/en/peripherals/remote_id,PX4 / Dronecode Foundation,공식 기술문서,2026-09-28,상시 운영,,Remote ID 개념 → 하드웨어 연결 → 메시지 확인 → UTM·교통회피 연계,공식 제공기관이 운영하는 교육·튜토리얼·문서 기반 학습경로.,공식 웹사이트 직접 확인
운용·안전,운항·시험·정비·안전,DJ-104,드론 배차·운항통제 담당자,조종·운항,Weather,Weather 관련 기술,"Weather은(는) 드론 비행·임무 운항·관제·현장안전 업무에서 사용하는 도구·개념·절차입니다. 실제 직무에서는 설계, 운용, 분석 또는 의사결정 결과를 만드는 데 적용됩니다.","드론 배차·운항통제 담당자이(가) 기체·조종자 배정, 비행계획·기상·운항상태 통제 업무를 수행할 때 Weather을(를) 이해하고 적용하기 위해 학습합니다.",항공 법규와 드론 기본 구조 이해,초급~중급,PREREQUISITE,국비지원 직업훈련,초경량비행장치 무인멀티콥터(드론)조종자 1종 국가자격취득과정(이론+실기),AIG20250000502620,1068,중부드론교육원,직업훈련기관,소형무인기운용·조종 기반의 고용24 훈련과정입니다. Weather 학습에는 과정명과의 직접 연관성에 따라 기초·포함·선수 경로로 연결했습니다.,소형무인기운용·조종; 국가자격; 무인멀티콥터; VTOL,초급~중급,오프라인,국비지원(일부 자부담 가능),고용24 직업훈련(국민내일배움카드 적용 여부는 과정 상세 확인),충북 음성군,총 120시간,,2026-09-28~2026-10-16,국민내일배움카드(일반),드론 조종자 1종,https://www.work24.go.kr/hr/a/a/3100/selectTracseDetl.do?tracseId=AIG20250000502620&tracseTme=18&crseTracseSe=C0061&trainstCstmrId=500039127578,고용24 훈련과정 상세,정부사이트,2026-09-28,현재 운영,,법규·안전 → 모의비행 → 기본 조종 → 임무·비상절차 실습,대시보드 원본 교육데이터(예정)를 Skill과 연결. relevance_type=PREREQUISITE.,dashboard C.html / Work24 원천 링크
운용·안전,운항·시험·정비·안전,DJ-107,드론 시각관찰자,조종·운항,CRM,승무원·팀 자원관리,"승무원·팀 자원관리은(는) 드론 비행·임무 운항·관제·현장안전 업무에서 사용하는 도구·개념·절차입니다. 실제 직무에서는 설계, 운용, 분석 또는 의사결정 결과를 만드는 데 적용됩니다.",드론 시각관찰자이(가) 공역·장애물·타 항공기·기체 상태를 육안 감시 업무를 수행할 때 CRM을(를) 이해하고 적용하기 위해 학습합니다.,항공 법규와 드론 기본 구조 이해,초급~중급,PREREQUISITE,국비지원 직업훈련,초경량비행장치 무인멀티콥터(드론)조종자 1종 국가자격취득과정(이론+실기),AIG20250000502620,1068,중부드론교육원,직업훈련기관,소형무인기운용·조종 기반의 고용24 훈련과정입니다. CRM 학습에는 과정명과의 직접 연관성에 따라 기초·포함·선수 경로로 연결했습니다.,소형무인기운용·조종; 국가자격; 무인멀티콥터; VTOL,초급~중급,오프라인,국비지원(일부 자부담 가능),고용24 직업훈련(국민내일배움카드 적용 여부는 과정 상세 확인),충북 음성군,총 120시간,,2026-09-28~2026-10-16,국민내일배움카드(일반),드론 조종자 1종,https://www.work24.go.kr/hr/a/a/3100/selectTracseDetl.do?tracseId=AIG20250000502620&tracseTme=18&crseTracseSe=C0061&trainstCstmrId=500039127578,고용24 훈련과정 상세,정부사이트,2026-09-28,현재 운영,,법규·안전 → 모의비행 → 기본 조종 → 임무·비상절차 실습,대시보드 원본 교육데이터(예정)를 Skill과 연결. relevance_type=PREREQUISITE.,dashboard C.html / Work24 원천 링크
운용·안전,운항·시험·정비·안전,DJ-107,드론 시각관찰자,조종·운항,Visual Observation,Visual Observation 관련 기술,"Visual Observation은(는) 드론 비행·임무 운항·관제·현장안전 업무에서 사용하는 도구·개념·절차입니다. 실제 직무에서는 설계, 운용, 분석 또는 의사결정 결과를 만드는 데 적용됩니다.",드론 시각관찰자이(가) 공역·장애물·타 항공기·기체 상태를 육안 감시 업무를 수행할 때 Visual Observation을(를) 이해하고 적용하기 위해 학습합니다.,항공 법규와 드론 기본 구조 이해,초급~중급,PREREQUISITE,국비지원 직업훈련,초경량비행장치 무인멀티콥터(드론)조종자 1종 국가자격취득과정(이론+실기),AIG20250000502620,1068,중부드론교육원,직업훈련기관,소형무인기운용·조종 기반의 고용24 훈련과정입니다. Visual Observation 학습에는 과정명과의 직접 연관성에 따라 기초·포함·선수 경로로 연결했습니다.,소형무인기운용·조종; 국가자격; 무인멀티콥터; VTOL,초급~중급,오프라인,국비지원(일부 자부담 가능),고용24 직업훈련(국민내일배움카드 적용 여부는 과정 상세 확인),충북 음성군,총 120시간,,2026-09-28~2026-10-16,국민내일배움카드(일반),드론 조종자 1종,https://www.work24.go.kr/hr/a/a/3100/selectTracseDetl.do?tracseId=AIG20250000502620&tracseTme=18&crseTracseSe=C0061&trainstCstmrId=500039127578,고용24 훈련과정 상세,정부사이트,2026-09-28,현재 운영,,법규·안전 → 모의비행 → 기본 조종 → 임무·비상절차 실습,대시보드 원본 교육데이터(예정)를 Skill과 연결. relevance_type=PREREQUISITE.,dashboard C.html / Work24 원천 링크
운용·안전,운항·시험·정비·안전,DJ-107,드론 시각관찰자,조종·운항,무전,무전,"무전은(는) 드론 비행·임무 운항·관제·현장안전 업무에서 사용하는 도구·개념·절차입니다. 실제 직무에서는 설계, 운용, 분석 또는 의사결정 결과를 만드는 데 적용됩니다.",드론 시각관찰자이(가) 공역·장애물·타 항공기·기체 상태를 육안 감시 업무를 수행할 때 무전을(를) 이해하고 적용하기 위해 학습합니다.,항공 법규와 드론 기본 구조 이해,초급~중급,PREREQUISITE,국비지원 직업훈련,초경량비행장치 무인멀티콥터(드론)조종자 1종 국가자격취득과정(이론+실기),AIG20250000502620,1068,중부드론교육원,직업훈련기관,소형무인기운용·조종 기반의 고용24 훈련과정입니다. 무전 학습에는 과정명과의 직접 연관성에 따라 기초·포함·선수 경로로 연결했습니다.,소형무인기운용·조종; 국가자격; 무인멀티콥터; VTOL,초급~중급,오프라인,국비지원(일부 자부담 가능),고용24 직업훈련(국민내일배움카드 적용 여부는 과정 상세 확인),충북 음성군,총 120시간,,2026-09-28~2026-10-16,국민내일배움카드(일반),드론 조종자 1종,https://www.work24.go.kr/hr/a/a/3100/selectTracseDetl.do?tracseId=AIG20250000502620&tracseTme=18&crseTracseSe=C0061&trainstCstmrId=500039127578,고용24 훈련과정 상세,정부사이트,2026-09-28,현재 운영,,법규·안전 → 모의비행 → 기본 조종 → 임무·비상절차 실습,대시보드 원본 교육데이터(예정)를 Skill과 연결. relevance_type=PREREQUISITE.,dashboard C.html / Work24 원천 링크
운용·안전,운항·시험·정비·안전,DJ-103,드론 운항관리자,조종·운항,Operations,Operations 관련 기술,"Operations은(는) 드론 비행·임무 운항·관제·현장안전 업무에서 사용하는 도구·개념·절차입니다. 실제 직무에서는 설계, 운용, 분석 또는 의사결정 결과를 만드는 데 적용됩니다.",드론 운항관리자이(가) 조종자·기체·승인·일정·안전·고객 임무 총괄 업무를 수행할 때 Operations을(를) 이해하고 적용하기 위해 학습합니다.,항공 법규와 드론 기본 구조 이해,초급~중급,PREREQUISITE,국비지원 직업훈련,초경량비행장치 무인멀티콥터(드론)조종자 1종 국가자격취득과정(이론+실기),AIG20250000502620,1068,중부드론교육원,직업훈련기관,소형무인기운용·조종 기반의 고용24 훈련과정입니다. Operations 학습에는 과정명과의 직접 연관성에 따라 기초·포함·선수 경로로 연결했습니다.,소형무인기운용·조종; 국가자격; 무인멀티콥터; VTOL,초급~중급,오프라인,국비지원(일부 자부담 가능),고용24 직업훈련(국민내일배움카드 적용 여부는 과정 상세 확인),충북 음성군,총 120시간,,2026-09-28~2026-10-16,국민내일배움카드(일반),드론 조종자 1종,https://www.work24.go.kr/hr/a/a/3100/selectTracseDetl.do?tracseId=AIG20250000502620&tracseTme=18&crseTracseSe=C0061&trainstCstmrId=500039127578,고용24 훈련과정 상세,정부사이트,2026-09-28,현재 운영,,법규·안전 → 모의비행 → 기본 조종 → 임무·비상절차 실습,대시보드 원본 교육데이터(예정)를 Skill과 연결. relevance_type=PREREQUISITE.,dashboard C.html / Work24 원천 링크
운용·안전,운항·시험·정비·안전,DJ-103,드론 운항관리자,조종·운항,규정,규정,"규정은(는) 드론 비행·임무 운항·관제·현장안전 업무에서 사용하는 도구·개념·절차입니다. 실제 직무에서는 설계, 운용, 분석 또는 의사결정 결과를 만드는 데 적용됩니다.",드론 운항관리자이(가) 조종자·기체·승인·일정·안전·고객 임무 총괄 업무를 수행할 때 규정을(를) 이해하고 적용하기 위해 학습합니다.,항공 법규와 드론 기본 구조 이해,초급~중급,INCLUDED,국비지원 직업훈련,초경량비행장치 무인멀티콥터(드론)조종자 1종 국가자격취득과정(이론+실기),AIG20250000502620,1068,중부드론교육원,직업훈련기관,소형무인기운용·조종 기반의 고용24 훈련과정입니다. 규정 학습에는 과정명과의 직접 연관성에 따라 기초·포함·선수 경로로 연결했습니다.,소형무인기운용·조종; 국가자격; 무인멀티콥터; VTOL,초급~중급,오프라인,국비지원(일부 자부담 가능),고용24 직업훈련(국민내일배움카드 적용 여부는 과정 상세 확인),충북 음성군,총 120시간,,2026-09-28~2026-10-16,국민내일배움카드(일반),드론 조종자 1종,https://www.work24.go.kr/hr/a/a/3100/selectTracseDetl.do?tracseId=AIG20250000502620&tracseTme=18&crseTracseSe=C0061&trainstCstmrId=500039127578,고용24 훈련과정 상세,정부사이트,2026-09-28,현재 운영,,법규·안전 → 모의비행 → 기본 조종 → 임무·비상절차 실습,대시보드 원본 교육데이터(예정)를 Skill과 연결. relevance_type=INCLUDED.,dashboard C.html / Work24 원천 링크
운용·안전,운항·시험·정비·안전,DJ-103,드론 운항관리자,조종·운항,안전,안전,"안전은(는) 드론 비행·임무 운항·관제·현장안전 업무에서 사용하는 도구·개념·절차입니다. 실제 직무에서는 설계, 운용, 분석 또는 의사결정 결과를 만드는 데 적용됩니다.",드론 운항관리자이(가) 조종자·기체·승인·일정·안전·고객 임무 총괄 업무를 수행할 때 안전을(를) 이해하고 적용하기 위해 학습합니다.,항공 법규와 드론 기본 구조 이해,입문~초급,INCLUDED,국비지원 직업훈련,초경량비행장치 무인멀티콥터(드론)조종자 1종 국가자격취득과정(이론+실기),AIG20250000502620,1068,중부드론교육원,직업훈련기관,소형무인기운용·조종 기반의 고용24 훈련과정입니다. 안전 학습에는 과정명과의 직접 연관성에 따라 기초·포함·선수 경로로 연결했습니다.,소형무인기운용·조종; 국가자격; 무인멀티콥터; VTOL,입문~초급,오프라인,국비지원(일부 자부담 가능),고용24 직업훈련(국민내일배움카드 적용 여부는 과정 상세 확인),충북 음성군,총 120시간,,2026-09-28~2026-10-16,국민내일배움카드(일반),드론 조종자 1종,https://www.work24.go.kr/hr/a/a/3100/selectTracseDetl.do?tracseId=AIG20250000502620&tracseTme=18&crseTracseSe=C0061&trainstCstmrId=500039127578,고용24 훈련과정 상세,정부사이트,2026-09-28,현재 운영,,법규·안전 → 모의비행 → 기본 조종 → 임무·비상절차 실습,대시보드 원본 교육데이터(예정)를 Skill과 연결. relevance_type=INCLUDED.,dashboard C.html / Work24 원천 링크
운용·안전,운항·시험·정비·안전,DJ-103,드론 운항관리자,조종·운항,일정,일정,"일정은(는) 드론 비행·임무 운항·관제·현장안전 업무에서 사용하는 도구·개념·절차입니다. 실제 직무에서는 설계, 운용, 분석 또는 의사결정 결과를 만드는 데 적용됩니다.",드론 운항관리자이(가) 조종자·기체·승인·일정·안전·고객 임무 총괄 업무를 수행할 때 일정을(를) 이해하고 적용하기 위해 학습합니다.,항공 법규와 드론 기본 구조 이해,초급~중급,PREREQUISITE,국비지원 직업훈련,초경량비행장치 무인멀티콥터(드론)조종자 1종 국가자격취득과정(이론+실기),AIG20250000502620,1068,중부드론교육원,직업훈련기관,소형무인기운용·조종 기반의 고용24 훈련과정입니다. 일정 학습에는 과정명과의 직접 연관성에 따라 기초·포함·선수 경로로 연결했습니다.,소형무인기운용·조종; 국가자격; 무인멀티콥터; VTOL,초급~중급,오프라인,국비지원(일부 자부담 가능),고용24 직업훈련(국민내일배움카드 적용 여부는 과정 상세 확인),충북 음성군,총 120시간,,2026-09-28~2026-10-16,국민내일배움카드(일반),드론 조종자 1종,https://www.work24.go.kr/hr/a/a/3100/selectTracseDetl.do?tracseId=AIG20250000502620&tracseTme=18&crseTracseSe=C0061&trainstCstmrId=500039127578,고용24 훈련과정 상세,정부사이트,2026-09-28,현재 운영,,법규·안전 → 모의비행 → 기본 조종 → 임무·비상절차 실습,대시보드 원본 교육데이터(예정)를 Skill과 연결. relevance_type=PREREQUISITE.,dashboard C.html / Work24 원천 링크
운용·안전,운항·시험·정비·안전,DJ-102,드론 임무계획 담당자,조종·운항,GIS,지리정보시스템,"지리정보시스템은(는) 드론 비행·임무 운항·관제·현장안전 업무에서 사용하는 도구·개념·절차입니다. 실제 직무에서는 설계, 운용, 분석 또는 의사결정 결과를 만드는 데 적용됩니다.",드론 임무계획 담당자이(가) 항로·고도·촬영·센서·배터리·비상지점 계획 업무를 수행할 때 GIS을(를) 이해하고 적용하기 위해 학습합니다.,항공 법규와 드론 기본 구조 이해,입문~초급,INCLUDED,국비지원 직업훈련,특화드론운용 및 2D/3D공간정보 촬영 편집(A반),AIG20250000520214,779,신한글로벌인재교육원,직업훈련기관,소형무인기운용·조종 기반의 고용24 훈련과정입니다. GIS 학습에는 과정명과의 직접 연관성에 따라 기초·포함·선수 경로로 연결했습니다.,소형무인기운용·조종; 측량; 3D; 맵핑,입문~초급,오프라인,국비지원(일부 자부담 가능),고용24 직업훈련(국민내일배움카드 적용 여부는 과정 상세 확인),경기 의정부시,총 645시간,,2026-07-27~2026-11-24,국가기간전략산업직종,수료 여부 과정별 확인,https://www.work24.go.kr/hr/a/a/3100/selectTracseDetl.do?tracseId=AIG20250000520214&tracseTme=1&crseTracseSe=C0061&trainstCstmrId=500020031915,고용24 훈련과정 상세,정부사이트,2026-09-28,현재 운영,https://docs.qgis.org/latest/en/docs/training_manual/index.html,법규·안전 → 모의비행 → 기본 조종 → 임무·비상절차 실습,대시보드 원본 교육데이터(진행중)를 Skill과 연결. relevance_type=INCLUDED.,dashboard C.html / Work24 원천 링크
운용·안전,운항·시험·정비·안전,DJ-102,드론 임무계획 담당자,조종·운항,GIS,지리정보시스템,"지리정보시스템은(는) 드론 비행·임무 운항·관제·현장안전 업무에서 사용하는 도구·개념·절차입니다. 실제 직무에서는 설계, 운용, 분석 또는 의사결정 결과를 만드는 데 적용됩니다.",드론 임무계획 담당자이(가) 항로·고도·촬영·센서·배터리·비상지점 계획 업무를 수행할 때 GIS을(를) 이해하고 적용하기 위해 학습합니다.,컴퓨터 파일 관리와 지도 기초,입문~초급,OFFICIAL_RESOURCE,공식 튜토리얼·문서,QGIS Training Manual,QGIS,,QGIS Project,공식 오픈소스,"GIS 인터페이스, 벡터·래스터 데이터, 좌표계, 공간분석과 지도 제작을 단계별로 실습합니다.",QGIS; GIS; CRS; Vector; Raster; Spatial Analysis,입문~중급,온라인,무료,,온라인,자기주도 학습,상시,상시,대학생·취업준비생·재직자·일반인,없음,https://docs.qgis.org/latest/en/docs/training_manual/index.html,QGIS Project,공식 기술문서,2026-09-28,상시 운영,,인터페이스 → 레이어·좌표계 → 편집 → 공간분석 → 드론 공간정보 프로젝트,공식 제공기관이 운영하는 교육·튜토리얼·문서 기반 학습경로.,공식 웹사이트 직접 확인
운용·안전,운항·시험·정비·안전,DJ-102,드론 임무계획 담당자,조종·운항,Mission Planning,Mission Planning 관련 기술,"Mission Planning은(는) 드론 비행·임무 운항·관제·현장안전 업무에서 사용하는 도구·개념·절차입니다. 실제 직무에서는 설계, 운용, 분석 또는 의사결정 결과를 만드는 데 적용됩니다.",드론 임무계획 담당자이(가) 항로·고도·촬영·센서·배터리·비상지점 계획 업무를 수행할 때 Mission Planning을(를) 이해하고 적용하기 위해 학습합니다.,항공 법규와 드론 기본 구조 이해,초급~중급,PREREQUISITE,국비지원 직업훈련,초경량비행장치 무인멀티콥터(드론)조종자 1종 국가자격취득과정(이론+실기),AIG20250000502620,1068,중부드론교육원,직업훈련기관,소형무인기운용·조종 기반의 고용24 훈련과정입니다. Mission Planning 학습에는 과정명과의 직접 연관성에 따라 기초·포함·선수 경로로 연결했습니다.,소형무인기운용·조종; 국가자격; 무인멀티콥터; VTOL,초급~중급,오프라인,국비지원(일부 자부담 가능),고용24 직업훈련(국민내일배움카드 적용 여부는 과정 상세 확인),충북 음성군,총 120시간,,2026-09-28~2026-10-16,국민내일배움카드(일반),드론 조종자 1종,https://www.work24.go.kr/hr/a/a/3100/selectTracseDetl.do?tracseId=AIG20250000502620&tracseTme=18&crseTracseSe=C0061&trainstCstmrId=500039127578,고용24 훈련과정 상세,정부사이트,2026-09-28,현재 운영,https://docs.px4.io/main/en/,법규·안전 → 모의비행 → 기본 조종 → 임무·비상절차 실습,대시보드 원본 교육데이터(예정)를 Skill과 연결. relevance_type=PREREQUISITE.,dashboard C.html / Work24 원천 링크
운용·안전,운항·시험·정비·안전,DJ-102,드론 임무계획 담당자,조종·운항,Mission Planning,Mission Planning 관련 기술,"Mission Planning은(는) 드론 비행·임무 운항·관제·현장안전 업무에서 사용하는 도구·개념·절차입니다. 실제 직무에서는 설계, 운용, 분석 또는 의사결정 결과를 만드는 데 적용됩니다.",드론 임무계획 담당자이(가) 항로·고도·촬영·센서·배터리·비상지점 계획 업무를 수행할 때 Mission Planning을(를) 이해하고 적용하기 위해 학습합니다.,C++와 Linux 명령어 기초,초급~중급,OFFICIAL_RESOURCE,공식 튜토리얼·문서,ArduPilot Development Documentation,ARDUPILOT-DEV,,ArduPilot,공식 오픈소스,"ArduPilot 빌드, 코드 구조, SITL 시뮬레이션과 하드웨어 통합을 학습하는 공식 개발 문서입니다.",ArduPilot; SITL; C++; 비행제어; 하드웨어 통합,중급~고급,온라인,무료,,온라인,자기주도 학습,상시,상시,대학생·취업준비생·재직자·일반인,없음,https://ardupilot.org/dev/,ArduPilot,공식 기술문서,2026-09-28,상시 운영,,개발환경 → 빌드 → SITL → 코드 구조 → 기체 적용,공식 제공기관이 운영하는 교육·튜토리얼·문서 기반 학습경로.,공식 웹사이트 직접 확인
운용·안전,운항·시험·정비·안전,DJ-102,드론 임무계획 담당자,조종·운항,Mission Planning,Mission Planning 관련 기술,"Mission Planning은(는) 드론 비행·임무 운항·관제·현장안전 업무에서 사용하는 도구·개념·절차입니다. 실제 직무에서는 설계, 운용, 분석 또는 의사결정 결과를 만드는 데 적용됩니다.",드론 임무계획 담당자이(가) 항로·고도·촬영·센서·배터리·비상지점 계획 업무를 수행할 때 Mission Planning을(를) 이해하고 적용하기 위해 학습합니다.,드론 구조와 Linux·C++ 기초(개발 과정),초급~중급,OFFICIAL_RESOURCE,공식 튜토리얼·문서,PX4 Autopilot User Guide,PX4-GUIDE,,PX4 / Dronecode Foundation,공식 오픈소스,"PX4의 기본 개념, 기체 구성, 비행 모드, 시뮬레이션, 로그 분석과 개발 절차를 단계별로 학습합니다.",PX4; 비행제어; 시뮬레이션; 로그; 기체 설정,초급~고급,온라인,무료,,온라인,자기주도 학습,상시,상시,대학생·취업준비생·재직자·일반인,없음,https://docs.px4.io/main/en/,PX4 / Dronecode Foundation,공식 기술문서,2026-09-28,상시 운영,,Basic Concepts → Simulation → Configuration → Development,공식 제공기관이 운영하는 교육·튜토리얼·문서 기반 학습경로.,공식 웹사이트 직접 확인
운용·안전,운항·시험·정비·안전,DJ-102,드론 임무계획 담당자,조종·운항,기상,기상,"기상은(는) 드론 비행·임무 운항·관제·현장안전 업무에서 사용하는 도구·개념·절차입니다. 실제 직무에서는 설계, 운용, 분석 또는 의사결정 결과를 만드는 데 적용됩니다.",드론 임무계획 담당자이(가) 항로·고도·촬영·센서·배터리·비상지점 계획 업무를 수행할 때 기상을(를) 이해하고 적용하기 위해 학습합니다.,항공 법규와 드론 기본 구조 이해,초급~중급,PREREQUISITE,국비지원 직업훈련,초경량비행장치 무인멀티콥터(드론)조종자 1종 국가자격취득과정(이론+실기),AIG20250000502620,1068,중부드론교육원,직업훈련기관,소형무인기운용·조종 기반의 고용24 훈련과정입니다. 기상 학습에는 과정명과의 직접 연관성에 따라 기초·포함·선수 경로로 연결했습니다.,소형무인기운용·조종; 국가자격; 무인멀티콥터; VTOL,초급~중급,오프라인,국비지원(일부 자부담 가능),고용24 직업훈련(국민내일배움카드 적용 여부는 과정 상세 확인),충북 음성군,총 120시간,,2026-09-28~2026-10-16,국민내일배움카드(일반),드론 조종자 1종,https://www.work24.go.kr/hr/a/a/3100/selectTracseDetl.do?tracseId=AIG20250000502620&tracseTme=18&crseTracseSe=C0061&trainstCstmrId=500039127578,고용24 훈련과정 상세,정부사이트,2026-09-28,현재 운영,,법규·안전 → 모의비행 → 기본 조종 → 임무·비상절차 실습,대시보드 원본 교육데이터(예정)를 Skill과 연결. relevance_type=PREREQUISITE.,dashboard C.html / Work24 원천 링크
운용·안전,운항·시험·정비·안전,DJ-105,드론 지상통제소 운용자,조종·운항,C2,C2 관련 기술,"C2은(는) 드론 비행·임무 운항·관제·현장안전 업무에서 사용하는 도구·개념·절차입니다. 실제 직무에서는 설계, 운용, 분석 또는 의사결정 결과를 만드는 데 적용됩니다.",드론 지상통제소 운용자이(가) 지상통제소에서 항로·상태·통신·비상상황 감시·제어 업무를 수행할 때 C2을(를) 이해하고 적용하기 위해 학습합니다.,항공 법규와 드론 기본 구조 이해,초급~중급,PREREQUISITE,국비지원 직업훈련,초경량비행장치 무인멀티콥터(드론)조종자 1종 국가자격취득과정(이론+실기),AIG20250000502620,1068,중부드론교육원,직업훈련기관,소형무인기운용·조종 기반의 고용24 훈련과정입니다. C2 학습에는 과정명과의 직접 연관성에 따라 기초·포함·선수 경로로 연결했습니다.,소형무인기운용·조종; 국가자격; 무인멀티콥터; VTOL,초급~중급,오프라인,국비지원(일부 자부담 가능),고용24 직업훈련(국민내일배움카드 적용 여부는 과정 상세 확인),충북 음성군,총 120시간,,2026-09-28~2026-10-16,국민내일배움카드(일반),드론 조종자 1종,https://www.work24.go.kr/hr/a/a/3100/selectTracseDetl.do?tracseId=AIG20250000502620&tracseTme=18&crseTracseSe=C0061&trainstCstmrId=500039127578,고용24 훈련과정 상세,정부사이트,2026-09-28,현재 운영,https://mavlink.io/en/,법규·안전 → 모의비행 → 기본 조종 → 임무·비상절차 실습,대시보드 원본 교육데이터(예정)를 Skill과 연결. relevance_type=PREREQUISITE.,dashboard C.html / Work24 원천 링크
운용·안전,운항·시험·정비·안전,DJ-105,드론 지상통제소 운용자,조종·운항,C2,C2 관련 기술,"C2은(는) 드론 비행·임무 운항·관제·현장안전 업무에서 사용하는 도구·개념·절차입니다. 실제 직무에서는 설계, 운용, 분석 또는 의사결정 결과를 만드는 데 적용됩니다.",드론 지상통제소 운용자이(가) 지상통제소에서 항로·상태·통신·비상상황 감시·제어 업무를 수행할 때 C2을(를) 이해하고 적용하기 위해 학습합니다.,네트워크와 C/C++ 또는 Python 기초,초급~중급,OFFICIAL_RESOURCE,공식 튜토리얼·문서,MAVLink Developer Guide,MAVLINK-GUIDE,,MAVLink / Dronecode,공식 오픈소스,"드론과 지상국 사이의 메시지, 마이크로서비스, 라우팅과 C·C++·Python 연동을 학습합니다.",MAVLink; Telemetry; Message; Routing; Pymavlink,중급,온라인,무료,,온라인,자기주도 학습,상시,상시,대학생·취업준비생·재직자·일반인,없음,https://mavlink.io/en/,MAVLink / Dronecode,공식 기술문서,2026-09-28,상시 운영,,Protocol Overview → Toolchain → Messages → Library Examples → Vehicle Link,공식 제공기관이 운영하는 교육·튜토리얼·문서 기반 학습경로.,공식 웹사이트 직접 확인
운용·안전,운항·시험·정비·안전,DJ-105,드론 지상통제소 운용자,조종·운항,GCS,지상관제시스템,"지상관제시스템은(는) 드론 비행·임무 운항·관제·현장안전 업무에서 사용하는 도구·개념·절차입니다. 실제 직무에서는 설계, 운용, 분석 또는 의사결정 결과를 만드는 데 적용됩니다.",드론 지상통제소 운용자이(가) 지상통제소에서 항로·상태·통신·비상상황 감시·제어 업무를 수행할 때 GCS을(를) 이해하고 적용하기 위해 학습합니다.,항공 법규와 드론 기본 구조 이해,초급~중급,PREREQUISITE,국비지원 직업훈련,초경량비행장치 무인멀티콥터(드론)조종자 1종 국가자격취득과정(이론+실기),AIG20250000502620,1068,중부드론교육원,직업훈련기관,소형무인기운용·조종 기반의 고용24 훈련과정입니다. GCS 학습에는 과정명과의 직접 연관성에 따라 기초·포함·선수 경로로 연결했습니다.,소형무인기운용·조종; 국가자격; 무인멀티콥터; VTOL,초급~중급,오프라인,국비지원(일부 자부담 가능),고용24 직업훈련(국민내일배움카드 적용 여부는 과정 상세 확인),충북 음성군,총 120시간,,2026-09-28~2026-10-16,국민내일배움카드(일반),드론 조종자 1종,https://www.work24.go.kr/hr/a/a/3100/selectTracseDetl.do?tracseId=AIG20250000502620&tracseTme=18&crseTracseSe=C0061&trainstCstmrId=500039127578,고용24 훈련과정 상세,정부사이트,2026-09-28,현재 운영,https://docs.px4.io/main/en/,법규·안전 → 모의비행 → 기본 조종 → 임무·비상절차 실습,대시보드 원본 교육데이터(예정)를 Skill과 연결. relevance_type=PREREQUISITE.,dashboard C.html / Work24 원천 링크
운용·안전,운항·시험·정비·안전,DJ-105,드론 지상통제소 운용자,조종·운항,GCS,지상관제시스템,"지상관제시스템은(는) 드론 비행·임무 운항·관제·현장안전 업무에서 사용하는 도구·개념·절차입니다. 실제 직무에서는 설계, 운용, 분석 또는 의사결정 결과를 만드는 데 적용됩니다.",드론 지상통제소 운용자이(가) 지상통제소에서 항로·상태·통신·비상상황 감시·제어 업무를 수행할 때 GCS을(를) 이해하고 적용하기 위해 학습합니다.,드론 구조와 Linux·C++ 기초(개발 과정),초급~중급,OFFICIAL_RESOURCE,공식 튜토리얼·문서,PX4 Autopilot User Guide,PX4-GUIDE,,PX4 / Dronecode Foundation,공식 오픈소스,"PX4의 기본 개념, 기체 구성, 비행 모드, 시뮬레이션, 로그 분석과 개발 절차를 단계별로 학습합니다.",PX4; 비행제어; 시뮬레이션; 로그; 기체 설정,초급~고급,온라인,무료,,온라인,자기주도 학습,상시,상시,대학생·취업준비생·재직자·일반인,없음,https://docs.px4.io/main/en/,PX4 / Dronecode Foundation,공식 기술문서,2026-09-28,상시 운영,,Basic Concepts → Simulation → Configuration → Development,공식 제공기관이 운영하는 교육·튜토리얼·문서 기반 학습경로.,공식 웹사이트 직접 확인
운용·안전,운항·시험·정비·안전,DJ-105,드론 지상통제소 운용자,조종·운항,GCS,지상관제시스템,"지상관제시스템은(는) 드론 비행·임무 운항·관제·현장안전 업무에서 사용하는 도구·개념·절차입니다. 실제 직무에서는 설계, 운용, 분석 또는 의사결정 결과를 만드는 데 적용됩니다.",드론 지상통제소 운용자이(가) 지상통제소에서 항로·상태·통신·비상상황 감시·제어 업무를 수행할 때 GCS을(를) 이해하고 적용하기 위해 학습합니다.,드론 구조와 기본 조종 이해,초급~중급,OFFICIAL_RESOURCE,공식 튜토리얼·문서,QGroundControl User Guide,QGC,,QGroundControl / Dronecode,공식 오픈소스,"PX4·ArduPilot 기체 설정, 임무계획, 비행 모니터링, 로그와 다중 기체 관리를 학습합니다.",QGroundControl; Mission Planning; GCS; Flight; Log,초급~중급,온라인,무료,,온라인,자기주도 학습,상시,상시,대학생·취업준비생·재직자·일반인,없음,https://docs.qgroundcontrol.com/Stable_V5.1/ko/qgc-user-guide/index.html,QGroundControl / Dronecode,공식 기술문서,2026-09-28,상시 운영,,설치·연결 → 기체 설정 → 임무계획 → 비행 모니터링 → 로그 분석,공식 제공기관이 운영하는 교육·튜토리얼·문서 기반 학습경로.,공식 웹사이트 직접 확인
운용·안전,운항·시험·정비·안전,DJ-105,드론 지상통제소 운용자,조종·운항,Telemetry,Telemetry 관련 기술,"Telemetry은(는) 드론 비행·임무 운항·관제·현장안전 업무에서 사용하는 도구·개념·절차입니다. 실제 직무에서는 설계, 운용, 분석 또는 의사결정 결과를 만드는 데 적용됩니다.",드론 지상통제소 운용자이(가) 지상통제소에서 항로·상태·통신·비상상황 감시·제어 업무를 수행할 때 Telemetry을(를) 이해하고 적용하기 위해 학습합니다.,항공 법규와 드론 기본 구조 이해,초급~중급,PREREQUISITE,국비지원 직업훈련,초경량비행장치 무인멀티콥터(드론)조종자 1종 국가자격취득과정(이론+실기),AIG20250000502620,1068,중부드론교육원,직업훈련기관,소형무인기운용·조종 기반의 고용24 훈련과정입니다. Telemetry 학습에는 과정명과의 직접 연관성에 따라 기초·포함·선수 경로로 연결했습니다.,소형무인기운용·조종; 국가자격; 무인멀티콥터; VTOL,초급~중급,오프라인,국비지원(일부 자부담 가능),고용24 직업훈련(국민내일배움카드 적용 여부는 과정 상세 확인),충북 음성군,총 120시간,,2026-09-28~2026-10-16,국민내일배움카드(일반),드론 조종자 1종,https://www.work24.go.kr/hr/a/a/3100/selectTracseDetl.do?tracseId=AIG20250000502620&tracseTme=18&crseTracseSe=C0061&trainstCstmrId=500039127578,고용24 훈련과정 상세,정부사이트,2026-09-28,현재 운영,https://mavlink.io/en/,법규·안전 → 모의비행 → 기본 조종 → 임무·비상절차 실습,대시보드 원본 교육데이터(예정)를 Skill과 연결. relevance_type=PREREQUISITE.,dashboard C.html / Work24 원천 링크
운용·안전,운항·시험·정비·안전,DJ-105,드론 지상통제소 운용자,조종·운항,Telemetry,Telemetry 관련 기술,"Telemetry은(는) 드론 비행·임무 운항·관제·현장안전 업무에서 사용하는 도구·개념·절차입니다. 실제 직무에서는 설계, 운용, 분석 또는 의사결정 결과를 만드는 데 적용됩니다.",드론 지상통제소 운용자이(가) 지상통제소에서 항로·상태·통신·비상상황 감시·제어 업무를 수행할 때 Telemetry을(를) 이해하고 적용하기 위해 학습합니다.,네트워크와 C/C++ 또는 Python 기초,초급~중급,OFFICIAL_RESOURCE,공식 튜토리얼·문서,MAVLink Developer Guide,MAVLINK-GUIDE,,MAVLink / Dronecode,공식 오픈소스,"드론과 지상국 사이의 메시지, 마이크로서비스, 라우팅과 C·C++·Python 연동을 학습합니다.",MAVLink; Telemetry; Message; Routing; Pymavlink,중급,온라인,무료,,온라인,자기주도 학습,상시,상시,대학생·취업준비생·재직자·일반인,없음,https://mavlink.io/en/,MAVLink / Dronecode,공식 기술문서,2026-09-28,상시 운영,,Protocol Overview → Toolchain → Messages → Library Examples → Vehicle Link,공식 제공기관이 운영하는 교육·튜토리얼·문서 기반 학습경로.,공식 웹사이트 직접 확인
운용·안전,운항·시험·정비·안전,DJ-095,드론 파일럿,조종·운항,기상,기상,"기상은(는) 드론 비행·임무 운항·관제·현장안전 업무에서 사용하는 도구·개념·절차입니다. 실제 직무에서는 설계, 운용, 분석 또는 의사결정 결과를 만드는 데 적용됩니다.",드론 파일럿이(가) 비행 전 점검·조종·임무수행·비행 후 기록 업무를 수행할 때 기상을(를) 이해하고 적용하기 위해 학습합니다.,항공 법규와 드론 기본 구조 이해,초급~중급,PREREQUISITE,국비지원 직업훈련,초경량비행장치 무인멀티콥터(드론)조종자 1종 국가자격취득과정(이론+실기),AIG20250000502620,1068,중부드론교육원,직업훈련기관,소형무인기운용·조종 기반의 고용24 훈련과정입니다. 기상 학습에는 과정명과의 직접 연관성에 따라 기초·포함·선수 경로로 연결했습니다.,소형무인기운용·조종; 국가자격; 무인멀티콥터; VTOL,초급~중급,오프라인,국비지원(일부 자부담 가능),고용24 직업훈련(국민내일배움카드 적용 여부는 과정 상세 확인),충북 음성군,총 120시간,,2026-09-28~2026-10-16,국민내일배움카드(일반),드론 조종자 1종,https://www.work24.go.kr/hr/a/a/3100/selectTracseDetl.do?tracseId=AIG20250000502620&tracseTme=18&crseTracseSe=C0061&trainstCstmrId=500039127578,고용24 훈련과정 상세,정부사이트,2026-09-28,현재 운영,,법규·안전 → 모의비행 → 기본 조종 → 임무·비상절차 실습,대시보드 원본 교육데이터(예정)를 Skill과 연결. relevance_type=PREREQUISITE.,dashboard C.html / Work24 원천 링크
운용·안전,운항·시험·정비·안전,DJ-095,드론 파일럿,조종·운항,안전,안전,"안전은(는) 드론 비행·임무 운항·관제·현장안전 업무에서 사용하는 도구·개념·절차입니다. 실제 직무에서는 설계, 운용, 분석 또는 의사결정 결과를 만드는 데 적용됩니다.",드론 파일럿이(가) 비행 전 점검·조종·임무수행·비행 후 기록 업무를 수행할 때 안전을(를) 이해하고 적용하기 위해 학습합니다.,항공 법규와 드론 기본 구조 이해,입문~초급,INCLUDED,국비지원 직업훈련,초경량비행장치 무인멀티콥터(드론)조종자 1종 국가자격취득과정(이론+실기),AIG20250000502620,1068,중부드론교육원,직업훈련기관,소형무인기운용·조종 기반의 고용24 훈련과정입니다. 안전 학습에는 과정명과의 직접 연관성에 따라 기초·포함·선수 경로로 연결했습니다.,소형무인기운용·조종; 국가자격; 무인멀티콥터; VTOL,입문~초급,오프라인,국비지원(일부 자부담 가능),고용24 직업훈련(국민내일배움카드 적용 여부는 과정 상세 확인),충북 음성군,총 120시간,,2026-09-28~2026-10-16,국민내일배움카드(일반),드론 조종자 1종,https://www.work24.go.kr/hr/a/a/3100/selectTracseDetl.do?tracseId=AIG20250000502620&tracseTme=18&crseTracseSe=C0061&trainstCstmrId=500039127578,고용24 훈련과정 상세,정부사이트,2026-09-28,현재 운영,,법규·안전 → 모의비행 → 기본 조종 → 임무·비상절차 실습,대시보드 원본 교육데이터(예정)를 Skill과 연결. relevance_type=INCLUDED.,dashboard C.html / Work24 원천 링크
운용·안전,운항·시험·정비·안전,DJ-095,드론 파일럿,조종·운항,조종,조종,"조종은(는) 드론 비행·임무 운항·관제·현장안전 업무에서 사용하는 도구·개념·절차입니다. 실제 직무에서는 설계, 운용, 분석 또는 의사결정 결과를 만드는 데 적용됩니다.",드론 파일럿이(가) 비행 전 점검·조종·임무수행·비행 후 기록 업무를 수행할 때 조종을(를) 이해하고 적용하기 위해 학습합니다.,항공 법규와 드론 기본 구조 이해,입문~초급,DIRECT,국비지원 직업훈련,초경량비행장치 무인멀티콥터(드론)조종자 1종 국가자격취득과정(이론+실기),AIG20250000502620,1068,중부드론교육원,직업훈련기관,소형무인기운용·조종 기반의 고용24 훈련과정입니다. 조종 학습에는 과정명과의 직접 연관성에 따라 기초·포함·선수 경로로 연결했습니다.,소형무인기운용·조종; 국가자격; 무인멀티콥터; VTOL,입문~초급,오프라인,국비지원(일부 자부담 가능),고용24 직업훈련(국민내일배움카드 적용 여부는 과정 상세 확인),충북 음성군,총 120시간,,2026-09-28~2026-10-16,국민내일배움카드(일반),드론 조종자 1종,https://www.work24.go.kr/hr/a/a/3100/selectTracseDetl.do?tracseId=AIG20250000502620&tracseTme=18&crseTracseSe=C0061&trainstCstmrId=500039127578,고용24 훈련과정 상세,정부사이트,2026-09-28,현재 운영,,법규·안전 → 모의비행 → 기본 조종 → 임무·비상절차 실습,대시보드 원본 교육데이터(예정)를 Skill과 연결. relevance_type=DIRECT.,dashboard C.html / Work24 원천 링크
운용·안전,운항·시험·정비·안전,DJ-095,드론 파일럿,조종·운항,항공법규,항공법규,"항공법규은(는) 드론 비행·임무 운항·관제·현장안전 업무에서 사용하는 도구·개념·절차입니다. 실제 직무에서는 설계, 운용, 분석 또는 의사결정 결과를 만드는 데 적용됩니다.",드론 파일럿이(가) 비행 전 점검·조종·임무수행·비행 후 기록 업무를 수행할 때 항공법규을(를) 이해하고 적용하기 위해 학습합니다.,항공 법규와 드론 기본 구조 이해,초급~중급,INCLUDED,국비지원 직업훈련,초경량비행장치 무인멀티콥터(드론)조종자 1종 국가자격취득과정(이론+실기),AIG20250000502620,1068,중부드론교육원,직업훈련기관,소형무인기운용·조종 기반의 고용24 훈련과정입니다. 항공법규 학습에는 과정명과의 직접 연관성에 따라 기초·포함·선수 경로로 연결했습니다.,소형무인기운용·조종; 국가자격; 무인멀티콥터; VTOL,초급~중급,오프라인,국비지원(일부 자부담 가능),고용24 직업훈련(국민내일배움카드 적용 여부는 과정 상세 확인),충북 음성군,총 120시간,,2026-09-28~2026-10-16,국민내일배움카드(일반),드론 조종자 1종,https://www.work24.go.kr/hr/a/a/3100/selectTracseDetl.do?tracseId=AIG20250000502620&tracseTme=18&crseTracseSe=C0061&trainstCstmrId=500039127578,고용24 훈련과정 상세,정부사이트,2026-09-28,현재 운영,,법규·안전 → 모의비행 → 기본 조종 → 임무·비상절차 실습,대시보드 원본 교육데이터(예정)를 Skill과 연결. relevance_type=INCLUDED.,dashboard C.html / Work24 원천 링크
운용·안전,운항·시험·정비·안전,DJ-106,드론 페이로드 운용자,조종·운항,Mission,Mission 관련 기술,"Mission은(는) 드론 비행·임무 운항·관제·현장안전 업무에서 사용하는 도구·개념·절차입니다. 실제 직무에서는 설계, 운용, 분석 또는 의사결정 결과를 만드는 데 적용됩니다.",드론 페이로드 운용자이(가) 카메라·LiDAR·레이더·살포기 등 임무장비 조작 업무를 수행할 때 Mission을(를) 이해하고 적용하기 위해 학습합니다.,항공 법규와 드론 기본 구조 이해,초급~중급,PREREQUISITE,국비지원 직업훈련,초경량비행장치 무인멀티콥터(드론)조종자 1종 국가자격취득과정(이론+실기),AIG20250000502620,1068,중부드론교육원,직업훈련기관,소형무인기운용·조종 기반의 고용24 훈련과정입니다. Mission 학습에는 과정명과의 직접 연관성에 따라 기초·포함·선수 경로로 연결했습니다.,소형무인기운용·조종; 국가자격; 무인멀티콥터; VTOL,초급~중급,오프라인,국비지원(일부 자부담 가능),고용24 직업훈련(국민내일배움카드 적용 여부는 과정 상세 확인),충북 음성군,총 120시간,,2026-09-28~2026-10-16,국민내일배움카드(일반),드론 조종자 1종,https://www.work24.go.kr/hr/a/a/3100/selectTracseDetl.do?tracseId=AIG20250000502620&tracseTme=18&crseTracseSe=C0061&trainstCstmrId=500039127578,고용24 훈련과정 상세,정부사이트,2026-09-28,현재 운영,,법규·안전 → 모의비행 → 기본 조종 → 임무·비상절차 실습,대시보드 원본 교육데이터(예정)를 Skill과 연결. relevance_type=PREREQUISITE.,dashboard C.html / Work24 원천 링크
운용·안전,운항·시험·정비·안전,DJ-106,드론 페이로드 운용자,조종·운항,Payload,Payload 관련 기술,"Payload은(는) 드론 비행·임무 운항·관제·현장안전 업무에서 사용하는 도구·개념·절차입니다. 실제 직무에서는 설계, 운용, 분석 또는 의사결정 결과를 만드는 데 적용됩니다.",드론 페이로드 운용자이(가) 카메라·LiDAR·레이더·살포기 등 임무장비 조작 업무를 수행할 때 Payload을(를) 이해하고 적용하기 위해 학습합니다.,항공 법규와 드론 기본 구조 이해,초급~중급,PREREQUISITE,국비지원 직업훈련,초경량비행장치 무인멀티콥터(드론)조종자 1종 국가자격취득과정(이론+실기),AIG20250000502620,1068,중부드론교육원,직업훈련기관,소형무인기운용·조종 기반의 고용24 훈련과정입니다. Payload 학습에는 과정명과의 직접 연관성에 따라 기초·포함·선수 경로로 연결했습니다.,소형무인기운용·조종; 국가자격; 무인멀티콥터; VTOL,초급~중급,오프라인,국비지원(일부 자부담 가능),고용24 직업훈련(국민내일배움카드 적용 여부는 과정 상세 확인),충북 음성군,총 120시간,,2026-09-28~2026-10-16,국민내일배움카드(일반),드론 조종자 1종,https://www.work24.go.kr/hr/a/a/3100/selectTracseDetl.do?tracseId=AIG20250000502620&tracseTme=18&crseTracseSe=C0061&trainstCstmrId=500039127578,고용24 훈련과정 상세,정부사이트,2026-09-28,현재 운영,,법규·안전 → 모의비행 → 기본 조종 → 임무·비상절차 실습,대시보드 원본 교육데이터(예정)를 Skill과 연결. relevance_type=PREREQUISITE.,dashboard C.html / Work24 원천 링크
운용·안전,운항·시험·정비·안전,DJ-106,드론 페이로드 운용자,조종·운항,Sensor,Sensor 관련 기술,"Sensor은(는) 드론 비행·임무 운항·관제·현장안전 업무에서 사용하는 도구·개념·절차입니다. 실제 직무에서는 설계, 운용, 분석 또는 의사결정 결과를 만드는 데 적용됩니다.",드론 페이로드 운용자이(가) 카메라·LiDAR·레이더·살포기 등 임무장비 조작 업무를 수행할 때 Sensor을(를) 이해하고 적용하기 위해 학습합니다.,항공 법규와 드론 기본 구조 이해,초급~중급,PREREQUISITE,국비지원 직업훈련,초경량비행장치 무인멀티콥터(드론)조종자 1종 국가자격취득과정(이론+실기),AIG20250000502620,1068,중부드론교육원,직업훈련기관,소형무인기운용·조종 기반의 고용24 훈련과정입니다. Sensor 학습에는 과정명과의 직접 연관성에 따라 기초·포함·선수 경로로 연결했습니다.,소형무인기운용·조종; 국가자격; 무인멀티콥터; VTOL,초급~중급,오프라인,국비지원(일부 자부담 가능),고용24 직업훈련(국민내일배움카드 적용 여부는 과정 상세 확인),충북 음성군,총 120시간,,2026-09-28~2026-10-16,국민내일배움카드(일반),드론 조종자 1종,https://www.work24.go.kr/hr/a/a/3100/selectTracseDetl.do?tracseId=AIG20250000502620&tracseTme=18&crseTracseSe=C0061&trainstCstmrId=500039127578,고용24 훈련과정 상세,정부사이트,2026-09-28,현재 운영,https://docs.arduino.cc/learn,법규·안전 → 모의비행 → 기본 조종 → 임무·비상절차 실습,대시보드 원본 교육데이터(예정)를 Skill과 연결. relevance_type=PREREQUISITE.,dashboard C.html / Work24 원천 링크
운용·안전,운항·시험·정비·안전,DJ-106,드론 페이로드 운용자,조종·운항,Sensor,Sensor 관련 기술,"Sensor은(는) 드론 비행·임무 운항·관제·현장안전 업무에서 사용하는 도구·개념·절차입니다. 실제 직무에서는 설계, 운용, 분석 또는 의사결정 결과를 만드는 데 적용됩니다.",드론 페이로드 운용자이(가) 카메라·LiDAR·레이더·살포기 등 임무장비 조작 업무를 수행할 때 Sensor을(를) 이해하고 적용하기 위해 학습합니다.,전기 안전과 기초 회로,초급~중급,INCLUDED,공식 튜토리얼·문서,Arduino Learn,ARDUINO,,Arduino,기업 공식교육,"전자회로, 마이크로컨트롤러, 센서·모터·통신을 공식 실습 예제로 학습합니다.",Arduino; Electronics; MCU; Sensor; Motor; Serial Communication,입문~중급,온라인,무료,,온라인,자기주도 학습,상시,상시,대학생·취업준비생·재직자·일반인,없음,https://docs.arduino.cc/learn,Arduino,기업·기관 공식사이트,2026-09-28,상시 운영,,회로 기초 → 입출력 → 센서·통신 → 모터 제어 → 드론 장치 프로토타입,공식 제공기관이 운영하는 교육·튜토리얼·문서 기반 학습경로.,공식 웹사이트 직접 확인
운용·안전,운항·시험·정비·안전,DJ-108,드론 플릿 관제사,조종·운항,Fleet Control,Fleet Control 관련 기술,"Fleet Control은(는) 드론 비행·임무 운항·관제·현장안전 업무에서 사용하는 도구·개념·절차입니다. 실제 직무에서는 설계, 운용, 분석 또는 의사결정 결과를 만드는 데 적용됩니다.",드론 플릿 관제사이(가) 다수 무인기의 위치·경보·임무·배터리를 원격 관제 업무를 수행할 때 Fleet Control을(를) 이해하고 적용하기 위해 학습합니다.,항공 법규와 드론 기본 구조 이해,초급~중급,PREREQUISITE,국비지원 직업훈련,초경량비행장치 무인멀티콥터(드론)조종자 1종 국가자격취득과정(이론+실기),AIG20250000502620,1068,중부드론교육원,직업훈련기관,소형무인기운용·조종 기반의 고용24 훈련과정입니다. Fleet Control 학습에는 과정명과의 직접 연관성에 따라 기초·포함·선수 경로로 연결했습니다.,소형무인기운용·조종; 국가자격; 무인멀티콥터; VTOL,초급~중급,오프라인,국비지원(일부 자부담 가능),고용24 직업훈련(국민내일배움카드 적용 여부는 과정 상세 확인),충북 음성군,총 120시간,,2026-09-28~2026-10-16,국민내일배움카드(일반),드론 조종자 1종,https://www.work24.go.kr/hr/a/a/3100/selectTracseDetl.do?tracseId=AIG20250000502620&tracseTme=18&crseTracseSe=C0061&trainstCstmrId=500039127578,고용24 훈련과정 상세,정부사이트,2026-09-28,현재 운영,https://docs.qgroundcontrol.com/Stable_V5.1/ko/qgc-user-guide/index.html,법규·안전 → 모의비행 → 기본 조종 → 임무·비상절차 실습,대시보드 원본 교육데이터(예정)를 Skill과 연결. relevance_type=PREREQUISITE.,dashboard C.html / Work24 원천 링크
운용·안전,운항·시험·정비·안전,DJ-108,드론 플릿 관제사,조종·운항,Fleet Control,Fleet Control 관련 기술,"Fleet Control은(는) 드론 비행·임무 운항·관제·현장안전 업무에서 사용하는 도구·개념·절차입니다. 실제 직무에서는 설계, 운용, 분석 또는 의사결정 결과를 만드는 데 적용됩니다.",드론 플릿 관제사이(가) 다수 무인기의 위치·경보·임무·배터리를 원격 관제 업무를 수행할 때 Fleet Control을(를) 이해하고 적용하기 위해 학습합니다.,드론 구조와 기본 조종 이해,초급~중급,OFFICIAL_RESOURCE,공식 튜토리얼·문서,QGroundControl User Guide,QGC,,QGroundControl / Dronecode,공식 오픈소스,"PX4·ArduPilot 기체 설정, 임무계획, 비행 모니터링, 로그와 다중 기체 관리를 학습합니다.",QGroundControl; Mission Planning; GCS; Flight; Log,초급~중급,온라인,무료,,온라인,자기주도 학습,상시,상시,대학생·취업준비생·재직자·일반인,없음,https://docs.qgroundcontrol.com/Stable_V5.1/ko/qgc-user-guide/index.html,QGroundControl / Dronecode,공식 기술문서,2026-09-28,상시 운영,,설치·연결 → 기체 설정 → 임무계획 → 비행 모니터링 → 로그 분석,공식 제공기관이 운영하는 교육·튜토리얼·문서 기반 학습경로.,공식 웹사이트 직접 확인
운용·안전,운항·시험·정비·안전,DJ-108,드론 플릿 관제사,조종·운항,Telemetry,Telemetry 관련 기술,"Telemetry은(는) 드론 비행·임무 운항·관제·현장안전 업무에서 사용하는 도구·개념·절차입니다. 실제 직무에서는 설계, 운용, 분석 또는 의사결정 결과를 만드는 데 적용됩니다.",드론 플릿 관제사이(가) 다수 무인기의 위치·경보·임무·배터리를 원격 관제 업무를 수행할 때 Telemetry을(를) 이해하고 적용하기 위해 학습합니다.,항공 법규와 드론 기본 구조 이해,초급~중급,PREREQUISITE,국비지원 직업훈련,초경량비행장치 무인멀티콥터(드론)조종자 1종 국가자격취득과정(이론+실기),AIG20250000502620,1068,중부드론교육원,직업훈련기관,소형무인기운용·조종 기반의 고용24 훈련과정입니다. Telemetry 학습에는 과정명과의 직접 연관성에 따라 기초·포함·선수 경로로 연결했습니다.,소형무인기운용·조종; 국가자격; 무인멀티콥터; VTOL,초급~중급,오프라인,국비지원(일부 자부담 가능),고용24 직업훈련(국민내일배움카드 적용 여부는 과정 상세 확인),충북 음성군,총 120시간,,2026-09-28~2026-10-16,국민내일배움카드(일반),드론 조종자 1종,https://www.work24.go.kr/hr/a/a/3100/selectTracseDetl.do?tracseId=AIG20250000502620&tracseTme=18&crseTracseSe=C0061&trainstCstmrId=500039127578,고용24 훈련과정 상세,정부사이트,2026-09-28,현재 운영,https://mavlink.io/en/,법규·안전 → 모의비행 → 기본 조종 → 임무·비상절차 실습,대시보드 원본 교육데이터(예정)를 Skill과 연결. relevance_type=PREREQUISITE.,dashboard C.html / Work24 원천 링크
운용·안전,운항·시험·정비·안전,DJ-108,드론 플릿 관제사,조종·운항,Telemetry,Telemetry 관련 기술,"Telemetry은(는) 드론 비행·임무 운항·관제·현장안전 업무에서 사용하는 도구·개념·절차입니다. 실제 직무에서는 설계, 운용, 분석 또는 의사결정 결과를 만드는 데 적용됩니다.",드론 플릿 관제사이(가) 다수 무인기의 위치·경보·임무·배터리를 원격 관제 업무를 수행할 때 Telemetry을(를) 이해하고 적용하기 위해 학습합니다.,네트워크와 C/C++ 또는 Python 기초,초급~중급,OFFICIAL_RESOURCE,공식 튜토리얼·문서,MAVLink Developer Guide,MAVLINK-GUIDE,,MAVLink / Dronecode,공식 오픈소스,"드론과 지상국 사이의 메시지, 마이크로서비스, 라우팅과 C·C++·Python 연동을 학습합니다.",MAVLink; Telemetry; Message; Routing; Pymavlink,중급,온라인,무료,,온라인,자기주도 학습,상시,상시,대학생·취업준비생·재직자·일반인,없음,https://mavlink.io/en/,MAVLink / Dronecode,공식 기술문서,2026-09-28,상시 운영,,Protocol Overview → Toolchain → Messages → Library Examples → Vehicle Link,공식 제공기관이 운영하는 교육·튜토리얼·문서 기반 학습경로.,공식 웹사이트 직접 확인
운용·안전,운항·시험·정비·안전,DJ-108,드론 플릿 관제사,조종·운항,UTM,무인기 교통관리,"무인기 교통관리은(는) 드론 비행·임무 운항·관제·현장안전 업무에서 사용하는 도구·개념·절차입니다. 실제 직무에서는 설계, 운용, 분석 또는 의사결정 결과를 만드는 데 적용됩니다.",드론 플릿 관제사이(가) 다수 무인기의 위치·경보·임무·배터리를 원격 관제 업무를 수행할 때 UTM을(를) 이해하고 적용하기 위해 학습합니다.,항공 법규와 드론 기본 구조 이해,초급~중급,PREREQUISITE,국비지원 직업훈련,초경량비행장치 무인멀티콥터(드론)조종자 1종 국가자격취득과정(이론+실기),AIG20250000502620,1068,중부드론교육원,직업훈련기관,소형무인기운용·조종 기반의 고용24 훈련과정입니다. UTM 학습에는 과정명과의 직접 연관성에 따라 기초·포함·선수 경로로 연결했습니다.,소형무인기운용·조종; 국가자격; 무인멀티콥터; VTOL,초급~중급,오프라인,국비지원(일부 자부담 가능),고용24 직업훈련(국민내일배움카드 적용 여부는 과정 상세 확인),충북 음성군,총 120시간,,2026-09-28~2026-10-16,국민내일배움카드(일반),드론 조종자 1종,https://www.work24.go.kr/hr/a/a/3100/selectTracseDetl.do?tracseId=AIG20250000502620&tracseTme=18&crseTracseSe=C0061&trainstCstmrId=500039127578,고용24 훈련과정 상세,정부사이트,2026-09-28,현재 운영,https://docs.px4.io/main/en/peripherals/remote_id,법규·안전 → 모의비행 → 기본 조종 → 임무·비상절차 실습,대시보드 원본 교육데이터(예정)를 Skill과 연결. relevance_type=PREREQUISITE.,dashboard C.html / Work24 원천 링크
운용·안전,운항·시험·정비·안전,DJ-108,드론 플릿 관제사,조종·운항,UTM,무인기 교통관리,"무인기 교통관리은(는) 드론 비행·임무 운항·관제·현장안전 업무에서 사용하는 도구·개념·절차입니다. 실제 직무에서는 설계, 운용, 분석 또는 의사결정 결과를 만드는 데 적용됩니다.",드론 플릿 관제사이(가) 다수 무인기의 위치·경보·임무·배터리를 원격 관제 업무를 수행할 때 UTM을(를) 이해하고 적용하기 위해 학습합니다.,PX4·MAVLink·항공안전 기초,초급~중급,OFFICIAL_RESOURCE,공식 튜토리얼·문서,PX4 Remote ID and Traffic Avoidance Guides,PX4-REMOTE-ID,,PX4 / Dronecode Foundation,공식 오픈소스,"Remote ID 장비 연결·설정과 MAVLink 기반 식별 메시지, 교통회피 연동의 기초를 학습합니다.",Remote ID; UTM; MAVLink; Traffic Avoidance; ADS-B,중급,온라인,무료,,온라인,자기주도 학습,상시,상시,대학생·취업준비생·재직자·일반인,없음,https://docs.px4.io/main/en/peripherals/remote_id,PX4 / Dronecode Foundation,공식 기술문서,2026-09-28,상시 운영,,Remote ID 개념 → 하드웨어 연결 → 메시지 확인 → UTM·교통회피 연계,공식 제공기관이 운영하는 교육·튜토리얼·문서 기반 학습경로.,공식 웹사이트 직접 확인
운용·안전,운항·시험·정비·안전,DJ-096,멀티콥터 드론 조종자,조종·운항,GCS,지상관제시스템,"지상관제시스템은(는) 드론 비행·임무 운항·관제·현장안전 업무에서 사용하는 도구·개념·절차입니다. 실제 직무에서는 설계, 운용, 분석 또는 의사결정 결과를 만드는 데 적용됩니다.",멀티콥터 드론 조종자이(가) 멀티콥터 촬영·점검·측량·살포 임무 조종 업무를 수행할 때 GCS을(를) 이해하고 적용하기 위해 학습합니다.,항공 법규와 드론 기본 구조 이해,초급~중급,PREREQUISITE,국비지원 직업훈련,초경량비행장치 무인멀티콥터(드론)조종자 1종 국가자격취득과정(이론+실기),AIG20250000502620,1068,중부드론교육원,직업훈련기관,소형무인기운용·조종 기반의 고용24 훈련과정입니다. GCS 학습에는 과정명과의 직접 연관성에 따라 기초·포함·선수 경로로 연결했습니다.,소형무인기운용·조종; 국가자격; 무인멀티콥터; VTOL,초급~중급,오프라인,국비지원(일부 자부담 가능),고용24 직업훈련(국민내일배움카드 적용 여부는 과정 상세 확인),충북 음성군,총 120시간,,2026-09-28~2026-10-16,국민내일배움카드(일반),드론 조종자 1종,https://www.work24.go.kr/hr/a/a/3100/selectTracseDetl.do?tracseId=AIG20250000502620&tracseTme=18&crseTracseSe=C0061&trainstCstmrId=500039127578,고용24 훈련과정 상세,정부사이트,2026-09-28,현재 운영,https://docs.px4.io/main/en/,법규·안전 → 모의비행 → 기본 조종 → 임무·비상절차 실습,대시보드 원본 교육데이터(예정)를 Skill과 연결. relevance_type=PREREQUISITE.,dashboard C.html / Work24 원천 링크
운용·안전,운항·시험·정비·안전,DJ-096,멀티콥터 드론 조종자,조종·운항,GCS,지상관제시스템,"지상관제시스템은(는) 드론 비행·임무 운항·관제·현장안전 업무에서 사용하는 도구·개념·절차입니다. 실제 직무에서는 설계, 운용, 분석 또는 의사결정 결과를 만드는 데 적용됩니다.",멀티콥터 드론 조종자이(가) 멀티콥터 촬영·점검·측량·살포 임무 조종 업무를 수행할 때 GCS을(를) 이해하고 적용하기 위해 학습합니다.,드론 구조와 Linux·C++ 기초(개발 과정),초급~중급,OFFICIAL_RESOURCE,공식 튜토리얼·문서,PX4 Autopilot User Guide,PX4-GUIDE,,PX4 / Dronecode Foundation,공식 오픈소스,"PX4의 기본 개념, 기체 구성, 비행 모드, 시뮬레이션, 로그 분석과 개발 절차를 단계별로 학습합니다.",PX4; 비행제어; 시뮬레이션; 로그; 기체 설정,초급~고급,온라인,무료,,온라인,자기주도 학습,상시,상시,대학생·취업준비생·재직자·일반인,없음,https://docs.px4.io/main/en/,PX4 / Dronecode Foundation,공식 기술문서,2026-09-28,상시 운영,,Basic Concepts → Simulation → Configuration → Development,공식 제공기관이 운영하는 교육·튜토리얼·문서 기반 학습경로.,공식 웹사이트 직접 확인
운용·안전,운항·시험·정비·안전,DJ-096,멀티콥터 드론 조종자,조종·운항,GCS,지상관제시스템,"지상관제시스템은(는) 드론 비행·임무 운항·관제·현장안전 업무에서 사용하는 도구·개념·절차입니다. 실제 직무에서는 설계, 운용, 분석 또는 의사결정 결과를 만드는 데 적용됩니다.",멀티콥터 드론 조종자이(가) 멀티콥터 촬영·점검·측량·살포 임무 조종 업무를 수행할 때 GCS을(를) 이해하고 적용하기 위해 학습합니다.,드론 구조와 기본 조종 이해,초급~중급,OFFICIAL_RESOURCE,공식 튜토리얼·문서,QGroundControl User Guide,QGC,,QGroundControl / Dronecode,공식 오픈소스,"PX4·ArduPilot 기체 설정, 임무계획, 비행 모니터링, 로그와 다중 기체 관리를 학습합니다.",QGroundControl; Mission Planning; GCS; Flight; Log,초급~중급,온라인,무료,,온라인,자기주도 학습,상시,상시,대학생·취업준비생·재직자·일반인,없음,https://docs.qgroundcontrol.com/Stable_V5.1/ko/qgc-user-guide/index.html,QGroundControl / Dronecode,공식 기술문서,2026-09-28,상시 운영,,설치·연결 → 기체 설정 → 임무계획 → 비행 모니터링 → 로그 분석,공식 제공기관이 운영하는 교육·튜토리얼·문서 기반 학습경로.,공식 웹사이트 직접 확인
운용·안전,운항·시험·정비·안전,DJ-096,멀티콥터 드론 조종자,조종·운항,멀티콥터,멀티콥터,"멀티콥터은(는) 드론 비행·임무 운항·관제·현장안전 업무에서 사용하는 도구·개념·절차입니다. 실제 직무에서는 설계, 운용, 분석 또는 의사결정 결과를 만드는 데 적용됩니다.",멀티콥터 드론 조종자이(가) 멀티콥터 촬영·점검·측량·살포 임무 조종 업무를 수행할 때 멀티콥터을(를) 이해하고 적용하기 위해 학습합니다.,항공 법규와 드론 기본 구조 이해,초급~중급,DIRECT,국비지원 직업훈련,초경량비행장치 무인멀티콥터(드론)조종자 1종 국가자격취득과정(이론+실기),AIG20250000502620,1068,중부드론교육원,직업훈련기관,소형무인기운용·조종 기반의 고용24 훈련과정입니다. 멀티콥터 학습에는 과정명과의 직접 연관성에 따라 기초·포함·선수 경로로 연결했습니다.,소형무인기운용·조종; 국가자격; 무인멀티콥터; VTOL,초급~중급,오프라인,국비지원(일부 자부담 가능),고용24 직업훈련(국민내일배움카드 적용 여부는 과정 상세 확인),충북 음성군,총 120시간,,2026-09-28~2026-10-16,국민내일배움카드(일반),드론 조종자 1종,https://www.work24.go.kr/hr/a/a/3100/selectTracseDetl.do?tracseId=AIG20250000502620&tracseTme=18&crseTracseSe=C0061&trainstCstmrId=500039127578,고용24 훈련과정 상세,정부사이트,2026-09-28,현재 운영,,법규·안전 → 모의비행 → 기본 조종 → 임무·비상절차 실습,대시보드 원본 교육데이터(예정)를 Skill과 연결. relevance_type=DIRECT.,dashboard C.html / Work24 원천 링크
운용·안전,운항·시험·정비·안전,DJ-096,멀티콥터 드론 조종자,조종·운항,현장안전,현장안전,"현장안전은(는) 드론 비행·임무 운항·관제·현장안전 업무에서 사용하는 도구·개념·절차입니다. 실제 직무에서는 설계, 운용, 분석 또는 의사결정 결과를 만드는 데 적용됩니다.",멀티콥터 드론 조종자이(가) 멀티콥터 촬영·점검·측량·살포 임무 조종 업무를 수행할 때 현장안전을(를) 이해하고 적용하기 위해 학습합니다.,항공 법규와 드론 기본 구조 이해,초급~중급,PREREQUISITE,국비지원 직업훈련,초경량비행장치 무인멀티콥터(드론)조종자 1종 국가자격취득과정(이론+실기),AIG20250000502620,1068,중부드론교육원,직업훈련기관,소형무인기운용·조종 기반의 고용24 훈련과정입니다. 현장안전 학습에는 과정명과의 직접 연관성에 따라 기초·포함·선수 경로로 연결했습니다.,소형무인기운용·조종; 국가자격; 무인멀티콥터; VTOL,초급~중급,오프라인,국비지원(일부 자부담 가능),고용24 직업훈련(국민내일배움카드 적용 여부는 과정 상세 확인),충북 음성군,총 120시간,,2026-09-28~2026-10-16,국민내일배움카드(일반),드론 조종자 1종,https://www.work24.go.kr/hr/a/a/3100/selectTracseDetl.do?tracseId=AIG20250000502620&tracseTme=18&crseTracseSe=C0061&trainstCstmrId=500039127578,고용24 훈련과정 상세,정부사이트,2026-09-28,현재 운영,,법규·안전 → 모의비행 → 기본 조종 → 임무·비상절차 실습,대시보드 원본 교육데이터(예정)를 Skill과 연결. relevance_type=PREREQUISITE.,dashboard C.html / Work24 원천 링크
운용·안전,운항·시험·정비·안전,DJ-097,무인비행기 조종자,조종·운항,고정익,고정익,"고정익은(는) 드론 비행·임무 운항·관제·현장안전 업무에서 사용하는 도구·개념·절차입니다. 실제 직무에서는 설계, 운용, 분석 또는 의사결정 결과를 만드는 데 적용됩니다.",무인비행기 조종자이(가) 고정익 무인기의 이착륙·경로비행·임무 운용 업무를 수행할 때 고정익을(를) 이해하고 적용하기 위해 학습합니다.,항공 법규와 드론 기본 구조 이해,초급~중급,PREREQUISITE,국비지원 직업훈련,초경량비행장치 무인멀티콥터(드론)조종자 1종 국가자격취득과정(이론+실기),AIG20250000502620,1068,중부드론교육원,직업훈련기관,소형무인기운용·조종 기반의 고용24 훈련과정입니다. 고정익 학습에는 과정명과의 직접 연관성에 따라 기초·포함·선수 경로로 연결했습니다.,소형무인기운용·조종; 국가자격; 무인멀티콥터; VTOL,초급~중급,오프라인,국비지원(일부 자부담 가능),고용24 직업훈련(국민내일배움카드 적용 여부는 과정 상세 확인),충북 음성군,총 120시간,,2026-09-28~2026-10-16,국민내일배움카드(일반),드론 조종자 1종,https://www.work24.go.kr/hr/a/a/3100/selectTracseDetl.do?tracseId=AIG20250000502620&tracseTme=18&crseTracseSe=C0061&trainstCstmrId=500039127578,고용24 훈련과정 상세,정부사이트,2026-09-28,현재 운영,,법규·안전 → 모의비행 → 기본 조종 → 임무·비상절차 실습,대시보드 원본 교육데이터(예정)를 Skill과 연결. relevance_type=PREREQUISITE.,dashboard C.html / Work24 원천 링크
운용·안전,운항·시험·정비·안전,DJ-097,무인비행기 조종자,조종·운항,비상절차,비상절차,"비상절차은(는) 드론 비행·임무 운항·관제·현장안전 업무에서 사용하는 도구·개념·절차입니다. 실제 직무에서는 설계, 운용, 분석 또는 의사결정 결과를 만드는 데 적용됩니다.",무인비행기 조종자이(가) 고정익 무인기의 이착륙·경로비행·임무 운용 업무를 수행할 때 비상절차을(를) 이해하고 적용하기 위해 학습합니다.,항공 법규와 드론 기본 구조 이해,초급~중급,INCLUDED,국비지원 직업훈련,초경량비행장치 무인멀티콥터(드론)조종자 1종 국가자격취득과정(이론+실기),AIG20250000502620,1068,중부드론교육원,직업훈련기관,소형무인기운용·조종 기반의 고용24 훈련과정입니다. 비상절차 학습에는 과정명과의 직접 연관성에 따라 기초·포함·선수 경로로 연결했습니다.,소형무인기운용·조종; 국가자격; 무인멀티콥터; VTOL,초급~중급,오프라인,국비지원(일부 자부담 가능),고용24 직업훈련(국민내일배움카드 적용 여부는 과정 상세 확인),충북 음성군,총 120시간,,2026-09-28~2026-10-16,국민내일배움카드(일반),드론 조종자 1종,https://www.work24.go.kr/hr/a/a/3100/selectTracseDetl.do?tracseId=AIG20250000502620&tracseTme=18&crseTracseSe=C0061&trainstCstmrId=500039127578,고용24 훈련과정 상세,정부사이트,2026-09-28,현재 운영,,법규·안전 → 모의비행 → 기본 조종 → 임무·비상절차 실습,대시보드 원본 교육데이터(예정)를 Skill과 연결. relevance_type=INCLUDED.,dashboard C.html / Work24 원천 링크
운용·안전,운항·시험·정비·안전,DJ-097,무인비행기 조종자,조종·운항,임무계획,임무계획,"임무계획은(는) 드론 비행·임무 운항·관제·현장안전 업무에서 사용하는 도구·개념·절차입니다. 실제 직무에서는 설계, 운용, 분석 또는 의사결정 결과를 만드는 데 적용됩니다.",무인비행기 조종자이(가) 고정익 무인기의 이착륙·경로비행·임무 운용 업무를 수행할 때 임무계획을(를) 이해하고 적용하기 위해 학습합니다.,항공 법규와 드론 기본 구조 이해,초급~중급,PREREQUISITE,국비지원 직업훈련,초경량비행장치 무인멀티콥터(드론)조종자 1종 국가자격취득과정(이론+실기),AIG20250000502620,1068,중부드론교육원,직업훈련기관,소형무인기운용·조종 기반의 고용24 훈련과정입니다. 임무계획 학습에는 과정명과의 직접 연관성에 따라 기초·포함·선수 경로로 연결했습니다.,소형무인기운용·조종; 국가자격; 무인멀티콥터; VTOL,초급~중급,오프라인,국비지원(일부 자부담 가능),고용24 직업훈련(국민내일배움카드 적용 여부는 과정 상세 확인),충북 음성군,총 120시간,,2026-09-28~2026-10-16,국민내일배움카드(일반),드론 조종자 1종,https://www.work24.go.kr/hr/a/a/3100/selectTracseDetl.do?tracseId=AIG20250000502620&tracseTme=18&crseTracseSe=C0061&trainstCstmrId=500039127578,고용24 훈련과정 상세,정부사이트,2026-09-28,현재 운영,,법규·안전 → 모의비행 → 기본 조종 → 임무·비상절차 실습,대시보드 원본 교육데이터(예정)를 Skill과 연결. relevance_type=PREREQUISITE.,dashboard C.html / Work24 원천 링크
운용·안전,운항·시험·정비·안전,DJ-098,무인헬리콥터 조종자,조종·운항,무인헬기,무인헬기,"무인헬기은(는) 드론 비행·임무 운항·관제·현장안전 업무에서 사용하는 도구·개념·절차입니다. 실제 직무에서는 설계, 운용, 분석 또는 의사결정 결과를 만드는 데 적용됩니다.",무인헬리콥터 조종자이(가) 무인헬기 조종과 농업·산림·특수 임무 수행 업무를 수행할 때 무인헬기을(를) 이해하고 적용하기 위해 학습합니다.,항공 법규와 드론 기본 구조 이해,초급~중급,PREREQUISITE,국비지원 직업훈련,초경량비행장치 무인멀티콥터(드론)조종자 1종 국가자격취득과정(이론+실기),AIG20250000502620,1068,중부드론교육원,직업훈련기관,소형무인기운용·조종 기반의 고용24 훈련과정입니다. 무인헬기 학습에는 과정명과의 직접 연관성에 따라 기초·포함·선수 경로로 연결했습니다.,소형무인기운용·조종; 국가자격; 무인멀티콥터; VTOL,초급~중급,오프라인,국비지원(일부 자부담 가능),고용24 직업훈련(국민내일배움카드 적용 여부는 과정 상세 확인),충북 음성군,총 120시간,,2026-09-28~2026-10-16,국민내일배움카드(일반),드론 조종자 1종,https://www.work24.go.kr/hr/a/a/3100/selectTracseDetl.do?tracseId=AIG20250000502620&tracseTme=18&crseTracseSe=C0061&trainstCstmrId=500039127578,고용24 훈련과정 상세,정부사이트,2026-09-28,현재 운영,,법규·안전 → 모의비행 → 기본 조종 → 임무·비상절차 실습,대시보드 원본 교육데이터(예정)를 Skill과 연결. relevance_type=PREREQUISITE.,dashboard C.html / Work24 원천 링크
운용·안전,운항·시험·정비·안전,DJ-098,무인헬리콥터 조종자,조종·운항,정비,정비,"정비은(는) 드론 비행·임무 운항·관제·현장안전 업무에서 사용하는 도구·개념·절차입니다. 실제 직무에서는 설계, 운용, 분석 또는 의사결정 결과를 만드는 데 적용됩니다.",무인헬리콥터 조종자이(가) 무인헬기 조종과 농업·산림·특수 임무 수행 업무를 수행할 때 정비을(를) 이해하고 적용하기 위해 학습합니다.,항공 법규와 드론 기본 구조 이해,초급~중급,DIRECT,국비지원 직업훈련,"드론(소형무인기) 항공촬영, 편집, 드론방제, 드론정비 및 국가자격(드론1종) 취득과정",AIG20250000517356,755,누리드론교육원,직업훈련기관,소형무인기운용·조종 기반의 고용24 훈련과정입니다. 정비 학습에는 과정명과의 직접 연관성에 따라 기초·포함·선수 경로로 연결했습니다.,소형무인기운용·조종; 정비; 유지보수; 조립,초급~중급,오프라인,국비지원(일부 자부담 가능),고용24 직업훈련(국민내일배움카드 적용 여부는 과정 상세 확인),경남 김해시,총 960시간,,2026-07-21~2027-01-13,국가기간전략산업직종,드론 조종자 1종,https://www.work24.go.kr/hr/a/a/3100/selectTracseDetl.do?tracseId=AIG20250000517356&tracseTme=2&crseTracseSe=C0061&trainstCstmrId=500041601289,고용24 훈련과정 상세,정부사이트,2026-09-28,현재 운영,,법규·안전 → 모의비행 → 기본 조종 → 임무·비상절차 실습,대시보드 원본 교육데이터(진행중)를 Skill과 연결. relevance_type=DIRECT.,dashboard C.html / Work24 원천 링크
운용·안전,운항·시험·정비·안전,DJ-098,무인헬리콥터 조종자,조종·운항,회전익,회전익,"회전익은(는) 드론 비행·임무 운항·관제·현장안전 업무에서 사용하는 도구·개념·절차입니다. 실제 직무에서는 설계, 운용, 분석 또는 의사결정 결과를 만드는 데 적용됩니다.",무인헬리콥터 조종자이(가) 무인헬기 조종과 농업·산림·특수 임무 수행 업무를 수행할 때 회전익을(를) 이해하고 적용하기 위해 학습합니다.,항공 법규와 드론 기본 구조 이해,초급~중급,PREREQUISITE,국비지원 직업훈련,초경량비행장치 무인멀티콥터(드론)조종자 1종 국가자격취득과정(이론+실기),AIG20250000502620,1068,중부드론교육원,직업훈련기관,소형무인기운용·조종 기반의 고용24 훈련과정입니다. 회전익 학습에는 과정명과의 직접 연관성에 따라 기초·포함·선수 경로로 연결했습니다.,소형무인기운용·조종; 국가자격; 무인멀티콥터; VTOL,초급~중급,오프라인,국비지원(일부 자부담 가능),고용24 직업훈련(국민내일배움카드 적용 여부는 과정 상세 확인),충북 음성군,총 120시간,,2026-09-28~2026-10-16,국민내일배움카드(일반),드론 조종자 1종,https://www.work24.go.kr/hr/a/a/3100/selectTracseDetl.do?tracseId=AIG20250000502620&tracseTme=18&crseTracseSe=C0061&trainstCstmrId=500039127578,고용24 훈련과정 상세,정부사이트,2026-09-28,현재 운영,,법규·안전 → 모의비행 → 기본 조종 → 임무·비상절차 실습,대시보드 원본 교육데이터(예정)를 Skill과 연결. relevance_type=PREREQUISITE.,dashboard C.html / Work24 원천 링크
운용·안전,운항·시험·정비·안전,DJ-101,장거리·비가시권 드론 조종자,조종·운항,BVLOS,비가시권 비행,"비가시권 비행은(는) 드론 비행·임무 운항·관제·현장안전 업무에서 사용하는 도구·개념·절차입니다. 실제 직무에서는 설계, 운용, 분석 또는 의사결정 결과를 만드는 데 적용됩니다.",장거리·비가시권 드론 조종자이(가) 장거리·비가시권 임무의 통신·추적·비상절차 수행 업무를 수행할 때 BVLOS을(를) 이해하고 적용하기 위해 학습합니다.,항공 법규와 드론 기본 구조 이해,초급~중급,INCLUDED,국비지원 직업훈련,초경량비행장치 무인멀티콥터(드론)조종자 1종 국가자격취득과정(이론+실기),AIG20250000502620,1068,중부드론교육원,직업훈련기관,소형무인기운용·조종 기반의 고용24 훈련과정입니다. BVLOS 학습에는 과정명과의 직접 연관성에 따라 기초·포함·선수 경로로 연결했습니다.,소형무인기운용·조종; 국가자격; 무인멀티콥터; VTOL,초급~중급,오프라인,국비지원(일부 자부담 가능),고용24 직업훈련(국민내일배움카드 적용 여부는 과정 상세 확인),충북 음성군,총 120시간,,2026-09-28~2026-10-16,국민내일배움카드(일반),드론 조종자 1종,https://www.work24.go.kr/hr/a/a/3100/selectTracseDetl.do?tracseId=AIG20250000502620&tracseTme=18&crseTracseSe=C0061&trainstCstmrId=500039127578,고용24 훈련과정 상세,정부사이트,2026-09-28,현재 운영,,법규·안전 → 모의비행 → 기본 조종 → 임무·비상절차 실습,대시보드 원본 교육데이터(예정)를 Skill과 연결. relevance_type=INCLUDED.,dashboard C.html / Work24 원천 링크
운용·안전,운항·시험·정비·안전,DJ-101,장거리·비가시권 드론 조종자,조종·운항,C2,C2 관련 기술,"C2은(는) 드론 비행·임무 운항·관제·현장안전 업무에서 사용하는 도구·개념·절차입니다. 실제 직무에서는 설계, 운용, 분석 또는 의사결정 결과를 만드는 데 적용됩니다.",장거리·비가시권 드론 조종자이(가) 장거리·비가시권 임무의 통신·추적·비상절차 수행 업무를 수행할 때 C2을(를) 이해하고 적용하기 위해 학습합니다.,항공 법규와 드론 기본 구조 이해,초급~중급,PREREQUISITE,국비지원 직업훈련,초경량비행장치 무인멀티콥터(드론)조종자 1종 국가자격취득과정(이론+실기),AIG20250000502620,1068,중부드론교육원,직업훈련기관,소형무인기운용·조종 기반의 고용24 훈련과정입니다. C2 학습에는 과정명과의 직접 연관성에 따라 기초·포함·선수 경로로 연결했습니다.,소형무인기운용·조종; 국가자격; 무인멀티콥터; VTOL,초급~중급,오프라인,국비지원(일부 자부담 가능),고용24 직업훈련(국민내일배움카드 적용 여부는 과정 상세 확인),충북 음성군,총 120시간,,2026-09-28~2026-10-16,국민내일배움카드(일반),드론 조종자 1종,https://www.work24.go.kr/hr/a/a/3100/selectTracseDetl.do?tracseId=AIG20250000502620&tracseTme=18&crseTracseSe=C0061&trainstCstmrId=500039127578,고용24 훈련과정 상세,정부사이트,2026-09-28,현재 운영,https://mavlink.io/en/,법규·안전 → 모의비행 → 기본 조종 → 임무·비상절차 실습,대시보드 원본 교육데이터(예정)를 Skill과 연결. relevance_type=PREREQUISITE.,dashboard C.html / Work24 원천 링크
운용·안전,운항·시험·정비·안전,DJ-101,장거리·비가시권 드론 조종자,조종·운항,C2,C2 관련 기술,"C2은(는) 드론 비행·임무 운항·관제·현장안전 업무에서 사용하는 도구·개념·절차입니다. 실제 직무에서는 설계, 운용, 분석 또는 의사결정 결과를 만드는 데 적용됩니다.",장거리·비가시권 드론 조종자이(가) 장거리·비가시권 임무의 통신·추적·비상절차 수행 업무를 수행할 때 C2을(를) 이해하고 적용하기 위해 학습합니다.,네트워크와 C/C++ 또는 Python 기초,초급~중급,OFFICIAL_RESOURCE,공식 튜토리얼·문서,MAVLink Developer Guide,MAVLINK-GUIDE,,MAVLink / Dronecode,공식 오픈소스,"드론과 지상국 사이의 메시지, 마이크로서비스, 라우팅과 C·C++·Python 연동을 학습합니다.",MAVLink; Telemetry; Message; Routing; Pymavlink,중급,온라인,무료,,온라인,자기주도 학습,상시,상시,대학생·취업준비생·재직자·일반인,없음,https://mavlink.io/en/,MAVLink / Dronecode,공식 기술문서,2026-09-28,상시 운영,,Protocol Overview → Toolchain → Messages → Library Examples → Vehicle Link,공식 제공기관이 운영하는 교육·튜토리얼·문서 기반 학습경로.,공식 웹사이트 직접 확인
운용·안전,운항·시험·정비·안전,DJ-101,장거리·비가시권 드론 조종자,조종·운항,Detect-and-Avoid,Detect-and-Avoid 관련 기술,"Detect-and-Avoid은(는) 드론 비행·임무 운항·관제·현장안전 업무에서 사용하는 도구·개념·절차입니다. 실제 직무에서는 설계, 운용, 분석 또는 의사결정 결과를 만드는 데 적용됩니다.",장거리·비가시권 드론 조종자이(가) 장거리·비가시권 임무의 통신·추적·비상절차 수행 업무를 수행할 때 Detect-and-Avoid을(를) 이해하고 적용하기 위해 학습합니다.,항공 법규와 드론 기본 구조 이해,초급~중급,PREREQUISITE,국비지원 직업훈련,초경량비행장치 무인멀티콥터(드론)조종자 1종 국가자격취득과정(이론+실기),AIG20250000502620,1068,중부드론교육원,직업훈련기관,소형무인기운용·조종 기반의 고용24 훈련과정입니다. Detect-and-Avoid 학습에는 과정명과의 직접 연관성에 따라 기초·포함·선수 경로로 연결했습니다.,소형무인기운용·조종; 국가자격; 무인멀티콥터; VTOL,초급~중급,오프라인,국비지원(일부 자부담 가능),고용24 직업훈련(국민내일배움카드 적용 여부는 과정 상세 확인),충북 음성군,총 120시간,,2026-09-28~2026-10-16,국민내일배움카드(일반),드론 조종자 1종,https://www.work24.go.kr/hr/a/a/3100/selectTracseDetl.do?tracseId=AIG20250000502620&tracseTme=18&crseTracseSe=C0061&trainstCstmrId=500039127578,고용24 훈련과정 상세,정부사이트,2026-09-28,현재 운영,https://docs.px4.io/main/en/peripherals/remote_id,법규·안전 → 모의비행 → 기본 조종 → 임무·비상절차 실습,대시보드 원본 교육데이터(예정)를 Skill과 연결. relevance_type=PREREQUISITE.,dashboard C.html / Work24 원천 링크
운용·안전,운항·시험·정비·안전,DJ-101,장거리·비가시권 드론 조종자,조종·운항,Detect-and-Avoid,Detect-and-Avoid 관련 기술,"Detect-and-Avoid은(는) 드론 비행·임무 운항·관제·현장안전 업무에서 사용하는 도구·개념·절차입니다. 실제 직무에서는 설계, 운용, 분석 또는 의사결정 결과를 만드는 데 적용됩니다.",장거리·비가시권 드론 조종자이(가) 장거리·비가시권 임무의 통신·추적·비상절차 수행 업무를 수행할 때 Detect-and-Avoid을(를) 이해하고 적용하기 위해 학습합니다.,PX4·MAVLink·항공안전 기초,초급~중급,OFFICIAL_RESOURCE,공식 튜토리얼·문서,PX4 Remote ID and Traffic Avoidance Guides,PX4-REMOTE-ID,,PX4 / Dronecode Foundation,공식 오픈소스,"Remote ID 장비 연결·설정과 MAVLink 기반 식별 메시지, 교통회피 연동의 기초를 학습합니다.",Remote ID; UTM; MAVLink; Traffic Avoidance; ADS-B,중급,온라인,무료,,온라인,자기주도 학습,상시,상시,대학생·취업준비생·재직자·일반인,없음,https://docs.px4.io/main/en/peripherals/remote_id,PX4 / Dronecode Foundation,공식 기술문서,2026-09-28,상시 운영,,Remote ID 개념 → 하드웨어 연결 → 메시지 확인 → UTM·교통회피 연계,공식 제공기관이 운영하는 교육·튜토리얼·문서 기반 학습경로.,공식 웹사이트 직접 확인
운용·안전,운항·시험·정비·안전,DJ-100,FPV 드론 조종자,조종·운항,FPV,1인칭 시점 비행,"1인칭 시점 비행은(는) 드론 비행·임무 운항·관제·현장안전 업무에서 사용하는 도구·개념·절차입니다. 실제 직무에서는 설계, 운용, 분석 또는 의사결정 결과를 만드는 데 적용됩니다.",FPV 드론 조종자이(가) 1인칭 시점 고기동 촬영·경기·점검 비행 업무를 수행할 때 FPV을(를) 이해하고 적용하기 위해 학습합니다.,항공 법규와 드론 기본 구조 이해,초급~중급,PREREQUISITE,국비지원 직업훈련,(산대특)산업현장의 시설물 관리 효율화를 위한 1인칭 시점 드론운용가 양성과정,AIG20263001345190,1024,순천스카이드론교육원(미래진로직업체험센터),직업훈련기관,항공기조종운송 기반의 고용24 훈련과정입니다. FPV 학습에는 과정명과의 직접 연관성에 따라 기초·포함·선수 경로로 연결했습니다.,항공기조종운송; 1인칭; 시설물; 구조물 안전진단,초급~중급,오프라인,국비지원(일부 자부담 가능),고용24 직업훈련(국민내일배움카드 적용 여부는 과정 상세 확인),광주 순천시,총 105시간,,2026-09-19~2026-11-15,산업구조변화대응,수료 여부 과정별 확인,https://www.work24.go.kr/hr/a/a/3100/selectTracseDetl.do?tracseId=AIG20263001345190&tracseTme=1&crseTracseSe=C0061&trainstCstmrId=500038928017,고용24 훈련과정 상세,정부사이트,2026-09-28,현재 운영,,법규·안전 → 모의비행 → 기본 조종 → 임무·비상절차 실습,대시보드 원본 교육데이터(예정)를 Skill과 연결. relevance_type=PREREQUISITE.,dashboard C.html / Work24 원천 링크
운용·안전,운항·시험·정비·안전,DJ-100,FPV 드론 조종자,조종·운항,수동조종,수동조종,"수동조종은(는) 드론 비행·임무 운항·관제·현장안전 업무에서 사용하는 도구·개념·절차입니다. 실제 직무에서는 설계, 운용, 분석 또는 의사결정 결과를 만드는 데 적용됩니다.",FPV 드론 조종자이(가) 1인칭 시점 고기동 촬영·경기·점검 비행 업무를 수행할 때 수동조종을(를) 이해하고 적용하기 위해 학습합니다.,항공 법규와 드론 기본 구조 이해,초급~중급,INCLUDED,국비지원 직업훈련,초경량비행장치 무인멀티콥터(드론)조종자 1종 국가자격취득과정(이론+실기),AIG20250000502620,1068,중부드론교육원,직업훈련기관,소형무인기운용·조종 기반의 고용24 훈련과정입니다. 수동조종 학습에는 과정명과의 직접 연관성에 따라 기초·포함·선수 경로로 연결했습니다.,소형무인기운용·조종; 국가자격; 무인멀티콥터; VTOL,초급~중급,오프라인,국비지원(일부 자부담 가능),고용24 직업훈련(국민내일배움카드 적용 여부는 과정 상세 확인),충북 음성군,총 120시간,,2026-09-28~2026-10-16,국민내일배움카드(일반),드론 조종자 1종,https://www.work24.go.kr/hr/a/a/3100/selectTracseDetl.do?tracseId=AIG20250000502620&tracseTme=18&crseTracseSe=C0061&trainstCstmrId=500039127578,고용24 훈련과정 상세,정부사이트,2026-09-28,현재 운영,,법규·안전 → 모의비행 → 기본 조종 → 임무·비상절차 실습,대시보드 원본 교육데이터(예정)를 Skill과 연결. relevance_type=INCLUDED.,dashboard C.html / Work24 원천 링크
운용·안전,운항·시험·정비·안전,DJ-100,FPV 드론 조종자,조종·운항,영상링크,영상링크,"영상링크은(는) 드론 비행·임무 운항·관제·현장안전 업무에서 사용하는 도구·개념·절차입니다. 실제 직무에서는 설계, 운용, 분석 또는 의사결정 결과를 만드는 데 적용됩니다.",FPV 드론 조종자이(가) 1인칭 시점 고기동 촬영·경기·점검 비행 업무를 수행할 때 영상링크을(를) 이해하고 적용하기 위해 학습합니다.,항공 법규와 드론 기본 구조 이해,초급~중급,PREREQUISITE,국비지원 직업훈련,초경량비행장치 무인멀티콥터(드론)조종자 1종 국가자격취득과정(이론+실기),AIG20250000502620,1068,중부드론교육원,직업훈련기관,소형무인기운용·조종 기반의 고용24 훈련과정입니다. 영상링크 학습에는 과정명과의 직접 연관성에 따라 기초·포함·선수 경로로 연결했습니다.,소형무인기운용·조종; 국가자격; 무인멀티콥터; VTOL,초급~중급,오프라인,국비지원(일부 자부담 가능),고용24 직업훈련(국민내일배움카드 적용 여부는 과정 상세 확인),충북 음성군,총 120시간,,2026-09-28~2026-10-16,국민내일배움카드(일반),드론 조종자 1종,https://www.work24.go.kr/hr/a/a/3100/selectTracseDetl.do?tracseId=AIG20250000502620&tracseTme=18&crseTracseSe=C0061&trainstCstmrId=500039127578,고용24 훈련과정 상세,정부사이트,2026-09-28,현재 운영,,법규·안전 → 모의비행 → 기본 조종 → 임무·비상절차 실습,대시보드 원본 교육데이터(예정)를 Skill과 연결. relevance_type=PREREQUISITE.,dashboard C.html / Work24 원천 링크
운용·안전,운항·시험·정비·안전,DJ-099,VTOL 무인기 조종자,조종·운항,GCS,지상관제시스템,"지상관제시스템은(는) 드론 비행·임무 운항·관제·현장안전 업무에서 사용하는 도구·개념·절차입니다. 실제 직무에서는 설계, 운용, 분석 또는 의사결정 결과를 만드는 데 적용됩니다.",VTOL 무인기 조종자이(가) 수직이착륙과 고정익 천이비행 운용 업무를 수행할 때 GCS을(를) 이해하고 적용하기 위해 학습합니다.,항공 법규와 드론 기본 구조 이해,초급~중급,PREREQUISITE,국비지원 직업훈련,초경량비행장치 무인멀티콥터(드론)조종자 1종 국가자격취득과정(이론+실기),AIG20250000502620,1068,중부드론교육원,직업훈련기관,소형무인기운용·조종 기반의 고용24 훈련과정입니다. GCS 학습에는 과정명과의 직접 연관성에 따라 기초·포함·선수 경로로 연결했습니다.,소형무인기운용·조종; 국가자격; 무인멀티콥터; VTOL,초급~중급,오프라인,국비지원(일부 자부담 가능),고용24 직업훈련(국민내일배움카드 적용 여부는 과정 상세 확인),충북 음성군,총 120시간,,2026-09-28~2026-10-16,국민내일배움카드(일반),드론 조종자 1종,https://www.work24.go.kr/hr/a/a/3100/selectTracseDetl.do?tracseId=AIG20250000502620&tracseTme=18&crseTracseSe=C0061&trainstCstmrId=500039127578,고용24 훈련과정 상세,정부사이트,2026-09-28,현재 운영,https://docs.px4.io/main/en/,법규·안전 → 모의비행 → 기본 조종 → 임무·비상절차 실습,대시보드 원본 교육데이터(예정)를 Skill과 연결. relevance_type=PREREQUISITE.,dashboard C.html / Work24 원천 링크
운용·안전,운항·시험·정비·안전,DJ-099,VTOL 무인기 조종자,조종·운항,GCS,지상관제시스템,"지상관제시스템은(는) 드론 비행·임무 운항·관제·현장안전 업무에서 사용하는 도구·개념·절차입니다. 실제 직무에서는 설계, 운용, 분석 또는 의사결정 결과를 만드는 데 적용됩니다.",VTOL 무인기 조종자이(가) 수직이착륙과 고정익 천이비행 운용 업무를 수행할 때 GCS을(를) 이해하고 적용하기 위해 학습합니다.,드론 구조와 Linux·C++ 기초(개발 과정),초급~중급,OFFICIAL_RESOURCE,공식 튜토리얼·문서,PX4 Autopilot User Guide,PX4-GUIDE,,PX4 / Dronecode Foundation,공식 오픈소스,"PX4의 기본 개념, 기체 구성, 비행 모드, 시뮬레이션, 로그 분석과 개발 절차를 단계별로 학습합니다.",PX4; 비행제어; 시뮬레이션; 로그; 기체 설정,초급~고급,온라인,무료,,온라인,자기주도 학습,상시,상시,대학생·취업준비생·재직자·일반인,없음,https://docs.px4.io/main/en/,PX4 / Dronecode Foundation,공식 기술문서,2026-09-28,상시 운영,,Basic Concepts → Simulation → Configuration → Development,공식 제공기관이 운영하는 교육·튜토리얼·문서 기반 학습경로.,공식 웹사이트 직접 확인
운용·안전,운항·시험·정비·안전,DJ-099,VTOL 무인기 조종자,조종·운항,GCS,지상관제시스템,"지상관제시스템은(는) 드론 비행·임무 운항·관제·현장안전 업무에서 사용하는 도구·개념·절차입니다. 실제 직무에서는 설계, 운용, 분석 또는 의사결정 결과를 만드는 데 적용됩니다.",VTOL 무인기 조종자이(가) 수직이착륙과 고정익 천이비행 운용 업무를 수행할 때 GCS을(를) 이해하고 적용하기 위해 학습합니다.,드론 구조와 기본 조종 이해,초급~중급,OFFICIAL_RESOURCE,공식 튜토리얼·문서,QGroundControl User Guide,QGC,,QGroundControl / Dronecode,공식 오픈소스,"PX4·ArduPilot 기체 설정, 임무계획, 비행 모니터링, 로그와 다중 기체 관리를 학습합니다.",QGroundControl; Mission Planning; GCS; Flight; Log,초급~중급,온라인,무료,,온라인,자기주도 학습,상시,상시,대학생·취업준비생·재직자·일반인,없음,https://docs.qgroundcontrol.com/Stable_V5.1/ko/qgc-user-guide/index.html,QGroundControl / Dronecode,공식 기술문서,2026-09-28,상시 운영,,설치·연결 → 기체 설정 → 임무계획 → 비행 모니터링 → 로그 분석,공식 제공기관이 운영하는 교육·튜토리얼·문서 기반 학습경로.,공식 웹사이트 직접 확인
운용·안전,운항·시험·정비·안전,DJ-099,VTOL 무인기 조종자,조종·운항,VTOL,수직이착륙,"수직이착륙은(는) 드론 비행·임무 운항·관제·현장안전 업무에서 사용하는 도구·개념·절차입니다. 실제 직무에서는 설계, 운용, 분석 또는 의사결정 결과를 만드는 데 적용됩니다.",VTOL 무인기 조종자이(가) 수직이착륙과 고정익 천이비행 운용 업무를 수행할 때 VTOL을(를) 이해하고 적용하기 위해 학습합니다.,항공 법규와 드론 기본 구조 이해,초급~중급,INCLUDED,국비지원 직업훈련,초경량비행장치 무인멀티콥터(드론)조종자 1종 국가자격취득과정(이론+실기),AIG20250000502620,1068,중부드론교육원,직업훈련기관,소형무인기운용·조종 기반의 고용24 훈련과정입니다. VTOL 학습에는 과정명과의 직접 연관성에 따라 기초·포함·선수 경로로 연결했습니다.,소형무인기운용·조종; 국가자격; 무인멀티콥터; VTOL,초급~중급,오프라인,국비지원(일부 자부담 가능),고용24 직업훈련(국민내일배움카드 적용 여부는 과정 상세 확인),충북 음성군,총 120시간,,2026-09-28~2026-10-16,국민내일배움카드(일반),드론 조종자 1종,https://www.work24.go.kr/hr/a/a/3100/selectTracseDetl.do?tracseId=AIG20250000502620&tracseTme=18&crseTracseSe=C0061&trainstCstmrId=500039127578,고용24 훈련과정 상세,정부사이트,2026-09-28,현재 운영,https://docs.px4.io/main/en/,법규·안전 → 모의비행 → 기본 조종 → 임무·비상절차 실습,대시보드 원본 교육데이터(예정)를 Skill과 연결. relevance_type=INCLUDED.,dashboard C.html / Work24 원천 링크
운용·안전,운항·시험·정비·안전,DJ-099,VTOL 무인기 조종자,조종·운항,VTOL,수직이착륙,"수직이착륙은(는) 드론 비행·임무 운항·관제·현장안전 업무에서 사용하는 도구·개념·절차입니다. 실제 직무에서는 설계, 운용, 분석 또는 의사결정 결과를 만드는 데 적용됩니다.",VTOL 무인기 조종자이(가) 수직이착륙과 고정익 천이비행 운용 업무를 수행할 때 VTOL을(를) 이해하고 적용하기 위해 학습합니다.,드론 구조와 Linux·C++ 기초(개발 과정),초급~중급,OFFICIAL_RESOURCE,공식 튜토리얼·문서,PX4 Autopilot User Guide,PX4-GUIDE,,PX4 / Dronecode Foundation,공식 오픈소스,"PX4의 기본 개념, 기체 구성, 비행 모드, 시뮬레이션, 로그 분석과 개발 절차를 단계별로 학습합니다.",PX4; 비행제어; 시뮬레이션; 로그; 기체 설정,초급~고급,온라인,무료,,온라인,자기주도 학습,상시,상시,대학생·취업준비생·재직자·일반인,없음,https://docs.px4.io/main/en/,PX4 / Dronecode Foundation,공식 기술문서,2026-09-28,상시 운영,,Basic Concepts → Simulation → Configuration → Development,공식 제공기관이 운영하는 교육·튜토리얼·문서 기반 학습경로.,공식 웹사이트 직접 확인
운용·안전,운항·시험·정비·안전,DJ-099,VTOL 무인기 조종자,조종·운항,천이비행,천이비행,"천이비행은(는) 드론 비행·임무 운항·관제·현장안전 업무에서 사용하는 도구·개념·절차입니다. 실제 직무에서는 설계, 운용, 분석 또는 의사결정 결과를 만드는 데 적용됩니다.",VTOL 무인기 조종자이(가) 수직이착륙과 고정익 천이비행 운용 업무를 수행할 때 천이비행을(를) 이해하고 적용하기 위해 학습합니다.,항공 법규와 드론 기본 구조 이해,초급~중급,PREREQUISITE,국비지원 직업훈련,초경량비행장치 무인멀티콥터(드론)조종자 1종 국가자격취득과정(이론+실기),AIG20250000502620,1068,중부드론교육원,직업훈련기관,소형무인기운용·조종 기반의 고용24 훈련과정입니다. 천이비행 학습에는 과정명과의 직접 연관성에 따라 기초·포함·선수 경로로 연결했습니다.,소형무인기운용·조종; 국가자격; 무인멀티콥터; VTOL,초급~중급,오프라인,국비지원(일부 자부담 가능),고용24 직업훈련(국민내일배움카드 적용 여부는 과정 상세 확인),충북 음성군,총 120시간,,2026-09-28~2026-10-16,국민내일배움카드(일반),드론 조종자 1종,https://www.work24.go.kr/hr/a/a/3100/selectTracseDetl.do?tracseId=AIG20250000502620&tracseTme=18&crseTracseSe=C0061&trainstCstmrId=500039127578,고용24 훈련과정 상세,정부사이트,2026-09-28,현재 운영,,법규·안전 → 모의비행 → 기본 조종 → 임무·비상절차 실습,대시보드 원본 교육데이터(예정)를 Skill과 연결. relevance_type=PREREQUISITE.,dashboard C.html / Work24 원천 링크
활용·콘텐츠,활용서비스,DJ-142,농업드론 방제사,농림·환경,Spraying,Spraying 관련 기술,"Spraying은(는) 드론 기반 농업·산림·환경 데이터 수집과 분석 업무에서 사용하는 도구·개념·절차입니다. 실제 직무에서는 설계, 운용, 분석 또는 의사결정 결과를 만드는 데 적용됩니다.","농업드론 방제사이(가) 농약·비료 살포 계획, 기체운용, 세척·안전관리 업무를 수행할 때 Spraying을(를) 이해하고 적용하기 위해 학습합니다.",드론 조종 기초와 공간정보 기초,초급~중급,INCLUDED,국비지원 직업훈련,"드론 활용실무(건설, 물류, 방제용 드론)",AVA20263001321903,1043,사단법인 한국에듀테크산업협회,직업훈련기관,소형무인기운용·조종 기반의 고용24 훈련과정입니다. Spraying 학습에는 과정명과의 직접 연관성에 따라 기초·포함·선수 경로로 연결했습니다.,소형무인기운용·조종; 방제; 스마트농업; 농업,초급~중급,온라인,국비지원(일부 자부담 가능),고용24 직업훈련(국민내일배움카드 적용 여부는 과정 상세 확인),온라인,총 21시간,,2026-09-24~2026-10-21,실업자원격훈련,수료 여부 과정별 확인,https://www.work24.go.kr/hr/a/a/3100/selectTracseDetl.do?tracseId=AVA20263001321903&tracseTme=9&crseTracseSe=C0055&trainstCstmrId=500020013301,고용24 훈련과정 상세,정부사이트,2026-09-28,현재 운영,,안전·조종 → 센서·GIS 기초 → 분야별 데이터 수집 → 현장 분석 프로젝트,대시보드 원본 교육데이터(예정)를 Skill과 연결. relevance_type=INCLUDED.,dashboard C.html / Work24 원천 링크
활용·콘텐츠,활용서비스,DJ-142,농업드론 방제사,농림·환경,농약안전,농약안전,"농약안전은(는) 드론 기반 농업·산림·환경 데이터 수집과 분석 업무에서 사용하는 도구·개념·절차입니다. 실제 직무에서는 설계, 운용, 분석 또는 의사결정 결과를 만드는 데 적용됩니다.","농업드론 방제사이(가) 농약·비료 살포 계획, 기체운용, 세척·안전관리 업무를 수행할 때 농약안전을(를) 이해하고 적용하기 위해 학습합니다.",드론 조종 기초와 공간정보 기초,초급~중급,INCLUDED,국비지원 직업훈련,"드론 활용실무(건설, 물류, 방제용 드론)",AVA20263001321903,1043,사단법인 한국에듀테크산업협회,직업훈련기관,소형무인기운용·조종 기반의 고용24 훈련과정입니다. 농약안전 학습에는 과정명과의 직접 연관성에 따라 기초·포함·선수 경로로 연결했습니다.,소형무인기운용·조종; 방제; 스마트농업; 농업,초급~중급,온라인,국비지원(일부 자부담 가능),고용24 직업훈련(국민내일배움카드 적용 여부는 과정 상세 확인),온라인,총 21시간,,2026-09-24~2026-10-21,실업자원격훈련,수료 여부 과정별 확인,https://www.work24.go.kr/hr/a/a/3100/selectTracseDetl.do?tracseId=AVA20263001321903&tracseTme=9&crseTracseSe=C0055&trainstCstmrId=500020013301,고용24 훈련과정 상세,정부사이트,2026-09-28,현재 운영,,안전·조종 → 센서·GIS 기초 → 분야별 데이터 수집 → 현장 분석 프로젝트,대시보드 원본 교육데이터(예정)를 Skill과 연결. relevance_type=INCLUDED.,dashboard C.html / Work24 원천 링크
활용·콘텐츠,활용서비스,DJ-142,농업드론 방제사,농림·환경,조종,조종,"조종은(는) 드론 기반 농업·산림·환경 데이터 수집과 분석 업무에서 사용하는 도구·개념·절차입니다. 실제 직무에서는 설계, 운용, 분석 또는 의사결정 결과를 만드는 데 적용됩니다.","농업드론 방제사이(가) 농약·비료 살포 계획, 기체운용, 세척·안전관리 업무를 수행할 때 조종을(를) 이해하고 적용하기 위해 학습합니다.",드론 조종 기초와 공간정보 기초,입문~초급,DIRECT,국비지원 직업훈련,초경량비행장치 무인멀티콥터(드론)조종자 1종 국가자격취득과정(이론+실기),AIG20250000502620,1068,중부드론교육원,직업훈련기관,소형무인기운용·조종 기반의 고용24 훈련과정입니다. 조종 학습에는 과정명과의 직접 연관성에 따라 기초·포함·선수 경로로 연결했습니다.,소형무인기운용·조종; 방제; 스마트농업; 농업,입문~초급,오프라인,국비지원(일부 자부담 가능),고용24 직업훈련(국민내일배움카드 적용 여부는 과정 상세 확인),충북 음성군,총 120시간,,2026-09-28~2026-10-16,국민내일배움카드(일반),드론 조종자 1종,https://www.work24.go.kr/hr/a/a/3100/selectTracseDetl.do?tracseId=AIG20250000502620&tracseTme=18&crseTracseSe=C0061&trainstCstmrId=500039127578,고용24 훈련과정 상세,정부사이트,2026-09-28,현재 운영,,안전·조종 → 센서·GIS 기초 → 분야별 데이터 수집 → 현장 분석 프로젝트,대시보드 원본 교육데이터(예정)를 Skill과 연결. relevance_type=DIRECT.,dashboard C.html / Work24 원천 링크
활용·콘텐츠,활용서비스,DJ-143,농업드론 파종·시비 작업자,농림·환경,GIS,지리정보시스템,"지리정보시스템은(는) 드론 기반 농업·산림·환경 데이터 수집과 분석 업무에서 사용하는 도구·개념·절차입니다. 실제 직무에서는 설계, 운용, 분석 또는 의사결정 결과를 만드는 데 적용됩니다.",농업드론 파종·시비 작업자이(가) 종자·비료의 정량 살포와 작업품질 관리 업무를 수행할 때 GIS을(를) 이해하고 적용하기 위해 학습합니다.,드론 조종 기초와 공간정보 기초,입문~초급,INCLUDED,국비지원 직업훈련,특화드론운용 및 2D/3D공간정보 촬영 편집(A반),AIG20250000520214,779,신한글로벌인재교육원,직업훈련기관,소형무인기운용·조종 기반의 고용24 훈련과정입니다. GIS 학습에는 과정명과의 직접 연관성에 따라 기초·포함·선수 경로로 연결했습니다.,소형무인기운용·조종; 측량; 3D; 맵핑,입문~초급,오프라인,국비지원(일부 자부담 가능),고용24 직업훈련(국민내일배움카드 적용 여부는 과정 상세 확인),경기 의정부시,총 645시간,,2026-07-27~2026-11-24,국가기간전략산업직종,수료 여부 과정별 확인,https://www.work24.go.kr/hr/a/a/3100/selectTracseDetl.do?tracseId=AIG20250000520214&tracseTme=1&crseTracseSe=C0061&trainstCstmrId=500020031915,고용24 훈련과정 상세,정부사이트,2026-09-28,현재 운영,https://docs.qgis.org/latest/en/docs/training_manual/index.html,안전·조종 → 센서·GIS 기초 → 분야별 데이터 수집 → 현장 분석 프로젝트,대시보드 원본 교육데이터(진행중)를 Skill과 연결. relevance_type=INCLUDED.,dashboard C.html / Work24 원천 링크
활용·콘텐츠,활용서비스,DJ-143,농업드론 파종·시비 작업자,농림·환경,GIS,지리정보시스템,"지리정보시스템은(는) 드론 기반 농업·산림·환경 데이터 수집과 분석 업무에서 사용하는 도구·개념·절차입니다. 실제 직무에서는 설계, 운용, 분석 또는 의사결정 결과를 만드는 데 적용됩니다.",농업드론 파종·시비 작업자이(가) 종자·비료의 정량 살포와 작업품질 관리 업무를 수행할 때 GIS을(를) 이해하고 적용하기 위해 학습합니다.,컴퓨터 파일 관리와 지도 기초,입문~초급,OFFICIAL_RESOURCE,공식 튜토리얼·문서,QGIS Training Manual,QGIS,,QGIS Project,공식 오픈소스,"GIS 인터페이스, 벡터·래스터 데이터, 좌표계, 공간분석과 지도 제작을 단계별로 실습합니다.",QGIS; GIS; CRS; Vector; Raster; Spatial Analysis,입문~중급,온라인,무료,,온라인,자기주도 학습,상시,상시,대학생·취업준비생·재직자·일반인,없음,https://docs.qgis.org/latest/en/docs/training_manual/index.html,QGIS Project,공식 기술문서,2026-09-28,상시 운영,,인터페이스 → 레이어·좌표계 → 편집 → 공간분석 → 드론 공간정보 프로젝트,공식 제공기관이 운영하는 교육·튜토리얼·문서 기반 학습경로.,공식 웹사이트 직접 확인
활용·콘텐츠,활용서비스,DJ-143,농업드론 파종·시비 작업자,농림·환경,Seeding,Seeding 관련 기술,"Seeding은(는) 드론 기반 농업·산림·환경 데이터 수집과 분석 업무에서 사용하는 도구·개념·절차입니다. 실제 직무에서는 설계, 운용, 분석 또는 의사결정 결과를 만드는 데 적용됩니다.",농업드론 파종·시비 작업자이(가) 종자·비료의 정량 살포와 작업품질 관리 업무를 수행할 때 Seeding을(를) 이해하고 적용하기 위해 학습합니다.,드론 조종 기초와 공간정보 기초,초급~중급,INCLUDED,국비지원 직업훈련,"드론 활용실무(건설, 물류, 방제용 드론)",AVA20263001321903,1043,사단법인 한국에듀테크산업협회,직업훈련기관,소형무인기운용·조종 기반의 고용24 훈련과정입니다. Seeding 학습에는 과정명과의 직접 연관성에 따라 기초·포함·선수 경로로 연결했습니다.,소형무인기운용·조종; 방제; 스마트농업; 농업,초급~중급,온라인,국비지원(일부 자부담 가능),고용24 직업훈련(국민내일배움카드 적용 여부는 과정 상세 확인),온라인,총 21시간,,2026-09-24~2026-10-21,실업자원격훈련,수료 여부 과정별 확인,https://www.work24.go.kr/hr/a/a/3100/selectTracseDetl.do?tracseId=AVA20263001321903&tracseTme=9&crseTracseSe=C0055&trainstCstmrId=500020013301,고용24 훈련과정 상세,정부사이트,2026-09-28,현재 운영,,안전·조종 → 센서·GIS 기초 → 분야별 데이터 수집 → 현장 분석 프로젝트,대시보드 원본 교육데이터(예정)를 Skill과 연결. relevance_type=INCLUDED.,dashboard C.html / Work24 원천 링크
활용·콘텐츠,활용서비스,DJ-143,농업드론 파종·시비 작업자,농림·환경,Variable Rate,Variable Rate 관련 기술,"Variable Rate은(는) 드론 기반 농업·산림·환경 데이터 수집과 분석 업무에서 사용하는 도구·개념·절차입니다. 실제 직무에서는 설계, 운용, 분석 또는 의사결정 결과를 만드는 데 적용됩니다.",농업드론 파종·시비 작업자이(가) 종자·비료의 정량 살포와 작업품질 관리 업무를 수행할 때 Variable Rate을(를) 이해하고 적용하기 위해 학습합니다.,드론 조종 기초와 공간정보 기초,초급~중급,INCLUDED,국비지원 직업훈련,"드론 활용실무(건설, 물류, 방제용 드론)",AVA20263001321903,1043,사단법인 한국에듀테크산업협회,직업훈련기관,소형무인기운용·조종 기반의 고용24 훈련과정입니다. Variable Rate 학습에는 과정명과의 직접 연관성에 따라 기초·포함·선수 경로로 연결했습니다.,소형무인기운용·조종; 방제; 스마트농업; 농업,초급~중급,온라인,국비지원(일부 자부담 가능),고용24 직업훈련(국민내일배움카드 적용 여부는 과정 상세 확인),온라인,총 21시간,,2026-09-24~2026-10-21,실업자원격훈련,수료 여부 과정별 확인,https://www.work24.go.kr/hr/a/a/3100/selectTracseDetl.do?tracseId=AVA20263001321903&tracseTme=9&crseTracseSe=C0055&trainstCstmrId=500020013301,고용24 훈련과정 상세,정부사이트,2026-09-28,현재 운영,,안전·조종 → 센서·GIS 기초 → 분야별 데이터 수집 → 현장 분석 프로젝트,대시보드 원본 교육데이터(예정)를 Skill과 연결. relevance_type=INCLUDED.,dashboard C.html / Work24 원천 링크
활용·콘텐츠,활용서비스,DJ-152,드론 대기오염·배출원 감시원,농림·환경,Evidence,Evidence 관련 기술,"Evidence은(는) 드론 기반 농업·산림·환경 데이터 수집과 분석 업무에서 사용하는 도구·개념·절차입니다. 실제 직무에서는 설계, 운용, 분석 또는 의사결정 결과를 만드는 데 적용됩니다.",드론 대기오염·배출원 감시원이(가) 미세먼지·가스 센서로 배출원 탐지와 단속 지원 업무를 수행할 때 Evidence을(를) 이해하고 적용하기 위해 학습합니다.,드론 조종 기초와 공간정보 기초,초급~중급,PREREQUISITE,국비지원 직업훈련,"드론 활용실무(건설, 물류, 방제용 드론)",AVA20263001321903,1043,사단법인 한국에듀테크산업협회,직업훈련기관,소형무인기운용·조종 기반의 고용24 훈련과정입니다. Evidence 학습에는 과정명과의 직접 연관성에 따라 기초·포함·선수 경로로 연결했습니다.,소형무인기운용·조종; 방제; 스마트농업; 농업,초급~중급,온라인,국비지원(일부 자부담 가능),고용24 직업훈련(국민내일배움카드 적용 여부는 과정 상세 확인),온라인,총 21시간,,2026-09-24~2026-10-21,실업자원격훈련,수료 여부 과정별 확인,https://www.work24.go.kr/hr/a/a/3100/selectTracseDetl.do?tracseId=AVA20263001321903&tracseTme=9&crseTracseSe=C0055&trainstCstmrId=500020013301,고용24 훈련과정 상세,정부사이트,2026-09-28,현재 운영,,안전·조종 → 센서·GIS 기초 → 분야별 데이터 수집 → 현장 분석 프로젝트,대시보드 원본 교육데이터(예정)를 Skill과 연결. relevance_type=PREREQUISITE.,dashboard C.html / Work24 원천 링크
활용·콘텐츠,활용서비스,DJ-152,드론 대기오염·배출원 감시원,농림·환경,Gas Sensor,Gas Sensor 관련 기술,"Gas Sensor은(는) 드론 기반 농업·산림·환경 데이터 수집과 분석 업무에서 사용하는 도구·개념·절차입니다. 실제 직무에서는 설계, 운용, 분석 또는 의사결정 결과를 만드는 데 적용됩니다.",드론 대기오염·배출원 감시원이(가) 미세먼지·가스 센서로 배출원 탐지와 단속 지원 업무를 수행할 때 Gas Sensor을(를) 이해하고 적용하기 위해 학습합니다.,드론 조종 기초와 공간정보 기초,초급~중급,PREREQUISITE,국비지원 직업훈련,"드론 활용실무(건설, 물류, 방제용 드론)",AVA20263001321903,1043,사단법인 한국에듀테크산업협회,직업훈련기관,소형무인기운용·조종 기반의 고용24 훈련과정입니다. Gas Sensor 학습에는 과정명과의 직접 연관성에 따라 기초·포함·선수 경로로 연결했습니다.,소형무인기운용·조종; 방제; 스마트농업; 농업,초급~중급,온라인,국비지원(일부 자부담 가능),고용24 직업훈련(국민내일배움카드 적용 여부는 과정 상세 확인),온라인,총 21시간,,2026-09-24~2026-10-21,실업자원격훈련,수료 여부 과정별 확인,https://www.work24.go.kr/hr/a/a/3100/selectTracseDetl.do?tracseId=AVA20263001321903&tracseTme=9&crseTracseSe=C0055&trainstCstmrId=500020013301,고용24 훈련과정 상세,정부사이트,2026-09-28,현재 운영,https://docs.arduino.cc/learn,안전·조종 → 센서·GIS 기초 → 분야별 데이터 수집 → 현장 분석 프로젝트,대시보드 원본 교육데이터(예정)를 Skill과 연결. relevance_type=PREREQUISITE.,dashboard C.html / Work24 원천 링크
활용·콘텐츠,활용서비스,DJ-152,드론 대기오염·배출원 감시원,농림·환경,Gas Sensor,Gas Sensor 관련 기술,"Gas Sensor은(는) 드론 기반 농업·산림·환경 데이터 수집과 분석 업무에서 사용하는 도구·개념·절차입니다. 실제 직무에서는 설계, 운용, 분석 또는 의사결정 결과를 만드는 데 적용됩니다.",드론 대기오염·배출원 감시원이(가) 미세먼지·가스 센서로 배출원 탐지와 단속 지원 업무를 수행할 때 Gas Sensor을(를) 이해하고 적용하기 위해 학습합니다.,전기 안전과 기초 회로,초급~중급,INCLUDED,공식 튜토리얼·문서,Arduino Learn,ARDUINO,,Arduino,기업 공식교육,"전자회로, 마이크로컨트롤러, 센서·모터·통신을 공식 실습 예제로 학습합니다.",Arduino; Electronics; MCU; Sensor; Motor; Serial Communication,입문~중급,온라인,무료,,온라인,자기주도 학습,상시,상시,대학생·취업준비생·재직자·일반인,없음,https://docs.arduino.cc/learn,Arduino,기업·기관 공식사이트,2026-09-28,상시 운영,,회로 기초 → 입출력 → 센서·통신 → 모터 제어 → 드론 장치 프로토타입,공식 제공기관이 운영하는 교육·튜토리얼·문서 기반 학습경로.,공식 웹사이트 직접 확인
활용·콘텐츠,활용서비스,DJ-152,드론 대기오염·배출원 감시원,농림·환경,PM,프로젝트 관리,"프로젝트 관리은(는) 드론 기반 농업·산림·환경 데이터 수집과 분석 업무에서 사용하는 도구·개념·절차입니다. 실제 직무에서는 설계, 운용, 분석 또는 의사결정 결과를 만드는 데 적용됩니다.",드론 대기오염·배출원 감시원이(가) 미세먼지·가스 센서로 배출원 탐지와 단속 지원 업무를 수행할 때 PM을(를) 이해하고 적용하기 위해 학습합니다.,드론 조종 기초와 공간정보 기초,초급~중급,PREREQUISITE,국비지원 직업훈련,"드론 활용실무(건설, 물류, 방제용 드론)",AVA20263001321903,1043,사단법인 한국에듀테크산업협회,직업훈련기관,소형무인기운용·조종 기반의 고용24 훈련과정입니다. PM 학습에는 과정명과의 직접 연관성에 따라 기초·포함·선수 경로로 연결했습니다.,소형무인기운용·조종; 방제; 스마트농업; 농업,초급~중급,온라인,국비지원(일부 자부담 가능),고용24 직업훈련(국민내일배움카드 적용 여부는 과정 상세 확인),온라인,총 21시간,,2026-09-24~2026-10-21,실업자원격훈련,수료 여부 과정별 확인,https://www.work24.go.kr/hr/a/a/3100/selectTracseDetl.do?tracseId=AVA20263001321903&tracseTme=9&crseTracseSe=C0055&trainstCstmrId=500020013301,고용24 훈련과정 상세,정부사이트,2026-09-28,현재 운영,,안전·조종 → 센서·GIS 기초 → 분야별 데이터 수집 → 현장 분석 프로젝트,대시보드 원본 교육데이터(예정)를 Skill과 연결. relevance_type=PREREQUISITE.,dashboard C.html / Work24 원천 링크
활용·콘텐츠,활용서비스,DJ-149,드론 산림병해충 예찰원,농림·환경,Multispectral,다중분광 영상,"다중분광 영상은(는) 드론 기반 농업·산림·환경 데이터 수집과 분석 업무에서 사용하는 도구·개념·절차입니다. 실제 직무에서는 설계, 운용, 분석 또는 의사결정 결과를 만드는 데 적용됩니다.",드론 산림병해충 예찰원이(가) 산림 병해충 피해 탐지·분포지도 작성 업무를 수행할 때 Multispectral을(를) 이해하고 적용하기 위해 학습합니다.,드론 조종 기초와 공간정보 기초,초급~중급,PREREQUISITE,국비지원 직업훈련,"드론 활용실무(건설, 물류, 방제용 드론)",AVA20263001321903,1043,사단법인 한국에듀테크산업협회,직업훈련기관,소형무인기운용·조종 기반의 고용24 훈련과정입니다. Multispectral 학습에는 과정명과의 직접 연관성에 따라 기초·포함·선수 경로로 연결했습니다.,소형무인기운용·조종; 방제; 스마트농업; 농업,초급~중급,온라인,국비지원(일부 자부담 가능),고용24 직업훈련(국민내일배움카드 적용 여부는 과정 상세 확인),온라인,총 21시간,,2026-09-24~2026-10-21,실업자원격훈련,수료 여부 과정별 확인,https://www.work24.go.kr/hr/a/a/3100/selectTracseDetl.do?tracseId=AVA20263001321903&tracseTme=9&crseTracseSe=C0055&trainstCstmrId=500020013301,고용24 훈련과정 상세,정부사이트,2026-09-28,현재 운영,https://enterprise-insights.dji.com/learning-center,안전·조종 → 센서·GIS 기초 → 분야별 데이터 수집 → 현장 분석 프로젝트,대시보드 원본 교육데이터(예정)를 Skill과 연결. relevance_type=PREREQUISITE.,dashboard C.html / Work24 원천 링크
활용·콘텐츠,활용서비스,DJ-149,드론 산림병해충 예찰원,농림·환경,Multispectral,다중분광 영상,"다중분광 영상은(는) 드론 기반 농업·산림·환경 데이터 수집과 분석 업무에서 사용하는 도구·개념·절차입니다. 실제 직무에서는 설계, 운용, 분석 또는 의사결정 결과를 만드는 데 적용됩니다.",드론 산림병해충 예찰원이(가) 산림 병해충 피해 탐지·분포지도 작성 업무를 수행할 때 Multispectral을(를) 이해하고 적용하기 위해 학습합니다.,드론 조종과 촬영 기초,초급~중급,OFFICIAL_RESOURCE,공식 튜토리얼·문서,DJI Enterprise Learning Center,DJI-GEO,,DJI Enterprise,기업 공식교육,측량·매핑·점검·공공안전 등 DJI Enterprise 장비와 지리공간 워크플로를 학습합니다.,DJI Enterprise; Mapping; Inspection; LiDAR; Drone Operations,초급~중급,온라인,무료/유료 혼합,,온라인,자기주도 학습,상시,상시,대학생·취업준비생·재직자·일반인,프로그램별 확인,https://enterprise-insights.dji.com/learning-center,DJI Enterprise,기업·기관 공식사이트,2026-09-28,상시 운영,,기체·안전 → 임무 설정 → 데이터 수집 → 처리 → 산업별 적용,공식 제공기관이 운영하는 교육·튜토리얼·문서 기반 학습경로.,공식 웹사이트 직접 확인
활용·콘텐츠,활용서비스,DJ-149,드론 산림병해충 예찰원,농림·환경,Pest Monitoring,Pest Monitoring 관련 기술,"Pest Monitoring은(는) 드론 기반 농업·산림·환경 데이터 수집과 분석 업무에서 사용하는 도구·개념·절차입니다. 실제 직무에서는 설계, 운용, 분석 또는 의사결정 결과를 만드는 데 적용됩니다.",드론 산림병해충 예찰원이(가) 산림 병해충 피해 탐지·분포지도 작성 업무를 수행할 때 Pest Monitoring을(를) 이해하고 적용하기 위해 학습합니다.,드론 조종 기초와 공간정보 기초,초급~중급,INCLUDED,국비지원 직업훈련,"드론 활용실무(건설, 물류, 방제용 드론)",AVA20263001321903,1043,사단법인 한국에듀테크산업협회,직업훈련기관,소형무인기운용·조종 기반의 고용24 훈련과정입니다. Pest Monitoring 학습에는 과정명과의 직접 연관성에 따라 기초·포함·선수 경로로 연결했습니다.,소형무인기운용·조종; 방제; 스마트농업; 농업,초급~중급,온라인,국비지원(일부 자부담 가능),고용24 직업훈련(국민내일배움카드 적용 여부는 과정 상세 확인),온라인,총 21시간,,2026-09-24~2026-10-21,실업자원격훈련,수료 여부 과정별 확인,https://www.work24.go.kr/hr/a/a/3100/selectTracseDetl.do?tracseId=AVA20263001321903&tracseTme=9&crseTracseSe=C0055&trainstCstmrId=500020013301,고용24 훈련과정 상세,정부사이트,2026-09-28,현재 운영,,안전·조종 → 센서·GIS 기초 → 분야별 데이터 수집 → 현장 분석 프로젝트,대시보드 원본 교육데이터(예정)를 Skill과 연결. relevance_type=INCLUDED.,dashboard C.html / Work24 원천 링크
활용·콘텐츠,활용서비스,DJ-148,드론 산림조사원,농림·환경,Forest GIS,Forest GIS 관련 기술,"Forest GIS은(는) 드론 기반 농업·산림·환경 데이터 수집과 분석 업무에서 사용하는 도구·개념·절차입니다. 실제 직무에서는 설계, 운용, 분석 또는 의사결정 결과를 만드는 데 적용됩니다.",드론 산림조사원이(가) 산림면적·수종·수고·병해충·훼손 상태 조사 업무를 수행할 때 Forest GIS을(를) 이해하고 적용하기 위해 학습합니다.,드론 조종 기초와 공간정보 기초,초급~중급,PREREQUISITE,국비지원 직업훈련,특화드론운용 및 2D/3D공간정보 촬영 편집(A반),AIG20250000520214,779,신한글로벌인재교육원,직업훈련기관,소형무인기운용·조종 기반의 고용24 훈련과정입니다. Forest GIS 학습에는 과정명과의 직접 연관성에 따라 기초·포함·선수 경로로 연결했습니다.,소형무인기운용·조종; 측량; 3D; 맵핑,초급~중급,오프라인,국비지원(일부 자부담 가능),고용24 직업훈련(국민내일배움카드 적용 여부는 과정 상세 확인),경기 의정부시,총 645시간,,2026-07-27~2026-11-24,국가기간전략산업직종,수료 여부 과정별 확인,https://www.work24.go.kr/hr/a/a/3100/selectTracseDetl.do?tracseId=AIG20250000520214&tracseTme=1&crseTracseSe=C0061&trainstCstmrId=500020031915,고용24 훈련과정 상세,정부사이트,2026-09-28,현재 운영,https://docs.qgis.org/latest/en/docs/training_manual/index.html,안전·조종 → 센서·GIS 기초 → 분야별 데이터 수집 → 현장 분석 프로젝트,대시보드 원본 교육데이터(진행중)를 Skill과 연결. relevance_type=PREREQUISITE.,dashboard C.html / Work24 원천 링크
활용·콘텐츠,활용서비스,DJ-148,드론 산림조사원,농림·환경,Forest GIS,Forest GIS 관련 기술,"Forest GIS은(는) 드론 기반 농업·산림·환경 데이터 수집과 분석 업무에서 사용하는 도구·개념·절차입니다. 실제 직무에서는 설계, 운용, 분석 또는 의사결정 결과를 만드는 데 적용됩니다.",드론 산림조사원이(가) 산림면적·수종·수고·병해충·훼손 상태 조사 업무를 수행할 때 Forest GIS을(를) 이해하고 적용하기 위해 학습합니다.,컴퓨터 파일 관리와 지도 기초,초급~중급,OFFICIAL_RESOURCE,공식 튜토리얼·문서,QGIS Training Manual,QGIS,,QGIS Project,공식 오픈소스,"GIS 인터페이스, 벡터·래스터 데이터, 좌표계, 공간분석과 지도 제작을 단계별로 실습합니다.",QGIS; GIS; CRS; Vector; Raster; Spatial Analysis,입문~중급,온라인,무료,,온라인,자기주도 학습,상시,상시,대학생·취업준비생·재직자·일반인,없음,https://docs.qgis.org/latest/en/docs/training_manual/index.html,QGIS Project,공식 기술문서,2026-09-28,상시 운영,,인터페이스 → 레이어·좌표계 → 편집 → 공간분석 → 드론 공간정보 프로젝트,공식 제공기관이 운영하는 교육·튜토리얼·문서 기반 학습경로.,공식 웹사이트 직접 확인
활용·콘텐츠,활용서비스,DJ-148,드론 산림조사원,농림·환경,LiDAR,라이다,"라이다은(는) 드론 기반 농업·산림·환경 데이터 수집과 분석 업무에서 사용하는 도구·개념·절차입니다. 실제 직무에서는 설계, 운용, 분석 또는 의사결정 결과를 만드는 데 적용됩니다.",드론 산림조사원이(가) 산림면적·수종·수고·병해충·훼손 상태 조사 업무를 수행할 때 LiDAR을(를) 이해하고 적용하기 위해 학습합니다.,드론 조종 기초와 공간정보 기초,초급~중급,INCLUDED,국비지원 직업훈련,특화드론운용 및 2D/3D공간정보 촬영 편집(A반),AIG20250000520214,779,신한글로벌인재교육원,직업훈련기관,소형무인기운용·조종 기반의 고용24 훈련과정입니다. LiDAR 학습에는 과정명과의 직접 연관성에 따라 기초·포함·선수 경로로 연결했습니다.,소형무인기운용·조종; 측량; 3D; 맵핑,초급~중급,오프라인,국비지원(일부 자부담 가능),고용24 직업훈련(국민내일배움카드 적용 여부는 과정 상세 확인),경기 의정부시,총 645시간,,2026-07-27~2026-11-24,국가기간전략산업직종,수료 여부 과정별 확인,https://www.work24.go.kr/hr/a/a/3100/selectTracseDetl.do?tracseId=AIG20250000520214&tracseTme=1&crseTracseSe=C0061&trainstCstmrId=500020031915,고용24 훈련과정 상세,정부사이트,2026-09-28,현재 운영,https://enterprise-insights.dji.com/learning-center,안전·조종 → 센서·GIS 기초 → 분야별 데이터 수집 → 현장 분석 프로젝트,대시보드 원본 교육데이터(진행중)를 Skill과 연결. relevance_type=INCLUDED.,dashboard C.html / Work24 원천 링크
활용·콘텐츠,활용서비스,DJ-148,드론 산림조사원,농림·환경,LiDAR,라이다,"라이다은(는) 드론 기반 농업·산림·환경 데이터 수집과 분석 업무에서 사용하는 도구·개념·절차입니다. 실제 직무에서는 설계, 운용, 분석 또는 의사결정 결과를 만드는 데 적용됩니다.",드론 산림조사원이(가) 산림면적·수종·수고·병해충·훼손 상태 조사 업무를 수행할 때 LiDAR을(를) 이해하고 적용하기 위해 학습합니다.,드론 조종과 촬영 기초,초급~중급,OFFICIAL_RESOURCE,공식 튜토리얼·문서,DJI Enterprise Learning Center,DJI-GEO,,DJI Enterprise,기업 공식교육,측량·매핑·점검·공공안전 등 DJI Enterprise 장비와 지리공간 워크플로를 학습합니다.,DJI Enterprise; Mapping; Inspection; LiDAR; Drone Operations,초급~중급,온라인,무료/유료 혼합,,온라인,자기주도 학습,상시,상시,대학생·취업준비생·재직자·일반인,프로그램별 확인,https://enterprise-insights.dji.com/learning-center,DJI Enterprise,기업·기관 공식사이트,2026-09-28,상시 운영,,기체·안전 → 임무 설정 → 데이터 수집 → 처리 → 산업별 적용,공식 제공기관이 운영하는 교육·튜토리얼·문서 기반 학습경로.,공식 웹사이트 직접 확인
활용·콘텐츠,활용서비스,DJ-148,드론 산림조사원,농림·환경,Remote Sensing,원격탐사,"원격탐사은(는) 드론 기반 농업·산림·환경 데이터 수집과 분석 업무에서 사용하는 도구·개념·절차입니다. 실제 직무에서는 설계, 운용, 분석 또는 의사결정 결과를 만드는 데 적용됩니다.",드론 산림조사원이(가) 산림면적·수종·수고·병해충·훼손 상태 조사 업무를 수행할 때 Remote Sensing을(를) 이해하고 적용하기 위해 학습합니다.,드론 조종 기초와 공간정보 기초,초급~중급,PREREQUISITE,국비지원 직업훈련,"드론 활용실무(건설, 물류, 방제용 드론)",AVA20263001321903,1043,사단법인 한국에듀테크산업협회,직업훈련기관,소형무인기운용·조종 기반의 고용24 훈련과정입니다. Remote Sensing 학습에는 과정명과의 직접 연관성에 따라 기초·포함·선수 경로로 연결했습니다.,소형무인기운용·조종; 방제; 스마트농업; 농업,초급~중급,온라인,국비지원(일부 자부담 가능),고용24 직업훈련(국민내일배움카드 적용 여부는 과정 상세 확인),온라인,총 21시간,,2026-09-24~2026-10-21,실업자원격훈련,수료 여부 과정별 확인,https://www.work24.go.kr/hr/a/a/3100/selectTracseDetl.do?tracseId=AVA20263001321903&tracseTme=9&crseTracseSe=C0055&trainstCstmrId=500020013301,고용24 훈련과정 상세,정부사이트,2026-09-28,현재 운영,https://docs.qgis.org/latest/en/docs/training_manual/index.html,안전·조종 → 센서·GIS 기초 → 분야별 데이터 수집 → 현장 분석 프로젝트,대시보드 원본 교육데이터(예정)를 Skill과 연결. relevance_type=PREREQUISITE.,dashboard C.html / Work24 원천 링크
활용·콘텐츠,활용서비스,DJ-148,드론 산림조사원,농림·환경,Remote Sensing,원격탐사,"원격탐사은(는) 드론 기반 농업·산림·환경 데이터 수집과 분석 업무에서 사용하는 도구·개념·절차입니다. 실제 직무에서는 설계, 운용, 분석 또는 의사결정 결과를 만드는 데 적용됩니다.",드론 산림조사원이(가) 산림면적·수종·수고·병해충·훼손 상태 조사 업무를 수행할 때 Remote Sensing을(를) 이해하고 적용하기 위해 학습합니다.,컴퓨터 파일 관리와 지도 기초,초급~중급,OFFICIAL_RESOURCE,공식 튜토리얼·문서,QGIS Training Manual,QGIS,,QGIS Project,공식 오픈소스,"GIS 인터페이스, 벡터·래스터 데이터, 좌표계, 공간분석과 지도 제작을 단계별로 실습합니다.",QGIS; GIS; CRS; Vector; Raster; Spatial Analysis,입문~중급,온라인,무료,,온라인,자기주도 학습,상시,상시,대학생·취업준비생·재직자·일반인,없음,https://docs.qgis.org/latest/en/docs/training_manual/index.html,QGIS Project,공식 기술문서,2026-09-28,상시 운영,,인터페이스 → 레이어·좌표계 → 편집 → 공간분석 → 드론 공간정보 프로젝트,공식 제공기관이 운영하는 교육·튜토리얼·문서 기반 학습경로.,공식 웹사이트 직접 확인
활용·콘텐츠,활용서비스,DJ-150,드론 산불감시·진화지원 요원,농림·환경,Incident Command,Incident Command 관련 기술,"Incident Command은(는) 드론 기반 농업·산림·환경 데이터 수집과 분석 업무에서 사용하는 도구·개념·절차입니다. 실제 직무에서는 설계, 운용, 분석 또는 의사결정 결과를 만드는 데 적용됩니다.",드론 산불감시·진화지원 요원이(가) 산불 감시·열원탐지·확산지도·진화대 지원 업무를 수행할 때 Incident Command을(를) 이해하고 적용하기 위해 학습합니다.,드론 조종 기초와 공간정보 기초,초급~중급,PREREQUISITE,국비지원 직업훈련,"드론 활용실무(건설, 물류, 방제용 드론)",AVA20263001321903,1043,사단법인 한국에듀테크산업협회,직업훈련기관,소형무인기운용·조종 기반의 고용24 훈련과정입니다. Incident Command 학습에는 과정명과의 직접 연관성에 따라 기초·포함·선수 경로로 연결했습니다.,소형무인기운용·조종; 방제; 스마트농업; 농업,초급~중급,온라인,국비지원(일부 자부담 가능),고용24 직업훈련(국민내일배움카드 적용 여부는 과정 상세 확인),온라인,총 21시간,,2026-09-24~2026-10-21,실업자원격훈련,수료 여부 과정별 확인,https://www.work24.go.kr/hr/a/a/3100/selectTracseDetl.do?tracseId=AVA20263001321903&tracseTme=9&crseTracseSe=C0055&trainstCstmrId=500020013301,고용24 훈련과정 상세,정부사이트,2026-09-28,현재 운영,,안전·조종 → 센서·GIS 기초 → 분야별 데이터 수집 → 현장 분석 프로젝트,대시보드 원본 교육데이터(예정)를 Skill과 연결. relevance_type=PREREQUISITE.,dashboard C.html / Work24 원천 링크
활용·콘텐츠,활용서비스,DJ-150,드론 산불감시·진화지원 요원,농림·환경,Mapping,공간정보 매핑,"공간정보 매핑은(는) 드론 기반 농업·산림·환경 데이터 수집과 분석 업무에서 사용하는 도구·개념·절차입니다. 실제 직무에서는 설계, 운용, 분석 또는 의사결정 결과를 만드는 데 적용됩니다.",드론 산불감시·진화지원 요원이(가) 산불 감시·열원탐지·확산지도·진화대 지원 업무를 수행할 때 Mapping을(를) 이해하고 적용하기 위해 학습합니다.,드론 조종 기초와 공간정보 기초,초급~중급,INCLUDED,국비지원 직업훈련,특화드론운용 및 2D/3D공간정보 촬영 편집(A반),AIG20250000520214,779,신한글로벌인재교육원,직업훈련기관,소형무인기운용·조종 기반의 고용24 훈련과정입니다. Mapping 학습에는 과정명과의 직접 연관성에 따라 기초·포함·선수 경로로 연결했습니다.,소형무인기운용·조종; 측량; 3D; 맵핑,초급~중급,오프라인,국비지원(일부 자부담 가능),고용24 직업훈련(국민내일배움카드 적용 여부는 과정 상세 확인),경기 의정부시,총 645시간,,2026-07-27~2026-11-24,국가기간전략산업직종,수료 여부 과정별 확인,https://www.work24.go.kr/hr/a/a/3100/selectTracseDetl.do?tracseId=AIG20250000520214&tracseTme=1&crseTracseSe=C0061&trainstCstmrId=500020031915,고용24 훈련과정 상세,정부사이트,2026-09-28,현재 운영,https://docs.qgis.org/latest/en/docs/training_manual/index.html,안전·조종 → 센서·GIS 기초 → 분야별 데이터 수집 → 현장 분석 프로젝트,대시보드 원본 교육데이터(진행중)를 Skill과 연결. relevance_type=INCLUDED.,dashboard C.html / Work24 원천 링크
활용·콘텐츠,활용서비스,DJ-150,드론 산불감시·진화지원 요원,농림·환경,Mapping,공간정보 매핑,"공간정보 매핑은(는) 드론 기반 농업·산림·환경 데이터 수집과 분석 업무에서 사용하는 도구·개념·절차입니다. 실제 직무에서는 설계, 운용, 분석 또는 의사결정 결과를 만드는 데 적용됩니다.",드론 산불감시·진화지원 요원이(가) 산불 감시·열원탐지·확산지도·진화대 지원 업무를 수행할 때 Mapping을(를) 이해하고 적용하기 위해 학습합니다.,드론 조종과 촬영 기초,초급~중급,OFFICIAL_RESOURCE,공식 튜토리얼·문서,DJI Enterprise Learning Center,DJI-GEO,,DJI Enterprise,기업 공식교육,측량·매핑·점검·공공안전 등 DJI Enterprise 장비와 지리공간 워크플로를 학습합니다.,DJI Enterprise; Mapping; Inspection; LiDAR; Drone Operations,초급~중급,온라인,무료/유료 혼합,,온라인,자기주도 학습,상시,상시,대학생·취업준비생·재직자·일반인,프로그램별 확인,https://enterprise-insights.dji.com/learning-center,DJI Enterprise,기업·기관 공식사이트,2026-09-28,상시 운영,,기체·안전 → 임무 설정 → 데이터 수집 → 처리 → 산업별 적용,공식 제공기관이 운영하는 교육·튜토리얼·문서 기반 학습경로.,공식 웹사이트 직접 확인
활용·콘텐츠,활용서비스,DJ-150,드론 산불감시·진화지원 요원,농림·환경,Mapping,공간정보 매핑,"공간정보 매핑은(는) 드론 기반 농업·산림·환경 데이터 수집과 분석 업무에서 사용하는 도구·개념·절차입니다. 실제 직무에서는 설계, 운용, 분석 또는 의사결정 결과를 만드는 데 적용됩니다.",드론 산불감시·진화지원 요원이(가) 산불 감시·열원탐지·확산지도·진화대 지원 업무를 수행할 때 Mapping을(를) 이해하고 적용하기 위해 학습합니다.,컴퓨터 파일 관리와 지도 기초,초급~중급,OFFICIAL_RESOURCE,공식 튜토리얼·문서,QGIS Training Manual,QGIS,,QGIS Project,공식 오픈소스,"GIS 인터페이스, 벡터·래스터 데이터, 좌표계, 공간분석과 지도 제작을 단계별로 실습합니다.",QGIS; GIS; CRS; Vector; Raster; Spatial Analysis,입문~중급,온라인,무료,,온라인,자기주도 학습,상시,상시,대학생·취업준비생·재직자·일반인,없음,https://docs.qgis.org/latest/en/docs/training_manual/index.html,QGIS Project,공식 기술문서,2026-09-28,상시 운영,,인터페이스 → 레이어·좌표계 → 편집 → 공간분석 → 드론 공간정보 프로젝트,공식 제공기관이 운영하는 교육·튜토리얼·문서 기반 학습경로.,공식 웹사이트 직접 확인
활용·콘텐츠,활용서비스,DJ-150,드론 산불감시·진화지원 요원,농림·환경,Thermal,Thermal 관련 기술,"Thermal은(는) 드론 기반 농업·산림·환경 데이터 수집과 분석 업무에서 사용하는 도구·개념·절차입니다. 실제 직무에서는 설계, 운용, 분석 또는 의사결정 결과를 만드는 데 적용됩니다.",드론 산불감시·진화지원 요원이(가) 산불 감시·열원탐지·확산지도·진화대 지원 업무를 수행할 때 Thermal을(를) 이해하고 적용하기 위해 학습합니다.,드론 조종 기초와 공간정보 기초,초급~중급,PREREQUISITE,국비지원 직업훈련,"드론 활용실무(건설, 물류, 방제용 드론)",AVA20263001321903,1043,사단법인 한국에듀테크산업협회,직업훈련기관,소형무인기운용·조종 기반의 고용24 훈련과정입니다. Thermal 학습에는 과정명과의 직접 연관성에 따라 기초·포함·선수 경로로 연결했습니다.,소형무인기운용·조종; 방제; 스마트농업; 농업,초급~중급,온라인,국비지원(일부 자부담 가능),고용24 직업훈련(국민내일배움카드 적용 여부는 과정 상세 확인),온라인,총 21시간,,2026-09-24~2026-10-21,실업자원격훈련,수료 여부 과정별 확인,https://www.work24.go.kr/hr/a/a/3100/selectTracseDetl.do?tracseId=AVA20263001321903&tracseTme=9&crseTracseSe=C0055&trainstCstmrId=500020013301,고용24 훈련과정 상세,정부사이트,2026-09-28,현재 운영,https://enterprise-insights.dji.com/learning-center,안전·조종 → 센서·GIS 기초 → 분야별 데이터 수집 → 현장 분석 프로젝트,대시보드 원본 교육데이터(예정)를 Skill과 연결. relevance_type=PREREQUISITE.,dashboard C.html / Work24 원천 링크
활용·콘텐츠,활용서비스,DJ-150,드론 산불감시·진화지원 요원,농림·환경,Thermal,Thermal 관련 기술,"Thermal은(는) 드론 기반 농업·산림·환경 데이터 수집과 분석 업무에서 사용하는 도구·개념·절차입니다. 실제 직무에서는 설계, 운용, 분석 또는 의사결정 결과를 만드는 데 적용됩니다.",드론 산불감시·진화지원 요원이(가) 산불 감시·열원탐지·확산지도·진화대 지원 업무를 수행할 때 Thermal을(를) 이해하고 적용하기 위해 학습합니다.,드론 조종과 촬영 기초,초급~중급,OFFICIAL_RESOURCE,공식 튜토리얼·문서,DJI Enterprise Learning Center,DJI-GEO,,DJI Enterprise,기업 공식교육,측량·매핑·점검·공공안전 등 DJI Enterprise 장비와 지리공간 워크플로를 학습합니다.,DJI Enterprise; Mapping; Inspection; LiDAR; Drone Operations,초급~중급,온라인,무료/유료 혼합,,온라인,자기주도 학습,상시,상시,대학생·취업준비생·재직자·일반인,프로그램별 확인,https://enterprise-insights.dji.com/learning-center,DJI Enterprise,기업·기관 공식사이트,2026-09-28,상시 운영,,기체·안전 → 임무 설정 → 데이터 수집 → 처리 → 산업별 적용,공식 제공기관이 운영하는 교육·튜토리얼·문서 기반 학습경로.,공식 웹사이트 직접 확인
활용·콘텐츠,활용서비스,DJ-153,드론 야생동물·생태 조사원,농림·환경,Ecology,Ecology 관련 기술,"Ecology은(는) 드론 기반 농업·산림·환경 데이터 수집과 분석 업무에서 사용하는 도구·개념·절차입니다. 실제 직무에서는 설계, 운용, 분석 또는 의사결정 결과를 만드는 데 적용됩니다.",드론 야생동물·생태 조사원이(가) 열화상·영상으로 개체수·서식지·이동경로 조사 업무를 수행할 때 Ecology을(를) 이해하고 적용하기 위해 학습합니다.,드론 조종 기초와 공간정보 기초,초급~중급,PREREQUISITE,국비지원 직업훈련,"드론 활용실무(건설, 물류, 방제용 드론)",AVA20263001321903,1043,사단법인 한국에듀테크산업협회,직업훈련기관,소형무인기운용·조종 기반의 고용24 훈련과정입니다. Ecology 학습에는 과정명과의 직접 연관성에 따라 기초·포함·선수 경로로 연결했습니다.,소형무인기운용·조종; 방제; 스마트농업; 농업,초급~중급,온라인,국비지원(일부 자부담 가능),고용24 직업훈련(국민내일배움카드 적용 여부는 과정 상세 확인),온라인,총 21시간,,2026-09-24~2026-10-21,실업자원격훈련,수료 여부 과정별 확인,https://www.work24.go.kr/hr/a/a/3100/selectTracseDetl.do?tracseId=AVA20263001321903&tracseTme=9&crseTracseSe=C0055&trainstCstmrId=500020013301,고용24 훈련과정 상세,정부사이트,2026-09-28,현재 운영,,안전·조종 → 센서·GIS 기초 → 분야별 데이터 수집 → 현장 분석 프로젝트,대시보드 원본 교육데이터(예정)를 Skill과 연결. relevance_type=PREREQUISITE.,dashboard C.html / Work24 원천 링크
활용·콘텐츠,활용서비스,DJ-153,드론 야생동물·생태 조사원,농림·환경,GIS,지리정보시스템,"지리정보시스템은(는) 드론 기반 농업·산림·환경 데이터 수집과 분석 업무에서 사용하는 도구·개념·절차입니다. 실제 직무에서는 설계, 운용, 분석 또는 의사결정 결과를 만드는 데 적용됩니다.",드론 야생동물·생태 조사원이(가) 열화상·영상으로 개체수·서식지·이동경로 조사 업무를 수행할 때 GIS을(를) 이해하고 적용하기 위해 학습합니다.,드론 조종 기초와 공간정보 기초,입문~초급,INCLUDED,국비지원 직업훈련,특화드론운용 및 2D/3D공간정보 촬영 편집(A반),AIG20250000520214,779,신한글로벌인재교육원,직업훈련기관,소형무인기운용·조종 기반의 고용24 훈련과정입니다. GIS 학습에는 과정명과의 직접 연관성에 따라 기초·포함·선수 경로로 연결했습니다.,소형무인기운용·조종; 측량; 3D; 맵핑,입문~초급,오프라인,국비지원(일부 자부담 가능),고용24 직업훈련(국민내일배움카드 적용 여부는 과정 상세 확인),경기 의정부시,총 645시간,,2026-07-27~2026-11-24,국가기간전략산업직종,수료 여부 과정별 확인,https://www.work24.go.kr/hr/a/a/3100/selectTracseDetl.do?tracseId=AIG20250000520214&tracseTme=1&crseTracseSe=C0061&trainstCstmrId=500020031915,고용24 훈련과정 상세,정부사이트,2026-09-28,현재 운영,https://docs.qgis.org/latest/en/docs/training_manual/index.html,안전·조종 → 센서·GIS 기초 → 분야별 데이터 수집 → 현장 분석 프로젝트,대시보드 원본 교육데이터(진행중)를 Skill과 연결. relevance_type=INCLUDED.,dashboard C.html / Work24 원천 링크
활용·콘텐츠,활용서비스,DJ-153,드론 야생동물·생태 조사원,농림·환경,GIS,지리정보시스템,"지리정보시스템은(는) 드론 기반 농업·산림·환경 데이터 수집과 분석 업무에서 사용하는 도구·개념·절차입니다. 실제 직무에서는 설계, 운용, 분석 또는 의사결정 결과를 만드는 데 적용됩니다.",드론 야생동물·생태 조사원이(가) 열화상·영상으로 개체수·서식지·이동경로 조사 업무를 수행할 때 GIS을(를) 이해하고 적용하기 위해 학습합니다.,컴퓨터 파일 관리와 지도 기초,입문~초급,OFFICIAL_RESOURCE,공식 튜토리얼·문서,QGIS Training Manual,QGIS,,QGIS Project,공식 오픈소스,"GIS 인터페이스, 벡터·래스터 데이터, 좌표계, 공간분석과 지도 제작을 단계별로 실습합니다.",QGIS; GIS; CRS; Vector; Raster; Spatial Analysis,입문~중급,온라인,무료,,온라인,자기주도 학습,상시,상시,대학생·취업준비생·재직자·일반인,없음,https://docs.qgis.org/latest/en/docs/training_manual/index.html,QGIS Project,공식 기술문서,2026-09-28,상시 운영,,인터페이스 → 레이어·좌표계 → 편집 → 공간분석 → 드론 공간정보 프로젝트,공식 제공기관이 운영하는 교육·튜토리얼·문서 기반 학습경로.,공식 웹사이트 직접 확인
활용·콘텐츠,활용서비스,DJ-153,드론 야생동물·생태 조사원,농림·환경,Thermal,Thermal 관련 기술,"Thermal은(는) 드론 기반 농업·산림·환경 데이터 수집과 분석 업무에서 사용하는 도구·개념·절차입니다. 실제 직무에서는 설계, 운용, 분석 또는 의사결정 결과를 만드는 데 적용됩니다.",드론 야생동물·생태 조사원이(가) 열화상·영상으로 개체수·서식지·이동경로 조사 업무를 수행할 때 Thermal을(를) 이해하고 적용하기 위해 학습합니다.,드론 조종 기초와 공간정보 기초,초급~중급,PREREQUISITE,국비지원 직업훈련,"드론 활용실무(건설, 물류, 방제용 드론)",AVA20263001321903,1043,사단법인 한국에듀테크산업협회,직업훈련기관,소형무인기운용·조종 기반의 고용24 훈련과정입니다. Thermal 학습에는 과정명과의 직접 연관성에 따라 기초·포함·선수 경로로 연결했습니다.,소형무인기운용·조종; 방제; 스마트농업; 농업,초급~중급,온라인,국비지원(일부 자부담 가능),고용24 직업훈련(국민내일배움카드 적용 여부는 과정 상세 확인),온라인,총 21시간,,2026-09-24~2026-10-21,실업자원격훈련,수료 여부 과정별 확인,https://www.work24.go.kr/hr/a/a/3100/selectTracseDetl.do?tracseId=AVA20263001321903&tracseTme=9&crseTracseSe=C0055&trainstCstmrId=500020013301,고용24 훈련과정 상세,정부사이트,2026-09-28,현재 운영,https://enterprise-insights.dji.com/learning-center,안전·조종 → 센서·GIS 기초 → 분야별 데이터 수집 → 현장 분석 프로젝트,대시보드 원본 교육데이터(예정)를 Skill과 연결. relevance_type=PREREQUISITE.,dashboard C.html / Work24 원천 링크
활용·콘텐츠,활용서비스,DJ-153,드론 야생동물·생태 조사원,농림·환경,Thermal,Thermal 관련 기술,"Thermal은(는) 드론 기반 농업·산림·환경 데이터 수집과 분석 업무에서 사용하는 도구·개념·절차입니다. 실제 직무에서는 설계, 운용, 분석 또는 의사결정 결과를 만드는 데 적용됩니다.",드론 야생동물·생태 조사원이(가) 열화상·영상으로 개체수·서식지·이동경로 조사 업무를 수행할 때 Thermal을(를) 이해하고 적용하기 위해 학습합니다.,드론 조종과 촬영 기초,초급~중급,OFFICIAL_RESOURCE,공식 튜토리얼·문서,DJI Enterprise Learning Center,DJI-GEO,,DJI Enterprise,기업 공식교육,측량·매핑·점검·공공안전 등 DJI Enterprise 장비와 지리공간 워크플로를 학습합니다.,DJI Enterprise; Mapping; Inspection; LiDAR; Drone Operations,초급~중급,온라인,무료/유료 혼합,,온라인,자기주도 학습,상시,상시,대학생·취업준비생·재직자·일반인,프로그램별 확인,https://enterprise-insights.dji.com/learning-center,DJI Enterprise,기업·기관 공식사이트,2026-09-28,상시 운영,,기체·안전 → 임무 설정 → 데이터 수집 → 처리 → 산업별 적용,공식 제공기관이 운영하는 교육·튜토리얼·문서 기반 학습경로.,공식 웹사이트 직접 확인
활용·콘텐츠,활용서비스,DJ-144,드론 인공수분 작업자,농림·환경,Pollination,Pollination 관련 기술,"Pollination은(는) 드론 기반 농업·산림·환경 데이터 수집과 분석 업무에서 사용하는 도구·개념·절차입니다. 실제 직무에서는 설계, 운용, 분석 또는 의사결정 결과를 만드는 데 적용됩니다.",드론 인공수분 작업자이(가) 과수·작물의 꽃가루 살포와 비행경로 운용 업무를 수행할 때 Pollination을(를) 이해하고 적용하기 위해 학습합니다.,드론 조종 기초와 공간정보 기초,초급~중급,INCLUDED,국비지원 직업훈련,"드론 활용실무(건설, 물류, 방제용 드론)",AVA20263001321903,1043,사단법인 한국에듀테크산업협회,직업훈련기관,소형무인기운용·조종 기반의 고용24 훈련과정입니다. Pollination 학습에는 과정명과의 직접 연관성에 따라 기초·포함·선수 경로로 연결했습니다.,소형무인기운용·조종; 방제; 스마트농업; 농업,초급~중급,온라인,국비지원(일부 자부담 가능),고용24 직업훈련(국민내일배움카드 적용 여부는 과정 상세 확인),온라인,총 21시간,,2026-09-24~2026-10-21,실업자원격훈련,수료 여부 과정별 확인,https://www.work24.go.kr/hr/a/a/3100/selectTracseDetl.do?tracseId=AVA20263001321903&tracseTme=9&crseTracseSe=C0055&trainstCstmrId=500020013301,고용24 훈련과정 상세,정부사이트,2026-09-28,현재 운영,,안전·조종 → 센서·GIS 기초 → 분야별 데이터 수집 → 현장 분석 프로젝트,대시보드 원본 교육데이터(예정)를 Skill과 연결. relevance_type=INCLUDED.,dashboard C.html / Work24 원천 링크
활용·콘텐츠,활용서비스,DJ-144,드론 인공수분 작업자,농림·환경,농업,농업,"농업은(는) 드론 기반 농업·산림·환경 데이터 수집과 분석 업무에서 사용하는 도구·개념·절차입니다. 실제 직무에서는 설계, 운용, 분석 또는 의사결정 결과를 만드는 데 적용됩니다.",드론 인공수분 작업자이(가) 과수·작물의 꽃가루 살포와 비행경로 운용 업무를 수행할 때 농업을(를) 이해하고 적용하기 위해 학습합니다.,드론 조종 기초와 공간정보 기초,초급~중급,INCLUDED,국비지원 직업훈련,"드론 활용실무(건설, 물류, 방제용 드론)",AVA20263001321903,1043,사단법인 한국에듀테크산업협회,직업훈련기관,소형무인기운용·조종 기반의 고용24 훈련과정입니다. 농업 학습에는 과정명과의 직접 연관성에 따라 기초·포함·선수 경로로 연결했습니다.,소형무인기운용·조종; 방제; 스마트농업; 농업,초급~중급,온라인,국비지원(일부 자부담 가능),고용24 직업훈련(국민내일배움카드 적용 여부는 과정 상세 확인),온라인,총 21시간,,2026-09-24~2026-10-21,실업자원격훈련,수료 여부 과정별 확인,https://www.work24.go.kr/hr/a/a/3100/selectTracseDetl.do?tracseId=AVA20263001321903&tracseTme=9&crseTracseSe=C0055&trainstCstmrId=500020013301,고용24 훈련과정 상세,정부사이트,2026-09-28,현재 운영,,안전·조종 → 센서·GIS 기초 → 분야별 데이터 수집 → 현장 분석 프로젝트,대시보드 원본 교육데이터(예정)를 Skill과 연결. relevance_type=INCLUDED.,dashboard C.html / Work24 원천 링크
활용·콘텐츠,활용서비스,DJ-144,드론 인공수분 작업자,농림·환경,살포,살포,"살포은(는) 드론 기반 농업·산림·환경 데이터 수집과 분석 업무에서 사용하는 도구·개념·절차입니다. 실제 직무에서는 설계, 운용, 분석 또는 의사결정 결과를 만드는 데 적용됩니다.",드론 인공수분 작업자이(가) 과수·작물의 꽃가루 살포와 비행경로 운용 업무를 수행할 때 살포을(를) 이해하고 적용하기 위해 학습합니다.,드론 조종 기초와 공간정보 기초,초급~중급,INCLUDED,국비지원 직업훈련,"드론 활용실무(건설, 물류, 방제용 드론)",AVA20263001321903,1043,사단법인 한국에듀테크산업협회,직업훈련기관,소형무인기운용·조종 기반의 고용24 훈련과정입니다. 살포 학습에는 과정명과의 직접 연관성에 따라 기초·포함·선수 경로로 연결했습니다.,소형무인기운용·조종; 방제; 스마트농업; 농업,초급~중급,온라인,국비지원(일부 자부담 가능),고용24 직업훈련(국민내일배움카드 적용 여부는 과정 상세 확인),온라인,총 21시간,,2026-09-24~2026-10-21,실업자원격훈련,수료 여부 과정별 확인,https://www.work24.go.kr/hr/a/a/3100/selectTracseDetl.do?tracseId=AVA20263001321903&tracseTme=9&crseTracseSe=C0055&trainstCstmrId=500020013301,고용24 훈련과정 상세,정부사이트,2026-09-28,현재 운영,,안전·조종 → 센서·GIS 기초 → 분야별 데이터 수집 → 현장 분석 프로젝트,대시보드 원본 교육데이터(예정)를 Skill과 연결. relevance_type=INCLUDED.,dashboard C.html / Work24 원천 링크
활용·콘텐츠,활용서비스,DJ-145,드론 작황·생육 조사원,농림·환경,Agronomy,Agronomy 관련 기술,"Agronomy은(는) 드론 기반 농업·산림·환경 데이터 수집과 분석 업무에서 사용하는 도구·개념·절차입니다. 실제 직무에서는 설계, 운용, 분석 또는 의사결정 결과를 만드는 데 적용됩니다.",드론 작황·생육 조사원이(가) 다중분광 영상으로 생육·병해·수분 스트레스 조사 업무를 수행할 때 Agronomy을(를) 이해하고 적용하기 위해 학습합니다.,드론 조종 기초와 공간정보 기초,초급~중급,INCLUDED,국비지원 직업훈련,"드론 활용실무(건설, 물류, 방제용 드론)",AVA20263001321903,1043,사단법인 한국에듀테크산업협회,직업훈련기관,소형무인기운용·조종 기반의 고용24 훈련과정입니다. Agronomy 학습에는 과정명과의 직접 연관성에 따라 기초·포함·선수 경로로 연결했습니다.,소형무인기운용·조종; 방제; 스마트농업; 농업,초급~중급,온라인,국비지원(일부 자부담 가능),고용24 직업훈련(국민내일배움카드 적용 여부는 과정 상세 확인),온라인,총 21시간,,2026-09-24~2026-10-21,실업자원격훈련,수료 여부 과정별 확인,https://www.work24.go.kr/hr/a/a/3100/selectTracseDetl.do?tracseId=AVA20263001321903&tracseTme=9&crseTracseSe=C0055&trainstCstmrId=500020013301,고용24 훈련과정 상세,정부사이트,2026-09-28,현재 운영,,안전·조종 → 센서·GIS 기초 → 분야별 데이터 수집 → 현장 분석 프로젝트,대시보드 원본 교육데이터(예정)를 Skill과 연결. relevance_type=INCLUDED.,dashboard C.html / Work24 원천 링크
활용·콘텐츠,활용서비스,DJ-145,드론 작황·생육 조사원,농림·환경,Multispectral,다중분광 영상,"다중분광 영상은(는) 드론 기반 농업·산림·환경 데이터 수집과 분석 업무에서 사용하는 도구·개념·절차입니다. 실제 직무에서는 설계, 운용, 분석 또는 의사결정 결과를 만드는 데 적용됩니다.",드론 작황·생육 조사원이(가) 다중분광 영상으로 생육·병해·수분 스트레스 조사 업무를 수행할 때 Multispectral을(를) 이해하고 적용하기 위해 학습합니다.,드론 조종 기초와 공간정보 기초,초급~중급,PREREQUISITE,국비지원 직업훈련,"드론 활용실무(건설, 물류, 방제용 드론)",AVA20263001321903,1043,사단법인 한국에듀테크산업협회,직업훈련기관,소형무인기운용·조종 기반의 고용24 훈련과정입니다. Multispectral 학습에는 과정명과의 직접 연관성에 따라 기초·포함·선수 경로로 연결했습니다.,소형무인기운용·조종; 방제; 스마트농업; 농업,초급~중급,온라인,국비지원(일부 자부담 가능),고용24 직업훈련(국민내일배움카드 적용 여부는 과정 상세 확인),온라인,총 21시간,,2026-09-24~2026-10-21,실업자원격훈련,수료 여부 과정별 확인,https://www.work24.go.kr/hr/a/a/3100/selectTracseDetl.do?tracseId=AVA20263001321903&tracseTme=9&crseTracseSe=C0055&trainstCstmrId=500020013301,고용24 훈련과정 상세,정부사이트,2026-09-28,현재 운영,https://enterprise-insights.dji.com/learning-center,안전·조종 → 센서·GIS 기초 → 분야별 데이터 수집 → 현장 분석 프로젝트,대시보드 원본 교육데이터(예정)를 Skill과 연결. relevance_type=PREREQUISITE.,dashboard C.html / Work24 원천 링크
활용·콘텐츠,활용서비스,DJ-145,드론 작황·생육 조사원,농림·환경,Multispectral,다중분광 영상,"다중분광 영상은(는) 드론 기반 농업·산림·환경 데이터 수집과 분석 업무에서 사용하는 도구·개념·절차입니다. 실제 직무에서는 설계, 운용, 분석 또는 의사결정 결과를 만드는 데 적용됩니다.",드론 작황·생육 조사원이(가) 다중분광 영상으로 생육·병해·수분 스트레스 조사 업무를 수행할 때 Multispectral을(를) 이해하고 적용하기 위해 학습합니다.,드론 조종과 촬영 기초,초급~중급,OFFICIAL_RESOURCE,공식 튜토리얼·문서,DJI Enterprise Learning Center,DJI-GEO,,DJI Enterprise,기업 공식교육,측량·매핑·점검·공공안전 등 DJI Enterprise 장비와 지리공간 워크플로를 학습합니다.,DJI Enterprise; Mapping; Inspection; LiDAR; Drone Operations,초급~중급,온라인,무료/유료 혼합,,온라인,자기주도 학습,상시,상시,대학생·취업준비생·재직자·일반인,프로그램별 확인,https://enterprise-insights.dji.com/learning-center,DJI Enterprise,기업·기관 공식사이트,2026-09-28,상시 운영,,기체·안전 → 임무 설정 → 데이터 수집 → 처리 → 산업별 적용,공식 제공기관이 운영하는 교육·튜토리얼·문서 기반 학습경로.,공식 웹사이트 직접 확인
활용·콘텐츠,활용서비스,DJ-145,드론 작황·생육 조사원,농림·환경,NDVI,정규식생지수,"정규식생지수은(는) 드론 기반 농업·산림·환경 데이터 수집과 분석 업무에서 사용하는 도구·개념·절차입니다. 실제 직무에서는 설계, 운용, 분석 또는 의사결정 결과를 만드는 데 적용됩니다.",드론 작황·생육 조사원이(가) 다중분광 영상으로 생육·병해·수분 스트레스 조사 업무를 수행할 때 NDVI을(를) 이해하고 적용하기 위해 학습합니다.,드론 조종 기초와 공간정보 기초,초급~중급,INCLUDED,국비지원 직업훈련,"드론 활용실무(건설, 물류, 방제용 드론)",AVA20263001321903,1043,사단법인 한국에듀테크산업협회,직업훈련기관,소형무인기운용·조종 기반의 고용24 훈련과정입니다. NDVI 학습에는 과정명과의 직접 연관성에 따라 기초·포함·선수 경로로 연결했습니다.,소형무인기운용·조종; 방제; 스마트농업; 농업,초급~중급,온라인,국비지원(일부 자부담 가능),고용24 직업훈련(국민내일배움카드 적용 여부는 과정 상세 확인),온라인,총 21시간,,2026-09-24~2026-10-21,실업자원격훈련,수료 여부 과정별 확인,https://www.work24.go.kr/hr/a/a/3100/selectTracseDetl.do?tracseId=AVA20263001321903&tracseTme=9&crseTracseSe=C0055&trainstCstmrId=500020013301,고용24 훈련과정 상세,정부사이트,2026-09-28,현재 운영,,안전·조종 → 센서·GIS 기초 → 분야별 데이터 수집 → 현장 분석 프로젝트,대시보드 원본 교육데이터(예정)를 Skill과 연결. relevance_type=INCLUDED.,dashboard C.html / Work24 원천 링크
활용·콘텐츠,활용서비스,DJ-146,드론 정밀농업 분석가,농림·환경,Agronomy,Agronomy 관련 기술,"Agronomy은(는) 드론 기반 농업·산림·환경 데이터 수집과 분석 업무에서 사용하는 도구·개념·절차입니다. 실제 직무에서는 설계, 운용, 분석 또는 의사결정 결과를 만드는 데 적용됩니다.",드론 정밀농업 분석가이(가) 영상·토양·수확 데이터를 분석해 처방지도 생성 업무를 수행할 때 Agronomy을(를) 이해하고 적용하기 위해 학습합니다.,드론 조종 기초와 공간정보 기초,초급~중급,INCLUDED,국비지원 직업훈련,"드론 활용실무(건설, 물류, 방제용 드론)",AVA20263001321903,1043,사단법인 한국에듀테크산업협회,직업훈련기관,소형무인기운용·조종 기반의 고용24 훈련과정입니다. Agronomy 학습에는 과정명과의 직접 연관성에 따라 기초·포함·선수 경로로 연결했습니다.,소형무인기운용·조종; 방제; 스마트농업; 농업,초급~중급,온라인,국비지원(일부 자부담 가능),고용24 직업훈련(국민내일배움카드 적용 여부는 과정 상세 확인),온라인,총 21시간,,2026-09-24~2026-10-21,실업자원격훈련,수료 여부 과정별 확인,https://www.work24.go.kr/hr/a/a/3100/selectTracseDetl.do?tracseId=AVA20263001321903&tracseTme=9&crseTracseSe=C0055&trainstCstmrId=500020013301,고용24 훈련과정 상세,정부사이트,2026-09-28,현재 운영,,안전·조종 → 센서·GIS 기초 → 분야별 데이터 수집 → 현장 분석 프로젝트,대시보드 원본 교육데이터(예정)를 Skill과 연결. relevance_type=INCLUDED.,dashboard C.html / Work24 원천 링크
활용·콘텐츠,활용서비스,DJ-146,드론 정밀농업 분석가,농림·환경,GIS,지리정보시스템,"지리정보시스템은(는) 드론 기반 농업·산림·환경 데이터 수집과 분석 업무에서 사용하는 도구·개념·절차입니다. 실제 직무에서는 설계, 운용, 분석 또는 의사결정 결과를 만드는 데 적용됩니다.",드론 정밀농업 분석가이(가) 영상·토양·수확 데이터를 분석해 처방지도 생성 업무를 수행할 때 GIS을(를) 이해하고 적용하기 위해 학습합니다.,드론 조종 기초와 공간정보 기초,입문~초급,INCLUDED,국비지원 직업훈련,특화드론운용 및 2D/3D공간정보 촬영 편집(A반),AIG20250000520214,779,신한글로벌인재교육원,직업훈련기관,소형무인기운용·조종 기반의 고용24 훈련과정입니다. GIS 학습에는 과정명과의 직접 연관성에 따라 기초·포함·선수 경로로 연결했습니다.,소형무인기운용·조종; 측량; 3D; 맵핑,입문~초급,오프라인,국비지원(일부 자부담 가능),고용24 직업훈련(국민내일배움카드 적용 여부는 과정 상세 확인),경기 의정부시,총 645시간,,2026-07-27~2026-11-24,국가기간전략산업직종,수료 여부 과정별 확인,https://www.work24.go.kr/hr/a/a/3100/selectTracseDetl.do?tracseId=AIG20250000520214&tracseTme=1&crseTracseSe=C0061&trainstCstmrId=500020031915,고용24 훈련과정 상세,정부사이트,2026-09-28,현재 운영,https://docs.qgis.org/latest/en/docs/training_manual/index.html,안전·조종 → 센서·GIS 기초 → 분야별 데이터 수집 → 현장 분석 프로젝트,대시보드 원본 교육데이터(진행중)를 Skill과 연결. relevance_type=INCLUDED.,dashboard C.html / Work24 원천 링크
활용·콘텐츠,활용서비스,DJ-146,드론 정밀농업 분석가,농림·환경,GIS,지리정보시스템,"지리정보시스템은(는) 드론 기반 농업·산림·환경 데이터 수집과 분석 업무에서 사용하는 도구·개념·절차입니다. 실제 직무에서는 설계, 운용, 분석 또는 의사결정 결과를 만드는 데 적용됩니다.",드론 정밀농업 분석가이(가) 영상·토양·수확 데이터를 분석해 처방지도 생성 업무를 수행할 때 GIS을(를) 이해하고 적용하기 위해 학습합니다.,컴퓨터 파일 관리와 지도 기초,입문~초급,OFFICIAL_RESOURCE,공식 튜토리얼·문서,QGIS Training Manual,QGIS,,QGIS Project,공식 오픈소스,"GIS 인터페이스, 벡터·래스터 데이터, 좌표계, 공간분석과 지도 제작을 단계별로 실습합니다.",QGIS; GIS; CRS; Vector; Raster; Spatial Analysis,입문~중급,온라인,무료,,온라인,자기주도 학습,상시,상시,대학생·취업준비생·재직자·일반인,없음,https://docs.qgis.org/latest/en/docs/training_manual/index.html,QGIS Project,공식 기술문서,2026-09-28,상시 운영,,인터페이스 → 레이어·좌표계 → 편집 → 공간분석 → 드론 공간정보 프로젝트,공식 제공기관이 운영하는 교육·튜토리얼·문서 기반 학습경로.,공식 웹사이트 직접 확인
활용·콘텐츠,활용서비스,DJ-146,드론 정밀농업 분석가,농림·환경,Remote Sensing,원격탐사,"원격탐사은(는) 드론 기반 농업·산림·환경 데이터 수집과 분석 업무에서 사용하는 도구·개념·절차입니다. 실제 직무에서는 설계, 운용, 분석 또는 의사결정 결과를 만드는 데 적용됩니다.",드론 정밀농업 분석가이(가) 영상·토양·수확 데이터를 분석해 처방지도 생성 업무를 수행할 때 Remote Sensing을(를) 이해하고 적용하기 위해 학습합니다.,드론 조종 기초와 공간정보 기초,초급~중급,PREREQUISITE,국비지원 직업훈련,"드론 활용실무(건설, 물류, 방제용 드론)",AVA20263001321903,1043,사단법인 한국에듀테크산업협회,직업훈련기관,소형무인기운용·조종 기반의 고용24 훈련과정입니다. Remote Sensing 학습에는 과정명과의 직접 연관성에 따라 기초·포함·선수 경로로 연결했습니다.,소형무인기운용·조종; 방제; 스마트농업; 농업,초급~중급,온라인,국비지원(일부 자부담 가능),고용24 직업훈련(국민내일배움카드 적용 여부는 과정 상세 확인),온라인,총 21시간,,2026-09-24~2026-10-21,실업자원격훈련,수료 여부 과정별 확인,https://www.work24.go.kr/hr/a/a/3100/selectTracseDetl.do?tracseId=AVA20263001321903&tracseTme=9&crseTracseSe=C0055&trainstCstmrId=500020013301,고용24 훈련과정 상세,정부사이트,2026-09-28,현재 운영,https://docs.qgis.org/latest/en/docs/training_manual/index.html,안전·조종 → 센서·GIS 기초 → 분야별 데이터 수집 → 현장 분석 프로젝트,대시보드 원본 교육데이터(예정)를 Skill과 연결. relevance_type=PREREQUISITE.,dashboard C.html / Work24 원천 링크
활용·콘텐츠,활용서비스,DJ-146,드론 정밀농업 분석가,농림·환경,Remote Sensing,원격탐사,"원격탐사은(는) 드론 기반 농업·산림·환경 데이터 수집과 분석 업무에서 사용하는 도구·개념·절차입니다. 실제 직무에서는 설계, 운용, 분석 또는 의사결정 결과를 만드는 데 적용됩니다.",드론 정밀농업 분석가이(가) 영상·토양·수확 데이터를 분석해 처방지도 생성 업무를 수행할 때 Remote Sensing을(를) 이해하고 적용하기 위해 학습합니다.,컴퓨터 파일 관리와 지도 기초,초급~중급,OFFICIAL_RESOURCE,공식 튜토리얼·문서,QGIS Training Manual,QGIS,,QGIS Project,공식 오픈소스,"GIS 인터페이스, 벡터·래스터 데이터, 좌표계, 공간분석과 지도 제작을 단계별로 실습합니다.",QGIS; GIS; CRS; Vector; Raster; Spatial Analysis,입문~중급,온라인,무료,,온라인,자기주도 학습,상시,상시,대학생·취업준비생·재직자·일반인,없음,https://docs.qgis.org/latest/en/docs/training_manual/index.html,QGIS Project,공식 기술문서,2026-09-28,상시 운영,,인터페이스 → 레이어·좌표계 → 편집 → 공간분석 → 드론 공간정보 프로젝트,공식 제공기관이 운영하는 교육·튜토리얼·문서 기반 학습경로.,공식 웹사이트 직접 확인
활용·콘텐츠,활용서비스,DJ-147,드론 축산·가축 모니터링 담당자,농림·환경,Detection,Detection 관련 기술,"Detection은(는) 드론 기반 농업·산림·환경 데이터 수집과 분석 업무에서 사용하는 도구·개념·절차입니다. 실제 직무에서는 설계, 운용, 분석 또는 의사결정 결과를 만드는 데 적용됩니다.",드론 축산·가축 모니터링 담당자이(가) 방목지·가축 위치·이상행동·시설 상태 점검 업무를 수행할 때 Detection을(를) 이해하고 적용하기 위해 학습합니다.,드론 조종 기초와 공간정보 기초,초급~중급,PREREQUISITE,국비지원 직업훈련,"드론 활용실무(건설, 물류, 방제용 드론)",AVA20263001321903,1043,사단법인 한국에듀테크산업협회,직업훈련기관,소형무인기운용·조종 기반의 고용24 훈련과정입니다. Detection 학습에는 과정명과의 직접 연관성에 따라 기초·포함·선수 경로로 연결했습니다.,소형무인기운용·조종; 방제; 스마트농업; 농업,초급~중급,온라인,국비지원(일부 자부담 가능),고용24 직업훈련(국민내일배움카드 적용 여부는 과정 상세 확인),온라인,총 21시간,,2026-09-24~2026-10-21,실업자원격훈련,수료 여부 과정별 확인,https://www.work24.go.kr/hr/a/a/3100/selectTracseDetl.do?tracseId=AVA20263001321903&tracseTme=9&crseTracseSe=C0055&trainstCstmrId=500020013301,고용24 훈련과정 상세,정부사이트,2026-09-28,현재 운영,https://docs.opencv.org/5.0/tutorials/tutorials.html,안전·조종 → 센서·GIS 기초 → 분야별 데이터 수집 → 현장 분석 프로젝트,대시보드 원본 교육데이터(예정)를 Skill과 연결. relevance_type=PREREQUISITE.,dashboard C.html / Work24 원천 링크
활용·콘텐츠,활용서비스,DJ-147,드론 축산·가축 모니터링 담당자,농림·환경,Detection,Detection 관련 기술,"Detection은(는) 드론 기반 농업·산림·환경 데이터 수집과 분석 업무에서 사용하는 도구·개념·절차입니다. 실제 직무에서는 설계, 운용, 분석 또는 의사결정 결과를 만드는 데 적용됩니다.",드론 축산·가축 모니터링 담당자이(가) 방목지·가축 위치·이상행동·시설 상태 점검 업무를 수행할 때 Detection을(를) 이해하고 적용하기 위해 학습합니다.,Python 또는 C++ 기초,초급~중급,OFFICIAL_RESOURCE,공식 튜토리얼·문서,OpenCV Tutorials,OPENCV,,OpenCV,공식 오픈소스,"영상 입출력, 특징 추출, 객체 검출, 추적과 영상처리 파이프라인을 공식 예제로 학습합니다.",OpenCV; Image Processing; Detection; Tracking; Feature,초급~중급,온라인,무료,,온라인,자기주도 학습,상시,상시,대학생·취업준비생·재직자·일반인,없음,https://docs.opencv.org/5.0/tutorials/tutorials.html,OpenCV,공식 기술문서,2026-09-28,상시 운영,,영상 입출력 → 기본 처리 → 특징·검출 → 추적 → 드론 영상 적용,공식 제공기관이 운영하는 교육·튜토리얼·문서 기반 학습경로.,공식 웹사이트 직접 확인
활용·콘텐츠,활용서비스,DJ-147,드론 축산·가축 모니터링 담당자,농림·환경,Detection,Detection 관련 기술,"Detection은(는) 드론 기반 농업·산림·환경 데이터 수집과 분석 업무에서 사용하는 도구·개념·절차입니다. 실제 직무에서는 설계, 운용, 분석 또는 의사결정 결과를 만드는 데 적용됩니다.",드론 축산·가축 모니터링 담당자이(가) 방목지·가축 위치·이상행동·시설 상태 점검 업무를 수행할 때 Detection을(를) 이해하고 적용하기 위해 학습합니다.,Python과 기초 선형대수,초급~중급,OFFICIAL_RESOURCE,공식 튜토리얼·문서,PyTorch Tutorials,PYTORCH,,PyTorch Foundation,공식 오픈소스,"텐서, 데이터셋, 신경망 학습부터 컴퓨터 비전 전이학습과 객체탐지까지 실습합니다.",PyTorch; Tensor; Dataset; Deep Learning; Computer Vision,초급~고급,온라인,무료,,온라인,자기주도 학습,상시,상시,대학생·취업준비생·재직자·일반인,없음,https://docs.pytorch.org/tutorials/,PyTorch Foundation,공식 기술문서,2026-09-28,상시 운영,,Tensor → Dataset → Model Training → Computer Vision → 드론 데이터 프로젝트,공식 제공기관이 운영하는 교육·튜토리얼·문서 기반 학습경로.,공식 웹사이트 직접 확인
활용·콘텐츠,활용서비스,DJ-147,드론 축산·가축 모니터링 담당자,농림·환경,GIS,지리정보시스템,"지리정보시스템은(는) 드론 기반 농업·산림·환경 데이터 수집과 분석 업무에서 사용하는 도구·개념·절차입니다. 실제 직무에서는 설계, 운용, 분석 또는 의사결정 결과를 만드는 데 적용됩니다.",드론 축산·가축 모니터링 담당자이(가) 방목지·가축 위치·이상행동·시설 상태 점검 업무를 수행할 때 GIS을(를) 이해하고 적용하기 위해 학습합니다.,드론 조종 기초와 공간정보 기초,입문~초급,INCLUDED,국비지원 직업훈련,특화드론운용 및 2D/3D공간정보 촬영 편집(A반),AIG20250000520214,779,신한글로벌인재교육원,직업훈련기관,소형무인기운용·조종 기반의 고용24 훈련과정입니다. GIS 학습에는 과정명과의 직접 연관성에 따라 기초·포함·선수 경로로 연결했습니다.,소형무인기운용·조종; 측량; 3D; 맵핑,입문~초급,오프라인,국비지원(일부 자부담 가능),고용24 직업훈련(국민내일배움카드 적용 여부는 과정 상세 확인),경기 의정부시,총 645시간,,2026-07-27~2026-11-24,국가기간전략산업직종,수료 여부 과정별 확인,https://www.work24.go.kr/hr/a/a/3100/selectTracseDetl.do?tracseId=AIG20250000520214&tracseTme=1&crseTracseSe=C0061&trainstCstmrId=500020031915,고용24 훈련과정 상세,정부사이트,2026-09-28,현재 운영,https://docs.qgis.org/latest/en/docs/training_manual/index.html,안전·조종 → 센서·GIS 기초 → 분야별 데이터 수집 → 현장 분석 프로젝트,대시보드 원본 교육데이터(진행중)를 Skill과 연결. relevance_type=INCLUDED.,dashboard C.html / Work24 원천 링크
활용·콘텐츠,활용서비스,DJ-147,드론 축산·가축 모니터링 담당자,농림·환경,GIS,지리정보시스템,"지리정보시스템은(는) 드론 기반 농업·산림·환경 데이터 수집과 분석 업무에서 사용하는 도구·개념·절차입니다. 실제 직무에서는 설계, 운용, 분석 또는 의사결정 결과를 만드는 데 적용됩니다.",드론 축산·가축 모니터링 담당자이(가) 방목지·가축 위치·이상행동·시설 상태 점검 업무를 수행할 때 GIS을(를) 이해하고 적용하기 위해 학습합니다.,컴퓨터 파일 관리와 지도 기초,입문~초급,OFFICIAL_RESOURCE,공식 튜토리얼·문서,QGIS Training Manual,QGIS,,QGIS Project,공식 오픈소스,"GIS 인터페이스, 벡터·래스터 데이터, 좌표계, 공간분석과 지도 제작을 단계별로 실습합니다.",QGIS; GIS; CRS; Vector; Raster; Spatial Analysis,입문~중급,온라인,무료,,온라인,자기주도 학습,상시,상시,대학생·취업준비생·재직자·일반인,없음,https://docs.qgis.org/latest/en/docs/training_manual/index.html,QGIS Project,공식 기술문서,2026-09-28,상시 운영,,인터페이스 → 레이어·좌표계 → 편집 → 공간분석 → 드론 공간정보 프로젝트,공식 제공기관이 운영하는 교육·튜토리얼·문서 기반 학습경로.,공식 웹사이트 직접 확인
활용·콘텐츠,활용서비스,DJ-147,드론 축산·가축 모니터링 담당자,농림·환경,Thermal,Thermal 관련 기술,"Thermal은(는) 드론 기반 농업·산림·환경 데이터 수집과 분석 업무에서 사용하는 도구·개념·절차입니다. 실제 직무에서는 설계, 운용, 분석 또는 의사결정 결과를 만드는 데 적용됩니다.",드론 축산·가축 모니터링 담당자이(가) 방목지·가축 위치·이상행동·시설 상태 점검 업무를 수행할 때 Thermal을(를) 이해하고 적용하기 위해 학습합니다.,드론 조종 기초와 공간정보 기초,초급~중급,PREREQUISITE,국비지원 직업훈련,"드론 활용실무(건설, 물류, 방제용 드론)",AVA20263001321903,1043,사단법인 한국에듀테크산업협회,직업훈련기관,소형무인기운용·조종 기반의 고용24 훈련과정입니다. Thermal 학습에는 과정명과의 직접 연관성에 따라 기초·포함·선수 경로로 연결했습니다.,소형무인기운용·조종; 방제; 스마트농업; 농업,초급~중급,온라인,국비지원(일부 자부담 가능),고용24 직업훈련(국민내일배움카드 적용 여부는 과정 상세 확인),온라인,총 21시간,,2026-09-24~2026-10-21,실업자원격훈련,수료 여부 과정별 확인,https://www.work24.go.kr/hr/a/a/3100/selectTracseDetl.do?tracseId=AVA20263001321903&tracseTme=9&crseTracseSe=C0055&trainstCstmrId=500020013301,고용24 훈련과정 상세,정부사이트,2026-09-28,현재 운영,https://enterprise-insights.dji.com/learning-center,안전·조종 → 센서·GIS 기초 → 분야별 데이터 수집 → 현장 분석 프로젝트,대시보드 원본 교육데이터(예정)를 Skill과 연결. relevance_type=PREREQUISITE.,dashboard C.html / Work24 원천 링크
활용·콘텐츠,활용서비스,DJ-147,드론 축산·가축 모니터링 담당자,농림·환경,Thermal,Thermal 관련 기술,"Thermal은(는) 드론 기반 농업·산림·환경 데이터 수집과 분석 업무에서 사용하는 도구·개념·절차입니다. 실제 직무에서는 설계, 운용, 분석 또는 의사결정 결과를 만드는 데 적용됩니다.",드론 축산·가축 모니터링 담당자이(가) 방목지·가축 위치·이상행동·시설 상태 점검 업무를 수행할 때 Thermal을(를) 이해하고 적용하기 위해 학습합니다.,드론 조종과 촬영 기초,초급~중급,OFFICIAL_RESOURCE,공식 튜토리얼·문서,DJI Enterprise Learning Center,DJI-GEO,,DJI Enterprise,기업 공식교육,측량·매핑·점검·공공안전 등 DJI Enterprise 장비와 지리공간 워크플로를 학습합니다.,DJI Enterprise; Mapping; Inspection; LiDAR; Drone Operations,초급~중급,온라인,무료/유료 혼합,,온라인,자기주도 학습,상시,상시,대학생·취업준비생·재직자·일반인,프로그램별 확인,https://enterprise-insights.dji.com/learning-center,DJI Enterprise,기업·기관 공식사이트,2026-09-28,상시 운영,,기체·안전 → 임무 설정 → 데이터 수집 → 처리 → 산업별 적용,공식 제공기관이 운영하는 교육·튜토리얼·문서 기반 학습경로.,공식 웹사이트 직접 확인
활용·콘텐츠,활용서비스,DJ-151,드론 환경모니터링 조사원,농림·환경,Environmental Sensor,Environmental Sensor 관련 기술,"Environmental Sensor은(는) 드론 기반 농업·산림·환경 데이터 수집과 분석 업무에서 사용하는 도구·개념·절차입니다. 실제 직무에서는 설계, 운용, 분석 또는 의사결정 결과를 만드는 데 적용됩니다.",드론 환경모니터링 조사원이(가) 대기·수질·폐기물·서식지 상태를 촬영·센서로 조사 업무를 수행할 때 Environmental Sensor을(를) 이해하고 적용하기 위해 학습합니다.,드론 조종 기초와 공간정보 기초,초급~중급,PREREQUISITE,국비지원 직업훈련,"드론 활용실무(건설, 물류, 방제용 드론)",AVA20263001321903,1043,사단법인 한국에듀테크산업협회,직업훈련기관,소형무인기운용·조종 기반의 고용24 훈련과정입니다. Environmental Sensor 학습에는 과정명과의 직접 연관성에 따라 기초·포함·선수 경로로 연결했습니다.,소형무인기운용·조종; 방제; 스마트농업; 농업,초급~중급,온라인,국비지원(일부 자부담 가능),고용24 직업훈련(국민내일배움카드 적용 여부는 과정 상세 확인),온라인,총 21시간,,2026-09-24~2026-10-21,실업자원격훈련,수료 여부 과정별 확인,https://www.work24.go.kr/hr/a/a/3100/selectTracseDetl.do?tracseId=AVA20263001321903&tracseTme=9&crseTracseSe=C0055&trainstCstmrId=500020013301,고용24 훈련과정 상세,정부사이트,2026-09-28,현재 운영,https://docs.arduino.cc/learn,안전·조종 → 센서·GIS 기초 → 분야별 데이터 수집 → 현장 분석 프로젝트,대시보드 원본 교육데이터(예정)를 Skill과 연결. relevance_type=PREREQUISITE.,dashboard C.html / Work24 원천 링크
활용·콘텐츠,활용서비스,DJ-151,드론 환경모니터링 조사원,농림·환경,Environmental Sensor,Environmental Sensor 관련 기술,"Environmental Sensor은(는) 드론 기반 농업·산림·환경 데이터 수집과 분석 업무에서 사용하는 도구·개념·절차입니다. 실제 직무에서는 설계, 운용, 분석 또는 의사결정 결과를 만드는 데 적용됩니다.",드론 환경모니터링 조사원이(가) 대기·수질·폐기물·서식지 상태를 촬영·센서로 조사 업무를 수행할 때 Environmental Sensor을(를) 이해하고 적용하기 위해 학습합니다.,전기 안전과 기초 회로,초급~중급,INCLUDED,공식 튜토리얼·문서,Arduino Learn,ARDUINO,,Arduino,기업 공식교육,"전자회로, 마이크로컨트롤러, 센서·모터·통신을 공식 실습 예제로 학습합니다.",Arduino; Electronics; MCU; Sensor; Motor; Serial Communication,입문~중급,온라인,무료,,온라인,자기주도 학습,상시,상시,대학생·취업준비생·재직자·일반인,없음,https://docs.arduino.cc/learn,Arduino,기업·기관 공식사이트,2026-09-28,상시 운영,,회로 기초 → 입출력 → 센서·통신 → 모터 제어 → 드론 장치 프로토타입,공식 제공기관이 운영하는 교육·튜토리얼·문서 기반 학습경로.,공식 웹사이트 직접 확인
활용·콘텐츠,활용서비스,DJ-151,드론 환경모니터링 조사원,농림·환경,GIS,지리정보시스템,"지리정보시스템은(는) 드론 기반 농업·산림·환경 데이터 수집과 분석 업무에서 사용하는 도구·개념·절차입니다. 실제 직무에서는 설계, 운용, 분석 또는 의사결정 결과를 만드는 데 적용됩니다.",드론 환경모니터링 조사원이(가) 대기·수질·폐기물·서식지 상태를 촬영·센서로 조사 업무를 수행할 때 GIS을(를) 이해하고 적용하기 위해 학습합니다.,드론 조종 기초와 공간정보 기초,입문~초급,INCLUDED,국비지원 직업훈련,특화드론운용 및 2D/3D공간정보 촬영 편집(A반),AIG20250000520214,779,신한글로벌인재교육원,직업훈련기관,소형무인기운용·조종 기반의 고용24 훈련과정입니다. GIS 학습에는 과정명과의 직접 연관성에 따라 기초·포함·선수 경로로 연결했습니다.,소형무인기운용·조종; 측량; 3D; 맵핑,입문~초급,오프라인,국비지원(일부 자부담 가능),고용24 직업훈련(국민내일배움카드 적용 여부는 과정 상세 확인),경기 의정부시,총 645시간,,2026-07-27~2026-11-24,국가기간전략산업직종,수료 여부 과정별 확인,https://www.work24.go.kr/hr/a/a/3100/selectTracseDetl.do?tracseId=AIG20250000520214&tracseTme=1&crseTracseSe=C0061&trainstCstmrId=500020031915,고용24 훈련과정 상세,정부사이트,2026-09-28,현재 운영,https://docs.qgis.org/latest/en/docs/training_manual/index.html,안전·조종 → 센서·GIS 기초 → 분야별 데이터 수집 → 현장 분석 프로젝트,대시보드 원본 교육데이터(진행중)를 Skill과 연결. relevance_type=INCLUDED.,dashboard C.html / Work24 원천 링크
활용·콘텐츠,활용서비스,DJ-151,드론 환경모니터링 조사원,농림·환경,GIS,지리정보시스템,"지리정보시스템은(는) 드론 기반 농업·산림·환경 데이터 수집과 분석 업무에서 사용하는 도구·개념·절차입니다. 실제 직무에서는 설계, 운용, 분석 또는 의사결정 결과를 만드는 데 적용됩니다.",드론 환경모니터링 조사원이(가) 대기·수질·폐기물·서식지 상태를 촬영·센서로 조사 업무를 수행할 때 GIS을(를) 이해하고 적용하기 위해 학습합니다.,컴퓨터 파일 관리와 지도 기초,입문~초급,OFFICIAL_RESOURCE,공식 튜토리얼·문서,QGIS Training Manual,QGIS,,QGIS Project,공식 오픈소스,"GIS 인터페이스, 벡터·래스터 데이터, 좌표계, 공간분석과 지도 제작을 단계별로 실습합니다.",QGIS; GIS; CRS; Vector; Raster; Spatial Analysis,입문~중급,온라인,무료,,온라인,자기주도 학습,상시,상시,대학생·취업준비생·재직자·일반인,없음,https://docs.qgis.org/latest/en/docs/training_manual/index.html,QGIS Project,공식 기술문서,2026-09-28,상시 운영,,인터페이스 → 레이어·좌표계 → 편집 → 공간분석 → 드론 공간정보 프로젝트,공식 제공기관이 운영하는 교육·튜토리얼·문서 기반 학습경로.,공식 웹사이트 직접 확인
활용·콘텐츠,활용서비스,DJ-151,드론 환경모니터링 조사원,농림·환경,Sampling,Sampling 관련 기술,"Sampling은(는) 드론 기반 농업·산림·환경 데이터 수집과 분석 업무에서 사용하는 도구·개념·절차입니다. 실제 직무에서는 설계, 운용, 분석 또는 의사결정 결과를 만드는 데 적용됩니다.",드론 환경모니터링 조사원이(가) 대기·수질·폐기물·서식지 상태를 촬영·센서로 조사 업무를 수행할 때 Sampling을(를) 이해하고 적용하기 위해 학습합니다.,드론 조종 기초와 공간정보 기초,초급~중급,PREREQUISITE,국비지원 직업훈련,"드론 활용실무(건설, 물류, 방제용 드론)",AVA20263001321903,1043,사단법인 한국에듀테크산업협회,직업훈련기관,소형무인기운용·조종 기반의 고용24 훈련과정입니다. Sampling 학습에는 과정명과의 직접 연관성에 따라 기초·포함·선수 경로로 연결했습니다.,소형무인기운용·조종; 방제; 스마트농업; 농업,초급~중급,온라인,국비지원(일부 자부담 가능),고용24 직업훈련(국민내일배움카드 적용 여부는 과정 상세 확인),온라인,총 21시간,,2026-09-24~2026-10-21,실업자원격훈련,수료 여부 과정별 확인,https://www.work24.go.kr/hr/a/a/3100/selectTracseDetl.do?tracseId=AVA20263001321903&tracseTme=9&crseTracseSe=C0055&trainstCstmrId=500020013301,고용24 훈련과정 상세,정부사이트,2026-09-28,현재 운영,,안전·조종 → 센서·GIS 기초 → 분야별 데이터 수집 → 현장 분석 프로젝트,대시보드 원본 교육데이터(예정)를 Skill과 연결. relevance_type=PREREQUISITE.,dashboard C.html / Work24 원천 링크
활용·콘텐츠,활용서비스,DJ-173,경찰 드론 순찰·수사 지원요원,재난·치안·해양·물류,Evidence,Evidence 관련 기술,"Evidence은(는) 공공안전·해양·물류 임무의 드론 운용 업무에서 사용하는 도구·개념·절차입니다. 실제 직무에서는 설계, 운용, 분석 또는 의사결정 결과를 만드는 데 적용됩니다.",경찰 드론 순찰·수사 지원요원이(가) 순찰·실종수색·교통·현장기록 등 경찰 임무 지원 업무를 수행할 때 Evidence을(를) 이해하고 적용하기 위해 학습합니다.,드론 조종·안전·임무계획 기초,초급~중급,PREREQUISITE,국비지원 직업훈련,무인항공기 임무비행 전문가,AIG20250000531993,1007,디엠씨,직업훈련기관,소형무인기운용·조종 기반의 고용24 훈련과정입니다. Evidence 학습에는 과정명과의 직접 연관성에 따라 기초·포함·선수 경로로 연결했습니다.,소형무인기운용·조종; 재난; 임무비행; 수중드론,초급~중급,오프라인,국비지원(일부 자부담 가능),고용24 직업훈련(국민내일배움카드 적용 여부는 과정 상세 확인),경남 양산시,총 320시간,,2026-09-15~2026-11-13,국민내일배움카드(일반),수료 여부 과정별 확인,https://www.work24.go.kr/hr/a/a/3100/selectTracseDetl.do?tracseId=AIG20250000531993&tracseTme=5&crseTracseSe=C0061&trainstCstmrId=500038945686,고용24 훈련과정 상세,정부사이트,2026-09-28,현재 운영,,안전·조종 → 임무 절차 → 센서·통신 → 분야별 모의·현장 실습,대시보드 원본 교육데이터(진행중)를 Skill과 연결. relevance_type=PREREQUISITE.,dashboard C.html / Work24 원천 링크
활용·콘텐츠,활용서비스,DJ-173,경찰 드론 순찰·수사 지원요원,재난·치안·해양·물류,Privacy,Privacy 관련 기술,"Privacy은(는) 공공안전·해양·물류 임무의 드론 운용 업무에서 사용하는 도구·개념·절차입니다. 실제 직무에서는 설계, 운용, 분석 또는 의사결정 결과를 만드는 데 적용됩니다.",경찰 드론 순찰·수사 지원요원이(가) 순찰·실종수색·교통·현장기록 등 경찰 임무 지원 업무를 수행할 때 Privacy을(를) 이해하고 적용하기 위해 학습합니다.,드론 조종·안전·임무계획 기초,초급~중급,PREREQUISITE,국비지원 직업훈련,무인항공기 임무비행 전문가,AIG20250000531993,1007,디엠씨,직업훈련기관,소형무인기운용·조종 기반의 고용24 훈련과정입니다. Privacy 학습에는 과정명과의 직접 연관성에 따라 기초·포함·선수 경로로 연결했습니다.,소형무인기운용·조종; 재난; 임무비행; 수중드론,초급~중급,오프라인,국비지원(일부 자부담 가능),고용24 직업훈련(국민내일배움카드 적용 여부는 과정 상세 확인),경남 양산시,총 320시간,,2026-09-15~2026-11-13,국민내일배움카드(일반),수료 여부 과정별 확인,https://www.work24.go.kr/hr/a/a/3100/selectTracseDetl.do?tracseId=AIG20250000531993&tracseTme=5&crseTracseSe=C0061&trainstCstmrId=500038945686,고용24 훈련과정 상세,정부사이트,2026-09-28,현재 운영,,안전·조종 → 임무 절차 → 센서·통신 → 분야별 모의·현장 실습,대시보드 원본 교육데이터(진행중)를 Skill과 연결. relevance_type=PREREQUISITE.,dashboard C.html / Work24 원천 링크
활용·콘텐츠,활용서비스,DJ-173,경찰 드론 순찰·수사 지원요원,재난·치안·해양·물류,Public Safety,Public Safety 관련 기술,"Public Safety은(는) 공공안전·해양·물류 임무의 드론 운용 업무에서 사용하는 도구·개념·절차입니다. 실제 직무에서는 설계, 운용, 분석 또는 의사결정 결과를 만드는 데 적용됩니다.",경찰 드론 순찰·수사 지원요원이(가) 순찰·실종수색·교통·현장기록 등 경찰 임무 지원 업무를 수행할 때 Public Safety을(를) 이해하고 적용하기 위해 학습합니다.,드론 조종·안전·임무계획 기초,초급~중급,INCLUDED,국비지원 직업훈련,무인항공기 임무비행 전문가,AIG20250000531993,1007,디엠씨,직업훈련기관,소형무인기운용·조종 기반의 고용24 훈련과정입니다. Public Safety 학습에는 과정명과의 직접 연관성에 따라 기초·포함·선수 경로로 연결했습니다.,소형무인기운용·조종; 재난; 임무비행; 수중드론,초급~중급,오프라인,국비지원(일부 자부담 가능),고용24 직업훈련(국민내일배움카드 적용 여부는 과정 상세 확인),경남 양산시,총 320시간,,2026-09-15~2026-11-13,국민내일배움카드(일반),수료 여부 과정별 확인,https://www.work24.go.kr/hr/a/a/3100/selectTracseDetl.do?tracseId=AIG20250000531993&tracseTme=5&crseTracseSe=C0061&trainstCstmrId=500038945686,고용24 훈련과정 상세,정부사이트,2026-09-28,현재 운영,,안전·조종 → 임무 절차 → 센서·통신 → 분야별 모의·현장 실습,대시보드 원본 교육데이터(진행중)를 Skill과 연결. relevance_type=INCLUDED.,dashboard C.html / Work24 원천 링크
활용·콘텐츠,활용서비스,DJ-174,교정시설 드론 순찰요원,재난·치안·해양·물류,Perimeter Patrol,Perimeter Patrol 관련 기술,"Perimeter Patrol은(는) 공공안전·해양·물류 임무의 드론 운용 업무에서 사용하는 도구·개념·절차입니다. 실제 직무에서는 설계, 운용, 분석 또는 의사결정 결과를 만드는 데 적용됩니다.",교정시설 드론 순찰요원이(가) 교정시설 외곽 순찰과 침입·반입 위험 감시 업무를 수행할 때 Perimeter Patrol을(를) 이해하고 적용하기 위해 학습합니다.,드론 조종·안전·임무계획 기초,초급~중급,PREREQUISITE,국비지원 직업훈련,무인항공기 임무비행 전문가,AIG20250000531993,1007,디엠씨,직업훈련기관,소형무인기운용·조종 기반의 고용24 훈련과정입니다. Perimeter Patrol 학습에는 과정명과의 직접 연관성에 따라 기초·포함·선수 경로로 연결했습니다.,소형무인기운용·조종; 재난; 임무비행; 수중드론,초급~중급,오프라인,국비지원(일부 자부담 가능),고용24 직업훈련(국민내일배움카드 적용 여부는 과정 상세 확인),경남 양산시,총 320시간,,2026-09-15~2026-11-13,국민내일배움카드(일반),수료 여부 과정별 확인,https://www.work24.go.kr/hr/a/a/3100/selectTracseDetl.do?tracseId=AIG20250000531993&tracseTme=5&crseTracseSe=C0061&trainstCstmrId=500038945686,고용24 훈련과정 상세,정부사이트,2026-09-28,현재 운영,,안전·조종 → 임무 절차 → 센서·통신 → 분야별 모의·현장 실습,대시보드 원본 교육데이터(진행중)를 Skill과 연결. relevance_type=PREREQUISITE.,dashboard C.html / Work24 원천 링크
활용·콘텐츠,활용서비스,DJ-174,교정시설 드론 순찰요원,재난·치안·해양·물류,Security,Security 관련 기술,"Security은(는) 공공안전·해양·물류 임무의 드론 운용 업무에서 사용하는 도구·개념·절차입니다. 실제 직무에서는 설계, 운용, 분석 또는 의사결정 결과를 만드는 데 적용됩니다.",교정시설 드론 순찰요원이(가) 교정시설 외곽 순찰과 침입·반입 위험 감시 업무를 수행할 때 Security을(를) 이해하고 적용하기 위해 학습합니다.,드론 조종·안전·임무계획 기초,초급~중급,PREREQUISITE,국비지원 직업훈련,무인항공기 임무비행 전문가,AIG20250000531993,1007,디엠씨,직업훈련기관,소형무인기운용·조종 기반의 고용24 훈련과정입니다. Security 학습에는 과정명과의 직접 연관성에 따라 기초·포함·선수 경로로 연결했습니다.,소형무인기운용·조종; 재난; 임무비행; 수중드론,초급~중급,오프라인,국비지원(일부 자부담 가능),고용24 직업훈련(국민내일배움카드 적용 여부는 과정 상세 확인),경남 양산시,총 320시간,,2026-09-15~2026-11-13,국민내일배움카드(일반),수료 여부 과정별 확인,https://www.work24.go.kr/hr/a/a/3100/selectTracseDetl.do?tracseId=AIG20250000531993&tracseTme=5&crseTracseSe=C0061&trainstCstmrId=500038945686,고용24 훈련과정 상세,정부사이트,2026-09-28,현재 운영,,안전·조종 → 임무 절차 → 센서·통신 → 분야별 모의·현장 실습,대시보드 원본 교육데이터(진행중)를 Skill과 연결. relevance_type=PREREQUISITE.,dashboard C.html / Work24 원천 링크
활용·콘텐츠,활용서비스,DJ-176,군 무인기 정찰·감시 운용요원,재난·치안·해양·물류,EO/IR,전자광학·적외선,"전자광학·적외선은(는) 공공안전·해양·물류 임무의 드론 운용 업무에서 사용하는 도구·개념·절차입니다. 실제 직무에서는 설계, 운용, 분석 또는 의사결정 결과를 만드는 데 적용됩니다.",군 무인기 정찰·감시 운용요원이(가) 정보·감시·정찰 임무 계획과 센서·기체 운용 업무를 수행할 때 EO/IR을(를) 이해하고 적용하기 위해 학습합니다.,드론 조종·안전·임무계획 기초,초급~중급,PREREQUISITE,국비지원 직업훈련,무인항공기 임무비행 전문가,AIG20250000531993,1007,디엠씨,직업훈련기관,소형무인기운용·조종 기반의 고용24 훈련과정입니다. EO/IR 학습에는 과정명과의 직접 연관성에 따라 기초·포함·선수 경로로 연결했습니다.,소형무인기운용·조종; 재난; 임무비행; 수중드론,초급~중급,오프라인,국비지원(일부 자부담 가능),고용24 직업훈련(국민내일배움카드 적용 여부는 과정 상세 확인),경남 양산시,총 320시간,,2026-09-15~2026-11-13,국민내일배움카드(일반),수료 여부 과정별 확인,https://www.work24.go.kr/hr/a/a/3100/selectTracseDetl.do?tracseId=AIG20250000531993&tracseTme=5&crseTracseSe=C0061&trainstCstmrId=500038945686,고용24 훈련과정 상세,정부사이트,2026-09-28,현재 운영,,안전·조종 → 임무 절차 → 센서·통신 → 분야별 모의·현장 실습,대시보드 원본 교육데이터(진행중)를 Skill과 연결. relevance_type=PREREQUISITE.,dashboard C.html / Work24 원천 링크
활용·콘텐츠,활용서비스,DJ-176,군 무인기 정찰·감시 운용요원,재난·치안·해양·물류,ISR,ISR 관련 기술,"ISR은(는) 공공안전·해양·물류 임무의 드론 운용 업무에서 사용하는 도구·개념·절차입니다. 실제 직무에서는 설계, 운용, 분석 또는 의사결정 결과를 만드는 데 적용됩니다.",군 무인기 정찰·감시 운용요원이(가) 정보·감시·정찰 임무 계획과 센서·기체 운용 업무를 수행할 때 ISR을(를) 이해하고 적용하기 위해 학습합니다.,드론 조종·안전·임무계획 기초,초급~중급,PREREQUISITE,국비지원 직업훈련,무인항공기 임무비행 전문가,AIG20250000531993,1007,디엠씨,직업훈련기관,소형무인기운용·조종 기반의 고용24 훈련과정입니다. ISR 학습에는 과정명과의 직접 연관성에 따라 기초·포함·선수 경로로 연결했습니다.,소형무인기운용·조종; 재난; 임무비행; 수중드론,초급~중급,오프라인,국비지원(일부 자부담 가능),고용24 직업훈련(국민내일배움카드 적용 여부는 과정 상세 확인),경남 양산시,총 320시간,,2026-09-15~2026-11-13,국민내일배움카드(일반),수료 여부 과정별 확인,https://www.work24.go.kr/hr/a/a/3100/selectTracseDetl.do?tracseId=AIG20250000531993&tracseTme=5&crseTracseSe=C0061&trainstCstmrId=500038945686,고용24 훈련과정 상세,정부사이트,2026-09-28,현재 운영,,안전·조종 → 임무 절차 → 센서·통신 → 분야별 모의·현장 실습,대시보드 원본 교육데이터(진행중)를 Skill과 연결. relevance_type=PREREQUISITE.,dashboard C.html / Work24 원천 링크
활용·콘텐츠,활용서비스,DJ-176,군 무인기 정찰·감시 운용요원,재난·치안·해양·물류,Mission Planning,Mission Planning 관련 기술,"Mission Planning은(는) 공공안전·해양·물류 임무의 드론 운용 업무에서 사용하는 도구·개념·절차입니다. 실제 직무에서는 설계, 운용, 분석 또는 의사결정 결과를 만드는 데 적용됩니다.",군 무인기 정찰·감시 운용요원이(가) 정보·감시·정찰 임무 계획과 센서·기체 운용 업무를 수행할 때 Mission Planning을(를) 이해하고 적용하기 위해 학습합니다.,드론 조종·안전·임무계획 기초,초급~중급,PREREQUISITE,국비지원 직업훈련,무인항공기 임무비행 전문가,AIG20250000531993,1007,디엠씨,직업훈련기관,소형무인기운용·조종 기반의 고용24 훈련과정입니다. Mission Planning 학습에는 과정명과의 직접 연관성에 따라 기초·포함·선수 경로로 연결했습니다.,소형무인기운용·조종; 재난; 임무비행; 수중드론,초급~중급,오프라인,국비지원(일부 자부담 가능),고용24 직업훈련(국민내일배움카드 적용 여부는 과정 상세 확인),경남 양산시,총 320시간,,2026-09-15~2026-11-13,국민내일배움카드(일반),수료 여부 과정별 확인,https://www.work24.go.kr/hr/a/a/3100/selectTracseDetl.do?tracseId=AIG20250000531993&tracseTme=5&crseTracseSe=C0061&trainstCstmrId=500038945686,고용24 훈련과정 상세,정부사이트,2026-09-28,현재 운영,https://docs.px4.io/main/en/,안전·조종 → 임무 절차 → 센서·통신 → 분야별 모의·현장 실습,대시보드 원본 교육데이터(진행중)를 Skill과 연결. relevance_type=PREREQUISITE.,dashboard C.html / Work24 원천 링크
활용·콘텐츠,활용서비스,DJ-176,군 무인기 정찰·감시 운용요원,재난·치안·해양·물류,Mission Planning,Mission Planning 관련 기술,"Mission Planning은(는) 공공안전·해양·물류 임무의 드론 운용 업무에서 사용하는 도구·개념·절차입니다. 실제 직무에서는 설계, 운용, 분석 또는 의사결정 결과를 만드는 데 적용됩니다.",군 무인기 정찰·감시 운용요원이(가) 정보·감시·정찰 임무 계획과 센서·기체 운용 업무를 수행할 때 Mission Planning을(를) 이해하고 적용하기 위해 학습합니다.,C++와 Linux 명령어 기초,초급~중급,OFFICIAL_RESOURCE,공식 튜토리얼·문서,ArduPilot Development Documentation,ARDUPILOT-DEV,,ArduPilot,공식 오픈소스,"ArduPilot 빌드, 코드 구조, SITL 시뮬레이션과 하드웨어 통합을 학습하는 공식 개발 문서입니다.",ArduPilot; SITL; C++; 비행제어; 하드웨어 통합,중급~고급,온라인,무료,,온라인,자기주도 학습,상시,상시,대학생·취업준비생·재직자·일반인,없음,https://ardupilot.org/dev/,ArduPilot,공식 기술문서,2026-09-28,상시 운영,,개발환경 → 빌드 → SITL → 코드 구조 → 기체 적용,공식 제공기관이 운영하는 교육·튜토리얼·문서 기반 학습경로.,공식 웹사이트 직접 확인
활용·콘텐츠,활용서비스,DJ-176,군 무인기 정찰·감시 운용요원,재난·치안·해양·물류,Mission Planning,Mission Planning 관련 기술,"Mission Planning은(는) 공공안전·해양·물류 임무의 드론 운용 업무에서 사용하는 도구·개념·절차입니다. 실제 직무에서는 설계, 운용, 분석 또는 의사결정 결과를 만드는 데 적용됩니다.",군 무인기 정찰·감시 운용요원이(가) 정보·감시·정찰 임무 계획과 센서·기체 운용 업무를 수행할 때 Mission Planning을(를) 이해하고 적용하기 위해 학습합니다.,드론 구조와 Linux·C++ 기초(개발 과정),초급~중급,OFFICIAL_RESOURCE,공식 튜토리얼·문서,PX4 Autopilot User Guide,PX4-GUIDE,,PX4 / Dronecode Foundation,공식 오픈소스,"PX4의 기본 개념, 기체 구성, 비행 모드, 시뮬레이션, 로그 분석과 개발 절차를 단계별로 학습합니다.",PX4; 비행제어; 시뮬레이션; 로그; 기체 설정,초급~고급,온라인,무료,,온라인,자기주도 학습,상시,상시,대학생·취업준비생·재직자·일반인,없음,https://docs.px4.io/main/en/,PX4 / Dronecode Foundation,공식 기술문서,2026-09-28,상시 운영,,Basic Concepts → Simulation → Configuration → Development,공식 제공기관이 운영하는 교육·튜토리얼·문서 기반 학습경로.,공식 웹사이트 직접 확인
활용·콘텐츠,활용서비스,DJ-178,대드론 대응체계 엔지니어,재난·치안·해양·물류,C-UAS,C-UAS 관련 기술,"C-UAS은(는) 공공안전·해양·물류 임무의 드론 운용 업무에서 사용하는 도구·개념·절차입니다. 실제 직무에서는 설계, 운용, 분석 또는 의사결정 결과를 만드는 데 적용됩니다.",대드론 대응체계 엔지니어이(가) 탐지·식별·무력화 장비를 통합하고 성능 검증 업무를 수행할 때 C-UAS을(를) 이해하고 적용하기 위해 학습합니다.,드론 조종·안전·임무계획 기초,초급~중급,PREREQUISITE,국비지원 직업훈련,무인항공기 임무비행 전문가,AIG20250000531993,1007,디엠씨,직업훈련기관,소형무인기운용·조종 기반의 고용24 훈련과정입니다. C-UAS 학습에는 과정명과의 직접 연관성에 따라 기초·포함·선수 경로로 연결했습니다.,소형무인기운용·조종; 재난; 임무비행; 수중드론,초급~중급,오프라인,국비지원(일부 자부담 가능),고용24 직업훈련(국민내일배움카드 적용 여부는 과정 상세 확인),경남 양산시,총 320시간,,2026-09-15~2026-11-13,국민내일배움카드(일반),수료 여부 과정별 확인,https://www.work24.go.kr/hr/a/a/3100/selectTracseDetl.do?tracseId=AIG20250000531993&tracseTme=5&crseTracseSe=C0061&trainstCstmrId=500038945686,고용24 훈련과정 상세,정부사이트,2026-09-28,현재 운영,,안전·조종 → 임무 절차 → 센서·통신 → 분야별 모의·현장 실습,대시보드 원본 교육데이터(진행중)를 Skill과 연결. relevance_type=PREREQUISITE.,dashboard C.html / Work24 원천 링크
활용·콘텐츠,활용서비스,DJ-178,대드론 대응체계 엔지니어,재난·치안·해양·물류,RF Safety,RF Safety 관련 기술,"RF Safety은(는) 공공안전·해양·물류 임무의 드론 운용 업무에서 사용하는 도구·개념·절차입니다. 실제 직무에서는 설계, 운용, 분석 또는 의사결정 결과를 만드는 데 적용됩니다.",대드론 대응체계 엔지니어이(가) 탐지·식별·무력화 장비를 통합하고 성능 검증 업무를 수행할 때 RF Safety을(를) 이해하고 적용하기 위해 학습합니다.,드론 조종·안전·임무계획 기초,초급~중급,PREREQUISITE,국비지원 직업훈련,무인항공기 임무비행 전문가,AIG20250000531993,1007,디엠씨,직업훈련기관,소형무인기운용·조종 기반의 고용24 훈련과정입니다. RF Safety 학습에는 과정명과의 직접 연관성에 따라 기초·포함·선수 경로로 연결했습니다.,소형무인기운용·조종; 재난; 임무비행; 수중드론,초급~중급,오프라인,국비지원(일부 자부담 가능),고용24 직업훈련(국민내일배움카드 적용 여부는 과정 상세 확인),경남 양산시,총 320시간,,2026-09-15~2026-11-13,국민내일배움카드(일반),수료 여부 과정별 확인,https://www.work24.go.kr/hr/a/a/3100/selectTracseDetl.do?tracseId=AIG20250000531993&tracseTme=5&crseTracseSe=C0061&trainstCstmrId=500038945686,고용24 훈련과정 상세,정부사이트,2026-09-28,현재 운영,,안전·조종 → 임무 절차 → 센서·통신 → 분야별 모의·현장 실습,대시보드 원본 교육데이터(진행중)를 Skill과 연결. relevance_type=PREREQUISITE.,dashboard C.html / Work24 원천 링크
활용·콘텐츠,활용서비스,DJ-178,대드론 대응체계 엔지니어,재난·치안·해양·물류,Systems Integration,Systems Integration 관련 기술,"Systems Integration은(는) 공공안전·해양·물류 임무의 드론 운용 업무에서 사용하는 도구·개념·절차입니다. 실제 직무에서는 설계, 운용, 분석 또는 의사결정 결과를 만드는 데 적용됩니다.",대드론 대응체계 엔지니어이(가) 탐지·식별·무력화 장비를 통합하고 성능 검증 업무를 수행할 때 Systems Integration을(를) 이해하고 적용하기 위해 학습합니다.,드론 조종·안전·임무계획 기초,초급~중급,PREREQUISITE,국비지원 직업훈련,무인항공기 임무비행 전문가,AIG20250000531993,1007,디엠씨,직업훈련기관,소형무인기운용·조종 기반의 고용24 훈련과정입니다. Systems Integration 학습에는 과정명과의 직접 연관성에 따라 기초·포함·선수 경로로 연결했습니다.,소형무인기운용·조종; 재난; 임무비행; 수중드론,초급~중급,오프라인,국비지원(일부 자부담 가능),고용24 직업훈련(국민내일배움카드 적용 여부는 과정 상세 확인),경남 양산시,총 320시간,,2026-09-15~2026-11-13,국민내일배움카드(일반),수료 여부 과정별 확인,https://www.work24.go.kr/hr/a/a/3100/selectTracseDetl.do?tracseId=AIG20250000531993&tracseTme=5&crseTracseSe=C0061&trainstCstmrId=500038945686,고용24 훈련과정 상세,정부사이트,2026-09-28,현재 운영,,안전·조종 → 임무 절차 → 센서·통신 → 분야별 모의·현장 실습,대시보드 원본 교육데이터(진행중)를 Skill과 연결. relevance_type=PREREQUISITE.,dashboard C.html / Work24 원천 링크
활용·콘텐츠,활용서비스,DJ-177,대드론 탐지시스템 운용자,재난·치안·해양·물류,Counter-UAS,Counter-UAS 관련 기술,"Counter-UAS은(는) 공공안전·해양·물류 임무의 드론 운용 업무에서 사용하는 도구·개념·절차입니다. 실제 직무에서는 설계, 운용, 분석 또는 의사결정 결과를 만드는 데 적용됩니다.",대드론 탐지시스템 운용자이(가) 레이더·RF·EO/IR로 미승인 드론 탐지·식별·추적 업무를 수행할 때 Counter-UAS을(를) 이해하고 적용하기 위해 학습합니다.,드론 조종·안전·임무계획 기초,초급~중급,PREREQUISITE,국비지원 직업훈련,무인항공기 임무비행 전문가,AIG20250000531993,1007,디엠씨,직업훈련기관,소형무인기운용·조종 기반의 고용24 훈련과정입니다. Counter-UAS 학습에는 과정명과의 직접 연관성에 따라 기초·포함·선수 경로로 연결했습니다.,소형무인기운용·조종; 재난; 임무비행; 수중드론,초급~중급,오프라인,국비지원(일부 자부담 가능),고용24 직업훈련(국민내일배움카드 적용 여부는 과정 상세 확인),경남 양산시,총 320시간,,2026-09-15~2026-11-13,국민내일배움카드(일반),수료 여부 과정별 확인,https://www.work24.go.kr/hr/a/a/3100/selectTracseDetl.do?tracseId=AIG20250000531993&tracseTme=5&crseTracseSe=C0061&trainstCstmrId=500038945686,고용24 훈련과정 상세,정부사이트,2026-09-28,현재 운영,,안전·조종 → 임무 절차 → 센서·통신 → 분야별 모의·현장 실습,대시보드 원본 교육데이터(진행중)를 Skill과 연결. relevance_type=PREREQUISITE.,dashboard C.html / Work24 원천 링크
활용·콘텐츠,활용서비스,DJ-177,대드론 탐지시스템 운용자,재난·치안·해양·물류,Radar,Radar 관련 기술,"Radar은(는) 공공안전·해양·물류 임무의 드론 운용 업무에서 사용하는 도구·개념·절차입니다. 실제 직무에서는 설계, 운용, 분석 또는 의사결정 결과를 만드는 데 적용됩니다.",대드론 탐지시스템 운용자이(가) 레이더·RF·EO/IR로 미승인 드론 탐지·식별·추적 업무를 수행할 때 Radar을(를) 이해하고 적용하기 위해 학습합니다.,드론 조종·안전·임무계획 기초,초급~중급,PREREQUISITE,국비지원 직업훈련,무인항공기 임무비행 전문가,AIG20250000531993,1007,디엠씨,직업훈련기관,소형무인기운용·조종 기반의 고용24 훈련과정입니다. Radar 학습에는 과정명과의 직접 연관성에 따라 기초·포함·선수 경로로 연결했습니다.,소형무인기운용·조종; 재난; 임무비행; 수중드론,초급~중급,오프라인,국비지원(일부 자부담 가능),고용24 직업훈련(국민내일배움카드 적용 여부는 과정 상세 확인),경남 양산시,총 320시간,,2026-09-15~2026-11-13,국민내일배움카드(일반),수료 여부 과정별 확인,https://www.work24.go.kr/hr/a/a/3100/selectTracseDetl.do?tracseId=AIG20250000531993&tracseTme=5&crseTracseSe=C0061&trainstCstmrId=500038945686,고용24 훈련과정 상세,정부사이트,2026-09-28,현재 운영,,안전·조종 → 임무 절차 → 센서·통신 → 분야별 모의·현장 실습,대시보드 원본 교육데이터(진행중)를 Skill과 연결. relevance_type=PREREQUISITE.,dashboard C.html / Work24 원천 링크
활용·콘텐츠,활용서비스,DJ-177,대드론 탐지시스템 운용자,재난·치안·해양·물류,RF,무선주파수,"무선주파수은(는) 공공안전·해양·물류 임무의 드론 운용 업무에서 사용하는 도구·개념·절차입니다. 실제 직무에서는 설계, 운용, 분석 또는 의사결정 결과를 만드는 데 적용됩니다.",대드론 탐지시스템 운용자이(가) 레이더·RF·EO/IR로 미승인 드론 탐지·식별·추적 업무를 수행할 때 RF을(를) 이해하고 적용하기 위해 학습합니다.,드론 조종·안전·임무계획 기초,초급~중급,PREREQUISITE,국비지원 직업훈련,무인항공기 임무비행 전문가,AIG20250000531993,1007,디엠씨,직업훈련기관,소형무인기운용·조종 기반의 고용24 훈련과정입니다. RF 학습에는 과정명과의 직접 연관성에 따라 기초·포함·선수 경로로 연결했습니다.,소형무인기운용·조종; 재난; 임무비행; 수중드론,초급~중급,오프라인,국비지원(일부 자부담 가능),고용24 직업훈련(국민내일배움카드 적용 여부는 과정 상세 확인),경남 양산시,총 320시간,,2026-09-15~2026-11-13,국민내일배움카드(일반),수료 여부 과정별 확인,https://www.work24.go.kr/hr/a/a/3100/selectTracseDetl.do?tracseId=AIG20250000531993&tracseTme=5&crseTracseSe=C0061&trainstCstmrId=500038945686,고용24 훈련과정 상세,정부사이트,2026-09-28,현재 운영,,안전·조종 → 임무 절차 → 센서·통신 → 분야별 모의·현장 실습,대시보드 원본 교육데이터(진행중)를 Skill과 연결. relevance_type=PREREQUISITE.,dashboard C.html / Work24 원천 링크
활용·콘텐츠,활용서비스,DJ-181,드론 기상관측 운용자,재난·치안·해양·물류,Data QA,Data QA 관련 기술,"Data QA은(는) 공공안전·해양·물류 임무의 드론 운용 업무에서 사용하는 도구·개념·절차입니다. 실제 직무에서는 설계, 운용, 분석 또는 의사결정 결과를 만드는 데 적용됩니다.",드론 기상관측 운용자이(가) 저고도 온습도·풍향풍속·대기자료 관측 업무를 수행할 때 Data QA을(를) 이해하고 적용하기 위해 학습합니다.,드론 조종·안전·임무계획 기초,초급~중급,PREREQUISITE,국비지원 직업훈련,무인항공기 임무비행 전문가,AIG20250000531993,1007,디엠씨,직업훈련기관,소형무인기운용·조종 기반의 고용24 훈련과정입니다. Data QA 학습에는 과정명과의 직접 연관성에 따라 기초·포함·선수 경로로 연결했습니다.,소형무인기운용·조종; 재난; 임무비행; 수중드론,초급~중급,오프라인,국비지원(일부 자부담 가능),고용24 직업훈련(국민내일배움카드 적용 여부는 과정 상세 확인),경남 양산시,총 320시간,,2026-09-15~2026-11-13,국민내일배움카드(일반),수료 여부 과정별 확인,https://www.work24.go.kr/hr/a/a/3100/selectTracseDetl.do?tracseId=AIG20250000531993&tracseTme=5&crseTracseSe=C0061&trainstCstmrId=500038945686,고용24 훈련과정 상세,정부사이트,2026-09-28,현재 운영,,안전·조종 → 임무 절차 → 센서·통신 → 분야별 모의·현장 실습,대시보드 원본 교육데이터(진행중)를 Skill과 연결. relevance_type=PREREQUISITE.,dashboard C.html / Work24 원천 링크
활용·콘텐츠,활용서비스,DJ-181,드론 기상관측 운용자,재난·치안·해양·물류,Meteorology,Meteorology 관련 기술,"Meteorology은(는) 공공안전·해양·물류 임무의 드론 운용 업무에서 사용하는 도구·개념·절차입니다. 실제 직무에서는 설계, 운용, 분석 또는 의사결정 결과를 만드는 데 적용됩니다.",드론 기상관측 운용자이(가) 저고도 온습도·풍향풍속·대기자료 관측 업무를 수행할 때 Meteorology을(를) 이해하고 적용하기 위해 학습합니다.,드론 조종·안전·임무계획 기초,초급~중급,PREREQUISITE,국비지원 직업훈련,무인항공기 임무비행 전문가,AIG20250000531993,1007,디엠씨,직업훈련기관,소형무인기운용·조종 기반의 고용24 훈련과정입니다. Meteorology 학습에는 과정명과의 직접 연관성에 따라 기초·포함·선수 경로로 연결했습니다.,소형무인기운용·조종; 재난; 임무비행; 수중드론,초급~중급,오프라인,국비지원(일부 자부담 가능),고용24 직업훈련(국민내일배움카드 적용 여부는 과정 상세 확인),경남 양산시,총 320시간,,2026-09-15~2026-11-13,국민내일배움카드(일반),수료 여부 과정별 확인,https://www.work24.go.kr/hr/a/a/3100/selectTracseDetl.do?tracseId=AIG20250000531993&tracseTme=5&crseTracseSe=C0061&trainstCstmrId=500038945686,고용24 훈련과정 상세,정부사이트,2026-09-28,현재 운영,,안전·조종 → 임무 절차 → 센서·통신 → 분야별 모의·현장 실습,대시보드 원본 교육데이터(진행중)를 Skill과 연결. relevance_type=PREREQUISITE.,dashboard C.html / Work24 원천 링크
활용·콘텐츠,활용서비스,DJ-181,드론 기상관측 운용자,재난·치안·해양·물류,Sensor,Sensor 관련 기술,"Sensor은(는) 공공안전·해양·물류 임무의 드론 운용 업무에서 사용하는 도구·개념·절차입니다. 실제 직무에서는 설계, 운용, 분석 또는 의사결정 결과를 만드는 데 적용됩니다.",드론 기상관측 운용자이(가) 저고도 온습도·풍향풍속·대기자료 관측 업무를 수행할 때 Sensor을(를) 이해하고 적용하기 위해 학습합니다.,드론 조종·안전·임무계획 기초,초급~중급,PREREQUISITE,국비지원 직업훈련,무인항공기 임무비행 전문가,AIG20250000531993,1007,디엠씨,직업훈련기관,소형무인기운용·조종 기반의 고용24 훈련과정입니다. Sensor 학습에는 과정명과의 직접 연관성에 따라 기초·포함·선수 경로로 연결했습니다.,소형무인기운용·조종; 재난; 임무비행; 수중드론,초급~중급,오프라인,국비지원(일부 자부담 가능),고용24 직업훈련(국민내일배움카드 적용 여부는 과정 상세 확인),경남 양산시,총 320시간,,2026-09-15~2026-11-13,국민내일배움카드(일반),수료 여부 과정별 확인,https://www.work24.go.kr/hr/a/a/3100/selectTracseDetl.do?tracseId=AIG20250000531993&tracseTme=5&crseTracseSe=C0061&trainstCstmrId=500038945686,고용24 훈련과정 상세,정부사이트,2026-09-28,현재 운영,https://docs.arduino.cc/learn,안전·조종 → 임무 절차 → 센서·통신 → 분야별 모의·현장 실습,대시보드 원본 교육데이터(진행중)를 Skill과 연결. relevance_type=PREREQUISITE.,dashboard C.html / Work24 원천 링크
활용·콘텐츠,활용서비스,DJ-181,드론 기상관측 운용자,재난·치안·해양·물류,Sensor,Sensor 관련 기술,"Sensor은(는) 공공안전·해양·물류 임무의 드론 운용 업무에서 사용하는 도구·개념·절차입니다. 실제 직무에서는 설계, 운용, 분석 또는 의사결정 결과를 만드는 데 적용됩니다.",드론 기상관측 운용자이(가) 저고도 온습도·풍향풍속·대기자료 관측 업무를 수행할 때 Sensor을(를) 이해하고 적용하기 위해 학습합니다.,전기 안전과 기초 회로,초급~중급,INCLUDED,공식 튜토리얼·문서,Arduino Learn,ARDUINO,,Arduino,기업 공식교육,"전자회로, 마이크로컨트롤러, 센서·모터·통신을 공식 실습 예제로 학습합니다.",Arduino; Electronics; MCU; Sensor; Motor; Serial Communication,입문~중급,온라인,무료,,온라인,자기주도 학습,상시,상시,대학생·취업준비생·재직자·일반인,없음,https://docs.arduino.cc/learn,Arduino,기업·기관 공식사이트,2026-09-28,상시 운영,,회로 기초 → 입출력 → 센서·통신 → 모터 제어 → 드론 장치 프로토타입,공식 제공기관이 운영하는 교육·튜토리얼·문서 기반 학습경로.,공식 웹사이트 직접 확인
활용·콘텐츠,활용서비스,DJ-182,드론 배송 조종·관제 담당자,재난·치안·해양·물류,BVLOS,비가시권 비행,"비가시권 비행은(는) 공공안전·해양·물류 임무의 드론 운용 업무에서 사용하는 도구·개념·절차입니다. 실제 직무에서는 설계, 운용, 분석 또는 의사결정 결과를 만드는 데 적용됩니다.",드론 배송 조종·관제 담당자이(가) 배송 임무 계획·원격관제·인수인계·예외상황 처리 업무를 수행할 때 BVLOS을(를) 이해하고 적용하기 위해 학습합니다.,드론 조종·안전·임무계획 기초,초급~중급,PREREQUISITE,국비지원 직업훈련,무인항공기 임무비행 전문가,AIG20250000531993,1007,디엠씨,직업훈련기관,소형무인기운용·조종 기반의 고용24 훈련과정입니다. BVLOS 학습에는 과정명과의 직접 연관성에 따라 기초·포함·선수 경로로 연결했습니다.,소형무인기운용·조종; 재난; 임무비행; 수중드론,초급~중급,오프라인,국비지원(일부 자부담 가능),고용24 직업훈련(국민내일배움카드 적용 여부는 과정 상세 확인),경남 양산시,총 320시간,,2026-09-15~2026-11-13,국민내일배움카드(일반),수료 여부 과정별 확인,https://www.work24.go.kr/hr/a/a/3100/selectTracseDetl.do?tracseId=AIG20250000531993&tracseTme=5&crseTracseSe=C0061&trainstCstmrId=500038945686,고용24 훈련과정 상세,정부사이트,2026-09-28,현재 운영,,안전·조종 → 임무 절차 → 센서·통신 → 분야별 모의·현장 실습,대시보드 원본 교육데이터(진행중)를 Skill과 연결. relevance_type=PREREQUISITE.,dashboard C.html / Work24 원천 링크
활용·콘텐츠,활용서비스,DJ-182,드론 배송 조종·관제 담당자,재난·치안·해양·물류,Fleet,Fleet 관련 기술,"Fleet은(는) 공공안전·해양·물류 임무의 드론 운용 업무에서 사용하는 도구·개념·절차입니다. 실제 직무에서는 설계, 운용, 분석 또는 의사결정 결과를 만드는 데 적용됩니다.",드론 배송 조종·관제 담당자이(가) 배송 임무 계획·원격관제·인수인계·예외상황 처리 업무를 수행할 때 Fleet을(를) 이해하고 적용하기 위해 학습합니다.,드론 조종·안전·임무계획 기초,초급~중급,PREREQUISITE,국비지원 직업훈련,무인항공기 임무비행 전문가,AIG20250000531993,1007,디엠씨,직업훈련기관,소형무인기운용·조종 기반의 고용24 훈련과정입니다. Fleet 학습에는 과정명과의 직접 연관성에 따라 기초·포함·선수 경로로 연결했습니다.,소형무인기운용·조종; 재난; 임무비행; 수중드론,초급~중급,오프라인,국비지원(일부 자부담 가능),고용24 직업훈련(국민내일배움카드 적용 여부는 과정 상세 확인),경남 양산시,총 320시간,,2026-09-15~2026-11-13,국민내일배움카드(일반),수료 여부 과정별 확인,https://www.work24.go.kr/hr/a/a/3100/selectTracseDetl.do?tracseId=AIG20250000531993&tracseTme=5&crseTracseSe=C0061&trainstCstmrId=500038945686,고용24 훈련과정 상세,정부사이트,2026-09-28,현재 운영,,안전·조종 → 임무 절차 → 센서·통신 → 분야별 모의·현장 실습,대시보드 원본 교육데이터(진행중)를 Skill과 연결. relevance_type=PREREQUISITE.,dashboard C.html / Work24 원천 링크
활용·콘텐츠,활용서비스,DJ-182,드론 배송 조종·관제 담당자,재난·치안·해양·물류,Logistics,Logistics 관련 기술,"Logistics은(는) 공공안전·해양·물류 임무의 드론 운용 업무에서 사용하는 도구·개념·절차입니다. 실제 직무에서는 설계, 운용, 분석 또는 의사결정 결과를 만드는 데 적용됩니다.",드론 배송 조종·관제 담당자이(가) 배송 임무 계획·원격관제·인수인계·예외상황 처리 업무를 수행할 때 Logistics을(를) 이해하고 적용하기 위해 학습합니다.,드론 조종·안전·임무계획 기초,초급~중급,PREREQUISITE,국비지원 직업훈련,특화드론운용 및 2D/3D공간정보 촬영 편집(A반),AIG20250000520214,779,신한글로벌인재교육원,직업훈련기관,소형무인기운용·조종 기반의 고용24 훈련과정입니다. Logistics 학습에는 과정명과의 직접 연관성에 따라 기초·포함·선수 경로로 연결했습니다.,소형무인기운용·조종; 측량; 3D; 맵핑,초급~중급,오프라인,국비지원(일부 자부담 가능),고용24 직업훈련(국민내일배움카드 적용 여부는 과정 상세 확인),경기 의정부시,총 645시간,,2026-07-27~2026-11-24,국가기간전략산업직종,수료 여부 과정별 확인,https://www.work24.go.kr/hr/a/a/3100/selectTracseDetl.do?tracseId=AIG20250000520214&tracseTme=1&crseTracseSe=C0061&trainstCstmrId=500020031915,고용24 훈련과정 상세,정부사이트,2026-09-28,현재 운영,,안전·조종 → 임무 절차 → 센서·통신 → 분야별 모의·현장 실습,대시보드 원본 교육데이터(진행중)를 Skill과 연결. relevance_type=PREREQUISITE.,dashboard C.html / Work24 원천 링크
활용·콘텐츠,활용서비스,DJ-186,드론 보험손해 조사원,재난·치안·해양·물류,Evidence,Evidence 관련 기술,"Evidence은(는) 공공안전·해양·물류 임무의 드론 운용 업무에서 사용하는 도구·개념·절차입니다. 실제 직무에서는 설계, 운용, 분석 또는 의사결정 결과를 만드는 데 적용됩니다.",드론 보험손해 조사원이(가) 재해·시설·농작물 피해를 촬영·측량해 손해평가 지원 업무를 수행할 때 Evidence을(를) 이해하고 적용하기 위해 학습합니다.,드론 조종·안전·임무계획 기초,초급~중급,PREREQUISITE,국비지원 직업훈련,무인항공기 임무비행 전문가,AIG20250000531993,1007,디엠씨,직업훈련기관,소형무인기운용·조종 기반의 고용24 훈련과정입니다. Evidence 학습에는 과정명과의 직접 연관성에 따라 기초·포함·선수 경로로 연결했습니다.,소형무인기운용·조종; 재난; 임무비행; 수중드론,초급~중급,오프라인,국비지원(일부 자부담 가능),고용24 직업훈련(국민내일배움카드 적용 여부는 과정 상세 확인),경남 양산시,총 320시간,,2026-09-15~2026-11-13,국민내일배움카드(일반),수료 여부 과정별 확인,https://www.work24.go.kr/hr/a/a/3100/selectTracseDetl.do?tracseId=AIG20250000531993&tracseTme=5&crseTracseSe=C0061&trainstCstmrId=500038945686,고용24 훈련과정 상세,정부사이트,2026-09-28,현재 운영,,안전·조종 → 임무 절차 → 센서·통신 → 분야별 모의·현장 실습,대시보드 원본 교육데이터(진행중)를 Skill과 연결. relevance_type=PREREQUISITE.,dashboard C.html / Work24 원천 링크
활용·콘텐츠,활용서비스,DJ-186,드론 보험손해 조사원,재난·치안·해양·물류,Loss Assessment,Loss Assessment 관련 기술,"Loss Assessment은(는) 공공안전·해양·물류 임무의 드론 운용 업무에서 사용하는 도구·개념·절차입니다. 실제 직무에서는 설계, 운용, 분석 또는 의사결정 결과를 만드는 데 적용됩니다.",드론 보험손해 조사원이(가) 재해·시설·농작물 피해를 촬영·측량해 손해평가 지원 업무를 수행할 때 Loss Assessment을(를) 이해하고 적용하기 위해 학습합니다.,드론 조종·안전·임무계획 기초,초급~중급,PREREQUISITE,국비지원 직업훈련,무인항공기 임무비행 전문가,AIG20250000531993,1007,디엠씨,직업훈련기관,소형무인기운용·조종 기반의 고용24 훈련과정입니다. Loss Assessment 학습에는 과정명과의 직접 연관성에 따라 기초·포함·선수 경로로 연결했습니다.,소형무인기운용·조종; 재난; 임무비행; 수중드론,초급~중급,오프라인,국비지원(일부 자부담 가능),고용24 직업훈련(국민내일배움카드 적용 여부는 과정 상세 확인),경남 양산시,총 320시간,,2026-09-15~2026-11-13,국민내일배움카드(일반),수료 여부 과정별 확인,https://www.work24.go.kr/hr/a/a/3100/selectTracseDetl.do?tracseId=AIG20250000531993&tracseTme=5&crseTracseSe=C0061&trainstCstmrId=500038945686,고용24 훈련과정 상세,정부사이트,2026-09-28,현재 운영,,안전·조종 → 임무 절차 → 센서·통신 → 분야별 모의·현장 실습,대시보드 원본 교육데이터(진행중)를 Skill과 연결. relevance_type=PREREQUISITE.,dashboard C.html / Work24 원천 링크
활용·콘텐츠,활용서비스,DJ-186,드론 보험손해 조사원,재난·치안·해양·물류,Mapping,공간정보 매핑,"공간정보 매핑은(는) 공공안전·해양·물류 임무의 드론 운용 업무에서 사용하는 도구·개념·절차입니다. 실제 직무에서는 설계, 운용, 분석 또는 의사결정 결과를 만드는 데 적용됩니다.",드론 보험손해 조사원이(가) 재해·시설·농작물 피해를 촬영·측량해 손해평가 지원 업무를 수행할 때 Mapping을(를) 이해하고 적용하기 위해 학습합니다.,드론 조종·안전·임무계획 기초,초급~중급,INCLUDED,국비지원 직업훈련,특화드론운용 및 2D/3D공간정보 촬영 편집(A반),AIG20250000520214,779,신한글로벌인재교육원,직업훈련기관,소형무인기운용·조종 기반의 고용24 훈련과정입니다. Mapping 학습에는 과정명과의 직접 연관성에 따라 기초·포함·선수 경로로 연결했습니다.,소형무인기운용·조종; 측량; 3D; 맵핑,초급~중급,오프라인,국비지원(일부 자부담 가능),고용24 직업훈련(국민내일배움카드 적용 여부는 과정 상세 확인),경기 의정부시,총 645시간,,2026-07-27~2026-11-24,국가기간전략산업직종,수료 여부 과정별 확인,https://www.work24.go.kr/hr/a/a/3100/selectTracseDetl.do?tracseId=AIG20250000520214&tracseTme=1&crseTracseSe=C0061&trainstCstmrId=500020031915,고용24 훈련과정 상세,정부사이트,2026-09-28,현재 운영,https://docs.qgis.org/latest/en/docs/training_manual/index.html,안전·조종 → 임무 절차 → 센서·통신 → 분야별 모의·현장 실습,대시보드 원본 교육데이터(진행중)를 Skill과 연결. relevance_type=INCLUDED.,dashboard C.html / Work24 원천 링크
활용·콘텐츠,활용서비스,DJ-186,드론 보험손해 조사원,재난·치안·해양·물류,Mapping,공간정보 매핑,"공간정보 매핑은(는) 공공안전·해양·물류 임무의 드론 운용 업무에서 사용하는 도구·개념·절차입니다. 실제 직무에서는 설계, 운용, 분석 또는 의사결정 결과를 만드는 데 적용됩니다.",드론 보험손해 조사원이(가) 재해·시설·농작물 피해를 촬영·측량해 손해평가 지원 업무를 수행할 때 Mapping을(를) 이해하고 적용하기 위해 학습합니다.,드론 조종과 촬영 기초,초급~중급,OFFICIAL_RESOURCE,공식 튜토리얼·문서,DJI Enterprise Learning Center,DJI-GEO,,DJI Enterprise,기업 공식교육,측량·매핑·점검·공공안전 등 DJI Enterprise 장비와 지리공간 워크플로를 학습합니다.,DJI Enterprise; Mapping; Inspection; LiDAR; Drone Operations,초급~중급,온라인,무료/유료 혼합,,온라인,자기주도 학습,상시,상시,대학생·취업준비생·재직자·일반인,프로그램별 확인,https://enterprise-insights.dji.com/learning-center,DJI Enterprise,기업·기관 공식사이트,2026-09-28,상시 운영,,기체·안전 → 임무 설정 → 데이터 수집 → 처리 → 산업별 적용,공식 제공기관이 운영하는 교육·튜토리얼·문서 기반 학습경로.,공식 웹사이트 직접 확인
활용·콘텐츠,활용서비스,DJ-186,드론 보험손해 조사원,재난·치안·해양·물류,Mapping,공간정보 매핑,"공간정보 매핑은(는) 공공안전·해양·물류 임무의 드론 운용 업무에서 사용하는 도구·개념·절차입니다. 실제 직무에서는 설계, 운용, 분석 또는 의사결정 결과를 만드는 데 적용됩니다.",드론 보험손해 조사원이(가) 재해·시설·농작물 피해를 촬영·측량해 손해평가 지원 업무를 수행할 때 Mapping을(를) 이해하고 적용하기 위해 학습합니다.,컴퓨터 파일 관리와 지도 기초,초급~중급,OFFICIAL_RESOURCE,공식 튜토리얼·문서,QGIS Training Manual,QGIS,,QGIS Project,공식 오픈소스,"GIS 인터페이스, 벡터·래스터 데이터, 좌표계, 공간분석과 지도 제작을 단계별로 실습합니다.",QGIS; GIS; CRS; Vector; Raster; Spatial Analysis,입문~중급,온라인,무료,,온라인,자기주도 학습,상시,상시,대학생·취업준비생·재직자·일반인,없음,https://docs.qgis.org/latest/en/docs/training_manual/index.html,QGIS Project,공식 기술문서,2026-09-28,상시 운영,,인터페이스 → 레이어·좌표계 → 편집 → 공간분석 → 드론 공간정보 프로젝트,공식 제공기관이 운영하는 교육·튜토리얼·문서 기반 학습경로.,공식 웹사이트 직접 확인
활용·콘텐츠,활용서비스,DJ-171,드론 수색구조 요원,재난·치안·해양·물류,Grid Search,Grid Search 관련 기술,"Grid Search은(는) 공공안전·해양·물류 임무의 드론 운용 업무에서 사용하는 도구·개념·절차입니다. 실제 직무에서는 설계, 운용, 분석 또는 의사결정 결과를 만드는 데 적용됩니다.",드론 수색구조 요원이(가) 실종자·조난자 열원·영상 수색과 구조팀 유도 업무를 수행할 때 Grid Search을(를) 이해하고 적용하기 위해 학습합니다.,드론 조종·안전·임무계획 기초,초급~중급,PREREQUISITE,국비지원 직업훈련,무인항공기 임무비행 전문가,AIG20250000531993,1007,디엠씨,직업훈련기관,소형무인기운용·조종 기반의 고용24 훈련과정입니다. Grid Search 학습에는 과정명과의 직접 연관성에 따라 기초·포함·선수 경로로 연결했습니다.,소형무인기운용·조종; 재난; 임무비행; 수중드론,초급~중급,오프라인,국비지원(일부 자부담 가능),고용24 직업훈련(국민내일배움카드 적용 여부는 과정 상세 확인),경남 양산시,총 320시간,,2026-09-15~2026-11-13,국민내일배움카드(일반),수료 여부 과정별 확인,https://www.work24.go.kr/hr/a/a/3100/selectTracseDetl.do?tracseId=AIG20250000531993&tracseTme=5&crseTracseSe=C0061&trainstCstmrId=500038945686,고용24 훈련과정 상세,정부사이트,2026-09-28,현재 운영,,안전·조종 → 임무 절차 → 센서·통신 → 분야별 모의·현장 실습,대시보드 원본 교육데이터(진행중)를 Skill과 연결. relevance_type=PREREQUISITE.,dashboard C.html / Work24 원천 링크
활용·콘텐츠,활용서비스,DJ-171,드론 수색구조 요원,재난·치안·해양·물류,SAR,합성개구레이더,"합성개구레이더은(는) 공공안전·해양·물류 임무의 드론 운용 업무에서 사용하는 도구·개념·절차입니다. 실제 직무에서는 설계, 운용, 분석 또는 의사결정 결과를 만드는 데 적용됩니다.",드론 수색구조 요원이(가) 실종자·조난자 열원·영상 수색과 구조팀 유도 업무를 수행할 때 SAR을(를) 이해하고 적용하기 위해 학습합니다.,드론 조종·안전·임무계획 기초,초급~중급,INCLUDED,국비지원 직업훈련,무인항공기 임무비행 전문가,AIG20250000531993,1007,디엠씨,직업훈련기관,소형무인기운용·조종 기반의 고용24 훈련과정입니다. SAR 학습에는 과정명과의 직접 연관성에 따라 기초·포함·선수 경로로 연결했습니다.,소형무인기운용·조종; 재난; 임무비행; 수중드론,초급~중급,오프라인,국비지원(일부 자부담 가능),고용24 직업훈련(국민내일배움카드 적용 여부는 과정 상세 확인),경남 양산시,총 320시간,,2026-09-15~2026-11-13,국민내일배움카드(일반),수료 여부 과정별 확인,https://www.work24.go.kr/hr/a/a/3100/selectTracseDetl.do?tracseId=AIG20250000531993&tracseTme=5&crseTracseSe=C0061&trainstCstmrId=500038945686,고용24 훈련과정 상세,정부사이트,2026-09-28,현재 운영,,안전·조종 → 임무 절차 → 센서·통신 → 분야별 모의·현장 실습,대시보드 원본 교육데이터(진행중)를 Skill과 연결. relevance_type=INCLUDED.,dashboard C.html / Work24 원천 링크
활용·콘텐츠,활용서비스,DJ-171,드론 수색구조 요원,재난·치안·해양·물류,Thermal,Thermal 관련 기술,"Thermal은(는) 공공안전·해양·물류 임무의 드론 운용 업무에서 사용하는 도구·개념·절차입니다. 실제 직무에서는 설계, 운용, 분석 또는 의사결정 결과를 만드는 데 적용됩니다.",드론 수색구조 요원이(가) 실종자·조난자 열원·영상 수색과 구조팀 유도 업무를 수행할 때 Thermal을(를) 이해하고 적용하기 위해 학습합니다.,드론 조종·안전·임무계획 기초,초급~중급,PREREQUISITE,국비지원 직업훈련,무인항공기 임무비행 전문가,AIG20250000531993,1007,디엠씨,직업훈련기관,소형무인기운용·조종 기반의 고용24 훈련과정입니다. Thermal 학습에는 과정명과의 직접 연관성에 따라 기초·포함·선수 경로로 연결했습니다.,소형무인기운용·조종; 재난; 임무비행; 수중드론,초급~중급,오프라인,국비지원(일부 자부담 가능),고용24 직업훈련(국민내일배움카드 적용 여부는 과정 상세 확인),경남 양산시,총 320시간,,2026-09-15~2026-11-13,국민내일배움카드(일반),수료 여부 과정별 확인,https://www.work24.go.kr/hr/a/a/3100/selectTracseDetl.do?tracseId=AIG20250000531993&tracseTme=5&crseTracseSe=C0061&trainstCstmrId=500038945686,고용24 훈련과정 상세,정부사이트,2026-09-28,현재 운영,https://enterprise-insights.dji.com/learning-center,안전·조종 → 임무 절차 → 센서·통신 → 분야별 모의·현장 실습,대시보드 원본 교육데이터(진행중)를 Skill과 연결. relevance_type=PREREQUISITE.,dashboard C.html / Work24 원천 링크
활용·콘텐츠,활용서비스,DJ-171,드론 수색구조 요원,재난·치안·해양·물류,Thermal,Thermal 관련 기술,"Thermal은(는) 공공안전·해양·물류 임무의 드론 운용 업무에서 사용하는 도구·개념·절차입니다. 실제 직무에서는 설계, 운용, 분석 또는 의사결정 결과를 만드는 데 적용됩니다.",드론 수색구조 요원이(가) 실종자·조난자 열원·영상 수색과 구조팀 유도 업무를 수행할 때 Thermal을(를) 이해하고 적용하기 위해 학습합니다.,드론 조종과 촬영 기초,초급~중급,OFFICIAL_RESOURCE,공식 튜토리얼·문서,DJI Enterprise Learning Center,DJI-GEO,,DJI Enterprise,기업 공식교육,측량·매핑·점검·공공안전 등 DJI Enterprise 장비와 지리공간 워크플로를 학습합니다.,DJI Enterprise; Mapping; Inspection; LiDAR; Drone Operations,초급~중급,온라인,무료/유료 혼합,,온라인,자기주도 학습,상시,상시,대학생·취업준비생·재직자·일반인,프로그램별 확인,https://enterprise-insights.dji.com/learning-center,DJI Enterprise,기업·기관 공식사이트,2026-09-28,상시 운영,,기체·안전 → 임무 설정 → 데이터 수집 → 처리 → 산업별 적용,공식 제공기관이 운영하는 교육·튜토리얼·문서 기반 학습경로.,공식 웹사이트 직접 확인
활용·콘텐츠,활용서비스,DJ-184,드론 스테이션 운영자,재난·치안·해양·물류,Drone Station,Drone Station 관련 기술,"Drone Station은(는) 공공안전·해양·물류 임무의 드론 운용 업무에서 사용하는 도구·개념·절차입니다. 실제 직무에서는 설계, 운용, 분석 또는 의사결정 결과를 만드는 데 적용됩니다.",드론 스테이션 운영자이(가) 자동 충전·격납·원격임무·장애 대응 설비 운영 업무를 수행할 때 Drone Station을(를) 이해하고 적용하기 위해 학습합니다.,드론 조종·안전·임무계획 기초,초급~중급,INCLUDED,국비지원 직업훈련,(산대특)스마트물류산업 분야 드론배송 실무자 양성과정_육성,AIG20263001344830,978,파란직업전문학교,직업훈련기관,소형무인기운용·조종 기반의 고용24 훈련과정입니다. Drone Station 학습에는 과정명과의 직접 연관성에 따라 기초·포함·선수 경로로 연결했습니다.,소형무인기운용·조종; 물류; 배송; 재난,초급~중급,오프라인,국비지원(일부 자부담 가능),고용24 직업훈련(국민내일배움카드 적용 여부는 과정 상세 확인),광주 순천시,총 140시간,,2026-09-07~2026-10-15,산업구조변화대응,초경량비행장치조종자(무인멀티콥터1종),https://www.work24.go.kr/hr/a/a/3100/selectTracseDetl.do?tracseId=AIG20263001344830&tracseTme=1&crseTracseSe=C0061&trainstCstmrId=500020056113,고용24 훈련과정 상세,정부사이트,2026-09-28,현재 운영,,안전·조종 → 임무 절차 → 센서·통신 → 분야별 모의·현장 실습,대시보드 원본 교육데이터(진행중)를 Skill과 연결. relevance_type=INCLUDED.,dashboard C.html / Work24 원천 링크
활용·콘텐츠,활용서비스,DJ-184,드론 스테이션 운영자,재난·치안·해양·물류,Maintenance,Maintenance 관련 기술,"Maintenance은(는) 공공안전·해양·물류 임무의 드론 운용 업무에서 사용하는 도구·개념·절차입니다. 실제 직무에서는 설계, 운용, 분석 또는 의사결정 결과를 만드는 데 적용됩니다.",드론 스테이션 운영자이(가) 자동 충전·격납·원격임무·장애 대응 설비 운영 업무를 수행할 때 Maintenance을(를) 이해하고 적용하기 위해 학습합니다.,드론 조종·안전·임무계획 기초,초급~중급,PREREQUISITE,국비지원 직업훈련,AIOT 기반 드론 영상 관제시스템 프로젝트 개발,AIG20250000501335,982,DW아카데미학원,직업훈련기관,응용SW엔지니어링 기반의 고용24 훈련과정입니다. Maintenance 학습에는 과정명과의 직접 연관성에 따라 기초·포함·선수 경로로 연결했습니다.,응용SW엔지니어링; AI소프트웨어; AIOT; 파이썬,초급~중급,오프라인,국비지원(일부 자부담 가능),고용24 직업훈련(국민내일배움카드 적용 여부는 과정 상세 확인),대전 중구,"총 1,120시간",,2026-09-09~2027-04-05,K-디지털 트레이닝,수료 여부 과정별 확인,https://www.work24.go.kr/hr/a/a/3100/selectTracseDetl.do?tracseId=AIG20250000501335&tracseTme=8&crseTracseSe=C0061&trainstCstmrId=500020022702,고용24 훈련과정 상세,정부사이트,2026-09-28,현재 운영,,안전·조종 → 임무 절차 → 센서·통신 → 분야별 모의·현장 실습,대시보드 원본 교육데이터(진행중)를 Skill과 연결. relevance_type=PREREQUISITE.,dashboard C.html / Work24 원천 링크
활용·콘텐츠,활용서비스,DJ-184,드론 스테이션 운영자,재난·치안·해양·물류,Remote Ops,Remote Ops 관련 기술,"Remote Ops은(는) 공공안전·해양·물류 임무의 드론 운용 업무에서 사용하는 도구·개념·절차입니다. 실제 직무에서는 설계, 운용, 분석 또는 의사결정 결과를 만드는 데 적용됩니다.",드론 스테이션 운영자이(가) 자동 충전·격납·원격임무·장애 대응 설비 운영 업무를 수행할 때 Remote Ops을(를) 이해하고 적용하기 위해 학습합니다.,드론 조종·안전·임무계획 기초,초급~중급,PREREQUISITE,국비지원 직업훈련,무인항공기 임무비행 전문가,AIG20250000531993,1007,디엠씨,직업훈련기관,소형무인기운용·조종 기반의 고용24 훈련과정입니다. Remote Ops 학습에는 과정명과의 직접 연관성에 따라 기초·포함·선수 경로로 연결했습니다.,소형무인기운용·조종; 재난; 임무비행; 수중드론,초급~중급,오프라인,국비지원(일부 자부담 가능),고용24 직업훈련(국민내일배움카드 적용 여부는 과정 상세 확인),경남 양산시,총 320시간,,2026-09-15~2026-11-13,국민내일배움카드(일반),수료 여부 과정별 확인,https://www.work24.go.kr/hr/a/a/3100/selectTracseDetl.do?tracseId=AIG20250000531993&tracseTme=5&crseTracseSe=C0061&trainstCstmrId=500038945686,고용24 훈련과정 상세,정부사이트,2026-09-28,현재 운영,,안전·조종 → 임무 절차 → 센서·통신 → 분야별 모의·현장 실습,대시보드 원본 교육데이터(진행중)를 Skill과 연결. relevance_type=PREREQUISITE.,dashboard C.html / Work24 원천 링크
활용·콘텐츠,활용서비스,DJ-183,드론 의료물류 운용자,재난·치안·해양·물류,BVLOS,비가시권 비행,"비가시권 비행은(는) 공공안전·해양·물류 임무의 드론 운용 업무에서 사용하는 도구·개념·절차입니다. 실제 직무에서는 설계, 운용, 분석 또는 의사결정 결과를 만드는 데 적용됩니다.",드론 의료물류 운용자이(가) 혈액·검체·의약품 배송의 온도·시간·인계 관리 업무를 수행할 때 BVLOS을(를) 이해하고 적용하기 위해 학습합니다.,드론 조종·안전·임무계획 기초,초급~중급,PREREQUISITE,국비지원 직업훈련,무인항공기 임무비행 전문가,AIG20250000531993,1007,디엠씨,직업훈련기관,소형무인기운용·조종 기반의 고용24 훈련과정입니다. BVLOS 학습에는 과정명과의 직접 연관성에 따라 기초·포함·선수 경로로 연결했습니다.,소형무인기운용·조종; 재난; 임무비행; 수중드론,초급~중급,오프라인,국비지원(일부 자부담 가능),고용24 직업훈련(국민내일배움카드 적용 여부는 과정 상세 확인),경남 양산시,총 320시간,,2026-09-15~2026-11-13,국민내일배움카드(일반),수료 여부 과정별 확인,https://www.work24.go.kr/hr/a/a/3100/selectTracseDetl.do?tracseId=AIG20250000531993&tracseTme=5&crseTracseSe=C0061&trainstCstmrId=500038945686,고용24 훈련과정 상세,정부사이트,2026-09-28,현재 운영,,안전·조종 → 임무 절차 → 센서·통신 → 분야별 모의·현장 실습,대시보드 원본 교육데이터(진행중)를 Skill과 연결. relevance_type=PREREQUISITE.,dashboard C.html / Work24 원천 링크
활용·콘텐츠,활용서비스,DJ-183,드론 의료물류 운용자,재난·치안·해양·물류,Chain of Custody,Chain of Custody 관련 기술,"Chain of Custody은(는) 공공안전·해양·물류 임무의 드론 운용 업무에서 사용하는 도구·개념·절차입니다. 실제 직무에서는 설계, 운용, 분석 또는 의사결정 결과를 만드는 데 적용됩니다.",드론 의료물류 운용자이(가) 혈액·검체·의약품 배송의 온도·시간·인계 관리 업무를 수행할 때 Chain of Custody을(를) 이해하고 적용하기 위해 학습합니다.,드론 조종·안전·임무계획 기초,초급~중급,PREREQUISITE,국비지원 직업훈련,AIOT 기반 드론 영상 관제시스템 프로젝트 개발,AIG20250000501335,982,DW아카데미학원,직업훈련기관,응용SW엔지니어링 기반의 고용24 훈련과정입니다. Chain of Custody 학습에는 과정명과의 직접 연관성에 따라 기초·포함·선수 경로로 연결했습니다.,응용SW엔지니어링; AI소프트웨어; AIOT; 파이썬,초급~중급,오프라인,국비지원(일부 자부담 가능),고용24 직업훈련(국민내일배움카드 적용 여부는 과정 상세 확인),대전 중구,"총 1,120시간",,2026-09-09~2027-04-05,K-디지털 트레이닝,수료 여부 과정별 확인,https://www.work24.go.kr/hr/a/a/3100/selectTracseDetl.do?tracseId=AIG20250000501335&tracseTme=8&crseTracseSe=C0061&trainstCstmrId=500020022702,고용24 훈련과정 상세,정부사이트,2026-09-28,현재 운영,,안전·조종 → 임무 절차 → 센서·통신 → 분야별 모의·현장 실습,대시보드 원본 교육데이터(진행중)를 Skill과 연결. relevance_type=PREREQUISITE.,dashboard C.html / Work24 원천 링크
활용·콘텐츠,활용서비스,DJ-183,드론 의료물류 운용자,재난·치안·해양·물류,Cold Chain,Cold Chain 관련 기술,"Cold Chain은(는) 공공안전·해양·물류 임무의 드론 운용 업무에서 사용하는 도구·개념·절차입니다. 실제 직무에서는 설계, 운용, 분석 또는 의사결정 결과를 만드는 데 적용됩니다.",드론 의료물류 운용자이(가) 혈액·검체·의약품 배송의 온도·시간·인계 관리 업무를 수행할 때 Cold Chain을(를) 이해하고 적용하기 위해 학습합니다.,드론 조종·안전·임무계획 기초,초급~중급,PREREQUISITE,국비지원 직업훈련,AIOT 기반 드론 영상 관제시스템 프로젝트 개발,AIG20250000501335,982,DW아카데미학원,직업훈련기관,응용SW엔지니어링 기반의 고용24 훈련과정입니다. Cold Chain 학습에는 과정명과의 직접 연관성에 따라 기초·포함·선수 경로로 연결했습니다.,응용SW엔지니어링; AI소프트웨어; AIOT; 파이썬,초급~중급,오프라인,국비지원(일부 자부담 가능),고용24 직업훈련(국민내일배움카드 적용 여부는 과정 상세 확인),대전 중구,"총 1,120시간",,2026-09-09~2027-04-05,K-디지털 트레이닝,수료 여부 과정별 확인,https://www.work24.go.kr/hr/a/a/3100/selectTracseDetl.do?tracseId=AIG20250000501335&tracseTme=8&crseTracseSe=C0061&trainstCstmrId=500020022702,고용24 훈련과정 상세,정부사이트,2026-09-28,현재 운영,,안전·조종 → 임무 절차 → 센서·통신 → 분야별 모의·현장 실습,대시보드 원본 교육데이터(진행중)를 Skill과 연결. relevance_type=PREREQUISITE.,dashboard C.html / Work24 원천 링크
활용·콘텐츠,활용서비스,DJ-185,드론 창고재고 조사원,재난·치안·해양·물류,Barcode,Barcode 관련 기술,"Barcode은(는) 공공안전·해양·물류 임무의 드론 운용 업무에서 사용하는 도구·개념·절차입니다. 실제 직무에서는 설계, 운용, 분석 또는 의사결정 결과를 만드는 데 적용됩니다.",드론 창고재고 조사원이(가) 창고 내부 바코드·RFID·영상으로 재고 실사 업무를 수행할 때 Barcode을(를) 이해하고 적용하기 위해 학습합니다.,드론 조종·안전·임무계획 기초,초급~중급,INCLUDED,국비지원 직업훈련,(산대특)스마트물류산업 분야 드론배송 실무자 양성과정_육성,AIG20263001344830,978,파란직업전문학교,직업훈련기관,소형무인기운용·조종 기반의 고용24 훈련과정입니다. Barcode 학습에는 과정명과의 직접 연관성에 따라 기초·포함·선수 경로로 연결했습니다.,소형무인기운용·조종; 물류; 배송; 재난,초급~중급,오프라인,국비지원(일부 자부담 가능),고용24 직업훈련(국민내일배움카드 적용 여부는 과정 상세 확인),광주 순천시,총 140시간,,2026-09-07~2026-10-15,산업구조변화대응,초경량비행장치조종자(무인멀티콥터1종),https://www.work24.go.kr/hr/a/a/3100/selectTracseDetl.do?tracseId=AIG20263001344830&tracseTme=1&crseTracseSe=C0061&trainstCstmrId=500020056113,고용24 훈련과정 상세,정부사이트,2026-09-28,현재 운영,,안전·조종 → 임무 절차 → 센서·통신 → 분야별 모의·현장 실습,대시보드 원본 교육데이터(진행중)를 Skill과 연결. relevance_type=INCLUDED.,dashboard C.html / Work24 원천 링크
활용·콘텐츠,활용서비스,DJ-185,드론 창고재고 조사원,재난·치안·해양·물류,Indoor Flight,Indoor Flight 관련 기술,"Indoor Flight은(는) 공공안전·해양·물류 임무의 드론 운용 업무에서 사용하는 도구·개념·절차입니다. 실제 직무에서는 설계, 운용, 분석 또는 의사결정 결과를 만드는 데 적용됩니다.",드론 창고재고 조사원이(가) 창고 내부 바코드·RFID·영상으로 재고 실사 업무를 수행할 때 Indoor Flight을(를) 이해하고 적용하기 위해 학습합니다.,드론 조종·안전·임무계획 기초,초급~중급,PREREQUISITE,국비지원 직업훈련,(산대특)산업현장의 시설물 관리 효율화를 위한 1인칭 시점 드론운용가 양성과정,AIG20263001345190,1024,순천스카이드론교육원(미래진로직업체험센터),직업훈련기관,항공기조종운송 기반의 고용24 훈련과정입니다. Indoor Flight 학습에는 과정명과의 직접 연관성에 따라 기초·포함·선수 경로로 연결했습니다.,항공기조종운송; 재난; 임무비행; 수중드론,초급~중급,오프라인,국비지원(일부 자부담 가능),고용24 직업훈련(국민내일배움카드 적용 여부는 과정 상세 확인),광주 순천시,총 105시간,,2026-09-19~2026-11-15,산업구조변화대응,수료 여부 과정별 확인,https://www.work24.go.kr/hr/a/a/3100/selectTracseDetl.do?tracseId=AIG20263001345190&tracseTme=1&crseTracseSe=C0061&trainstCstmrId=500038928017,고용24 훈련과정 상세,정부사이트,2026-09-28,현재 운영,,안전·조종 → 임무 절차 → 센서·통신 → 분야별 모의·현장 실습,대시보드 원본 교육데이터(예정)를 Skill과 연결. relevance_type=PREREQUISITE.,dashboard C.html / Work24 원천 링크
활용·콘텐츠,활용서비스,DJ-185,드론 창고재고 조사원,재난·치안·해양·물류,WMS,WMS 관련 기술,"WMS은(는) 공공안전·해양·물류 임무의 드론 운용 업무에서 사용하는 도구·개념·절차입니다. 실제 직무에서는 설계, 운용, 분석 또는 의사결정 결과를 만드는 데 적용됩니다.",드론 창고재고 조사원이(가) 창고 내부 바코드·RFID·영상으로 재고 실사 업무를 수행할 때 WMS을(를) 이해하고 적용하기 위해 학습합니다.,드론 조종·안전·임무계획 기초,초급~중급,INCLUDED,국비지원 직업훈련,(산대특)스마트물류산업 분야 드론배송 실무자 양성과정_육성,AIG20263001344830,978,파란직업전문학교,직업훈련기관,소형무인기운용·조종 기반의 고용24 훈련과정입니다. WMS 학습에는 과정명과의 직접 연관성에 따라 기초·포함·선수 경로로 연결했습니다.,소형무인기운용·조종; 물류; 배송; 재난,초급~중급,오프라인,국비지원(일부 자부담 가능),고용24 직업훈련(국민내일배움카드 적용 여부는 과정 상세 확인),광주 순천시,총 140시간,,2026-09-07~2026-10-15,산업구조변화대응,초경량비행장치조종자(무인멀티콥터1종),https://www.work24.go.kr/hr/a/a/3100/selectTracseDetl.do?tracseId=AIG20263001344830&tracseTme=1&crseTracseSe=C0061&trainstCstmrId=500020056113,고용24 훈련과정 상세,정부사이트,2026-09-28,현재 운영,,안전·조종 → 임무 절차 → 센서·통신 → 분야별 모의·현장 실습,대시보드 원본 교육데이터(진행중)를 Skill과 연결. relevance_type=INCLUDED.,dashboard C.html / Work24 원천 링크
활용·콘텐츠,활용서비스,DJ-180,드론 해양오염 조사원,재난·치안·해양·물류,GIS,지리정보시스템,"지리정보시스템은(는) 공공안전·해양·물류 임무의 드론 운용 업무에서 사용하는 도구·개념·절차입니다. 실제 직무에서는 설계, 운용, 분석 또는 의사결정 결과를 만드는 데 적용됩니다.",드론 해양오염 조사원이(가) 유류오염·부유물·적조 범위 촬영·지도화 업무를 수행할 때 GIS을(를) 이해하고 적용하기 위해 학습합니다.,드론 조종·안전·임무계획 기초,입문~초급,INCLUDED,국비지원 직업훈련,특화드론운용 및 2D/3D공간정보 촬영 편집(A반),AIG20250000520214,779,신한글로벌인재교육원,직업훈련기관,소형무인기운용·조종 기반의 고용24 훈련과정입니다. GIS 학습에는 과정명과의 직접 연관성에 따라 기초·포함·선수 경로로 연결했습니다.,소형무인기운용·조종; 측량; 3D; 맵핑,입문~초급,오프라인,국비지원(일부 자부담 가능),고용24 직업훈련(국민내일배움카드 적용 여부는 과정 상세 확인),경기 의정부시,총 645시간,,2026-07-27~2026-11-24,국가기간전략산업직종,수료 여부 과정별 확인,https://www.work24.go.kr/hr/a/a/3100/selectTracseDetl.do?tracseId=AIG20250000520214&tracseTme=1&crseTracseSe=C0061&trainstCstmrId=500020031915,고용24 훈련과정 상세,정부사이트,2026-09-28,현재 운영,https://docs.qgis.org/latest/en/docs/training_manual/index.html,안전·조종 → 임무 절차 → 센서·통신 → 분야별 모의·현장 실습,대시보드 원본 교육데이터(진행중)를 Skill과 연결. relevance_type=INCLUDED.,dashboard C.html / Work24 원천 링크
활용·콘텐츠,활용서비스,DJ-180,드론 해양오염 조사원,재난·치안·해양·물류,GIS,지리정보시스템,"지리정보시스템은(는) 공공안전·해양·물류 임무의 드론 운용 업무에서 사용하는 도구·개념·절차입니다. 실제 직무에서는 설계, 운용, 분석 또는 의사결정 결과를 만드는 데 적용됩니다.",드론 해양오염 조사원이(가) 유류오염·부유물·적조 범위 촬영·지도화 업무를 수행할 때 GIS을(를) 이해하고 적용하기 위해 학습합니다.,컴퓨터 파일 관리와 지도 기초,입문~초급,OFFICIAL_RESOURCE,공식 튜토리얼·문서,QGIS Training Manual,QGIS,,QGIS Project,공식 오픈소스,"GIS 인터페이스, 벡터·래스터 데이터, 좌표계, 공간분석과 지도 제작을 단계별로 실습합니다.",QGIS; GIS; CRS; Vector; Raster; Spatial Analysis,입문~중급,온라인,무료,,온라인,자기주도 학습,상시,상시,대학생·취업준비생·재직자·일반인,없음,https://docs.qgis.org/latest/en/docs/training_manual/index.html,QGIS Project,공식 기술문서,2026-09-28,상시 운영,,인터페이스 → 레이어·좌표계 → 편집 → 공간분석 → 드론 공간정보 프로젝트,공식 제공기관이 운영하는 교육·튜토리얼·문서 기반 학습경로.,공식 웹사이트 직접 확인
활용·콘텐츠,활용서비스,DJ-180,드론 해양오염 조사원,재난·치안·해양·물류,Marine Pollution,Marine Pollution 관련 기술,"Marine Pollution은(는) 공공안전·해양·물류 임무의 드론 운용 업무에서 사용하는 도구·개념·절차입니다. 실제 직무에서는 설계, 운용, 분석 또는 의사결정 결과를 만드는 데 적용됩니다.",드론 해양오염 조사원이(가) 유류오염·부유물·적조 범위 촬영·지도화 업무를 수행할 때 Marine Pollution을(를) 이해하고 적용하기 위해 학습합니다.,드론 조종·안전·임무계획 기초,초급~중급,INCLUDED,국비지원 직업훈련,무인항공기 임무비행 전문가,AIG20250000531993,1007,디엠씨,직업훈련기관,소형무인기운용·조종 기반의 고용24 훈련과정입니다. Marine Pollution 학습에는 과정명과의 직접 연관성에 따라 기초·포함·선수 경로로 연결했습니다.,소형무인기운용·조종; 재난; 임무비행; 수중드론,초급~중급,오프라인,국비지원(일부 자부담 가능),고용24 직업훈련(국민내일배움카드 적용 여부는 과정 상세 확인),경남 양산시,총 320시간,,2026-09-15~2026-11-13,국민내일배움카드(일반),수료 여부 과정별 확인,https://www.work24.go.kr/hr/a/a/3100/selectTracseDetl.do?tracseId=AIG20250000531993&tracseTme=5&crseTracseSe=C0061&trainstCstmrId=500038945686,고용24 훈련과정 상세,정부사이트,2026-09-28,현재 운영,,안전·조종 → 임무 절차 → 센서·통신 → 분야별 모의·현장 실습,대시보드 원본 교육데이터(진행중)를 Skill과 연결. relevance_type=INCLUDED.,dashboard C.html / Work24 원천 링크
활용·콘텐츠,활용서비스,DJ-180,드론 해양오염 조사원,재난·치안·해양·물류,Multispectral,다중분광 영상,"다중분광 영상은(는) 공공안전·해양·물류 임무의 드론 운용 업무에서 사용하는 도구·개념·절차입니다. 실제 직무에서는 설계, 운용, 분석 또는 의사결정 결과를 만드는 데 적용됩니다.",드론 해양오염 조사원이(가) 유류오염·부유물·적조 범위 촬영·지도화 업무를 수행할 때 Multispectral을(를) 이해하고 적용하기 위해 학습합니다.,드론 조종·안전·임무계획 기초,초급~중급,PREREQUISITE,국비지원 직업훈련,무인항공기 임무비행 전문가,AIG20250000531993,1007,디엠씨,직업훈련기관,소형무인기운용·조종 기반의 고용24 훈련과정입니다. Multispectral 학습에는 과정명과의 직접 연관성에 따라 기초·포함·선수 경로로 연결했습니다.,소형무인기운용·조종; 재난; 임무비행; 수중드론,초급~중급,오프라인,국비지원(일부 자부담 가능),고용24 직업훈련(국민내일배움카드 적용 여부는 과정 상세 확인),경남 양산시,총 320시간,,2026-09-15~2026-11-13,국민내일배움카드(일반),수료 여부 과정별 확인,https://www.work24.go.kr/hr/a/a/3100/selectTracseDetl.do?tracseId=AIG20250000531993&tracseTme=5&crseTracseSe=C0061&trainstCstmrId=500038945686,고용24 훈련과정 상세,정부사이트,2026-09-28,현재 운영,https://enterprise-insights.dji.com/learning-center,안전·조종 → 임무 절차 → 센서·통신 → 분야별 모의·현장 실습,대시보드 원본 교육데이터(진행중)를 Skill과 연결. relevance_type=PREREQUISITE.,dashboard C.html / Work24 원천 링크
활용·콘텐츠,활용서비스,DJ-180,드론 해양오염 조사원,재난·치안·해양·물류,Multispectral,다중분광 영상,"다중분광 영상은(는) 공공안전·해양·물류 임무의 드론 운용 업무에서 사용하는 도구·개념·절차입니다. 실제 직무에서는 설계, 운용, 분석 또는 의사결정 결과를 만드는 데 적용됩니다.",드론 해양오염 조사원이(가) 유류오염·부유물·적조 범위 촬영·지도화 업무를 수행할 때 Multispectral을(를) 이해하고 적용하기 위해 학습합니다.,드론 조종과 촬영 기초,초급~중급,OFFICIAL_RESOURCE,공식 튜토리얼·문서,DJI Enterprise Learning Center,DJI-GEO,,DJI Enterprise,기업 공식교육,측량·매핑·점검·공공안전 등 DJI Enterprise 장비와 지리공간 워크플로를 학습합니다.,DJI Enterprise; Mapping; Inspection; LiDAR; Drone Operations,초급~중급,온라인,무료/유료 혼합,,온라인,자기주도 학습,상시,상시,대학생·취업준비생·재직자·일반인,프로그램별 확인,https://enterprise-insights.dji.com/learning-center,DJI Enterprise,기업·기관 공식사이트,2026-09-28,상시 운영,,기체·안전 → 임무 설정 → 데이터 수집 → 처리 → 산업별 적용,공식 제공기관이 운영하는 교육·튜토리얼·문서 기반 학습경로.,공식 웹사이트 직접 확인
활용·콘텐츠,활용서비스,DJ-175,세관·국경감시 드론 운용요원,재난·치안·해양·물류,Evidence,Evidence 관련 기술,"Evidence은(는) 공공안전·해양·물류 임무의 드론 운용 업무에서 사용하는 도구·개념·절차입니다. 실제 직무에서는 설계, 운용, 분석 또는 의사결정 결과를 만드는 데 적용됩니다.",세관·국경감시 드론 운용요원이(가) 국경·항만·해안의 밀수·불법행위 감시 업무를 수행할 때 Evidence을(를) 이해하고 적용하기 위해 학습합니다.,드론 조종·안전·임무계획 기초,초급~중급,PREREQUISITE,국비지원 직업훈련,무인항공기 임무비행 전문가,AIG20250000531993,1007,디엠씨,직업훈련기관,소형무인기운용·조종 기반의 고용24 훈련과정입니다. Evidence 학습에는 과정명과의 직접 연관성에 따라 기초·포함·선수 경로로 연결했습니다.,소형무인기운용·조종; 재난; 임무비행; 수중드론,초급~중급,오프라인,국비지원(일부 자부담 가능),고용24 직업훈련(국민내일배움카드 적용 여부는 과정 상세 확인),경남 양산시,총 320시간,,2026-09-15~2026-11-13,국민내일배움카드(일반),수료 여부 과정별 확인,https://www.work24.go.kr/hr/a/a/3100/selectTracseDetl.do?tracseId=AIG20250000531993&tracseTme=5&crseTracseSe=C0061&trainstCstmrId=500038945686,고용24 훈련과정 상세,정부사이트,2026-09-28,현재 운영,,안전·조종 → 임무 절차 → 센서·통신 → 분야별 모의·현장 실습,대시보드 원본 교육데이터(진행중)를 Skill과 연결. relevance_type=PREREQUISITE.,dashboard C.html / Work24 원천 링크
활용·콘텐츠,활용서비스,DJ-175,세관·국경감시 드론 운용요원,재난·치안·해양·물류,ISR,ISR 관련 기술,"ISR은(는) 공공안전·해양·물류 임무의 드론 운용 업무에서 사용하는 도구·개념·절차입니다. 실제 직무에서는 설계, 운용, 분석 또는 의사결정 결과를 만드는 데 적용됩니다.",세관·국경감시 드론 운용요원이(가) 국경·항만·해안의 밀수·불법행위 감시 업무를 수행할 때 ISR을(를) 이해하고 적용하기 위해 학습합니다.,드론 조종·안전·임무계획 기초,초급~중급,PREREQUISITE,국비지원 직업훈련,무인항공기 임무비행 전문가,AIG20250000531993,1007,디엠씨,직업훈련기관,소형무인기운용·조종 기반의 고용24 훈련과정입니다. ISR 학습에는 과정명과의 직접 연관성에 따라 기초·포함·선수 경로로 연결했습니다.,소형무인기운용·조종; 재난; 임무비행; 수중드론,초급~중급,오프라인,국비지원(일부 자부담 가능),고용24 직업훈련(국민내일배움카드 적용 여부는 과정 상세 확인),경남 양산시,총 320시간,,2026-09-15~2026-11-13,국민내일배움카드(일반),수료 여부 과정별 확인,https://www.work24.go.kr/hr/a/a/3100/selectTracseDetl.do?tracseId=AIG20250000531993&tracseTme=5&crseTracseSe=C0061&trainstCstmrId=500038945686,고용24 훈련과정 상세,정부사이트,2026-09-28,현재 운영,,안전·조종 → 임무 절차 → 센서·통신 → 분야별 모의·현장 실습,대시보드 원본 교육데이터(진행중)를 Skill과 연결. relevance_type=PREREQUISITE.,dashboard C.html / Work24 원천 링크
활용·콘텐츠,활용서비스,DJ-175,세관·국경감시 드론 운용요원,재난·치안·해양·물류,Long-range,Long-range 관련 기술,"Long-range은(는) 공공안전·해양·물류 임무의 드론 운용 업무에서 사용하는 도구·개념·절차입니다. 실제 직무에서는 설계, 운용, 분석 또는 의사결정 결과를 만드는 데 적용됩니다.",세관·국경감시 드론 운용요원이(가) 국경·항만·해안의 밀수·불법행위 감시 업무를 수행할 때 Long-range을(를) 이해하고 적용하기 위해 학습합니다.,드론 조종·안전·임무계획 기초,초급~중급,PREREQUISITE,국비지원 직업훈련,무인항공기 임무비행 전문가,AIG20250000531993,1007,디엠씨,직업훈련기관,소형무인기운용·조종 기반의 고용24 훈련과정입니다. Long-range 학습에는 과정명과의 직접 연관성에 따라 기초·포함·선수 경로로 연결했습니다.,소형무인기운용·조종; 재난; 임무비행; 수중드론,초급~중급,오프라인,국비지원(일부 자부담 가능),고용24 직업훈련(국민내일배움카드 적용 여부는 과정 상세 확인),경남 양산시,총 320시간,,2026-09-15~2026-11-13,국민내일배움카드(일반),수료 여부 과정별 확인,https://www.work24.go.kr/hr/a/a/3100/selectTracseDetl.do?tracseId=AIG20250000531993&tracseTme=5&crseTracseSe=C0061&trainstCstmrId=500038945686,고용24 훈련과정 상세,정부사이트,2026-09-28,현재 운영,,안전·조종 → 임무 절차 → 센서·통신 → 분야별 모의·현장 실습,대시보드 원본 교육데이터(진행중)를 Skill과 연결. relevance_type=PREREQUISITE.,dashboard C.html / Work24 원천 링크
활용·콘텐츠,활용서비스,DJ-172,소방 드론 운용요원,재난·치안·해양·물류,Fireground,Fireground 관련 기술,"Fireground은(는) 공공안전·해양·물류 임무의 드론 운용 업무에서 사용하는 도구·개념·절차입니다. 실제 직무에서는 설계, 운용, 분석 또는 의사결정 결과를 만드는 데 적용됩니다.",소방 드론 운용요원이(가) 화재·붕괴·유해물질 현장 정찰과 지휘 지원 업무를 수행할 때 Fireground을(를) 이해하고 적용하기 위해 학습합니다.,드론 조종·안전·임무계획 기초,초급~중급,INCLUDED,국비지원 직업훈련,무인항공기 임무비행 전문가,AIG20250000531993,1007,디엠씨,직업훈련기관,소형무인기운용·조종 기반의 고용24 훈련과정입니다. Fireground 학습에는 과정명과의 직접 연관성에 따라 기초·포함·선수 경로로 연결했습니다.,소형무인기운용·조종; 재난; 임무비행; 수중드론,초급~중급,오프라인,국비지원(일부 자부담 가능),고용24 직업훈련(국민내일배움카드 적용 여부는 과정 상세 확인),경남 양산시,총 320시간,,2026-09-15~2026-11-13,국민내일배움카드(일반),수료 여부 과정별 확인,https://www.work24.go.kr/hr/a/a/3100/selectTracseDetl.do?tracseId=AIG20250000531993&tracseTme=5&crseTracseSe=C0061&trainstCstmrId=500038945686,고용24 훈련과정 상세,정부사이트,2026-09-28,현재 운영,,안전·조종 → 임무 절차 → 센서·통신 → 분야별 모의·현장 실습,대시보드 원본 교육데이터(진행중)를 Skill과 연결. relevance_type=INCLUDED.,dashboard C.html / Work24 원천 링크
활용·콘텐츠,활용서비스,DJ-172,소방 드론 운용요원,재난·치안·해양·물류,ICS,ICS 관련 기술,"ICS은(는) 공공안전·해양·물류 임무의 드론 운용 업무에서 사용하는 도구·개념·절차입니다. 실제 직무에서는 설계, 운용, 분석 또는 의사결정 결과를 만드는 데 적용됩니다.",소방 드론 운용요원이(가) 화재·붕괴·유해물질 현장 정찰과 지휘 지원 업무를 수행할 때 ICS을(를) 이해하고 적용하기 위해 학습합니다.,드론 조종·안전·임무계획 기초,초급~중급,INCLUDED,국비지원 직업훈련,무인항공기 임무비행 전문가,AIG20250000531993,1007,디엠씨,직업훈련기관,소형무인기운용·조종 기반의 고용24 훈련과정입니다. ICS 학습에는 과정명과의 직접 연관성에 따라 기초·포함·선수 경로로 연결했습니다.,소형무인기운용·조종; 재난; 임무비행; 수중드론,초급~중급,오프라인,국비지원(일부 자부담 가능),고용24 직업훈련(국민내일배움카드 적용 여부는 과정 상세 확인),경남 양산시,총 320시간,,2026-09-15~2026-11-13,국민내일배움카드(일반),수료 여부 과정별 확인,https://www.work24.go.kr/hr/a/a/3100/selectTracseDetl.do?tracseId=AIG20250000531993&tracseTme=5&crseTracseSe=C0061&trainstCstmrId=500038945686,고용24 훈련과정 상세,정부사이트,2026-09-28,현재 운영,,안전·조종 → 임무 절차 → 센서·통신 → 분야별 모의·현장 실습,대시보드 원본 교육데이터(진행중)를 Skill과 연결. relevance_type=INCLUDED.,dashboard C.html / Work24 원천 링크
활용·콘텐츠,활용서비스,DJ-172,소방 드론 운용요원,재난·치안·해양·물류,Thermal,Thermal 관련 기술,"Thermal은(는) 공공안전·해양·물류 임무의 드론 운용 업무에서 사용하는 도구·개념·절차입니다. 실제 직무에서는 설계, 운용, 분석 또는 의사결정 결과를 만드는 데 적용됩니다.",소방 드론 운용요원이(가) 화재·붕괴·유해물질 현장 정찰과 지휘 지원 업무를 수행할 때 Thermal을(를) 이해하고 적용하기 위해 학습합니다.,드론 조종·안전·임무계획 기초,초급~중급,PREREQUISITE,국비지원 직업훈련,무인항공기 임무비행 전문가,AIG20250000531993,1007,디엠씨,직업훈련기관,소형무인기운용·조종 기반의 고용24 훈련과정입니다. Thermal 학습에는 과정명과의 직접 연관성에 따라 기초·포함·선수 경로로 연결했습니다.,소형무인기운용·조종; 재난; 임무비행; 수중드론,초급~중급,오프라인,국비지원(일부 자부담 가능),고용24 직업훈련(국민내일배움카드 적용 여부는 과정 상세 확인),경남 양산시,총 320시간,,2026-09-15~2026-11-13,국민내일배움카드(일반),수료 여부 과정별 확인,https://www.work24.go.kr/hr/a/a/3100/selectTracseDetl.do?tracseId=AIG20250000531993&tracseTme=5&crseTracseSe=C0061&trainstCstmrId=500038945686,고용24 훈련과정 상세,정부사이트,2026-09-28,현재 운영,https://enterprise-insights.dji.com/learning-center,안전·조종 → 임무 절차 → 센서·통신 → 분야별 모의·현장 실습,대시보드 원본 교육데이터(진행중)를 Skill과 연결. relevance_type=PREREQUISITE.,dashboard C.html / Work24 원천 링크
활용·콘텐츠,활용서비스,DJ-172,소방 드론 운용요원,재난·치안·해양·물류,Thermal,Thermal 관련 기술,"Thermal은(는) 공공안전·해양·물류 임무의 드론 운용 업무에서 사용하는 도구·개념·절차입니다. 실제 직무에서는 설계, 운용, 분석 또는 의사결정 결과를 만드는 데 적용됩니다.",소방 드론 운용요원이(가) 화재·붕괴·유해물질 현장 정찰과 지휘 지원 업무를 수행할 때 Thermal을(를) 이해하고 적용하기 위해 학습합니다.,드론 조종과 촬영 기초,초급~중급,OFFICIAL_RESOURCE,공식 튜토리얼·문서,DJI Enterprise Learning Center,DJI-GEO,,DJI Enterprise,기업 공식교육,측량·매핑·점검·공공안전 등 DJI Enterprise 장비와 지리공간 워크플로를 학습합니다.,DJI Enterprise; Mapping; Inspection; LiDAR; Drone Operations,초급~중급,온라인,무료/유료 혼합,,온라인,자기주도 학습,상시,상시,대학생·취업준비생·재직자·일반인,프로그램별 확인,https://enterprise-insights.dji.com/learning-center,DJI Enterprise,기업·기관 공식사이트,2026-09-28,상시 운영,,기체·안전 → 임무 설정 → 데이터 수집 → 처리 → 산업별 적용,공식 제공기관이 운영하는 교육·튜토리얼·문서 기반 학습경로.,공식 웹사이트 직접 확인
활용·콘텐츠,활용서비스,DJ-170,재난현장 드론 운용요원,재난·치안·해양·물류,Incident Response,Incident Response 관련 기술,"Incident Response은(는) 공공안전·해양·물류 임무의 드론 운용 업무에서 사용하는 도구·개념·절차입니다. 실제 직무에서는 설계, 운용, 분석 또는 의사결정 결과를 만드는 데 적용됩니다.",재난현장 드론 운용요원이(가) 재난 현장 영상·정사영상·3D 상황도를 신속 생산 업무를 수행할 때 Incident Response을(를) 이해하고 적용하기 위해 학습합니다.,드론 조종·안전·임무계획 기초,초급~중급,INCLUDED,국비지원 직업훈련,무인항공기 임무비행 전문가,AIG20250000531993,1007,디엠씨,직업훈련기관,소형무인기운용·조종 기반의 고용24 훈련과정입니다. Incident Response 학습에는 과정명과의 직접 연관성에 따라 기초·포함·선수 경로로 연결했습니다.,소형무인기운용·조종; 재난; 임무비행; 수중드론,초급~중급,오프라인,국비지원(일부 자부담 가능),고용24 직업훈련(국민내일배움카드 적용 여부는 과정 상세 확인),경남 양산시,총 320시간,,2026-09-15~2026-11-13,국민내일배움카드(일반),수료 여부 과정별 확인,https://www.work24.go.kr/hr/a/a/3100/selectTracseDetl.do?tracseId=AIG20250000531993&tracseTme=5&crseTracseSe=C0061&trainstCstmrId=500038945686,고용24 훈련과정 상세,정부사이트,2026-09-28,현재 운영,,안전·조종 → 임무 절차 → 센서·통신 → 분야별 모의·현장 실습,대시보드 원본 교육데이터(진행중)를 Skill과 연결. relevance_type=INCLUDED.,dashboard C.html / Work24 원천 링크
활용·콘텐츠,활용서비스,DJ-170,재난현장 드론 운용요원,재난·치안·해양·물류,Mapping,공간정보 매핑,"공간정보 매핑은(는) 공공안전·해양·물류 임무의 드론 운용 업무에서 사용하는 도구·개념·절차입니다. 실제 직무에서는 설계, 운용, 분석 또는 의사결정 결과를 만드는 데 적용됩니다.",재난현장 드론 운용요원이(가) 재난 현장 영상·정사영상·3D 상황도를 신속 생산 업무를 수행할 때 Mapping을(를) 이해하고 적용하기 위해 학습합니다.,드론 조종·안전·임무계획 기초,초급~중급,INCLUDED,국비지원 직업훈련,특화드론운용 및 2D/3D공간정보 촬영 편집(A반),AIG20250000520214,779,신한글로벌인재교육원,직업훈련기관,소형무인기운용·조종 기반의 고용24 훈련과정입니다. Mapping 학습에는 과정명과의 직접 연관성에 따라 기초·포함·선수 경로로 연결했습니다.,소형무인기운용·조종; 측량; 3D; 맵핑,초급~중급,오프라인,국비지원(일부 자부담 가능),고용24 직업훈련(국민내일배움카드 적용 여부는 과정 상세 확인),경기 의정부시,총 645시간,,2026-07-27~2026-11-24,국가기간전략산업직종,수료 여부 과정별 확인,https://www.work24.go.kr/hr/a/a/3100/selectTracseDetl.do?tracseId=AIG20250000520214&tracseTme=1&crseTracseSe=C0061&trainstCstmrId=500020031915,고용24 훈련과정 상세,정부사이트,2026-09-28,현재 운영,https://docs.qgis.org/latest/en/docs/training_manual/index.html,안전·조종 → 임무 절차 → 센서·통신 → 분야별 모의·현장 실습,대시보드 원본 교육데이터(진행중)를 Skill과 연결. relevance_type=INCLUDED.,dashboard C.html / Work24 원천 링크
활용·콘텐츠,활용서비스,DJ-170,재난현장 드론 운용요원,재난·치안·해양·물류,Mapping,공간정보 매핑,"공간정보 매핑은(는) 공공안전·해양·물류 임무의 드론 운용 업무에서 사용하는 도구·개념·절차입니다. 실제 직무에서는 설계, 운용, 분석 또는 의사결정 결과를 만드는 데 적용됩니다.",재난현장 드론 운용요원이(가) 재난 현장 영상·정사영상·3D 상황도를 신속 생산 업무를 수행할 때 Mapping을(를) 이해하고 적용하기 위해 학습합니다.,드론 조종과 촬영 기초,초급~중급,OFFICIAL_RESOURCE,공식 튜토리얼·문서,DJI Enterprise Learning Center,DJI-GEO,,DJI Enterprise,기업 공식교육,측량·매핑·점검·공공안전 등 DJI Enterprise 장비와 지리공간 워크플로를 학습합니다.,DJI Enterprise; Mapping; Inspection; LiDAR; Drone Operations,초급~중급,온라인,무료/유료 혼합,,온라인,자기주도 학습,상시,상시,대학생·취업준비생·재직자·일반인,프로그램별 확인,https://enterprise-insights.dji.com/learning-center,DJI Enterprise,기업·기관 공식사이트,2026-09-28,상시 운영,,기체·안전 → 임무 설정 → 데이터 수집 → 처리 → 산업별 적용,공식 제공기관이 운영하는 교육·튜토리얼·문서 기반 학습경로.,공식 웹사이트 직접 확인
활용·콘텐츠,활용서비스,DJ-170,재난현장 드론 운용요원,재난·치안·해양·물류,Mapping,공간정보 매핑,"공간정보 매핑은(는) 공공안전·해양·물류 임무의 드론 운용 업무에서 사용하는 도구·개념·절차입니다. 실제 직무에서는 설계, 운용, 분석 또는 의사결정 결과를 만드는 데 적용됩니다.",재난현장 드론 운용요원이(가) 재난 현장 영상·정사영상·3D 상황도를 신속 생산 업무를 수행할 때 Mapping을(를) 이해하고 적용하기 위해 학습합니다.,컴퓨터 파일 관리와 지도 기초,초급~중급,OFFICIAL_RESOURCE,공식 튜토리얼·문서,QGIS Training Manual,QGIS,,QGIS Project,공식 오픈소스,"GIS 인터페이스, 벡터·래스터 데이터, 좌표계, 공간분석과 지도 제작을 단계별로 실습합니다.",QGIS; GIS; CRS; Vector; Raster; Spatial Analysis,입문~중급,온라인,무료,,온라인,자기주도 학습,상시,상시,대학생·취업준비생·재직자·일반인,없음,https://docs.qgis.org/latest/en/docs/training_manual/index.html,QGIS Project,공식 기술문서,2026-09-28,상시 운영,,인터페이스 → 레이어·좌표계 → 편집 → 공간분석 → 드론 공간정보 프로젝트,공식 제공기관이 운영하는 교육·튜토리얼·문서 기반 학습경로.,공식 웹사이트 직접 확인
활용·콘텐츠,활용서비스,DJ-170,재난현장 드론 운용요원,재난·치안·해양·물류,Thermal,Thermal 관련 기술,"Thermal은(는) 공공안전·해양·물류 임무의 드론 운용 업무에서 사용하는 도구·개념·절차입니다. 실제 직무에서는 설계, 운용, 분석 또는 의사결정 결과를 만드는 데 적용됩니다.",재난현장 드론 운용요원이(가) 재난 현장 영상·정사영상·3D 상황도를 신속 생산 업무를 수행할 때 Thermal을(를) 이해하고 적용하기 위해 학습합니다.,드론 조종·안전·임무계획 기초,초급~중급,PREREQUISITE,국비지원 직업훈련,무인항공기 임무비행 전문가,AIG20250000531993,1007,디엠씨,직업훈련기관,소형무인기운용·조종 기반의 고용24 훈련과정입니다. Thermal 학습에는 과정명과의 직접 연관성에 따라 기초·포함·선수 경로로 연결했습니다.,소형무인기운용·조종; 재난; 임무비행; 수중드론,초급~중급,오프라인,국비지원(일부 자부담 가능),고용24 직업훈련(국민내일배움카드 적용 여부는 과정 상세 확인),경남 양산시,총 320시간,,2026-09-15~2026-11-13,국민내일배움카드(일반),수료 여부 과정별 확인,https://www.work24.go.kr/hr/a/a/3100/selectTracseDetl.do?tracseId=AIG20250000531993&tracseTme=5&crseTracseSe=C0061&trainstCstmrId=500038945686,고용24 훈련과정 상세,정부사이트,2026-09-28,현재 운영,https://enterprise-insights.dji.com/learning-center,안전·조종 → 임무 절차 → 센서·통신 → 분야별 모의·현장 실습,대시보드 원본 교육데이터(진행중)를 Skill과 연결. relevance_type=PREREQUISITE.,dashboard C.html / Work24 원천 링크
활용·콘텐츠,활용서비스,DJ-170,재난현장 드론 운용요원,재난·치안·해양·물류,Thermal,Thermal 관련 기술,"Thermal은(는) 공공안전·해양·물류 임무의 드론 운용 업무에서 사용하는 도구·개념·절차입니다. 실제 직무에서는 설계, 운용, 분석 또는 의사결정 결과를 만드는 데 적용됩니다.",재난현장 드론 운용요원이(가) 재난 현장 영상·정사영상·3D 상황도를 신속 생산 업무를 수행할 때 Thermal을(를) 이해하고 적용하기 위해 학습합니다.,드론 조종과 촬영 기초,초급~중급,OFFICIAL_RESOURCE,공식 튜토리얼·문서,DJI Enterprise Learning Center,DJI-GEO,,DJI Enterprise,기업 공식교육,측량·매핑·점검·공공안전 등 DJI Enterprise 장비와 지리공간 워크플로를 학습합니다.,DJI Enterprise; Mapping; Inspection; LiDAR; Drone Operations,초급~중급,온라인,무료/유료 혼합,,온라인,자기주도 학습,상시,상시,대학생·취업준비생·재직자·일반인,프로그램별 확인,https://enterprise-insights.dji.com/learning-center,DJI Enterprise,기업·기관 공식사이트,2026-09-28,상시 운영,,기체·안전 → 임무 설정 → 데이터 수집 → 처리 → 산업별 적용,공식 제공기관이 운영하는 교육·튜토리얼·문서 기반 학습경로.,공식 웹사이트 직접 확인
활용·콘텐츠,활용서비스,DJ-179,해양 드론 안전감시원,재난·치안·해양·물류,AIS,AIS 관련 기술,"AIS은(는) 공공안전·해양·물류 임무의 드론 운용 업무에서 사용하는 도구·개념·절차입니다. 실제 직무에서는 설계, 운용, 분석 또는 의사결정 결과를 만드는 데 적용됩니다.",해양 드론 안전감시원이(가) 연안·선박·양식장·조난·불법조업 상황 감시 업무를 수행할 때 AIS을(를) 이해하고 적용하기 위해 학습합니다.,드론 조종·안전·임무계획 기초,초급~중급,PREREQUISITE,국비지원 직업훈련,AIOT 기반 드론 영상 관제시스템 프로젝트 개발,AIG20250000501335,982,DW아카데미학원,직업훈련기관,응용SW엔지니어링 기반의 고용24 훈련과정입니다. AIS 학습에는 과정명과의 직접 연관성에 따라 기초·포함·선수 경로로 연결했습니다.,응용SW엔지니어링; AI소프트웨어; AIOT; 파이썬,초급~중급,오프라인,국비지원(일부 자부담 가능),고용24 직업훈련(국민내일배움카드 적용 여부는 과정 상세 확인),대전 중구,"총 1,120시간",,2026-09-09~2027-04-05,K-디지털 트레이닝,수료 여부 과정별 확인,https://www.work24.go.kr/hr/a/a/3100/selectTracseDetl.do?tracseId=AIG20250000501335&tracseTme=8&crseTracseSe=C0061&trainstCstmrId=500020022702,고용24 훈련과정 상세,정부사이트,2026-09-28,현재 운영,,안전·조종 → 임무 절차 → 센서·통신 → 분야별 모의·현장 실습,대시보드 원본 교육데이터(진행중)를 Skill과 연결. relevance_type=PREREQUISITE.,dashboard C.html / Work24 원천 링크
활용·콘텐츠,활용서비스,DJ-179,해양 드론 안전감시원,재난·치안·해양·물류,EO/IR,전자광학·적외선,"전자광학·적외선은(는) 공공안전·해양·물류 임무의 드론 운용 업무에서 사용하는 도구·개념·절차입니다. 실제 직무에서는 설계, 운용, 분석 또는 의사결정 결과를 만드는 데 적용됩니다.",해양 드론 안전감시원이(가) 연안·선박·양식장·조난·불법조업 상황 감시 업무를 수행할 때 EO/IR을(를) 이해하고 적용하기 위해 학습합니다.,드론 조종·안전·임무계획 기초,초급~중급,PREREQUISITE,국비지원 직업훈련,무인항공기 임무비행 전문가,AIG20250000531993,1007,디엠씨,직업훈련기관,소형무인기운용·조종 기반의 고용24 훈련과정입니다. EO/IR 학습에는 과정명과의 직접 연관성에 따라 기초·포함·선수 경로로 연결했습니다.,소형무인기운용·조종; 재난; 임무비행; 수중드론,초급~중급,오프라인,국비지원(일부 자부담 가능),고용24 직업훈련(국민내일배움카드 적용 여부는 과정 상세 확인),경남 양산시,총 320시간,,2026-09-15~2026-11-13,국민내일배움카드(일반),수료 여부 과정별 확인,https://www.work24.go.kr/hr/a/a/3100/selectTracseDetl.do?tracseId=AIG20250000531993&tracseTme=5&crseTracseSe=C0061&trainstCstmrId=500038945686,고용24 훈련과정 상세,정부사이트,2026-09-28,현재 운영,,안전·조종 → 임무 절차 → 센서·통신 → 분야별 모의·현장 실습,대시보드 원본 교육데이터(진행중)를 Skill과 연결. relevance_type=PREREQUISITE.,dashboard C.html / Work24 원천 링크
활용·콘텐츠,활용서비스,DJ-179,해양 드론 안전감시원,재난·치안·해양·물류,Maritime Ops,Maritime Ops 관련 기술,"Maritime Ops은(는) 공공안전·해양·물류 임무의 드론 운용 업무에서 사용하는 도구·개념·절차입니다. 실제 직무에서는 설계, 운용, 분석 또는 의사결정 결과를 만드는 데 적용됩니다.",해양 드론 안전감시원이(가) 연안·선박·양식장·조난·불법조업 상황 감시 업무를 수행할 때 Maritime Ops을(를) 이해하고 적용하기 위해 학습합니다.,드론 조종·안전·임무계획 기초,초급~중급,INCLUDED,국비지원 직업훈련,무인항공기 임무비행 전문가,AIG20250000531993,1007,디엠씨,직업훈련기관,소형무인기운용·조종 기반의 고용24 훈련과정입니다. Maritime Ops 학습에는 과정명과의 직접 연관성에 따라 기초·포함·선수 경로로 연결했습니다.,소형무인기운용·조종; 재난; 임무비행; 수중드론,초급~중급,오프라인,국비지원(일부 자부담 가능),고용24 직업훈련(국민내일배움카드 적용 여부는 과정 상세 확인),경남 양산시,총 320시간,,2026-09-15~2026-11-13,국민내일배움카드(일반),수료 여부 과정별 확인,https://www.work24.go.kr/hr/a/a/3100/selectTracseDetl.do?tracseId=AIG20250000531993&tracseTme=5&crseTracseSe=C0061&trainstCstmrId=500038945686,고용24 훈련과정 상세,정부사이트,2026-09-28,현재 운영,,안전·조종 → 임무 절차 → 센서·통신 → 분야별 모의·현장 실습,대시보드 원본 교육데이터(진행중)를 Skill과 연결. relevance_type=INCLUDED.,dashboard C.html / Work24 원천 링크
활용·콘텐츠,활용서비스,DJ-135,드론 360·VR 콘텐츠 제작자,촬영·콘텐츠·스포츠,360 Camera,360 Camera 관련 기술,"360 Camera은(는) 드론 촬영·영상 제작·스포츠 운용 업무에서 사용하는 도구·개념·절차입니다. 실제 직무에서는 설계, 운용, 분석 또는 의사결정 결과를 만드는 데 적용됩니다.",드론 360·VR 콘텐츠 제작자이(가) 항공 360도·VR 영상 촬영·스티칭·편집 업무를 수행할 때 360 Camera을(를) 이해하고 적용하기 위해 학습합니다.,드론 안전·조종과 영상 기초,초급~중급,PREREQUISITE,국비지원 직업훈련,드론 조립 및 분해(유지보수),AIG20250000516588,1063,신한글로벌인재교육원,직업훈련기관,소형무인기운용·조종 기반의 고용24 훈련과정입니다. 360 Camera 학습에는 과정명과의 직접 연관성에 따라 기초·포함·선수 경로로 연결했습니다.,소형무인기운용·조종; 정비; 유지보수; 조립,초급~중급,오프라인,국비지원(일부 자부담 가능),고용24 직업훈련(국민내일배움카드 적용 여부는 과정 상세 확인),경기 의정부시,총 36시간,,2026-09-28~2026-10-06,국민내일배움카드(일반),수료 여부 과정별 확인,https://www.work24.go.kr/hr/a/a/3100/selectTracseDetl.do?tracseId=AIG20250000516588&tracseTme=3&crseTracseSe=C0061&trainstCstmrId=500020031915,고용24 훈련과정 상세,정부사이트,2026-09-28,현재 운영,,안전·조종 → 카메라·촬영 → 편집·색보정 → 콘텐츠 또는 경기 실습,대시보드 원본 교육데이터(예정)를 Skill과 연결. relevance_type=PREREQUISITE.,dashboard C.html / Work24 원천 링크
활용·콘텐츠,활용서비스,DJ-135,드론 360·VR 콘텐츠 제작자,촬영·콘텐츠·스포츠,Stitching,360도 영상 스티칭,"360도 영상 스티칭은(는) 드론 촬영·영상 제작·스포츠 운용 업무에서 사용하는 도구·개념·절차입니다. 실제 직무에서는 설계, 운용, 분석 또는 의사결정 결과를 만드는 데 적용됩니다.",드론 360·VR 콘텐츠 제작자이(가) 항공 360도·VR 영상 촬영·스티칭·편집 업무를 수행할 때 Stitching을(를) 이해하고 적용하기 위해 학습합니다.,드론 안전·조종과 영상 기초,초급~중급,PREREQUISITE,국비지원 직업훈련,[촬영용 드론] 드론을 활용한 영상촬영 및 편집기술,ACG20263001414787,1048,(1st)인비원 평생교육원,직업훈련기관,소형무인기운용·조종 기반의 고용24 훈련과정입니다. Stitching 학습에는 과정명과의 직접 연관성에 따라 기초·포함·선수 경로로 연결했습니다.,소형무인기운용·조종; 영상촬영; 영상콘텐츠; 촬영용 드론,초급~중급,온라인,국비지원(일부 자부담 가능),고용24 직업훈련(국민내일배움카드 적용 여부는 과정 상세 확인),온라인,총 17시간,,2026-09-28~2026-10-28,근로자원격훈련,수료 여부 과정별 확인,https://www.work24.go.kr/hr/a/a/3100/selectTracseDetl.do?tracseId=ACG20263001414787&tracseTme=52&crseTracseSe=C0031&trainstCstmrId=500044312625,고용24 훈련과정 상세,정부사이트,2026-09-28,현재 운영,,안전·조종 → 카메라·촬영 → 편집·색보정 → 콘텐츠 또는 경기 실습,대시보드 원본 교육데이터(예정)를 Skill과 연결. relevance_type=PREREQUISITE.,dashboard C.html / Work24 원천 링크
활용·콘텐츠,활용서비스,DJ-135,드론 360·VR 콘텐츠 제작자,촬영·콘텐츠·스포츠,VR,VR 관련 기술,"VR은(는) 드론 촬영·영상 제작·스포츠 운용 업무에서 사용하는 도구·개념·절차입니다. 실제 직무에서는 설계, 운용, 분석 또는 의사결정 결과를 만드는 데 적용됩니다.",드론 360·VR 콘텐츠 제작자이(가) 항공 360도·VR 영상 촬영·스티칭·편집 업무를 수행할 때 VR을(를) 이해하고 적용하기 위해 학습합니다.,드론 안전·조종과 영상 기초,초급~중급,PREREQUISITE,국비지원 직업훈련,[촬영용 드론] 드론을 활용한 영상촬영 및 편집기술,ACG20263001414787,1048,(1st)인비원 평생교육원,직업훈련기관,소형무인기운용·조종 기반의 고용24 훈련과정입니다. VR 학습에는 과정명과의 직접 연관성에 따라 기초·포함·선수 경로로 연결했습니다.,소형무인기운용·조종; 영상촬영; 영상콘텐츠; 촬영용 드론,초급~중급,온라인,국비지원(일부 자부담 가능),고용24 직업훈련(국민내일배움카드 적용 여부는 과정 상세 확인),온라인,총 17시간,,2026-09-28~2026-10-28,근로자원격훈련,수료 여부 과정별 확인,https://www.work24.go.kr/hr/a/a/3100/selectTracseDetl.do?tracseId=ACG20263001414787&tracseTme=52&crseTracseSe=C0031&trainstCstmrId=500044312625,고용24 훈련과정 상세,정부사이트,2026-09-28,현재 운영,,안전·조종 → 카메라·촬영 → 편집·색보정 → 콘텐츠 또는 경기 실습,대시보드 원본 교육데이터(예정)를 Skill과 연결. relevance_type=PREREQUISITE.,dashboard C.html / Work24 원천 링크
활용·콘텐츠,활용서비스,DJ-136,드론 라이트쇼 디자이너,촬영·콘텐츠·스포츠,3D Animation,3차원 애니메이션,"3차원 애니메이션은(는) 드론 촬영·영상 제작·스포츠 운용 업무에서 사용하는 도구·개념·절차입니다. 실제 직무에서는 설계, 운용, 분석 또는 의사결정 결과를 만드는 데 적용됩니다.",드론 라이트쇼 디자이너이(가) 공연 스토리·대형·색상·모션 디자인 업무를 수행할 때 3D Animation을(를) 이해하고 적용하기 위해 학습합니다.,드론 안전·조종과 영상 기초,초급~중급,INCLUDED,국비지원 직업훈련,특화드론운용 및 2D/3D공간정보 촬영 편집(A반),AIG20250000520214,779,신한글로벌인재교육원,직업훈련기관,소형무인기운용·조종 기반의 고용24 훈련과정입니다. 3D Animation 학습에는 과정명과의 직접 연관성에 따라 기초·포함·선수 경로로 연결했습니다.,소형무인기운용·조종; 측량; 3D; 맵핑,초급~중급,오프라인,국비지원(일부 자부담 가능),고용24 직업훈련(국민내일배움카드 적용 여부는 과정 상세 확인),경기 의정부시,총 645시간,,2026-07-27~2026-11-24,국가기간전략산업직종,수료 여부 과정별 확인,https://www.work24.go.kr/hr/a/a/3100/selectTracseDetl.do?tracseId=AIG20250000520214&tracseTme=1&crseTracseSe=C0061&trainstCstmrId=500020031915,고용24 훈련과정 상세,정부사이트,2026-09-28,현재 운영,https://www.adobe.com/learn/premiere-pro,안전·조종 → 카메라·촬영 → 편집·색보정 → 콘텐츠 또는 경기 실습,대시보드 원본 교육데이터(진행중)를 Skill과 연결. relevance_type=INCLUDED.,dashboard C.html / Work24 원천 링크
활용·콘텐츠,활용서비스,DJ-136,드론 라이트쇼 디자이너,촬영·콘텐츠·스포츠,3D Animation,3차원 애니메이션,"3차원 애니메이션은(는) 드론 촬영·영상 제작·스포츠 운용 업무에서 사용하는 도구·개념·절차입니다. 실제 직무에서는 설계, 운용, 분석 또는 의사결정 결과를 만드는 데 적용됩니다.",드론 라이트쇼 디자이너이(가) 공연 스토리·대형·색상·모션 디자인 업무를 수행할 때 3D Animation을(를) 이해하고 적용하기 위해 학습합니다.,영상 파일과 컴퓨터 사용 기초,초급~중급,INCLUDED,공식 튜토리얼·문서,Adobe Learn - Premiere,ADOBE,,Adobe,기업 공식교육,"영상 편집, 전환·효과, 색상과 오디오 등 콘텐츠 제작 워크플로를 공식 튜토리얼로 학습합니다.",Premiere Pro; Video Editing; Color; Effects; Audio,입문~중급,온라인,튜토리얼 무료,,온라인,자기주도 학습,상시,상시,대학생·취업준비생·재직자·일반인,별도 인증 과정 있음,https://www.adobe.com/learn/premiere-pro,Adobe,기업·기관 공식사이트,2026-09-28,상시 운영,,클립 관리 → 편집 → 색·오디오 → 효과 → 드론 영상 완성,공식 제공기관이 운영하는 교육·튜토리얼·문서 기반 학습경로.,공식 웹사이트 직접 확인
활용·콘텐츠,활용서비스,DJ-136,드론 라이트쇼 디자이너,촬영·콘텐츠·스포츠,Motion Graphics,모션 그래픽,"모션 그래픽은(는) 드론 촬영·영상 제작·스포츠 운용 업무에서 사용하는 도구·개념·절차입니다. 실제 직무에서는 설계, 운용, 분석 또는 의사결정 결과를 만드는 데 적용됩니다.",드론 라이트쇼 디자이너이(가) 공연 스토리·대형·색상·모션 디자인 업무를 수행할 때 Motion Graphics을(를) 이해하고 적용하기 위해 학습합니다.,드론 안전·조종과 영상 기초,초급~중급,INCLUDED,국비지원 직업훈련,[촬영용 드론] 드론을 활용한 영상촬영 및 편집기술,ACG20263001414787,1048,(1st)인비원 평생교육원,직업훈련기관,소형무인기운용·조종 기반의 고용24 훈련과정입니다. Motion Graphics 학습에는 과정명과의 직접 연관성에 따라 기초·포함·선수 경로로 연결했습니다.,소형무인기운용·조종; 영상촬영; 영상콘텐츠; 촬영용 드론,초급~중급,온라인,국비지원(일부 자부담 가능),고용24 직업훈련(국민내일배움카드 적용 여부는 과정 상세 확인),온라인,총 17시간,,2026-09-28~2026-10-28,근로자원격훈련,수료 여부 과정별 확인,https://www.work24.go.kr/hr/a/a/3100/selectTracseDetl.do?tracseId=ACG20263001414787&tracseTme=52&crseTracseSe=C0031&trainstCstmrId=500044312625,고용24 훈련과정 상세,정부사이트,2026-09-28,현재 운영,https://www.adobe.com/learn/premiere-pro,안전·조종 → 카메라·촬영 → 편집·색보정 → 콘텐츠 또는 경기 실습,대시보드 원본 교육데이터(예정)를 Skill과 연결. relevance_type=INCLUDED.,dashboard C.html / Work24 원천 링크
활용·콘텐츠,활용서비스,DJ-136,드론 라이트쇼 디자이너,촬영·콘텐츠·스포츠,Motion Graphics,모션 그래픽,"모션 그래픽은(는) 드론 촬영·영상 제작·스포츠 운용 업무에서 사용하는 도구·개념·절차입니다. 실제 직무에서는 설계, 운용, 분석 또는 의사결정 결과를 만드는 데 적용됩니다.",드론 라이트쇼 디자이너이(가) 공연 스토리·대형·색상·모션 디자인 업무를 수행할 때 Motion Graphics을(를) 이해하고 적용하기 위해 학습합니다.,영상 파일과 컴퓨터 사용 기초,초급~중급,INCLUDED,공식 튜토리얼·문서,Adobe Learn - Premiere,ADOBE,,Adobe,기업 공식교육,"영상 편집, 전환·효과, 색상과 오디오 등 콘텐츠 제작 워크플로를 공식 튜토리얼로 학습합니다.",Premiere Pro; Video Editing; Color; Effects; Audio,입문~중급,온라인,튜토리얼 무료,,온라인,자기주도 학습,상시,상시,대학생·취업준비생·재직자·일반인,별도 인증 과정 있음,https://www.adobe.com/learn/premiere-pro,Adobe,기업·기관 공식사이트,2026-09-28,상시 운영,,클립 관리 → 편집 → 색·오디오 → 효과 → 드론 영상 완성,공식 제공기관이 운영하는 교육·튜토리얼·문서 기반 학습경로.,공식 웹사이트 직접 확인
활용·콘텐츠,활용서비스,DJ-136,드론 라이트쇼 디자이너,촬영·콘텐츠·스포츠,Storyboard,Storyboard 관련 기술,"Storyboard은(는) 드론 촬영·영상 제작·스포츠 운용 업무에서 사용하는 도구·개념·절차입니다. 실제 직무에서는 설계, 운용, 분석 또는 의사결정 결과를 만드는 데 적용됩니다.",드론 라이트쇼 디자이너이(가) 공연 스토리·대형·색상·모션 디자인 업무를 수행할 때 Storyboard을(를) 이해하고 적용하기 위해 학습합니다.,드론 안전·조종과 영상 기초,초급~중급,PREREQUISITE,국비지원 직업훈련,[촬영용 드론] 드론을 활용한 영상촬영 및 편집기술,ACG20263001414787,1048,(1st)인비원 평생교육원,직업훈련기관,소형무인기운용·조종 기반의 고용24 훈련과정입니다. Storyboard 학습에는 과정명과의 직접 연관성에 따라 기초·포함·선수 경로로 연결했습니다.,소형무인기운용·조종; 영상촬영; 영상콘텐츠; 촬영용 드론,초급~중급,온라인,국비지원(일부 자부담 가능),고용24 직업훈련(국민내일배움카드 적용 여부는 과정 상세 확인),온라인,총 17시간,,2026-09-28~2026-10-28,근로자원격훈련,수료 여부 과정별 확인,https://www.work24.go.kr/hr/a/a/3100/selectTracseDetl.do?tracseId=ACG20263001414787&tracseTme=52&crseTracseSe=C0031&trainstCstmrId=500044312625,고용24 훈련과정 상세,정부사이트,2026-09-28,현재 운영,https://www.adobe.com/learn/premiere-pro,안전·조종 → 카메라·촬영 → 편집·색보정 → 콘텐츠 또는 경기 실습,대시보드 원본 교육데이터(예정)를 Skill과 연결. relevance_type=PREREQUISITE.,dashboard C.html / Work24 원천 링크
활용·콘텐츠,활용서비스,DJ-136,드론 라이트쇼 디자이너,촬영·콘텐츠·스포츠,Storyboard,Storyboard 관련 기술,"Storyboard은(는) 드론 촬영·영상 제작·스포츠 운용 업무에서 사용하는 도구·개념·절차입니다. 실제 직무에서는 설계, 운용, 분석 또는 의사결정 결과를 만드는 데 적용됩니다.",드론 라이트쇼 디자이너이(가) 공연 스토리·대형·색상·모션 디자인 업무를 수행할 때 Storyboard을(를) 이해하고 적용하기 위해 학습합니다.,영상 파일과 컴퓨터 사용 기초,초급~중급,INCLUDED,공식 튜토리얼·문서,Adobe Learn - Premiere,ADOBE,,Adobe,기업 공식교육,"영상 편집, 전환·효과, 색상과 오디오 등 콘텐츠 제작 워크플로를 공식 튜토리얼로 학습합니다.",Premiere Pro; Video Editing; Color; Effects; Audio,입문~중급,온라인,튜토리얼 무료,,온라인,자기주도 학습,상시,상시,대학생·취업준비생·재직자·일반인,별도 인증 과정 있음,https://www.adobe.com/learn/premiere-pro,Adobe,기업·기관 공식사이트,2026-09-28,상시 운영,,클립 관리 → 편집 → 색·오디오 → 효과 → 드론 영상 완성,공식 제공기관이 운영하는 교육·튜토리얼·문서 기반 학습경로.,공식 웹사이트 직접 확인
활용·콘텐츠,활용서비스,DJ-133,드론 방송중계 운용자,촬영·콘텐츠·스포츠,Broadcast,방송 송출,"방송 송출은(는) 드론 촬영·영상 제작·스포츠 운용 업무에서 사용하는 도구·개념·절차입니다. 실제 직무에서는 설계, 운용, 분석 또는 의사결정 결과를 만드는 데 적용됩니다.",드론 방송중계 운용자이(가) 뉴스·스포츠·행사 현장의 실시간 항공영상 중계 업무를 수행할 때 Broadcast을(를) 이해하고 적용하기 위해 학습합니다.,드론 안전·조종과 영상 기초,초급~중급,INCLUDED,국비지원 직업훈련,[촬영용 드론] 드론을 활용한 영상촬영 및 편집기술,ACG20263001414787,1048,(1st)인비원 평생교육원,직업훈련기관,소형무인기운용·조종 기반의 고용24 훈련과정입니다. Broadcast 학습에는 과정명과의 직접 연관성에 따라 기초·포함·선수 경로로 연결했습니다.,소형무인기운용·조종; 영상촬영; 영상콘텐츠; 촬영용 드론,초급~중급,온라인,국비지원(일부 자부담 가능),고용24 직업훈련(국민내일배움카드 적용 여부는 과정 상세 확인),온라인,총 17시간,,2026-09-28~2026-10-28,근로자원격훈련,수료 여부 과정별 확인,https://www.work24.go.kr/hr/a/a/3100/selectTracseDetl.do?tracseId=ACG20263001414787&tracseTme=52&crseTracseSe=C0031&trainstCstmrId=500044312625,고용24 훈련과정 상세,정부사이트,2026-09-28,현재 운영,https://www.blackmagicdesign.com/kr/products/davinciresolve/training,안전·조종 → 카메라·촬영 → 편집·색보정 → 콘텐츠 또는 경기 실습,대시보드 원본 교육데이터(예정)를 Skill과 연결. relevance_type=INCLUDED.,dashboard C.html / Work24 원천 링크
활용·콘텐츠,활용서비스,DJ-133,드론 방송중계 운용자,촬영·콘텐츠·스포츠,Broadcast,방송 송출,"방송 송출은(는) 드론 촬영·영상 제작·스포츠 운용 업무에서 사용하는 도구·개념·절차입니다. 실제 직무에서는 설계, 운용, 분석 또는 의사결정 결과를 만드는 데 적용됩니다.",드론 방송중계 운용자이(가) 뉴스·스포츠·행사 현장의 실시간 항공영상 중계 업무를 수행할 때 Broadcast을(를) 이해하고 적용하기 위해 학습합니다.,영상 편집 기초,초급~중급,OFFICIAL_RESOURCE,공식 튜토리얼·문서,DaVinci Resolve 공식 트레이닝,DAVINCI,,Blackmagic Design,기업 공식교육,편집·색보정·오디오·시각효과를 공식 교재와 실습 파일로 학습합니다.,DaVinci Resolve; Editing; Color; Fairlight; Fusion,입문~고급,온라인,교재·영상 무료,,온라인,자기주도 학습,상시,상시,대학생·취업준비생·재직자·일반인,공식 인증 과정 있음,https://www.blackmagicdesign.com/kr/products/davinciresolve/training,Blackmagic Design,기업·기관 공식사이트,2026-09-28,상시 운영,,편집 → 색보정 → 오디오 → 효과 → 최종 출력,공식 제공기관이 운영하는 교육·튜토리얼·문서 기반 학습경로.,공식 웹사이트 직접 확인
활용·콘텐츠,활용서비스,DJ-133,드론 방송중계 운용자,촬영·콘텐츠·스포츠,Live Video,실시간 영상,"실시간 영상은(는) 드론 촬영·영상 제작·스포츠 운용 업무에서 사용하는 도구·개념·절차입니다. 실제 직무에서는 설계, 운용, 분석 또는 의사결정 결과를 만드는 데 적용됩니다.",드론 방송중계 운용자이(가) 뉴스·스포츠·행사 현장의 실시간 항공영상 중계 업무를 수행할 때 Live Video을(를) 이해하고 적용하기 위해 학습합니다.,드론 안전·조종과 영상 기초,초급~중급,INCLUDED,국비지원 직업훈련,[촬영용 드론] 드론을 활용한 영상촬영 및 편집기술,ACG20263001414787,1048,(1st)인비원 평생교육원,직업훈련기관,소형무인기운용·조종 기반의 고용24 훈련과정입니다. Live Video 학습에는 과정명과의 직접 연관성에 따라 기초·포함·선수 경로로 연결했습니다.,소형무인기운용·조종; 영상촬영; 영상콘텐츠; 촬영용 드론,초급~중급,온라인,국비지원(일부 자부담 가능),고용24 직업훈련(국민내일배움카드 적용 여부는 과정 상세 확인),온라인,총 17시간,,2026-09-28~2026-10-28,근로자원격훈련,수료 여부 과정별 확인,https://www.work24.go.kr/hr/a/a/3100/selectTracseDetl.do?tracseId=ACG20263001414787&tracseTme=52&crseTracseSe=C0031&trainstCstmrId=500044312625,고용24 훈련과정 상세,정부사이트,2026-09-28,현재 운영,https://www.adobe.com/learn/premiere-pro,안전·조종 → 카메라·촬영 → 편집·색보정 → 콘텐츠 또는 경기 실습,대시보드 원본 교육데이터(예정)를 Skill과 연결. relevance_type=INCLUDED.,dashboard C.html / Work24 원천 링크
활용·콘텐츠,활용서비스,DJ-133,드론 방송중계 운용자,촬영·콘텐츠·스포츠,Live Video,실시간 영상,"실시간 영상은(는) 드론 촬영·영상 제작·스포츠 운용 업무에서 사용하는 도구·개념·절차입니다. 실제 직무에서는 설계, 운용, 분석 또는 의사결정 결과를 만드는 데 적용됩니다.",드론 방송중계 운용자이(가) 뉴스·스포츠·행사 현장의 실시간 항공영상 중계 업무를 수행할 때 Live Video을(를) 이해하고 적용하기 위해 학습합니다.,영상 파일과 컴퓨터 사용 기초,초급~중급,INCLUDED,공식 튜토리얼·문서,Adobe Learn - Premiere,ADOBE,,Adobe,기업 공식교육,"영상 편집, 전환·효과, 색상과 오디오 등 콘텐츠 제작 워크플로를 공식 튜토리얼로 학습합니다.",Premiere Pro; Video Editing; Color; Effects; Audio,입문~중급,온라인,튜토리얼 무료,,온라인,자기주도 학습,상시,상시,대학생·취업준비생·재직자·일반인,별도 인증 과정 있음,https://www.adobe.com/learn/premiere-pro,Adobe,기업·기관 공식사이트,2026-09-28,상시 운영,,클립 관리 → 편집 → 색·오디오 → 효과 → 드론 영상 완성,공식 제공기관이 운영하는 교육·튜토리얼·문서 기반 학습경로.,공식 웹사이트 직접 확인
활용·콘텐츠,활용서비스,DJ-133,드론 방송중계 운용자,촬영·콘텐츠·스포츠,Live Video,실시간 영상,"실시간 영상은(는) 드론 촬영·영상 제작·스포츠 운용 업무에서 사용하는 도구·개념·절차입니다. 실제 직무에서는 설계, 운용, 분석 또는 의사결정 결과를 만드는 데 적용됩니다.",드론 방송중계 운용자이(가) 뉴스·스포츠·행사 현장의 실시간 항공영상 중계 업무를 수행할 때 Live Video을(를) 이해하고 적용하기 위해 학습합니다.,영상 편집 기초,초급~중급,OFFICIAL_RESOURCE,공식 튜토리얼·문서,DaVinci Resolve 공식 트레이닝,DAVINCI,,Blackmagic Design,기업 공식교육,편집·색보정·오디오·시각효과를 공식 교재와 실습 파일로 학습합니다.,DaVinci Resolve; Editing; Color; Fairlight; Fusion,입문~고급,온라인,교재·영상 무료,,온라인,자기주도 학습,상시,상시,대학생·취업준비생·재직자·일반인,공식 인증 과정 있음,https://www.blackmagicdesign.com/kr/products/davinciresolve/training,Blackmagic Design,기업·기관 공식사이트,2026-09-28,상시 운영,,편집 → 색보정 → 오디오 → 효과 → 최종 출력,공식 제공기관이 운영하는 교육·튜토리얼·문서 기반 학습경로.,공식 웹사이트 직접 확인
활용·콘텐츠,활용서비스,DJ-133,드론 방송중계 운용자,촬영·콘텐츠·스포츠,RF,무선주파수,"무선주파수은(는) 드론 촬영·영상 제작·스포츠 운용 업무에서 사용하는 도구·개념·절차입니다. 실제 직무에서는 설계, 운용, 분석 또는 의사결정 결과를 만드는 데 적용됩니다.",드론 방송중계 운용자이(가) 뉴스·스포츠·행사 현장의 실시간 항공영상 중계 업무를 수행할 때 RF을(를) 이해하고 적용하기 위해 학습합니다.,드론 안전·조종과 영상 기초,초급~중급,PREREQUISITE,국비지원 직업훈련,[촬영용 드론] 드론을 활용한 영상촬영 및 편집기술,ACG20263001414787,1048,(1st)인비원 평생교육원,직업훈련기관,소형무인기운용·조종 기반의 고용24 훈련과정입니다. RF 학습에는 과정명과의 직접 연관성에 따라 기초·포함·선수 경로로 연결했습니다.,소형무인기운용·조종; 영상촬영; 영상콘텐츠; 촬영용 드론,초급~중급,온라인,국비지원(일부 자부담 가능),고용24 직업훈련(국민내일배움카드 적용 여부는 과정 상세 확인),온라인,총 17시간,,2026-09-28~2026-10-28,근로자원격훈련,수료 여부 과정별 확인,https://www.work24.go.kr/hr/a/a/3100/selectTracseDetl.do?tracseId=ACG20263001414787&tracseTme=52&crseTracseSe=C0031&trainstCstmrId=500044312625,고용24 훈련과정 상세,정부사이트,2026-09-28,현재 운영,,안전·조종 → 카메라·촬영 → 편집·색보정 → 콘텐츠 또는 경기 실습,대시보드 원본 교육데이터(예정)를 Skill과 연결. relevance_type=PREREQUISITE.,dashboard C.html / Work24 원천 링크
활용·콘텐츠,활용서비스,DJ-132,드론 영상촬영 감독,촬영·콘텐츠·스포츠,Cinematography,영상 촬영,"영상 촬영은(는) 드론 촬영·영상 제작·스포츠 운용 업무에서 사용하는 도구·개념·절차입니다. 실제 직무에서는 설계, 운용, 분석 또는 의사결정 결과를 만드는 데 적용됩니다.",드론 영상촬영 감독이(가) 영화·광고·다큐의 항공영상 콘티·촬영·안전 총괄 업무를 수행할 때 Cinematography을(를) 이해하고 적용하기 위해 학습합니다.,드론 안전·조종과 영상 기초,초급~중급,INCLUDED,국비지원 직업훈련,[촬영용 드론] 드론을 활용한 영상촬영 및 편집기술,ACG20263001414787,1048,(1st)인비원 평생교육원,직업훈련기관,소형무인기운용·조종 기반의 고용24 훈련과정입니다. Cinematography 학습에는 과정명과의 직접 연관성에 따라 기초·포함·선수 경로로 연결했습니다.,소형무인기운용·조종; 영상촬영; 영상콘텐츠; 촬영용 드론,초급~중급,온라인,국비지원(일부 자부담 가능),고용24 직업훈련(국민내일배움카드 적용 여부는 과정 상세 확인),온라인,총 17시간,,2026-09-28~2026-10-28,근로자원격훈련,수료 여부 과정별 확인,https://www.work24.go.kr/hr/a/a/3100/selectTracseDetl.do?tracseId=ACG20263001414787&tracseTme=52&crseTracseSe=C0031&trainstCstmrId=500044312625,고용24 훈련과정 상세,정부사이트,2026-09-28,현재 운영,https://www.adobe.com/learn/premiere-pro,안전·조종 → 카메라·촬영 → 편집·색보정 → 콘텐츠 또는 경기 실습,대시보드 원본 교육데이터(예정)를 Skill과 연결. relevance_type=INCLUDED.,dashboard C.html / Work24 원천 링크
활용·콘텐츠,활용서비스,DJ-132,드론 영상촬영 감독,촬영·콘텐츠·스포츠,Cinematography,영상 촬영,"영상 촬영은(는) 드론 촬영·영상 제작·스포츠 운용 업무에서 사용하는 도구·개념·절차입니다. 실제 직무에서는 설계, 운용, 분석 또는 의사결정 결과를 만드는 데 적용됩니다.",드론 영상촬영 감독이(가) 영화·광고·다큐의 항공영상 콘티·촬영·안전 총괄 업무를 수행할 때 Cinematography을(를) 이해하고 적용하기 위해 학습합니다.,영상 파일과 컴퓨터 사용 기초,초급~중급,INCLUDED,공식 튜토리얼·문서,Adobe Learn - Premiere,ADOBE,,Adobe,기업 공식교육,"영상 편집, 전환·효과, 색상과 오디오 등 콘텐츠 제작 워크플로를 공식 튜토리얼로 학습합니다.",Premiere Pro; Video Editing; Color; Effects; Audio,입문~중급,온라인,튜토리얼 무료,,온라인,자기주도 학습,상시,상시,대학생·취업준비생·재직자·일반인,별도 인증 과정 있음,https://www.adobe.com/learn/premiere-pro,Adobe,기업·기관 공식사이트,2026-09-28,상시 운영,,클립 관리 → 편집 → 색·오디오 → 효과 → 드론 영상 완성,공식 제공기관이 운영하는 교육·튜토리얼·문서 기반 학습경로.,공식 웹사이트 직접 확인
활용·콘텐츠,활용서비스,DJ-132,드론 영상촬영 감독,촬영·콘텐츠·스포츠,Cinematography,영상 촬영,"영상 촬영은(는) 드론 촬영·영상 제작·스포츠 운용 업무에서 사용하는 도구·개념·절차입니다. 실제 직무에서는 설계, 운용, 분석 또는 의사결정 결과를 만드는 데 적용됩니다.",드론 영상촬영 감독이(가) 영화·광고·다큐의 항공영상 콘티·촬영·안전 총괄 업무를 수행할 때 Cinematography을(를) 이해하고 적용하기 위해 학습합니다.,영상 편집 기초,초급~중급,OFFICIAL_RESOURCE,공식 튜토리얼·문서,DaVinci Resolve 공식 트레이닝,DAVINCI,,Blackmagic Design,기업 공식교육,편집·색보정·오디오·시각효과를 공식 교재와 실습 파일로 학습합니다.,DaVinci Resolve; Editing; Color; Fairlight; Fusion,입문~고급,온라인,교재·영상 무료,,온라인,자기주도 학습,상시,상시,대학생·취업준비생·재직자·일반인,공식 인증 과정 있음,https://www.blackmagicdesign.com/kr/products/davinciresolve/training,Blackmagic Design,기업·기관 공식사이트,2026-09-28,상시 운영,,편집 → 색보정 → 오디오 → 효과 → 최종 출력,공식 제공기관이 운영하는 교육·튜토리얼·문서 기반 학습경로.,공식 웹사이트 직접 확인
활용·콘텐츠,활용서비스,DJ-132,드론 영상촬영 감독,촬영·콘텐츠·스포츠,Color,색보정,"색보정은(는) 드론 촬영·영상 제작·스포츠 운용 업무에서 사용하는 도구·개념·절차입니다. 실제 직무에서는 설계, 운용, 분석 또는 의사결정 결과를 만드는 데 적용됩니다.",드론 영상촬영 감독이(가) 영화·광고·다큐의 항공영상 콘티·촬영·안전 총괄 업무를 수행할 때 Color을(를) 이해하고 적용하기 위해 학습합니다.,드론 안전·조종과 영상 기초,초급~중급,INCLUDED,국비지원 직업훈련,[촬영용 드론] 드론을 활용한 영상촬영 및 편집기술,ACG20263001414787,1048,(1st)인비원 평생교육원,직업훈련기관,소형무인기운용·조종 기반의 고용24 훈련과정입니다. Color 학습에는 과정명과의 직접 연관성에 따라 기초·포함·선수 경로로 연결했습니다.,소형무인기운용·조종; 영상촬영; 영상콘텐츠; 촬영용 드론,초급~중급,온라인,국비지원(일부 자부담 가능),고용24 직업훈련(국민내일배움카드 적용 여부는 과정 상세 확인),온라인,총 17시간,,2026-09-28~2026-10-28,근로자원격훈련,수료 여부 과정별 확인,https://www.work24.go.kr/hr/a/a/3100/selectTracseDetl.do?tracseId=ACG20263001414787&tracseTme=52&crseTracseSe=C0031&trainstCstmrId=500044312625,고용24 훈련과정 상세,정부사이트,2026-09-28,현재 운영,https://www.adobe.com/learn/premiere-pro,안전·조종 → 카메라·촬영 → 편집·색보정 → 콘텐츠 또는 경기 실습,대시보드 원본 교육데이터(예정)를 Skill과 연결. relevance_type=INCLUDED.,dashboard C.html / Work24 원천 링크
활용·콘텐츠,활용서비스,DJ-132,드론 영상촬영 감독,촬영·콘텐츠·스포츠,Color,색보정,"색보정은(는) 드론 촬영·영상 제작·스포츠 운용 업무에서 사용하는 도구·개념·절차입니다. 실제 직무에서는 설계, 운용, 분석 또는 의사결정 결과를 만드는 데 적용됩니다.",드론 영상촬영 감독이(가) 영화·광고·다큐의 항공영상 콘티·촬영·안전 총괄 업무를 수행할 때 Color을(를) 이해하고 적용하기 위해 학습합니다.,영상 파일과 컴퓨터 사용 기초,초급~중급,INCLUDED,공식 튜토리얼·문서,Adobe Learn - Premiere,ADOBE,,Adobe,기업 공식교육,"영상 편집, 전환·효과, 색상과 오디오 등 콘텐츠 제작 워크플로를 공식 튜토리얼로 학습합니다.",Premiere Pro; Video Editing; Color; Effects; Audio,입문~중급,온라인,튜토리얼 무료,,온라인,자기주도 학습,상시,상시,대학생·취업준비생·재직자·일반인,별도 인증 과정 있음,https://www.adobe.com/learn/premiere-pro,Adobe,기업·기관 공식사이트,2026-09-28,상시 운영,,클립 관리 → 편집 → 색·오디오 → 효과 → 드론 영상 완성,공식 제공기관이 운영하는 교육·튜토리얼·문서 기반 학습경로.,공식 웹사이트 직접 확인
활용·콘텐츠,활용서비스,DJ-132,드론 영상촬영 감독,촬영·콘텐츠·스포츠,Color,색보정,"색보정은(는) 드론 촬영·영상 제작·스포츠 운용 업무에서 사용하는 도구·개념·절차입니다. 실제 직무에서는 설계, 운용, 분석 또는 의사결정 결과를 만드는 데 적용됩니다.",드론 영상촬영 감독이(가) 영화·광고·다큐의 항공영상 콘티·촬영·안전 총괄 업무를 수행할 때 Color을(를) 이해하고 적용하기 위해 학습합니다.,영상 편집 기초,초급~중급,OFFICIAL_RESOURCE,공식 튜토리얼·문서,DaVinci Resolve 공식 트레이닝,DAVINCI,,Blackmagic Design,기업 공식교육,편집·색보정·오디오·시각효과를 공식 교재와 실습 파일로 학습합니다.,DaVinci Resolve; Editing; Color; Fairlight; Fusion,입문~고급,온라인,교재·영상 무료,,온라인,자기주도 학습,상시,상시,대학생·취업준비생·재직자·일반인,공식 인증 과정 있음,https://www.blackmagicdesign.com/kr/products/davinciresolve/training,Blackmagic Design,기업·기관 공식사이트,2026-09-28,상시 운영,,편집 → 색보정 → 오디오 → 효과 → 최종 출력,공식 제공기관이 운영하는 교육·튜토리얼·문서 기반 학습경로.,공식 웹사이트 직접 확인
활용·콘텐츠,활용서비스,DJ-132,드론 영상촬영 감독,촬영·콘텐츠·스포츠,FPV,1인칭 시점 비행,"1인칭 시점 비행은(는) 드론 촬영·영상 제작·스포츠 운용 업무에서 사용하는 도구·개념·절차입니다. 실제 직무에서는 설계, 운용, 분석 또는 의사결정 결과를 만드는 데 적용됩니다.",드론 영상촬영 감독이(가) 영화·광고·다큐의 항공영상 콘티·촬영·안전 총괄 업무를 수행할 때 FPV을(를) 이해하고 적용하기 위해 학습합니다.,드론 안전·조종과 영상 기초,초급~중급,PREREQUISITE,국비지원 직업훈련,[촬영용 드론] 드론을 활용한 영상촬영 및 편집기술,ACG20263001414787,1048,(1st)인비원 평생교육원,직업훈련기관,소형무인기운용·조종 기반의 고용24 훈련과정입니다. FPV 학습에는 과정명과의 직접 연관성에 따라 기초·포함·선수 경로로 연결했습니다.,소형무인기운용·조종; 영상촬영; 영상콘텐츠; 촬영용 드론,초급~중급,온라인,국비지원(일부 자부담 가능),고용24 직업훈련(국민내일배움카드 적용 여부는 과정 상세 확인),온라인,총 17시간,,2026-09-28~2026-10-28,근로자원격훈련,수료 여부 과정별 확인,https://www.work24.go.kr/hr/a/a/3100/selectTracseDetl.do?tracseId=ACG20263001414787&tracseTme=52&crseTracseSe=C0031&trainstCstmrId=500044312625,고용24 훈련과정 상세,정부사이트,2026-09-28,현재 운영,,안전·조종 → 카메라·촬영 → 편집·색보정 → 콘텐츠 또는 경기 실습,대시보드 원본 교육데이터(예정)를 Skill과 연결. relevance_type=PREREQUISITE.,dashboard C.html / Work24 원천 링크
활용·콘텐츠,활용서비스,DJ-131,드론 항공사진 촬영가,촬영·콘텐츠·스포츠,Composition,Composition 관련 기술,"Composition은(는) 드론 촬영·영상 제작·스포츠 운용 업무에서 사용하는 도구·개념·절차입니다. 실제 직무에서는 설계, 운용, 분석 또는 의사결정 결과를 만드는 데 적용됩니다.",드론 항공사진 촬영가이(가) 부동산·관광·행사·기록용 항공사진 촬영 업무를 수행할 때 Composition을(를) 이해하고 적용하기 위해 학습합니다.,드론 안전·조종과 영상 기초,초급~중급,PREREQUISITE,국비지원 직업훈련,[촬영용 드론] 드론을 활용한 영상촬영 및 편집기술,ACG20263001414787,1048,(1st)인비원 평생교육원,직업훈련기관,소형무인기운용·조종 기반의 고용24 훈련과정입니다. Composition 학습에는 과정명과의 직접 연관성에 따라 기초·포함·선수 경로로 연결했습니다.,소형무인기운용·조종; 영상촬영; 영상콘텐츠; 촬영용 드론,초급~중급,온라인,국비지원(일부 자부담 가능),고용24 직업훈련(국민내일배움카드 적용 여부는 과정 상세 확인),온라인,총 17시간,,2026-09-28~2026-10-28,근로자원격훈련,수료 여부 과정별 확인,https://www.work24.go.kr/hr/a/a/3100/selectTracseDetl.do?tracseId=ACG20263001414787&tracseTme=52&crseTracseSe=C0031&trainstCstmrId=500044312625,고용24 훈련과정 상세,정부사이트,2026-09-28,현재 운영,https://www.adobe.com/learn/premiere-pro,안전·조종 → 카메라·촬영 → 편집·색보정 → 콘텐츠 또는 경기 실습,대시보드 원본 교육데이터(예정)를 Skill과 연결. relevance_type=PREREQUISITE.,dashboard C.html / Work24 원천 링크
활용·콘텐츠,활용서비스,DJ-131,드론 항공사진 촬영가,촬영·콘텐츠·스포츠,Composition,Composition 관련 기술,"Composition은(는) 드론 촬영·영상 제작·스포츠 운용 업무에서 사용하는 도구·개념·절차입니다. 실제 직무에서는 설계, 운용, 분석 또는 의사결정 결과를 만드는 데 적용됩니다.",드론 항공사진 촬영가이(가) 부동산·관광·행사·기록용 항공사진 촬영 업무를 수행할 때 Composition을(를) 이해하고 적용하기 위해 학습합니다.,영상 파일과 컴퓨터 사용 기초,초급~중급,INCLUDED,공식 튜토리얼·문서,Adobe Learn - Premiere,ADOBE,,Adobe,기업 공식교육,"영상 편집, 전환·효과, 색상과 오디오 등 콘텐츠 제작 워크플로를 공식 튜토리얼로 학습합니다.",Premiere Pro; Video Editing; Color; Effects; Audio,입문~중급,온라인,튜토리얼 무료,,온라인,자기주도 학습,상시,상시,대학생·취업준비생·재직자·일반인,별도 인증 과정 있음,https://www.adobe.com/learn/premiere-pro,Adobe,기업·기관 공식사이트,2026-09-28,상시 운영,,클립 관리 → 편집 → 색·오디오 → 효과 → 드론 영상 완성,공식 제공기관이 운영하는 교육·튜토리얼·문서 기반 학습경로.,공식 웹사이트 직접 확인
활용·콘텐츠,활용서비스,DJ-131,드론 항공사진 촬영가,촬영·콘텐츠·스포츠,Photography,사진 촬영,"사진 촬영은(는) 드론 촬영·영상 제작·스포츠 운용 업무에서 사용하는 도구·개념·절차입니다. 실제 직무에서는 설계, 운용, 분석 또는 의사결정 결과를 만드는 데 적용됩니다.",드론 항공사진 촬영가이(가) 부동산·관광·행사·기록용 항공사진 촬영 업무를 수행할 때 Photography을(를) 이해하고 적용하기 위해 학습합니다.,드론 안전·조종과 영상 기초,입문~초급,INCLUDED,국비지원 직업훈련,[촬영용 드론] 드론을 활용한 영상촬영 및 편집기술,ACG20263001414787,1048,(1st)인비원 평생교육원,직업훈련기관,소형무인기운용·조종 기반의 고용24 훈련과정입니다. Photography 학습에는 과정명과의 직접 연관성에 따라 기초·포함·선수 경로로 연결했습니다.,소형무인기운용·조종; 영상촬영; 영상콘텐츠; 촬영용 드론,입문~초급,온라인,국비지원(일부 자부담 가능),고용24 직업훈련(국민내일배움카드 적용 여부는 과정 상세 확인),온라인,총 17시간,,2026-09-28~2026-10-28,근로자원격훈련,수료 여부 과정별 확인,https://www.work24.go.kr/hr/a/a/3100/selectTracseDetl.do?tracseId=ACG20263001414787&tracseTme=52&crseTracseSe=C0031&trainstCstmrId=500044312625,고용24 훈련과정 상세,정부사이트,2026-09-28,현재 운영,https://www.adobe.com/learn/premiere-pro,안전·조종 → 카메라·촬영 → 편집·색보정 → 콘텐츠 또는 경기 실습,대시보드 원본 교육데이터(예정)를 Skill과 연결. relevance_type=INCLUDED.,dashboard C.html / Work24 원천 링크
활용·콘텐츠,활용서비스,DJ-131,드론 항공사진 촬영가,촬영·콘텐츠·스포츠,Photography,사진 촬영,"사진 촬영은(는) 드론 촬영·영상 제작·스포츠 운용 업무에서 사용하는 도구·개념·절차입니다. 실제 직무에서는 설계, 운용, 분석 또는 의사결정 결과를 만드는 데 적용됩니다.",드론 항공사진 촬영가이(가) 부동산·관광·행사·기록용 항공사진 촬영 업무를 수행할 때 Photography을(를) 이해하고 적용하기 위해 학습합니다.,영상 파일과 컴퓨터 사용 기초,입문~초급,INCLUDED,공식 튜토리얼·문서,Adobe Learn - Premiere,ADOBE,,Adobe,기업 공식교육,"영상 편집, 전환·효과, 색상과 오디오 등 콘텐츠 제작 워크플로를 공식 튜토리얼로 학습합니다.",Premiere Pro; Video Editing; Color; Effects; Audio,입문~중급,온라인,튜토리얼 무료,,온라인,자기주도 학습,상시,상시,대학생·취업준비생·재직자·일반인,별도 인증 과정 있음,https://www.adobe.com/learn/premiere-pro,Adobe,기업·기관 공식사이트,2026-09-28,상시 운영,,클립 관리 → 편집 → 색·오디오 → 효과 → 드론 영상 완성,공식 제공기관이 운영하는 교육·튜토리얼·문서 기반 학습경로.,공식 웹사이트 직접 확인
활용·콘텐츠,활용서비스,DJ-131,드론 항공사진 촬영가,촬영·콘텐츠·스포츠,RAW,RAW 영상·사진 처리,"RAW 영상·사진 처리은(는) 드론 촬영·영상 제작·스포츠 운용 업무에서 사용하는 도구·개념·절차입니다. 실제 직무에서는 설계, 운용, 분석 또는 의사결정 결과를 만드는 데 적용됩니다.",드론 항공사진 촬영가이(가) 부동산·관광·행사·기록용 항공사진 촬영 업무를 수행할 때 RAW을(를) 이해하고 적용하기 위해 학습합니다.,드론 안전·조종과 영상 기초,초급~중급,INCLUDED,국비지원 직업훈련,[촬영용 드론] 드론을 활용한 영상촬영 및 편집기술,ACG20263001414787,1048,(1st)인비원 평생교육원,직업훈련기관,소형무인기운용·조종 기반의 고용24 훈련과정입니다. RAW 학습에는 과정명과의 직접 연관성에 따라 기초·포함·선수 경로로 연결했습니다.,소형무인기운용·조종; 영상촬영; 영상콘텐츠; 촬영용 드론,초급~중급,온라인,국비지원(일부 자부담 가능),고용24 직업훈련(국민내일배움카드 적용 여부는 과정 상세 확인),온라인,총 17시간,,2026-09-28~2026-10-28,근로자원격훈련,수료 여부 과정별 확인,https://www.work24.go.kr/hr/a/a/3100/selectTracseDetl.do?tracseId=ACG20263001414787&tracseTme=52&crseTracseSe=C0031&trainstCstmrId=500044312625,고용24 훈련과정 상세,정부사이트,2026-09-28,현재 운영,https://www.adobe.com/learn/premiere-pro,안전·조종 → 카메라·촬영 → 편집·색보정 → 콘텐츠 또는 경기 실습,대시보드 원본 교육데이터(예정)를 Skill과 연결. relevance_type=INCLUDED.,dashboard C.html / Work24 원천 링크
활용·콘텐츠,활용서비스,DJ-131,드론 항공사진 촬영가,촬영·콘텐츠·스포츠,RAW,RAW 영상·사진 처리,"RAW 영상·사진 처리은(는) 드론 촬영·영상 제작·스포츠 운용 업무에서 사용하는 도구·개념·절차입니다. 실제 직무에서는 설계, 운용, 분석 또는 의사결정 결과를 만드는 데 적용됩니다.",드론 항공사진 촬영가이(가) 부동산·관광·행사·기록용 항공사진 촬영 업무를 수행할 때 RAW을(를) 이해하고 적용하기 위해 학습합니다.,영상 파일과 컴퓨터 사용 기초,초급~중급,INCLUDED,공식 튜토리얼·문서,Adobe Learn - Premiere,ADOBE,,Adobe,기업 공식교육,"영상 편집, 전환·효과, 색상과 오디오 등 콘텐츠 제작 워크플로를 공식 튜토리얼로 학습합니다.",Premiere Pro; Video Editing; Color; Effects; Audio,입문~중급,온라인,튜토리얼 무료,,온라인,자기주도 학습,상시,상시,대학생·취업준비생·재직자·일반인,별도 인증 과정 있음,https://www.adobe.com/learn/premiere-pro,Adobe,기업·기관 공식사이트,2026-09-28,상시 운영,,클립 관리 → 편집 → 색·오디오 → 효과 → 드론 영상 완성,공식 제공기관이 운영하는 교육·튜토리얼·문서 기반 학습경로.,공식 웹사이트 직접 확인
활용·콘텐츠,활용서비스,DJ-131,드론 항공사진 촬영가,촬영·콘텐츠·스포츠,RAW,RAW 영상·사진 처리,"RAW 영상·사진 처리은(는) 드론 촬영·영상 제작·스포츠 운용 업무에서 사용하는 도구·개념·절차입니다. 실제 직무에서는 설계, 운용, 분석 또는 의사결정 결과를 만드는 데 적용됩니다.",드론 항공사진 촬영가이(가) 부동산·관광·행사·기록용 항공사진 촬영 업무를 수행할 때 RAW을(를) 이해하고 적용하기 위해 학습합니다.,영상 편집 기초,초급~중급,OFFICIAL_RESOURCE,공식 튜토리얼·문서,DaVinci Resolve 공식 트레이닝,DAVINCI,,Blackmagic Design,기업 공식교육,편집·색보정·오디오·시각효과를 공식 교재와 실습 파일로 학습합니다.,DaVinci Resolve; Editing; Color; Fairlight; Fusion,입문~고급,온라인,교재·영상 무료,,온라인,자기주도 학습,상시,상시,대학생·취업준비생·재직자·일반인,공식 인증 과정 있음,https://www.blackmagicdesign.com/kr/products/davinciresolve/training,Blackmagic Design,기업·기관 공식사이트,2026-09-28,상시 운영,,편집 → 색보정 → 오디오 → 효과 → 최종 출력,공식 제공기관이 운영하는 교육·튜토리얼·문서 기반 학습경로.,공식 웹사이트 직접 확인
활용·콘텐츠,활용서비스,DJ-141,드론레이싱 선수,촬영·콘텐츠·스포츠,FPV,1인칭 시점 비행,"1인칭 시점 비행은(는) 드론 촬영·영상 제작·스포츠 운용 업무에서 사용하는 도구·개념·절차입니다. 실제 직무에서는 설계, 운용, 분석 또는 의사결정 결과를 만드는 데 적용됩니다.",드론레이싱 선수이(가) FPV 레이싱 코스에서 고속 경기 비행 업무를 수행할 때 FPV을(를) 이해하고 적용하기 위해 학습합니다.,드론 안전·조종과 영상 기초,초급~중급,PREREQUISITE,국비지원 직업훈련,[촬영용 드론] 드론을 활용한 영상촬영 및 편집기술,ACG20263001414787,1048,(1st)인비원 평생교육원,직업훈련기관,소형무인기운용·조종 기반의 고용24 훈련과정입니다. FPV 학습에는 과정명과의 직접 연관성에 따라 기초·포함·선수 경로로 연결했습니다.,소형무인기운용·조종; 영상촬영; 영상콘텐츠; 촬영용 드론,초급~중급,온라인,국비지원(일부 자부담 가능),고용24 직업훈련(국민내일배움카드 적용 여부는 과정 상세 확인),온라인,총 17시간,,2026-09-28~2026-10-28,근로자원격훈련,수료 여부 과정별 확인,https://www.work24.go.kr/hr/a/a/3100/selectTracseDetl.do?tracseId=ACG20263001414787&tracseTme=52&crseTracseSe=C0031&trainstCstmrId=500044312625,고용24 훈련과정 상세,정부사이트,2026-09-28,현재 운영,,안전·조종 → 카메라·촬영 → 편집·색보정 → 콘텐츠 또는 경기 실습,대시보드 원본 교육데이터(예정)를 Skill과 연결. relevance_type=PREREQUISITE.,dashboard C.html / Work24 원천 링크
활용·콘텐츠,활용서비스,DJ-141,드론레이싱 선수,촬영·콘텐츠·스포츠,Racing,Racing 관련 기술,"Racing은(는) 드론 촬영·영상 제작·스포츠 운용 업무에서 사용하는 도구·개념·절차입니다. 실제 직무에서는 설계, 운용, 분석 또는 의사결정 결과를 만드는 데 적용됩니다.",드론레이싱 선수이(가) FPV 레이싱 코스에서 고속 경기 비행 업무를 수행할 때 Racing을(를) 이해하고 적용하기 위해 학습합니다.,드론 안전·조종과 영상 기초,초급~중급,PREREQUISITE,국비지원 직업훈련,[촬영용 드론] 드론을 활용한 영상촬영 및 편집기술,ACG20263001414787,1048,(1st)인비원 평생교육원,직업훈련기관,소형무인기운용·조종 기반의 고용24 훈련과정입니다. Racing 학습에는 과정명과의 직접 연관성에 따라 기초·포함·선수 경로로 연결했습니다.,소형무인기운용·조종; 영상촬영; 영상콘텐츠; 촬영용 드론,초급~중급,온라인,국비지원(일부 자부담 가능),고용24 직업훈련(국민내일배움카드 적용 여부는 과정 상세 확인),온라인,총 17시간,,2026-09-28~2026-10-28,근로자원격훈련,수료 여부 과정별 확인,https://www.work24.go.kr/hr/a/a/3100/selectTracseDetl.do?tracseId=ACG20263001414787&tracseTme=52&crseTracseSe=C0031&trainstCstmrId=500044312625,고용24 훈련과정 상세,정부사이트,2026-09-28,현재 운영,,안전·조종 → 카메라·촬영 → 편집·색보정 → 콘텐츠 또는 경기 실습,대시보드 원본 교육데이터(예정)를 Skill과 연결. relevance_type=PREREQUISITE.,dashboard C.html / Work24 원천 링크
활용·콘텐츠,활용서비스,DJ-141,드론레이싱 선수,촬영·콘텐츠·스포츠,Tuning,Tuning 관련 기술,"Tuning은(는) 드론 촬영·영상 제작·스포츠 운용 업무에서 사용하는 도구·개념·절차입니다. 실제 직무에서는 설계, 운용, 분석 또는 의사결정 결과를 만드는 데 적용됩니다.",드론레이싱 선수이(가) FPV 레이싱 코스에서 고속 경기 비행 업무를 수행할 때 Tuning을(를) 이해하고 적용하기 위해 학습합니다.,드론 안전·조종과 영상 기초,초급~중급,PREREQUISITE,국비지원 직업훈련,[촬영용 드론] 드론을 활용한 영상촬영 및 편집기술,ACG20263001414787,1048,(1st)인비원 평생교육원,직업훈련기관,소형무인기운용·조종 기반의 고용24 훈련과정입니다. Tuning 학습에는 과정명과의 직접 연관성에 따라 기초·포함·선수 경로로 연결했습니다.,소형무인기운용·조종; 영상촬영; 영상콘텐츠; 촬영용 드론,초급~중급,온라인,국비지원(일부 자부담 가능),고용24 직업훈련(국민내일배움카드 적용 여부는 과정 상세 확인),온라인,총 17시간,,2026-09-28~2026-10-28,근로자원격훈련,수료 여부 과정별 확인,https://www.work24.go.kr/hr/a/a/3100/selectTracseDetl.do?tracseId=ACG20263001414787&tracseTme=52&crseTracseSe=C0031&trainstCstmrId=500044312625,고용24 훈련과정 상세,정부사이트,2026-09-28,현재 운영,,안전·조종 → 카메라·촬영 → 편집·색보정 → 콘텐츠 또는 경기 실습,대시보드 원본 교육데이터(예정)를 Skill과 연결. relevance_type=PREREQUISITE.,dashboard C.html / Work24 원천 링크
활용·콘텐츠,활용서비스,DJ-137,드론쇼 군집운항 감독,촬영·콘텐츠·스포츠,RF,무선주파수,"무선주파수은(는) 드론 촬영·영상 제작·스포츠 운용 업무에서 사용하는 도구·개념·절차입니다. 실제 직무에서는 설계, 운용, 분석 또는 의사결정 결과를 만드는 데 적용됩니다.",드론쇼 군집운항 감독이(가) 다수 기체 배치·비행·통신·관객 안전 총괄 업무를 수행할 때 RF을(를) 이해하고 적용하기 위해 학습합니다.,드론 안전·조종과 영상 기초,초급~중급,PREREQUISITE,국비지원 직업훈련,[촬영용 드론] 드론을 활용한 영상촬영 및 편집기술,ACG20263001414787,1048,(1st)인비원 평생교육원,직업훈련기관,소형무인기운용·조종 기반의 고용24 훈련과정입니다. RF 학습에는 과정명과의 직접 연관성에 따라 기초·포함·선수 경로로 연결했습니다.,소형무인기운용·조종; 영상촬영; 영상콘텐츠; 촬영용 드론,초급~중급,온라인,국비지원(일부 자부담 가능),고용24 직업훈련(국민내일배움카드 적용 여부는 과정 상세 확인),온라인,총 17시간,,2026-09-28~2026-10-28,근로자원격훈련,수료 여부 과정별 확인,https://www.work24.go.kr/hr/a/a/3100/selectTracseDetl.do?tracseId=ACG20263001414787&tracseTme=52&crseTracseSe=C0031&trainstCstmrId=500044312625,고용24 훈련과정 상세,정부사이트,2026-09-28,현재 운영,,안전·조종 → 카메라·촬영 → 편집·색보정 → 콘텐츠 또는 경기 실습,대시보드 원본 교육데이터(예정)를 Skill과 연결. relevance_type=PREREQUISITE.,dashboard C.html / Work24 원천 링크
활용·콘텐츠,활용서비스,DJ-137,드론쇼 군집운항 감독,촬영·콘텐츠·스포츠,Safety,Safety 관련 기술,"Safety은(는) 드론 촬영·영상 제작·스포츠 운용 업무에서 사용하는 도구·개념·절차입니다. 실제 직무에서는 설계, 운용, 분석 또는 의사결정 결과를 만드는 데 적용됩니다.",드론쇼 군집운항 감독이(가) 다수 기체 배치·비행·통신·관객 안전 총괄 업무를 수행할 때 Safety을(를) 이해하고 적용하기 위해 학습합니다.,드론 안전·조종과 영상 기초,초급~중급,PREREQUISITE,국비지원 직업훈련,[촬영용 드론] 드론을 활용한 영상촬영 및 편집기술,ACG20263001414787,1048,(1st)인비원 평생교육원,직업훈련기관,소형무인기운용·조종 기반의 고용24 훈련과정입니다. Safety 학습에는 과정명과의 직접 연관성에 따라 기초·포함·선수 경로로 연결했습니다.,소형무인기운용·조종; 영상촬영; 영상콘텐츠; 촬영용 드론,초급~중급,온라인,국비지원(일부 자부담 가능),고용24 직업훈련(국민내일배움카드 적용 여부는 과정 상세 확인),온라인,총 17시간,,2026-09-28~2026-10-28,근로자원격훈련,수료 여부 과정별 확인,https://www.work24.go.kr/hr/a/a/3100/selectTracseDetl.do?tracseId=ACG20263001414787&tracseTme=52&crseTracseSe=C0031&trainstCstmrId=500044312625,고용24 훈련과정 상세,정부사이트,2026-09-28,현재 운영,,안전·조종 → 카메라·촬영 → 편집·색보정 → 콘텐츠 또는 경기 실습,대시보드 원본 교육데이터(예정)를 Skill과 연결. relevance_type=PREREQUISITE.,dashboard C.html / Work24 원천 링크
활용·콘텐츠,활용서비스,DJ-137,드론쇼 군집운항 감독,촬영·콘텐츠·스포츠,Swarm Ops,Swarm Ops 관련 기술,"Swarm Ops은(는) 드론 촬영·영상 제작·스포츠 운용 업무에서 사용하는 도구·개념·절차입니다. 실제 직무에서는 설계, 운용, 분석 또는 의사결정 결과를 만드는 데 적용됩니다.",드론쇼 군집운항 감독이(가) 다수 기체 배치·비행·통신·관객 안전 총괄 업무를 수행할 때 Swarm Ops을(를) 이해하고 적용하기 위해 학습합니다.,드론 안전·조종과 영상 기초,초급~중급,PREREQUISITE,국비지원 직업훈련,[촬영용 드론] 드론을 활용한 영상촬영 및 편집기술,ACG20263001414787,1048,(1st)인비원 평생교육원,직업훈련기관,소형무인기운용·조종 기반의 고용24 훈련과정입니다. Swarm Ops 학습에는 과정명과의 직접 연관성에 따라 기초·포함·선수 경로로 연결했습니다.,소형무인기운용·조종; 영상촬영; 영상콘텐츠; 촬영용 드론,초급~중급,온라인,국비지원(일부 자부담 가능),고용24 직업훈련(국민내일배움카드 적용 여부는 과정 상세 확인),온라인,총 17시간,,2026-09-28~2026-10-28,근로자원격훈련,수료 여부 과정별 확인,https://www.work24.go.kr/hr/a/a/3100/selectTracseDetl.do?tracseId=ACG20263001414787&tracseTme=52&crseTracseSe=C0031&trainstCstmrId=500044312625,고용24 훈련과정 상세,정부사이트,2026-09-28,현재 운영,,안전·조종 → 카메라·촬영 → 편집·색보정 → 콘텐츠 또는 경기 실습,대시보드 원본 교육데이터(예정)를 Skill과 연결. relevance_type=PREREQUISITE.,dashboard C.html / Work24 원천 링크
활용·콘텐츠,활용서비스,DJ-138,드론쇼 현장 기술자,촬영·콘텐츠·스포츠,Battery,Battery 관련 기술,"Battery은(는) 드론 촬영·영상 제작·스포츠 운용 업무에서 사용하는 도구·개념·절차입니다. 실제 직무에서는 설계, 운용, 분석 또는 의사결정 결과를 만드는 데 적용됩니다.",드론쇼 현장 기술자이(가) 기체 충전·배치·점검·통신·회수 수행 업무를 수행할 때 Battery을(를) 이해하고 적용하기 위해 학습합니다.,드론 안전·조종과 영상 기초,초급~중급,INCLUDED,국비지원 직업훈련,드론 조립 및 분해(유지보수),AIG20250000516588,1063,신한글로벌인재교육원,직업훈련기관,소형무인기운용·조종 기반의 고용24 훈련과정입니다. Battery 학습에는 과정명과의 직접 연관성에 따라 기초·포함·선수 경로로 연결했습니다.,소형무인기운용·조종; 정비; 유지보수; 조립,초급~중급,오프라인,국비지원(일부 자부담 가능),고용24 직업훈련(국민내일배움카드 적용 여부는 과정 상세 확인),경기 의정부시,총 36시간,,2026-09-28~2026-10-06,국민내일배움카드(일반),수료 여부 과정별 확인,https://www.work24.go.kr/hr/a/a/3100/selectTracseDetl.do?tracseId=AIG20250000516588&tracseTme=3&crseTracseSe=C0061&trainstCstmrId=500020031915,고용24 훈련과정 상세,정부사이트,2026-09-28,현재 운영,,안전·조종 → 카메라·촬영 → 편집·색보정 → 콘텐츠 또는 경기 실습,대시보드 원본 교육데이터(예정)를 Skill과 연결. relevance_type=INCLUDED.,dashboard C.html / Work24 원천 링크
활용·콘텐츠,활용서비스,DJ-138,드론쇼 현장 기술자,촬영·콘텐츠·스포츠,Field Ops,Field Ops 관련 기술,"Field Ops은(는) 드론 촬영·영상 제작·스포츠 운용 업무에서 사용하는 도구·개념·절차입니다. 실제 직무에서는 설계, 운용, 분석 또는 의사결정 결과를 만드는 데 적용됩니다.",드론쇼 현장 기술자이(가) 기체 충전·배치·점검·통신·회수 수행 업무를 수행할 때 Field Ops을(를) 이해하고 적용하기 위해 학습합니다.,드론 안전·조종과 영상 기초,초급~중급,PREREQUISITE,국비지원 직업훈련,[촬영용 드론] 드론을 활용한 영상촬영 및 편집기술,ACG20263001414787,1048,(1st)인비원 평생교육원,직업훈련기관,소형무인기운용·조종 기반의 고용24 훈련과정입니다. Field Ops 학습에는 과정명과의 직접 연관성에 따라 기초·포함·선수 경로로 연결했습니다.,소형무인기운용·조종; 영상촬영; 영상콘텐츠; 촬영용 드론,초급~중급,온라인,국비지원(일부 자부담 가능),고용24 직업훈련(국민내일배움카드 적용 여부는 과정 상세 확인),온라인,총 17시간,,2026-09-28~2026-10-28,근로자원격훈련,수료 여부 과정별 확인,https://www.work24.go.kr/hr/a/a/3100/selectTracseDetl.do?tracseId=ACG20263001414787&tracseTme=52&crseTracseSe=C0031&trainstCstmrId=500044312625,고용24 훈련과정 상세,정부사이트,2026-09-28,현재 운영,,안전·조종 → 카메라·촬영 → 편집·색보정 → 콘텐츠 또는 경기 실습,대시보드 원본 교육데이터(예정)를 Skill과 연결. relevance_type=PREREQUISITE.,dashboard C.html / Work24 원천 링크
활용·콘텐츠,활용서비스,DJ-138,드론쇼 현장 기술자,촬영·콘텐츠·스포츠,Fleet,Fleet 관련 기술,"Fleet은(는) 드론 촬영·영상 제작·스포츠 운용 업무에서 사용하는 도구·개념·절차입니다. 실제 직무에서는 설계, 운용, 분석 또는 의사결정 결과를 만드는 데 적용됩니다.",드론쇼 현장 기술자이(가) 기체 충전·배치·점검·통신·회수 수행 업무를 수행할 때 Fleet을(를) 이해하고 적용하기 위해 학습합니다.,드론 안전·조종과 영상 기초,초급~중급,PREREQUISITE,국비지원 직업훈련,[촬영용 드론] 드론을 활용한 영상촬영 및 편집기술,ACG20263001414787,1048,(1st)인비원 평생교육원,직업훈련기관,소형무인기운용·조종 기반의 고용24 훈련과정입니다. Fleet 학습에는 과정명과의 직접 연관성에 따라 기초·포함·선수 경로로 연결했습니다.,소형무인기운용·조종; 영상촬영; 영상콘텐츠; 촬영용 드론,초급~중급,온라인,국비지원(일부 자부담 가능),고용24 직업훈련(국민내일배움카드 적용 여부는 과정 상세 확인),온라인,총 17시간,,2026-09-28~2026-10-28,근로자원격훈련,수료 여부 과정별 확인,https://www.work24.go.kr/hr/a/a/3100/selectTracseDetl.do?tracseId=ACG20263001414787&tracseTme=52&crseTracseSe=C0031&trainstCstmrId=500044312625,고용24 훈련과정 상세,정부사이트,2026-09-28,현재 운영,,안전·조종 → 카메라·촬영 → 편집·색보정 → 콘텐츠 또는 경기 실습,대시보드 원본 교육데이터(예정)를 Skill과 연결. relevance_type=PREREQUISITE.,dashboard C.html / Work24 원천 링크
활용·콘텐츠,활용서비스,DJ-139,드론축구 선수,촬영·콘텐츠·스포츠,Drone Soccer,Drone Soccer 관련 기술,"Drone Soccer은(는) 드론 촬영·영상 제작·스포츠 운용 업무에서 사용하는 도구·개념·절차입니다. 실제 직무에서는 설계, 운용, 분석 또는 의사결정 결과를 만드는 데 적용됩니다.",드론축구 선수이(가) 보호구형 드론으로 경기 조종·전술 훈련 업무를 수행할 때 Drone Soccer을(를) 이해하고 적용하기 위해 학습합니다.,드론 안전·조종과 영상 기초,초급~중급,PREREQUISITE,국비지원 직업훈련,[촬영용 드론] 드론을 활용한 영상촬영 및 편집기술,ACG20263001414787,1048,(1st)인비원 평생교육원,직업훈련기관,소형무인기운용·조종 기반의 고용24 훈련과정입니다. Drone Soccer 학습에는 과정명과의 직접 연관성에 따라 기초·포함·선수 경로로 연결했습니다.,소형무인기운용·조종; 영상촬영; 영상콘텐츠; 촬영용 드론,초급~중급,온라인,국비지원(일부 자부담 가능),고용24 직업훈련(국민내일배움카드 적용 여부는 과정 상세 확인),온라인,총 17시간,,2026-09-28~2026-10-28,근로자원격훈련,수료 여부 과정별 확인,https://www.work24.go.kr/hr/a/a/3100/selectTracseDetl.do?tracseId=ACG20263001414787&tracseTme=52&crseTracseSe=C0031&trainstCstmrId=500044312625,고용24 훈련과정 상세,정부사이트,2026-09-28,현재 운영,,안전·조종 → 카메라·촬영 → 편집·색보정 → 콘텐츠 또는 경기 실습,대시보드 원본 교육데이터(예정)를 Skill과 연결. relevance_type=PREREQUISITE.,dashboard C.html / Work24 원천 링크
활용·콘텐츠,활용서비스,DJ-139,드론축구 선수,촬영·콘텐츠·스포츠,FPV,1인칭 시점 비행,"1인칭 시점 비행은(는) 드론 촬영·영상 제작·스포츠 운용 업무에서 사용하는 도구·개념·절차입니다. 실제 직무에서는 설계, 운용, 분석 또는 의사결정 결과를 만드는 데 적용됩니다.",드론축구 선수이(가) 보호구형 드론으로 경기 조종·전술 훈련 업무를 수행할 때 FPV을(를) 이해하고 적용하기 위해 학습합니다.,드론 안전·조종과 영상 기초,초급~중급,PREREQUISITE,국비지원 직업훈련,[촬영용 드론] 드론을 활용한 영상촬영 및 편집기술,ACG20263001414787,1048,(1st)인비원 평생교육원,직업훈련기관,소형무인기운용·조종 기반의 고용24 훈련과정입니다. FPV 학습에는 과정명과의 직접 연관성에 따라 기초·포함·선수 경로로 연결했습니다.,소형무인기운용·조종; 영상촬영; 영상콘텐츠; 촬영용 드론,초급~중급,온라인,국비지원(일부 자부담 가능),고용24 직업훈련(국민내일배움카드 적용 여부는 과정 상세 확인),온라인,총 17시간,,2026-09-28~2026-10-28,근로자원격훈련,수료 여부 과정별 확인,https://www.work24.go.kr/hr/a/a/3100/selectTracseDetl.do?tracseId=ACG20263001414787&tracseTme=52&crseTracseSe=C0031&trainstCstmrId=500044312625,고용24 훈련과정 상세,정부사이트,2026-09-28,현재 운영,,안전·조종 → 카메라·촬영 → 편집·색보정 → 콘텐츠 또는 경기 실습,대시보드 원본 교육데이터(예정)를 Skill과 연결. relevance_type=PREREQUISITE.,dashboard C.html / Work24 원천 링크
활용·콘텐츠,활용서비스,DJ-139,드론축구 선수,촬영·콘텐츠·스포츠,Team Tactics,Team Tactics 관련 기술,"Team Tactics은(는) 드론 촬영·영상 제작·스포츠 운용 업무에서 사용하는 도구·개념·절차입니다. 실제 직무에서는 설계, 운용, 분석 또는 의사결정 결과를 만드는 데 적용됩니다.",드론축구 선수이(가) 보호구형 드론으로 경기 조종·전술 훈련 업무를 수행할 때 Team Tactics을(를) 이해하고 적용하기 위해 학습합니다.,드론 안전·조종과 영상 기초,초급~중급,PREREQUISITE,국비지원 직업훈련,[촬영용 드론] 드론을 활용한 영상촬영 및 편집기술,ACG20263001414787,1048,(1st)인비원 평생교육원,직업훈련기관,소형무인기운용·조종 기반의 고용24 훈련과정입니다. Team Tactics 학습에는 과정명과의 직접 연관성에 따라 기초·포함·선수 경로로 연결했습니다.,소형무인기운용·조종; 영상촬영; 영상콘텐츠; 촬영용 드론,초급~중급,온라인,국비지원(일부 자부담 가능),고용24 직업훈련(국민내일배움카드 적용 여부는 과정 상세 확인),온라인,총 17시간,,2026-09-28~2026-10-28,근로자원격훈련,수료 여부 과정별 확인,https://www.work24.go.kr/hr/a/a/3100/selectTracseDetl.do?tracseId=ACG20263001414787&tracseTme=52&crseTracseSe=C0031&trainstCstmrId=500044312625,고용24 훈련과정 상세,정부사이트,2026-09-28,현재 운영,,안전·조종 → 카메라·촬영 → 편집·색보정 → 콘텐츠 또는 경기 실습,대시보드 원본 교육데이터(예정)를 Skill과 연결. relevance_type=PREREQUISITE.,dashboard C.html / Work24 원천 링크
활용·콘텐츠,활용서비스,DJ-140,드론축구 지도자,촬영·콘텐츠·스포츠,Coaching,Coaching 관련 기술,"Coaching은(는) 드론 촬영·영상 제작·스포츠 운용 업무에서 사용하는 도구·개념·절차입니다. 실제 직무에서는 설계, 운용, 분석 또는 의사결정 결과를 만드는 데 적용됩니다.",드론축구 지도자이(가) 선수 조종기술·전술·기체관리 지도 업무를 수행할 때 Coaching을(를) 이해하고 적용하기 위해 학습합니다.,드론 안전·조종과 영상 기초,초급~중급,PREREQUISITE,국비지원 직업훈련,[촬영용 드론] 드론을 활용한 영상촬영 및 편집기술,ACG20263001414787,1048,(1st)인비원 평생교육원,직업훈련기관,소형무인기운용·조종 기반의 고용24 훈련과정입니다. Coaching 학습에는 과정명과의 직접 연관성에 따라 기초·포함·선수 경로로 연결했습니다.,소형무인기운용·조종; 영상촬영; 영상콘텐츠; 촬영용 드론,초급~중급,온라인,국비지원(일부 자부담 가능),고용24 직업훈련(국민내일배움카드 적용 여부는 과정 상세 확인),온라인,총 17시간,,2026-09-28~2026-10-28,근로자원격훈련,수료 여부 과정별 확인,https://www.work24.go.kr/hr/a/a/3100/selectTracseDetl.do?tracseId=ACG20263001414787&tracseTme=52&crseTracseSe=C0031&trainstCstmrId=500044312625,고용24 훈련과정 상세,정부사이트,2026-09-28,현재 운영,,안전·조종 → 카메라·촬영 → 편집·색보정 → 콘텐츠 또는 경기 실습,대시보드 원본 교육데이터(예정)를 Skill과 연결. relevance_type=PREREQUISITE.,dashboard C.html / Work24 원천 링크
활용·콘텐츠,활용서비스,DJ-140,드론축구 지도자,촬영·콘텐츠·스포츠,Drone Soccer,Drone Soccer 관련 기술,"Drone Soccer은(는) 드론 촬영·영상 제작·스포츠 운용 업무에서 사용하는 도구·개념·절차입니다. 실제 직무에서는 설계, 운용, 분석 또는 의사결정 결과를 만드는 데 적용됩니다.",드론축구 지도자이(가) 선수 조종기술·전술·기체관리 지도 업무를 수행할 때 Drone Soccer을(를) 이해하고 적용하기 위해 학습합니다.,드론 안전·조종과 영상 기초,초급~중급,PREREQUISITE,국비지원 직업훈련,[촬영용 드론] 드론을 활용한 영상촬영 및 편집기술,ACG20263001414787,1048,(1st)인비원 평생교육원,직업훈련기관,소형무인기운용·조종 기반의 고용24 훈련과정입니다. Drone Soccer 학습에는 과정명과의 직접 연관성에 따라 기초·포함·선수 경로로 연결했습니다.,소형무인기운용·조종; 영상촬영; 영상콘텐츠; 촬영용 드론,초급~중급,온라인,국비지원(일부 자부담 가능),고용24 직업훈련(국민내일배움카드 적용 여부는 과정 상세 확인),온라인,총 17시간,,2026-09-28~2026-10-28,근로자원격훈련,수료 여부 과정별 확인,https://www.work24.go.kr/hr/a/a/3100/selectTracseDetl.do?tracseId=ACG20263001414787&tracseTme=52&crseTracseSe=C0031&trainstCstmrId=500044312625,고용24 훈련과정 상세,정부사이트,2026-09-28,현재 운영,,안전·조종 → 카메라·촬영 → 편집·색보정 → 콘텐츠 또는 경기 실습,대시보드 원본 교육데이터(예정)를 Skill과 연결. relevance_type=PREREQUISITE.,dashboard C.html / Work24 원천 링크
활용·콘텐츠,활용서비스,DJ-140,드론축구 지도자,촬영·콘텐츠·스포츠,Safety,Safety 관련 기술,"Safety은(는) 드론 촬영·영상 제작·스포츠 운용 업무에서 사용하는 도구·개념·절차입니다. 실제 직무에서는 설계, 운용, 분석 또는 의사결정 결과를 만드는 데 적용됩니다.",드론축구 지도자이(가) 선수 조종기술·전술·기체관리 지도 업무를 수행할 때 Safety을(를) 이해하고 적용하기 위해 학습합니다.,드론 안전·조종과 영상 기초,초급~중급,PREREQUISITE,국비지원 직업훈련,[촬영용 드론] 드론을 활용한 영상촬영 및 편집기술,ACG20263001414787,1048,(1st)인비원 평생교육원,직업훈련기관,소형무인기운용·조종 기반의 고용24 훈련과정입니다. Safety 학습에는 과정명과의 직접 연관성에 따라 기초·포함·선수 경로로 연결했습니다.,소형무인기운용·조종; 영상촬영; 영상콘텐츠; 촬영용 드론,초급~중급,온라인,국비지원(일부 자부담 가능),고용24 직업훈련(국민내일배움카드 적용 여부는 과정 상세 확인),온라인,총 17시간,,2026-09-28~2026-10-28,근로자원격훈련,수료 여부 과정별 확인,https://www.work24.go.kr/hr/a/a/3100/selectTracseDetl.do?tracseId=ACG20263001414787&tracseTme=52&crseTracseSe=C0031&trainstCstmrId=500044312625,고용24 훈련과정 상세,정부사이트,2026-09-28,현재 운영,,안전·조종 → 카메라·촬영 → 편집·색보정 → 콘텐츠 또는 경기 실습,대시보드 원본 교육데이터(예정)를 Skill과 연결. relevance_type=PREREQUISITE.,dashboard C.html / Work24 원천 링크
활용·콘텐츠,활용서비스,DJ-134,FPV 드론 촬영가,촬영·콘텐츠·스포츠,FPV,1인칭 시점 비행,"1인칭 시점 비행은(는) 드론 촬영·영상 제작·스포츠 운용 업무에서 사용하는 도구·개념·절차입니다. 실제 직무에서는 설계, 운용, 분석 또는 의사결정 결과를 만드는 데 적용됩니다.",FPV 드론 촬영가이(가) 실내외 고기동 원테이크·추적 촬영 업무를 수행할 때 FPV을(를) 이해하고 적용하기 위해 학습합니다.,드론 안전·조종과 영상 기초,초급~중급,PREREQUISITE,국비지원 직업훈련,[촬영용 드론] 드론을 활용한 영상촬영 및 편집기술,ACG20263001414787,1048,(1st)인비원 평생교육원,직업훈련기관,소형무인기운용·조종 기반의 고용24 훈련과정입니다. FPV 학습에는 과정명과의 직접 연관성에 따라 기초·포함·선수 경로로 연결했습니다.,소형무인기운용·조종; 영상촬영; 영상콘텐츠; 촬영용 드론,초급~중급,온라인,국비지원(일부 자부담 가능),고용24 직업훈련(국민내일배움카드 적용 여부는 과정 상세 확인),온라인,총 17시간,,2026-09-28~2026-10-28,근로자원격훈련,수료 여부 과정별 확인,https://www.work24.go.kr/hr/a/a/3100/selectTracseDetl.do?tracseId=ACG20263001414787&tracseTme=52&crseTracseSe=C0031&trainstCstmrId=500044312625,고용24 훈련과정 상세,정부사이트,2026-09-28,현재 운영,,안전·조종 → 카메라·촬영 → 편집·색보정 → 콘텐츠 또는 경기 실습,대시보드 원본 교육데이터(예정)를 Skill과 연결. relevance_type=PREREQUISITE.,dashboard C.html / Work24 원천 링크
활용·콘텐츠,활용서비스,DJ-134,FPV 드론 촬영가,촬영·콘텐츠·스포츠,Manual Flight,Manual Flight 관련 기술,"Manual Flight은(는) 드론 촬영·영상 제작·스포츠 운용 업무에서 사용하는 도구·개념·절차입니다. 실제 직무에서는 설계, 운용, 분석 또는 의사결정 결과를 만드는 데 적용됩니다.",FPV 드론 촬영가이(가) 실내외 고기동 원테이크·추적 촬영 업무를 수행할 때 Manual Flight을(를) 이해하고 적용하기 위해 학습합니다.,드론 안전·조종과 영상 기초,초급~중급,PREREQUISITE,국비지원 직업훈련,[촬영용 드론] 드론을 활용한 영상촬영 및 편집기술,ACG20263001414787,1048,(1st)인비원 평생교육원,직업훈련기관,소형무인기운용·조종 기반의 고용24 훈련과정입니다. Manual Flight 학습에는 과정명과의 직접 연관성에 따라 기초·포함·선수 경로로 연결했습니다.,소형무인기운용·조종; 영상촬영; 영상콘텐츠; 촬영용 드론,초급~중급,온라인,국비지원(일부 자부담 가능),고용24 직업훈련(국민내일배움카드 적용 여부는 과정 상세 확인),온라인,총 17시간,,2026-09-28~2026-10-28,근로자원격훈련,수료 여부 과정별 확인,https://www.work24.go.kr/hr/a/a/3100/selectTracseDetl.do?tracseId=ACG20263001414787&tracseTme=52&crseTracseSe=C0031&trainstCstmrId=500044312625,고용24 훈련과정 상세,정부사이트,2026-09-28,현재 운영,,안전·조종 → 카메라·촬영 → 편집·색보정 → 콘텐츠 또는 경기 실습,대시보드 원본 교육데이터(예정)를 Skill과 연결. relevance_type=PREREQUISITE.,dashboard C.html / Work24 원천 링크
활용·콘텐츠,활용서비스,DJ-134,FPV 드론 촬영가,촬영·콘텐츠·스포츠,Video,Video 관련 기술,"Video은(는) 드론 촬영·영상 제작·스포츠 운용 업무에서 사용하는 도구·개념·절차입니다. 실제 직무에서는 설계, 운용, 분석 또는 의사결정 결과를 만드는 데 적용됩니다.",FPV 드론 촬영가이(가) 실내외 고기동 원테이크·추적 촬영 업무를 수행할 때 Video을(를) 이해하고 적용하기 위해 학습합니다.,드론 안전·조종과 영상 기초,입문~초급,INCLUDED,국비지원 직업훈련,[촬영용 드론] 드론을 활용한 영상촬영 및 편집기술,ACG20263001414787,1048,(1st)인비원 평생교육원,직업훈련기관,소형무인기운용·조종 기반의 고용24 훈련과정입니다. Video 학습에는 과정명과의 직접 연관성에 따라 기초·포함·선수 경로로 연결했습니다.,소형무인기운용·조종; 영상촬영; 영상콘텐츠; 촬영용 드론,입문~초급,온라인,국비지원(일부 자부담 가능),고용24 직업훈련(국민내일배움카드 적용 여부는 과정 상세 확인),온라인,총 17시간,,2026-09-28~2026-10-28,근로자원격훈련,수료 여부 과정별 확인,https://www.work24.go.kr/hr/a/a/3100/selectTracseDetl.do?tracseId=ACG20263001414787&tracseTme=52&crseTracseSe=C0031&trainstCstmrId=500044312625,고용24 훈련과정 상세,정부사이트,2026-09-28,현재 운영,https://www.adobe.com/learn/premiere-pro,안전·조종 → 카메라·촬영 → 편집·색보정 → 콘텐츠 또는 경기 실습,대시보드 원본 교육데이터(예정)를 Skill과 연결. relevance_type=INCLUDED.,dashboard C.html / Work24 원천 링크
활용·콘텐츠,활용서비스,DJ-134,FPV 드론 촬영가,촬영·콘텐츠·스포츠,Video,Video 관련 기술,"Video은(는) 드론 촬영·영상 제작·스포츠 운용 업무에서 사용하는 도구·개념·절차입니다. 실제 직무에서는 설계, 운용, 분석 또는 의사결정 결과를 만드는 데 적용됩니다.",FPV 드론 촬영가이(가) 실내외 고기동 원테이크·추적 촬영 업무를 수행할 때 Video을(를) 이해하고 적용하기 위해 학습합니다.,영상 파일과 컴퓨터 사용 기초,입문~초급,INCLUDED,공식 튜토리얼·문서,Adobe Learn - Premiere,ADOBE,,Adobe,기업 공식교육,"영상 편집, 전환·효과, 색상과 오디오 등 콘텐츠 제작 워크플로를 공식 튜토리얼로 학습합니다.",Premiere Pro; Video Editing; Color; Effects; Audio,입문~중급,온라인,튜토리얼 무료,,온라인,자기주도 학습,상시,상시,대학생·취업준비생·재직자·일반인,별도 인증 과정 있음,https://www.adobe.com/learn/premiere-pro,Adobe,기업·기관 공식사이트,2026-09-28,상시 운영,,클립 관리 → 편집 → 색·오디오 → 효과 → 드론 영상 완성,공식 제공기관이 운영하는 교육·튜토리얼·문서 기반 학습경로.,공식 웹사이트 직접 확인
활용·콘텐츠,활용서비스,DJ-134,FPV 드론 촬영가,촬영·콘텐츠·스포츠,Video,Video 관련 기술,"Video은(는) 드론 촬영·영상 제작·스포츠 운용 업무에서 사용하는 도구·개념·절차입니다. 실제 직무에서는 설계, 운용, 분석 또는 의사결정 결과를 만드는 데 적용됩니다.",FPV 드론 촬영가이(가) 실내외 고기동 원테이크·추적 촬영 업무를 수행할 때 Video을(를) 이해하고 적용하기 위해 학습합니다.,영상 편집 기초,입문~초급,OFFICIAL_RESOURCE,공식 튜토리얼·문서,DaVinci Resolve 공식 트레이닝,DAVINCI,,Blackmagic Design,기업 공식교육,편집·색보정·오디오·시각효과를 공식 교재와 실습 파일로 학습합니다.,DaVinci Resolve; Editing; Color; Fairlight; Fusion,입문~고급,온라인,교재·영상 무료,,온라인,자기주도 학습,상시,상시,대학생·취업준비생·재직자·일반인,공식 인증 과정 있음,https://www.blackmagicdesign.com/kr/products/davinciresolve/training,Blackmagic Design,기업·기관 공식사이트,2026-09-28,상시 운영,,편집 → 색보정 → 오디오 → 효과 → 최종 출력,공식 제공기관이 운영하는 교육·튜토리얼·문서 기반 학습경로.,공식 웹사이트 직접 확인
활용·콘텐츠,활용서비스,DJ-158,드론 건설공정 관리자,측량·건설·시설점검,Construction,Construction 관련 기술,"Construction은(는) 드론 측량·3D 공간정보·시설점검 업무에서 사용하는 도구·개념·절차입니다. 실제 직무에서는 설계, 운용, 분석 또는 의사결정 결과를 만드는 데 적용됩니다.",드론 건설공정 관리자이(가) 정기 촬영으로 공정률·토공량·현장현황 분석 업무를 수행할 때 Construction을(를) 이해하고 적용하기 위해 학습합니다.,드론 조종과 GIS·측량 기초,초급~중급,PREREQUISITE,국비지원 직업훈련,특화드론운용 및 2D/3D공간정보 촬영 편집(A반),AIG20250000520214,779,신한글로벌인재교육원,직업훈련기관,소형무인기운용·조종 기반의 고용24 훈련과정입니다. Construction 학습에는 과정명과의 직접 연관성에 따라 기초·포함·선수 경로로 연결했습니다.,소형무인기운용·조종; 측량; 3D; 맵핑,초급~중급,오프라인,국비지원(일부 자부담 가능),고용24 직업훈련(국민내일배움카드 적용 여부는 과정 상세 확인),경기 의정부시,총 645시간,,2026-07-27~2026-11-24,국가기간전략산업직종,수료 여부 과정별 확인,https://www.work24.go.kr/hr/a/a/3100/selectTracseDetl.do?tracseId=AIG20250000520214&tracseTme=1&crseTracseSe=C0061&trainstCstmrId=500020031915,고용24 훈련과정 상세,정부사이트,2026-09-28,현재 운영,,조종·측량 기초 → 촬영·좌표계 → 3D 처리 → 품질검사·현장 보고,대시보드 원본 교육데이터(진행중)를 Skill과 연결. relevance_type=PREREQUISITE.,dashboard C.html / Work24 원천 링크
활용·콘텐츠,활용서비스,DJ-158,드론 건설공정 관리자,측량·건설·시설점검,Orthomosaic,정사영상,"정사영상은(는) 드론 측량·3D 공간정보·시설점검 업무에서 사용하는 도구·개념·절차입니다. 실제 직무에서는 설계, 운용, 분석 또는 의사결정 결과를 만드는 데 적용됩니다.",드론 건설공정 관리자이(가) 정기 촬영으로 공정률·토공량·현장현황 분석 업무를 수행할 때 Orthomosaic을(를) 이해하고 적용하기 위해 학습합니다.,드론 조종과 GIS·측량 기초,초급~중급,PREREQUISITE,국비지원 직업훈련,AIOT 기반 드론 영상 관제시스템 프로젝트 개발,AIG20250000501335,982,DW아카데미학원,직업훈련기관,응용SW엔지니어링 기반의 고용24 훈련과정입니다. Orthomosaic 학습에는 과정명과의 직접 연관성에 따라 기초·포함·선수 경로로 연결했습니다.,응용SW엔지니어링; AI소프트웨어; AIOT; 파이썬,초급~중급,오프라인,국비지원(일부 자부담 가능),고용24 직업훈련(국민내일배움카드 적용 여부는 과정 상세 확인),대전 중구,"총 1,120시간",,2026-09-09~2027-04-05,K-디지털 트레이닝,수료 여부 과정별 확인,https://www.work24.go.kr/hr/a/a/3100/selectTracseDetl.do?tracseId=AIG20250000501335&tracseTme=8&crseTracseSe=C0061&trainstCstmrId=500020022702,고용24 훈련과정 상세,정부사이트,2026-09-28,현재 운영,https://training.pix4d.com/pages/online-courses,조종·측량 기초 → 촬영·좌표계 → 3D 처리 → 품질검사·현장 보고,대시보드 원본 교육데이터(진행중)를 Skill과 연결. relevance_type=PREREQUISITE.,dashboard C.html / Work24 원천 링크
활용·콘텐츠,활용서비스,DJ-158,드론 건설공정 관리자,측량·건설·시설점검,Orthomosaic,정사영상,"정사영상은(는) 드론 측량·3D 공간정보·시설점검 업무에서 사용하는 도구·개념·절차입니다. 실제 직무에서는 설계, 운용, 분석 또는 의사결정 결과를 만드는 데 적용됩니다.",드론 건설공정 관리자이(가) 정기 촬영으로 공정률·토공량·현장현황 분석 업무를 수행할 때 Orthomosaic을(를) 이해하고 적용하기 위해 학습합니다.,드론 촬영과 GIS 기초,초급~중급,OFFICIAL_RESOURCE,공식 튜토리얼·문서,Pix4D Online Courses,PIX4D,,Pix4D,기업 공식교육,"사진측량 데이터 처리, 정사영상·점군·3D 모델 생성과 품질관리를 공식 과정으로 학습합니다.",Pix4D; Photogrammetry; Orthomosaic; Point Cloud; 3D,초급~고급,온라인,무료/유료 혼합,,온라인,자기주도 학습,상시,상시,대학생·취업준비생·재직자·일반인,과정별 수료·인증,https://training.pix4d.com/pages/online-courses,Pix4D,기업·기관 공식사이트,2026-09-28,상시 운영,,데이터 취득 → 프로젝트 설정 → 처리 → 품질검사 → 결과물 활용,공식 제공기관이 운영하는 교육·튜토리얼·문서 기반 학습경로.,공식 웹사이트 직접 확인
활용·콘텐츠,활용서비스,DJ-158,드론 건설공정 관리자,측량·건설·시설점검,Volume,Volume 관련 기술,"Volume은(는) 드론 측량·3D 공간정보·시설점검 업무에서 사용하는 도구·개념·절차입니다. 실제 직무에서는 설계, 운용, 분석 또는 의사결정 결과를 만드는 데 적용됩니다.",드론 건설공정 관리자이(가) 정기 촬영으로 공정률·토공량·현장현황 분석 업무를 수행할 때 Volume을(를) 이해하고 적용하기 위해 학습합니다.,드론 조종과 GIS·측량 기초,초급~중급,INCLUDED,국비지원 직업훈련,특화드론운용 및 2D/3D공간정보 촬영 편집(A반),AIG20250000520214,779,신한글로벌인재교육원,직업훈련기관,소형무인기운용·조종 기반의 고용24 훈련과정입니다. Volume 학습에는 과정명과의 직접 연관성에 따라 기초·포함·선수 경로로 연결했습니다.,소형무인기운용·조종; 측량; 3D; 맵핑,초급~중급,오프라인,국비지원(일부 자부담 가능),고용24 직업훈련(국민내일배움카드 적용 여부는 과정 상세 확인),경기 의정부시,총 645시간,,2026-07-27~2026-11-24,국가기간전략산업직종,수료 여부 과정별 확인,https://www.work24.go.kr/hr/a/a/3100/selectTracseDetl.do?tracseId=AIG20250000520214&tracseTme=1&crseTracseSe=C0061&trainstCstmrId=500020031915,고용24 훈련과정 상세,정부사이트,2026-09-28,현재 운영,,조종·측량 기초 → 촬영·좌표계 → 3D 처리 → 품질검사·현장 보고,대시보드 원본 교육데이터(진행중)를 Skill과 연결. relevance_type=INCLUDED.,dashboard C.html / Work24 원천 링크
활용·콘텐츠,활용서비스,DJ-159,드론 건축물 안전점검원,측량·건설·시설점검,Defect,Defect 관련 기술,"Defect은(는) 드론 측량·3D 공간정보·시설점검 업무에서 사용하는 도구·개념·절차입니다. 실제 직무에서는 설계, 운용, 분석 또는 의사결정 결과를 만드는 데 적용됩니다.",드론 건축물 안전점검원이(가) 외벽·지붕·균열·박리·누수 상태 점검 업무를 수행할 때 Defect을(를) 이해하고 적용하기 위해 학습합니다.,드론 조종과 GIS·측량 기초,초급~중급,PREREQUISITE,국비지원 직업훈련,특화드론운용 및 2D/3D공간정보 촬영 편집(A반),AIG20250000520214,779,신한글로벌인재교육원,직업훈련기관,소형무인기운용·조종 기반의 고용24 훈련과정입니다. Defect 학습에는 과정명과의 직접 연관성에 따라 기초·포함·선수 경로로 연결했습니다.,소형무인기운용·조종; 측량; 3D; 맵핑,초급~중급,오프라인,국비지원(일부 자부담 가능),고용24 직업훈련(국민내일배움카드 적용 여부는 과정 상세 확인),경기 의정부시,총 645시간,,2026-07-27~2026-11-24,국가기간전략산업직종,수료 여부 과정별 확인,https://www.work24.go.kr/hr/a/a/3100/selectTracseDetl.do?tracseId=AIG20250000520214&tracseTme=1&crseTracseSe=C0061&trainstCstmrId=500020031915,고용24 훈련과정 상세,정부사이트,2026-09-28,현재 운영,,조종·측량 기초 → 촬영·좌표계 → 3D 처리 → 품질검사·현장 보고,대시보드 원본 교육데이터(진행중)를 Skill과 연결. relevance_type=PREREQUISITE.,dashboard C.html / Work24 원천 링크
활용·콘텐츠,활용서비스,DJ-159,드론 건축물 안전점검원,측량·건설·시설점검,Inspection,Inspection 관련 기술,"Inspection은(는) 드론 측량·3D 공간정보·시설점검 업무에서 사용하는 도구·개념·절차입니다. 실제 직무에서는 설계, 운용, 분석 또는 의사결정 결과를 만드는 데 적용됩니다.",드론 건축물 안전점검원이(가) 외벽·지붕·균열·박리·누수 상태 점검 업무를 수행할 때 Inspection을(를) 이해하고 적용하기 위해 학습합니다.,드론 조종과 GIS·측량 기초,초급~중급,PREREQUISITE,국비지원 직업훈련,특화드론운용 및 2D/3D공간정보 촬영 편집(A반),AIG20250000520214,779,신한글로벌인재교육원,직업훈련기관,소형무인기운용·조종 기반의 고용24 훈련과정입니다. Inspection 학습에는 과정명과의 직접 연관성에 따라 기초·포함·선수 경로로 연결했습니다.,소형무인기운용·조종; 측량; 3D; 맵핑,초급~중급,오프라인,국비지원(일부 자부담 가능),고용24 직업훈련(국민내일배움카드 적용 여부는 과정 상세 확인),경기 의정부시,총 645시간,,2026-07-27~2026-11-24,국가기간전략산업직종,수료 여부 과정별 확인,https://www.work24.go.kr/hr/a/a/3100/selectTracseDetl.do?tracseId=AIG20250000520214&tracseTme=1&crseTracseSe=C0061&trainstCstmrId=500020031915,고용24 훈련과정 상세,정부사이트,2026-09-28,현재 운영,https://enterprise-insights.dji.com/learning-center,조종·측량 기초 → 촬영·좌표계 → 3D 처리 → 품질검사·현장 보고,대시보드 원본 교육데이터(진행중)를 Skill과 연결. relevance_type=PREREQUISITE.,dashboard C.html / Work24 원천 링크
활용·콘텐츠,활용서비스,DJ-159,드론 건축물 안전점검원,측량·건설·시설점검,Inspection,Inspection 관련 기술,"Inspection은(는) 드론 측량·3D 공간정보·시설점검 업무에서 사용하는 도구·개념·절차입니다. 실제 직무에서는 설계, 운용, 분석 또는 의사결정 결과를 만드는 데 적용됩니다.",드론 건축물 안전점검원이(가) 외벽·지붕·균열·박리·누수 상태 점검 업무를 수행할 때 Inspection을(를) 이해하고 적용하기 위해 학습합니다.,드론 조종과 촬영 기초,초급~중급,OFFICIAL_RESOURCE,공식 튜토리얼·문서,DJI Enterprise Learning Center,DJI-GEO,,DJI Enterprise,기업 공식교육,측량·매핑·점검·공공안전 등 DJI Enterprise 장비와 지리공간 워크플로를 학습합니다.,DJI Enterprise; Mapping; Inspection; LiDAR; Drone Operations,초급~중급,온라인,무료/유료 혼합,,온라인,자기주도 학습,상시,상시,대학생·취업준비생·재직자·일반인,프로그램별 확인,https://enterprise-insights.dji.com/learning-center,DJI Enterprise,기업·기관 공식사이트,2026-09-28,상시 운영,,기체·안전 → 임무 설정 → 데이터 수집 → 처리 → 산업별 적용,공식 제공기관이 운영하는 교육·튜토리얼·문서 기반 학습경로.,공식 웹사이트 직접 확인
활용·콘텐츠,활용서비스,DJ-159,드론 건축물 안전점검원,측량·건설·시설점검,Thermal,Thermal 관련 기술,"Thermal은(는) 드론 측량·3D 공간정보·시설점검 업무에서 사용하는 도구·개념·절차입니다. 실제 직무에서는 설계, 운용, 분석 또는 의사결정 결과를 만드는 데 적용됩니다.",드론 건축물 안전점검원이(가) 외벽·지붕·균열·박리·누수 상태 점검 업무를 수행할 때 Thermal을(를) 이해하고 적용하기 위해 학습합니다.,드론 조종과 GIS·측량 기초,초급~중급,PREREQUISITE,국비지원 직업훈련,특화드론운용 및 2D/3D공간정보 촬영 편집(A반),AIG20250000520214,779,신한글로벌인재교육원,직업훈련기관,소형무인기운용·조종 기반의 고용24 훈련과정입니다. Thermal 학습에는 과정명과의 직접 연관성에 따라 기초·포함·선수 경로로 연결했습니다.,소형무인기운용·조종; 측량; 3D; 맵핑,초급~중급,오프라인,국비지원(일부 자부담 가능),고용24 직업훈련(국민내일배움카드 적용 여부는 과정 상세 확인),경기 의정부시,총 645시간,,2026-07-27~2026-11-24,국가기간전략산업직종,수료 여부 과정별 확인,https://www.work24.go.kr/hr/a/a/3100/selectTracseDetl.do?tracseId=AIG20250000520214&tracseTme=1&crseTracseSe=C0061&trainstCstmrId=500020031915,고용24 훈련과정 상세,정부사이트,2026-09-28,현재 운영,https://enterprise-insights.dji.com/learning-center,조종·측량 기초 → 촬영·좌표계 → 3D 처리 → 품질검사·현장 보고,대시보드 원본 교육데이터(진행중)를 Skill과 연결. relevance_type=PREREQUISITE.,dashboard C.html / Work24 원천 링크
활용·콘텐츠,활용서비스,DJ-159,드론 건축물 안전점검원,측량·건설·시설점검,Thermal,Thermal 관련 기술,"Thermal은(는) 드론 측량·3D 공간정보·시설점검 업무에서 사용하는 도구·개념·절차입니다. 실제 직무에서는 설계, 운용, 분석 또는 의사결정 결과를 만드는 데 적용됩니다.",드론 건축물 안전점검원이(가) 외벽·지붕·균열·박리·누수 상태 점검 업무를 수행할 때 Thermal을(를) 이해하고 적용하기 위해 학습합니다.,드론 조종과 촬영 기초,초급~중급,OFFICIAL_RESOURCE,공식 튜토리얼·문서,DJI Enterprise Learning Center,DJI-GEO,,DJI Enterprise,기업 공식교육,측량·매핑·점검·공공안전 등 DJI Enterprise 장비와 지리공간 워크플로를 학습합니다.,DJI Enterprise; Mapping; Inspection; LiDAR; Drone Operations,초급~중급,온라인,무료/유료 혼합,,온라인,자기주도 학습,상시,상시,대학생·취업준비생·재직자·일반인,프로그램별 확인,https://enterprise-insights.dji.com/learning-center,DJI Enterprise,기업·기관 공식사이트,2026-09-28,상시 운영,,기체·안전 → 임무 설정 → 데이터 수집 → 처리 → 산업별 적용,공식 제공기관이 운영하는 교육·튜토리얼·문서 기반 학습경로.,공식 웹사이트 직접 확인
활용·콘텐츠,활용서비스,DJ-168,드론 광산·토공량 측정 전문가,측량·건설·시설점검,Mine Safety,Mine Safety 관련 기술,"Mine Safety은(는) 드론 측량·3D 공간정보·시설점검 업무에서 사용하는 도구·개념·절차입니다. 실제 직무에서는 설계, 운용, 분석 또는 의사결정 결과를 만드는 데 적용됩니다.",드론 광산·토공량 측정 전문가이(가) 노천광산·골재·적치물 체적과 사면을 측정 업무를 수행할 때 Mine Safety을(를) 이해하고 적용하기 위해 학습합니다.,드론 조종과 GIS·측량 기초,초급~중급,PREREQUISITE,국비지원 직업훈련,특화드론운용 및 2D/3D공간정보 촬영 편집(A반),AIG20250000520214,779,신한글로벌인재교육원,직업훈련기관,소형무인기운용·조종 기반의 고용24 훈련과정입니다. Mine Safety 학습에는 과정명과의 직접 연관성에 따라 기초·포함·선수 경로로 연결했습니다.,소형무인기운용·조종; 측량; 3D; 맵핑,초급~중급,오프라인,국비지원(일부 자부담 가능),고용24 직업훈련(국민내일배움카드 적용 여부는 과정 상세 확인),경기 의정부시,총 645시간,,2026-07-27~2026-11-24,국가기간전략산업직종,수료 여부 과정별 확인,https://www.work24.go.kr/hr/a/a/3100/selectTracseDetl.do?tracseId=AIG20250000520214&tracseTme=1&crseTracseSe=C0061&trainstCstmrId=500020031915,고용24 훈련과정 상세,정부사이트,2026-09-28,현재 운영,,조종·측량 기초 → 촬영·좌표계 → 3D 처리 → 품질검사·현장 보고,대시보드 원본 교육데이터(진행중)를 Skill과 연결. relevance_type=PREREQUISITE.,dashboard C.html / Work24 원천 링크
활용·콘텐츠,활용서비스,DJ-168,드론 광산·토공량 측정 전문가,측량·건설·시설점검,Point Cloud,점군 데이터,"점군 데이터은(는) 드론 측량·3D 공간정보·시설점검 업무에서 사용하는 도구·개념·절차입니다. 실제 직무에서는 설계, 운용, 분석 또는 의사결정 결과를 만드는 데 적용됩니다.",드론 광산·토공량 측정 전문가이(가) 노천광산·골재·적치물 체적과 사면을 측정 업무를 수행할 때 Point Cloud을(를) 이해하고 적용하기 위해 학습합니다.,드론 조종과 GIS·측량 기초,초급~중급,INCLUDED,국비지원 직업훈련,특화드론운용 및 2D/3D공간정보 촬영 편집(A반),AIG20250000520214,779,신한글로벌인재교육원,직업훈련기관,소형무인기운용·조종 기반의 고용24 훈련과정입니다. Point Cloud 학습에는 과정명과의 직접 연관성에 따라 기초·포함·선수 경로로 연결했습니다.,소형무인기운용·조종; 측량; 3D; 맵핑,초급~중급,오프라인,국비지원(일부 자부담 가능),고용24 직업훈련(국민내일배움카드 적용 여부는 과정 상세 확인),경기 의정부시,총 645시간,,2026-07-27~2026-11-24,국가기간전략산업직종,수료 여부 과정별 확인,https://www.work24.go.kr/hr/a/a/3100/selectTracseDetl.do?tracseId=AIG20250000520214&tracseTme=1&crseTracseSe=C0061&trainstCstmrId=500020031915,고용24 훈련과정 상세,정부사이트,2026-09-28,현재 운영,https://training.pix4d.com/pages/online-courses,조종·측량 기초 → 촬영·좌표계 → 3D 처리 → 품질검사·현장 보고,대시보드 원본 교육데이터(진행중)를 Skill과 연결. relevance_type=INCLUDED.,dashboard C.html / Work24 원천 링크
활용·콘텐츠,활용서비스,DJ-168,드론 광산·토공량 측정 전문가,측량·건설·시설점검,Point Cloud,점군 데이터,"점군 데이터은(는) 드론 측량·3D 공간정보·시설점검 업무에서 사용하는 도구·개념·절차입니다. 실제 직무에서는 설계, 운용, 분석 또는 의사결정 결과를 만드는 데 적용됩니다.",드론 광산·토공량 측정 전문가이(가) 노천광산·골재·적치물 체적과 사면을 측정 업무를 수행할 때 Point Cloud을(를) 이해하고 적용하기 위해 학습합니다.,드론 촬영과 GIS 기초,초급~중급,OFFICIAL_RESOURCE,공식 튜토리얼·문서,Pix4D Online Courses,PIX4D,,Pix4D,기업 공식교육,"사진측량 데이터 처리, 정사영상·점군·3D 모델 생성과 품질관리를 공식 과정으로 학습합니다.",Pix4D; Photogrammetry; Orthomosaic; Point Cloud; 3D,초급~고급,온라인,무료/유료 혼합,,온라인,자기주도 학습,상시,상시,대학생·취업준비생·재직자·일반인,과정별 수료·인증,https://training.pix4d.com/pages/online-courses,Pix4D,기업·기관 공식사이트,2026-09-28,상시 운영,,데이터 취득 → 프로젝트 설정 → 처리 → 품질검사 → 결과물 활용,공식 제공기관이 운영하는 교육·튜토리얼·문서 기반 학습경로.,공식 웹사이트 직접 확인
활용·콘텐츠,활용서비스,DJ-168,드론 광산·토공량 측정 전문가,측량·건설·시설점검,Volume,Volume 관련 기술,"Volume은(는) 드론 측량·3D 공간정보·시설점검 업무에서 사용하는 도구·개념·절차입니다. 실제 직무에서는 설계, 운용, 분석 또는 의사결정 결과를 만드는 데 적용됩니다.",드론 광산·토공량 측정 전문가이(가) 노천광산·골재·적치물 체적과 사면을 측정 업무를 수행할 때 Volume을(를) 이해하고 적용하기 위해 학습합니다.,드론 조종과 GIS·측량 기초,초급~중급,INCLUDED,국비지원 직업훈련,특화드론운용 및 2D/3D공간정보 촬영 편집(A반),AIG20250000520214,779,신한글로벌인재교육원,직업훈련기관,소형무인기운용·조종 기반의 고용24 훈련과정입니다. Volume 학습에는 과정명과의 직접 연관성에 따라 기초·포함·선수 경로로 연결했습니다.,소형무인기운용·조종; 측량; 3D; 맵핑,초급~중급,오프라인,국비지원(일부 자부담 가능),고용24 직업훈련(국민내일배움카드 적용 여부는 과정 상세 확인),경기 의정부시,총 645시간,,2026-07-27~2026-11-24,국가기간전략산업직종,수료 여부 과정별 확인,https://www.work24.go.kr/hr/a/a/3100/selectTracseDetl.do?tracseId=AIG20250000520214&tracseTme=1&crseTracseSe=C0061&trainstCstmrId=500020031915,고용24 훈련과정 상세,정부사이트,2026-09-28,현재 운영,,조종·측량 기초 → 촬영·좌표계 → 3D 처리 → 품질검사·현장 보고,대시보드 원본 교육데이터(진행중)를 Skill과 연결. relevance_type=INCLUDED.,dashboard C.html / Work24 원천 링크
활용·콘텐츠,활용서비스,DJ-160,드론 교량·터널 점검원,측량·건설·시설점검,FPV,1인칭 시점 비행,"1인칭 시점 비행은(는) 드론 측량·3D 공간정보·시설점검 업무에서 사용하는 도구·개념·절차입니다. 실제 직무에서는 설계, 운용, 분석 또는 의사결정 결과를 만드는 데 적용됩니다.",드론 교량·터널 점검원이(가) 교량 하부·교각·터널 결함 영상 수집·판독 업무를 수행할 때 FPV을(를) 이해하고 적용하기 위해 학습합니다.,드론 조종과 GIS·측량 기초,초급~중급,PREREQUISITE,국비지원 직업훈련,특화드론운용 및 2D/3D공간정보 촬영 편집(A반),AIG20250000520214,779,신한글로벌인재교육원,직업훈련기관,소형무인기운용·조종 기반의 고용24 훈련과정입니다. FPV 학습에는 과정명과의 직접 연관성에 따라 기초·포함·선수 경로로 연결했습니다.,소형무인기운용·조종; 측량; 3D; 맵핑,초급~중급,오프라인,국비지원(일부 자부담 가능),고용24 직업훈련(국민내일배움카드 적용 여부는 과정 상세 확인),경기 의정부시,총 645시간,,2026-07-27~2026-11-24,국가기간전략산업직종,수료 여부 과정별 확인,https://www.work24.go.kr/hr/a/a/3100/selectTracseDetl.do?tracseId=AIG20250000520214&tracseTme=1&crseTracseSe=C0061&trainstCstmrId=500020031915,고용24 훈련과정 상세,정부사이트,2026-09-28,현재 운영,,조종·측량 기초 → 촬영·좌표계 → 3D 처리 → 품질검사·현장 보고,대시보드 원본 교육데이터(진행중)를 Skill과 연결. relevance_type=PREREQUISITE.,dashboard C.html / Work24 원천 링크
활용·콘텐츠,활용서비스,DJ-160,드론 교량·터널 점검원,측량·건설·시설점검,NDT,비파괴검사,"비파괴검사은(는) 드론 측량·3D 공간정보·시설점검 업무에서 사용하는 도구·개념·절차입니다. 실제 직무에서는 설계, 운용, 분석 또는 의사결정 결과를 만드는 데 적용됩니다.",드론 교량·터널 점검원이(가) 교량 하부·교각·터널 결함 영상 수집·판독 업무를 수행할 때 NDT을(를) 이해하고 적용하기 위해 학습합니다.,드론 조종과 GIS·측량 기초,초급~중급,PREREQUISITE,국비지원 직업훈련,특화드론운용 및 2D/3D공간정보 촬영 편집(A반),AIG20250000520214,779,신한글로벌인재교육원,직업훈련기관,소형무인기운용·조종 기반의 고용24 훈련과정입니다. NDT 학습에는 과정명과의 직접 연관성에 따라 기초·포함·선수 경로로 연결했습니다.,소형무인기운용·조종; 측량; 3D; 맵핑,초급~중급,오프라인,국비지원(일부 자부담 가능),고용24 직업훈련(국민내일배움카드 적용 여부는 과정 상세 확인),경기 의정부시,총 645시간,,2026-07-27~2026-11-24,국가기간전략산업직종,수료 여부 과정별 확인,https://www.work24.go.kr/hr/a/a/3100/selectTracseDetl.do?tracseId=AIG20250000520214&tracseTme=1&crseTracseSe=C0061&trainstCstmrId=500020031915,고용24 훈련과정 상세,정부사이트,2026-09-28,현재 운영,,조종·측량 기초 → 촬영·좌표계 → 3D 처리 → 품질검사·현장 보고,대시보드 원본 교육데이터(진행중)를 Skill과 연결. relevance_type=PREREQUISITE.,dashboard C.html / Work24 원천 링크
활용·콘텐츠,활용서비스,DJ-160,드론 교량·터널 점검원,측량·건설·시설점검,Structural Inspection,Structural Inspection 관련 기술,"Structural Inspection은(는) 드론 측량·3D 공간정보·시설점검 업무에서 사용하는 도구·개념·절차입니다. 실제 직무에서는 설계, 운용, 분석 또는 의사결정 결과를 만드는 데 적용됩니다.",드론 교량·터널 점검원이(가) 교량 하부·교각·터널 결함 영상 수집·판독 업무를 수행할 때 Structural Inspection을(를) 이해하고 적용하기 위해 학습합니다.,드론 조종과 GIS·측량 기초,초급~중급,PREREQUISITE,국비지원 직업훈련,특화드론운용 및 2D/3D공간정보 촬영 편집(A반),AIG20250000520214,779,신한글로벌인재교육원,직업훈련기관,소형무인기운용·조종 기반의 고용24 훈련과정입니다. Structural Inspection 학습에는 과정명과의 직접 연관성에 따라 기초·포함·선수 경로로 연결했습니다.,소형무인기운용·조종; 측량; 3D; 맵핑,초급~중급,오프라인,국비지원(일부 자부담 가능),고용24 직업훈련(국민내일배움카드 적용 여부는 과정 상세 확인),경기 의정부시,총 645시간,,2026-07-27~2026-11-24,국가기간전략산업직종,수료 여부 과정별 확인,https://www.work24.go.kr/hr/a/a/3100/selectTracseDetl.do?tracseId=AIG20250000520214&tracseTme=1&crseTracseSe=C0061&trainstCstmrId=500020031915,고용24 훈련과정 상세,정부사이트,2026-09-28,현재 운영,,조종·측량 기초 → 촬영·좌표계 → 3D 처리 → 품질검사·현장 보고,대시보드 원본 교육데이터(진행중)를 Skill과 연결. relevance_type=PREREQUISITE.,dashboard C.html / Work24 원천 링크
활용·콘텐츠,활용서비스,DJ-161,드론 도로·철도 점검원,측량·건설·시설점검,CV,컴퓨터 비전,"컴퓨터 비전은(는) 드론 측량·3D 공간정보·시설점검 업무에서 사용하는 도구·개념·절차입니다. 실제 직무에서는 설계, 운용, 분석 또는 의사결정 결과를 만드는 데 적용됩니다.",드론 도로·철도 점검원이(가) 노면·사면·선로·시설물 이상과 재난피해 점검 업무를 수행할 때 CV을(를) 이해하고 적용하기 위해 학습합니다.,드론 조종과 GIS·측량 기초,초급~중급,PREREQUISITE,국비지원 직업훈련,특화드론운용 및 2D/3D공간정보 촬영 편집(A반),AIG20250000520214,779,신한글로벌인재교육원,직업훈련기관,소형무인기운용·조종 기반의 고용24 훈련과정입니다. CV 학습에는 과정명과의 직접 연관성에 따라 기초·포함·선수 경로로 연결했습니다.,소형무인기운용·조종; 측량; 3D; 맵핑,초급~중급,오프라인,국비지원(일부 자부담 가능),고용24 직업훈련(국민내일배움카드 적용 여부는 과정 상세 확인),경기 의정부시,총 645시간,,2026-07-27~2026-11-24,국가기간전략산업직종,수료 여부 과정별 확인,https://www.work24.go.kr/hr/a/a/3100/selectTracseDetl.do?tracseId=AIG20250000520214&tracseTme=1&crseTracseSe=C0061&trainstCstmrId=500020031915,고용24 훈련과정 상세,정부사이트,2026-09-28,현재 운영,https://docs.opencv.org/5.0/tutorials/tutorials.html,조종·측량 기초 → 촬영·좌표계 → 3D 처리 → 품질검사·현장 보고,대시보드 원본 교육데이터(진행중)를 Skill과 연결. relevance_type=PREREQUISITE.,dashboard C.html / Work24 원천 링크
활용·콘텐츠,활용서비스,DJ-161,드론 도로·철도 점검원,측량·건설·시설점검,CV,컴퓨터 비전,"컴퓨터 비전은(는) 드론 측량·3D 공간정보·시설점검 업무에서 사용하는 도구·개념·절차입니다. 실제 직무에서는 설계, 운용, 분석 또는 의사결정 결과를 만드는 데 적용됩니다.",드론 도로·철도 점검원이(가) 노면·사면·선로·시설물 이상과 재난피해 점검 업무를 수행할 때 CV을(를) 이해하고 적용하기 위해 학습합니다.,Python 또는 C++ 기초,초급~중급,OFFICIAL_RESOURCE,공식 튜토리얼·문서,OpenCV Tutorials,OPENCV,,OpenCV,공식 오픈소스,"영상 입출력, 특징 추출, 객체 검출, 추적과 영상처리 파이프라인을 공식 예제로 학습합니다.",OpenCV; Image Processing; Detection; Tracking; Feature,초급~중급,온라인,무료,,온라인,자기주도 학습,상시,상시,대학생·취업준비생·재직자·일반인,없음,https://docs.opencv.org/5.0/tutorials/tutorials.html,OpenCV,공식 기술문서,2026-09-28,상시 운영,,영상 입출력 → 기본 처리 → 특징·검출 → 추적 → 드론 영상 적용,공식 제공기관이 운영하는 교육·튜토리얼·문서 기반 학습경로.,공식 웹사이트 직접 확인
활용·콘텐츠,활용서비스,DJ-161,드론 도로·철도 점검원,측량·건설·시설점검,CV,컴퓨터 비전,"컴퓨터 비전은(는) 드론 측량·3D 공간정보·시설점검 업무에서 사용하는 도구·개념·절차입니다. 실제 직무에서는 설계, 운용, 분석 또는 의사결정 결과를 만드는 데 적용됩니다.",드론 도로·철도 점검원이(가) 노면·사면·선로·시설물 이상과 재난피해 점검 업무를 수행할 때 CV을(를) 이해하고 적용하기 위해 학습합니다.,Python과 기초 선형대수,초급~중급,OFFICIAL_RESOURCE,공식 튜토리얼·문서,PyTorch Tutorials,PYTORCH,,PyTorch Foundation,공식 오픈소스,"텐서, 데이터셋, 신경망 학습부터 컴퓨터 비전 전이학습과 객체탐지까지 실습합니다.",PyTorch; Tensor; Dataset; Deep Learning; Computer Vision,초급~고급,온라인,무료,,온라인,자기주도 학습,상시,상시,대학생·취업준비생·재직자·일반인,없음,https://docs.pytorch.org/tutorials/,PyTorch Foundation,공식 기술문서,2026-09-28,상시 운영,,Tensor → Dataset → Model Training → Computer Vision → 드론 데이터 프로젝트,공식 제공기관이 운영하는 교육·튜토리얼·문서 기반 학습경로.,공식 웹사이트 직접 확인
활용·콘텐츠,활용서비스,DJ-161,드론 도로·철도 점검원,측량·건설·시설점검,GIS,지리정보시스템,"지리정보시스템은(는) 드론 측량·3D 공간정보·시설점검 업무에서 사용하는 도구·개념·절차입니다. 실제 직무에서는 설계, 운용, 분석 또는 의사결정 결과를 만드는 데 적용됩니다.",드론 도로·철도 점검원이(가) 노면·사면·선로·시설물 이상과 재난피해 점검 업무를 수행할 때 GIS을(를) 이해하고 적용하기 위해 학습합니다.,드론 조종과 GIS·측량 기초,입문~초급,INCLUDED,국비지원 직업훈련,특화드론운용 및 2D/3D공간정보 촬영 편집(A반),AIG20250000520214,779,신한글로벌인재교육원,직업훈련기관,소형무인기운용·조종 기반의 고용24 훈련과정입니다. GIS 학습에는 과정명과의 직접 연관성에 따라 기초·포함·선수 경로로 연결했습니다.,소형무인기운용·조종; 측량; 3D; 맵핑,입문~초급,오프라인,국비지원(일부 자부담 가능),고용24 직업훈련(국민내일배움카드 적용 여부는 과정 상세 확인),경기 의정부시,총 645시간,,2026-07-27~2026-11-24,국가기간전략산업직종,수료 여부 과정별 확인,https://www.work24.go.kr/hr/a/a/3100/selectTracseDetl.do?tracseId=AIG20250000520214&tracseTme=1&crseTracseSe=C0061&trainstCstmrId=500020031915,고용24 훈련과정 상세,정부사이트,2026-09-28,현재 운영,https://docs.qgis.org/latest/en/docs/training_manual/index.html,조종·측량 기초 → 촬영·좌표계 → 3D 처리 → 품질검사·현장 보고,대시보드 원본 교육데이터(진행중)를 Skill과 연결. relevance_type=INCLUDED.,dashboard C.html / Work24 원천 링크
활용·콘텐츠,활용서비스,DJ-161,드론 도로·철도 점검원,측량·건설·시설점검,GIS,지리정보시스템,"지리정보시스템은(는) 드론 측량·3D 공간정보·시설점검 업무에서 사용하는 도구·개념·절차입니다. 실제 직무에서는 설계, 운용, 분석 또는 의사결정 결과를 만드는 데 적용됩니다.",드론 도로·철도 점검원이(가) 노면·사면·선로·시설물 이상과 재난피해 점검 업무를 수행할 때 GIS을(를) 이해하고 적용하기 위해 학습합니다.,컴퓨터 파일 관리와 지도 기초,입문~초급,OFFICIAL_RESOURCE,공식 튜토리얼·문서,QGIS Training Manual,QGIS,,QGIS Project,공식 오픈소스,"GIS 인터페이스, 벡터·래스터 데이터, 좌표계, 공간분석과 지도 제작을 단계별로 실습합니다.",QGIS; GIS; CRS; Vector; Raster; Spatial Analysis,입문~중급,온라인,무료,,온라인,자기주도 학습,상시,상시,대학생·취업준비생·재직자·일반인,없음,https://docs.qgis.org/latest/en/docs/training_manual/index.html,QGIS Project,공식 기술문서,2026-09-28,상시 운영,,인터페이스 → 레이어·좌표계 → 편집 → 공간분석 → 드론 공간정보 프로젝트,공식 제공기관이 운영하는 교육·튜토리얼·문서 기반 학습경로.,공식 웹사이트 직접 확인
활용·콘텐츠,활용서비스,DJ-161,드론 도로·철도 점검원,측량·건설·시설점검,Linear Inspection,Linear Inspection 관련 기술,"Linear Inspection은(는) 드론 측량·3D 공간정보·시설점검 업무에서 사용하는 도구·개념·절차입니다. 실제 직무에서는 설계, 운용, 분석 또는 의사결정 결과를 만드는 데 적용됩니다.",드론 도로·철도 점검원이(가) 노면·사면·선로·시설물 이상과 재난피해 점검 업무를 수행할 때 Linear Inspection을(를) 이해하고 적용하기 위해 학습합니다.,드론 조종과 GIS·측량 기초,초급~중급,PREREQUISITE,국비지원 직업훈련,특화드론운용 및 2D/3D공간정보 촬영 편집(A반),AIG20250000520214,779,신한글로벌인재교육원,직업훈련기관,소형무인기운용·조종 기반의 고용24 훈련과정입니다. Linear Inspection 학습에는 과정명과의 직접 연관성에 따라 기초·포함·선수 경로로 연결했습니다.,소형무인기운용·조종; 측량; 3D; 맵핑,초급~중급,오프라인,국비지원(일부 자부담 가능),고용24 직업훈련(국민내일배움카드 적용 여부는 과정 상세 확인),경기 의정부시,총 645시간,,2026-07-27~2026-11-24,국가기간전략산업직종,수료 여부 과정별 확인,https://www.work24.go.kr/hr/a/a/3100/selectTracseDetl.do?tracseId=AIG20250000520214&tracseTme=1&crseTracseSe=C0061&trainstCstmrId=500020031915,고용24 훈련과정 상세,정부사이트,2026-09-28,현재 운영,,조종·측량 기초 → 촬영·좌표계 → 3D 처리 → 품질검사·현장 보고,대시보드 원본 교육데이터(진행중)를 Skill과 연결. relevance_type=PREREQUISITE.,dashboard C.html / Work24 원천 링크
활용·콘텐츠,활용서비스,DJ-169,드론 문화유산 조사·보존 기록가,측량·건설·시설점검,3D,3D 관련 기술,"3D은(는) 드론 측량·3D 공간정보·시설점검 업무에서 사용하는 도구·개념·절차입니다. 실제 직무에서는 설계, 운용, 분석 또는 의사결정 결과를 만드는 데 적용됩니다.",드론 문화유산 조사·보존 기록가이(가) 문화재·건축물의 3D 기록·훼손·화재위험 조사 업무를 수행할 때 3D을(를) 이해하고 적용하기 위해 학습합니다.,드론 조종과 GIS·측량 기초,초급~중급,DIRECT,국비지원 직업훈련,특화드론운용 및 2D/3D공간정보 촬영 편집(A반),AIG20250000520214,779,신한글로벌인재교육원,직업훈련기관,소형무인기운용·조종 기반의 고용24 훈련과정입니다. 3D 학습에는 과정명과의 직접 연관성에 따라 기초·포함·선수 경로로 연결했습니다.,소형무인기운용·조종; 측량; 3D; 맵핑,초급~중급,오프라인,국비지원(일부 자부담 가능),고용24 직업훈련(국민내일배움카드 적용 여부는 과정 상세 확인),경기 의정부시,총 645시간,,2026-07-27~2026-11-24,국가기간전략산업직종,수료 여부 과정별 확인,https://www.work24.go.kr/hr/a/a/3100/selectTracseDetl.do?tracseId=AIG20250000520214&tracseTme=1&crseTracseSe=C0061&trainstCstmrId=500020031915,고용24 훈련과정 상세,정부사이트,2026-09-28,현재 운영,,조종·측량 기초 → 촬영·좌표계 → 3D 처리 → 품질검사·현장 보고,대시보드 원본 교육데이터(진행중)를 Skill과 연결. relevance_type=DIRECT.,dashboard C.html / Work24 원천 링크
활용·콘텐츠,활용서비스,DJ-169,드론 문화유산 조사·보존 기록가,측량·건설·시설점검,Heritage,Heritage 관련 기술,"Heritage은(는) 드론 측량·3D 공간정보·시설점검 업무에서 사용하는 도구·개념·절차입니다. 실제 직무에서는 설계, 운용, 분석 또는 의사결정 결과를 만드는 데 적용됩니다.",드론 문화유산 조사·보존 기록가이(가) 문화재·건축물의 3D 기록·훼손·화재위험 조사 업무를 수행할 때 Heritage을(를) 이해하고 적용하기 위해 학습합니다.,드론 조종과 GIS·측량 기초,초급~중급,PREREQUISITE,국비지원 직업훈련,특화드론운용 및 2D/3D공간정보 촬영 편집(A반),AIG20250000520214,779,신한글로벌인재교육원,직업훈련기관,소형무인기운용·조종 기반의 고용24 훈련과정입니다. Heritage 학습에는 과정명과의 직접 연관성에 따라 기초·포함·선수 경로로 연결했습니다.,소형무인기운용·조종; 측량; 3D; 맵핑,초급~중급,오프라인,국비지원(일부 자부담 가능),고용24 직업훈련(국민내일배움카드 적용 여부는 과정 상세 확인),경기 의정부시,총 645시간,,2026-07-27~2026-11-24,국가기간전략산업직종,수료 여부 과정별 확인,https://www.work24.go.kr/hr/a/a/3100/selectTracseDetl.do?tracseId=AIG20250000520214&tracseTme=1&crseTracseSe=C0061&trainstCstmrId=500020031915,고용24 훈련과정 상세,정부사이트,2026-09-28,현재 운영,,조종·측량 기초 → 촬영·좌표계 → 3D 처리 → 품질검사·현장 보고,대시보드 원본 교육데이터(진행중)를 Skill과 연결. relevance_type=PREREQUISITE.,dashboard C.html / Work24 원천 링크
활용·콘텐츠,활용서비스,DJ-169,드론 문화유산 조사·보존 기록가,측량·건설·시설점검,Photogrammetry,사진측량,"사진측량은(는) 드론 측량·3D 공간정보·시설점검 업무에서 사용하는 도구·개념·절차입니다. 실제 직무에서는 설계, 운용, 분석 또는 의사결정 결과를 만드는 데 적용됩니다.",드론 문화유산 조사·보존 기록가이(가) 문화재·건축물의 3D 기록·훼손·화재위험 조사 업무를 수행할 때 Photogrammetry을(를) 이해하고 적용하기 위해 학습합니다.,드론 조종과 GIS·측량 기초,초급~중급,INCLUDED,국비지원 직업훈련,특화드론운용 및 2D/3D공간정보 촬영 편집(A반),AIG20250000520214,779,신한글로벌인재교육원,직업훈련기관,소형무인기운용·조종 기반의 고용24 훈련과정입니다. Photogrammetry 학습에는 과정명과의 직접 연관성에 따라 기초·포함·선수 경로로 연결했습니다.,소형무인기운용·조종; 측량; 3D; 맵핑,초급~중급,오프라인,국비지원(일부 자부담 가능),고용24 직업훈련(국민내일배움카드 적용 여부는 과정 상세 확인),경기 의정부시,총 645시간,,2026-07-27~2026-11-24,국가기간전략산업직종,수료 여부 과정별 확인,https://www.work24.go.kr/hr/a/a/3100/selectTracseDetl.do?tracseId=AIG20250000520214&tracseTme=1&crseTracseSe=C0061&trainstCstmrId=500020031915,고용24 훈련과정 상세,정부사이트,2026-09-28,현재 운영,https://training.pix4d.com/pages/online-courses,조종·측량 기초 → 촬영·좌표계 → 3D 처리 → 품질검사·현장 보고,대시보드 원본 교육데이터(진행중)를 Skill과 연결. relevance_type=INCLUDED.,dashboard C.html / Work24 원천 링크
활용·콘텐츠,활용서비스,DJ-169,드론 문화유산 조사·보존 기록가,측량·건설·시설점검,Photogrammetry,사진측량,"사진측량은(는) 드론 측량·3D 공간정보·시설점검 업무에서 사용하는 도구·개념·절차입니다. 실제 직무에서는 설계, 운용, 분석 또는 의사결정 결과를 만드는 데 적용됩니다.",드론 문화유산 조사·보존 기록가이(가) 문화재·건축물의 3D 기록·훼손·화재위험 조사 업무를 수행할 때 Photogrammetry을(를) 이해하고 적용하기 위해 학습합니다.,드론 촬영과 GIS 기초,초급~중급,OFFICIAL_RESOURCE,공식 튜토리얼·문서,Pix4D Online Courses,PIX4D,,Pix4D,기업 공식교육,"사진측량 데이터 처리, 정사영상·점군·3D 모델 생성과 품질관리를 공식 과정으로 학습합니다.",Pix4D; Photogrammetry; Orthomosaic; Point Cloud; 3D,초급~고급,온라인,무료/유료 혼합,,온라인,자기주도 학습,상시,상시,대학생·취업준비생·재직자·일반인,과정별 수료·인증,https://training.pix4d.com/pages/online-courses,Pix4D,기업·기관 공식사이트,2026-09-28,상시 운영,,데이터 취득 → 프로젝트 설정 → 처리 → 품질검사 → 결과물 활용,공식 제공기관이 운영하는 교육·튜토리얼·문서 기반 학습경로.,공식 웹사이트 직접 확인
활용·콘텐츠,활용서비스,DJ-155,드론 사진측량사,측량·건설·시설점검,GIS,지리정보시스템,"지리정보시스템은(는) 드론 측량·3D 공간정보·시설점검 업무에서 사용하는 도구·개념·절차입니다. 실제 직무에서는 설계, 운용, 분석 또는 의사결정 결과를 만드는 데 적용됩니다.",드론 사진측량사이(가) 영상으로 정사영상·DSM·수치표면·3D 모델 생성 업무를 수행할 때 GIS을(를) 이해하고 적용하기 위해 학습합니다.,드론 조종과 GIS·측량 기초,입문~초급,INCLUDED,국비지원 직업훈련,특화드론운용 및 2D/3D공간정보 촬영 편집(A반),AIG20250000520214,779,신한글로벌인재교육원,직업훈련기관,소형무인기운용·조종 기반의 고용24 훈련과정입니다. GIS 학습에는 과정명과의 직접 연관성에 따라 기초·포함·선수 경로로 연결했습니다.,소형무인기운용·조종; 측량; 3D; 맵핑,입문~초급,오프라인,국비지원(일부 자부담 가능),고용24 직업훈련(국민내일배움카드 적용 여부는 과정 상세 확인),경기 의정부시,총 645시간,,2026-07-27~2026-11-24,국가기간전략산업직종,수료 여부 과정별 확인,https://www.work24.go.kr/hr/a/a/3100/selectTracseDetl.do?tracseId=AIG20250000520214&tracseTme=1&crseTracseSe=C0061&trainstCstmrId=500020031915,고용24 훈련과정 상세,정부사이트,2026-09-28,현재 운영,https://docs.qgis.org/latest/en/docs/training_manual/index.html,조종·측량 기초 → 촬영·좌표계 → 3D 처리 → 품질검사·현장 보고,대시보드 원본 교육데이터(진행중)를 Skill과 연결. relevance_type=INCLUDED.,dashboard C.html / Work24 원천 링크
활용·콘텐츠,활용서비스,DJ-155,드론 사진측량사,측량·건설·시설점검,GIS,지리정보시스템,"지리정보시스템은(는) 드론 측량·3D 공간정보·시설점검 업무에서 사용하는 도구·개념·절차입니다. 실제 직무에서는 설계, 운용, 분석 또는 의사결정 결과를 만드는 데 적용됩니다.",드론 사진측량사이(가) 영상으로 정사영상·DSM·수치표면·3D 모델 생성 업무를 수행할 때 GIS을(를) 이해하고 적용하기 위해 학습합니다.,컴퓨터 파일 관리와 지도 기초,입문~초급,OFFICIAL_RESOURCE,공식 튜토리얼·문서,QGIS Training Manual,QGIS,,QGIS Project,공식 오픈소스,"GIS 인터페이스, 벡터·래스터 데이터, 좌표계, 공간분석과 지도 제작을 단계별로 실습합니다.",QGIS; GIS; CRS; Vector; Raster; Spatial Analysis,입문~중급,온라인,무료,,온라인,자기주도 학습,상시,상시,대학생·취업준비생·재직자·일반인,없음,https://docs.qgis.org/latest/en/docs/training_manual/index.html,QGIS Project,공식 기술문서,2026-09-28,상시 운영,,인터페이스 → 레이어·좌표계 → 편집 → 공간분석 → 드론 공간정보 프로젝트,공식 제공기관이 운영하는 교육·튜토리얼·문서 기반 학습경로.,공식 웹사이트 직접 확인
활용·콘텐츠,활용서비스,DJ-155,드론 사진측량사,측량·건설·시설점검,Photogrammetry,사진측량,"사진측량은(는) 드론 측량·3D 공간정보·시설점검 업무에서 사용하는 도구·개념·절차입니다. 실제 직무에서는 설계, 운용, 분석 또는 의사결정 결과를 만드는 데 적용됩니다.",드론 사진측량사이(가) 영상으로 정사영상·DSM·수치표면·3D 모델 생성 업무를 수행할 때 Photogrammetry을(를) 이해하고 적용하기 위해 학습합니다.,드론 조종과 GIS·측량 기초,초급~중급,INCLUDED,국비지원 직업훈련,특화드론운용 및 2D/3D공간정보 촬영 편집(A반),AIG20250000520214,779,신한글로벌인재교육원,직업훈련기관,소형무인기운용·조종 기반의 고용24 훈련과정입니다. Photogrammetry 학습에는 과정명과의 직접 연관성에 따라 기초·포함·선수 경로로 연결했습니다.,소형무인기운용·조종; 측량; 3D; 맵핑,초급~중급,오프라인,국비지원(일부 자부담 가능),고용24 직업훈련(국민내일배움카드 적용 여부는 과정 상세 확인),경기 의정부시,총 645시간,,2026-07-27~2026-11-24,국가기간전략산업직종,수료 여부 과정별 확인,https://www.work24.go.kr/hr/a/a/3100/selectTracseDetl.do?tracseId=AIG20250000520214&tracseTme=1&crseTracseSe=C0061&trainstCstmrId=500020031915,고용24 훈련과정 상세,정부사이트,2026-09-28,현재 운영,https://training.pix4d.com/pages/online-courses,조종·측량 기초 → 촬영·좌표계 → 3D 처리 → 품질검사·현장 보고,대시보드 원본 교육데이터(진행중)를 Skill과 연결. relevance_type=INCLUDED.,dashboard C.html / Work24 원천 링크
활용·콘텐츠,활용서비스,DJ-155,드론 사진측량사,측량·건설·시설점검,Photogrammetry,사진측량,"사진측량은(는) 드론 측량·3D 공간정보·시설점검 업무에서 사용하는 도구·개념·절차입니다. 실제 직무에서는 설계, 운용, 분석 또는 의사결정 결과를 만드는 데 적용됩니다.",드론 사진측량사이(가) 영상으로 정사영상·DSM·수치표면·3D 모델 생성 업무를 수행할 때 Photogrammetry을(를) 이해하고 적용하기 위해 학습합니다.,드론 촬영과 GIS 기초,초급~중급,OFFICIAL_RESOURCE,공식 튜토리얼·문서,Pix4D Online Courses,PIX4D,,Pix4D,기업 공식교육,"사진측량 데이터 처리, 정사영상·점군·3D 모델 생성과 품질관리를 공식 과정으로 학습합니다.",Pix4D; Photogrammetry; Orthomosaic; Point Cloud; 3D,초급~고급,온라인,무료/유료 혼합,,온라인,자기주도 학습,상시,상시,대학생·취업준비생·재직자·일반인,과정별 수료·인증,https://training.pix4d.com/pages/online-courses,Pix4D,기업·기관 공식사이트,2026-09-28,상시 운영,,데이터 취득 → 프로젝트 설정 → 처리 → 품질검사 → 결과물 활용,공식 제공기관이 운영하는 교육·튜토리얼·문서 기반 학습경로.,공식 웹사이트 직접 확인
활용·콘텐츠,활용서비스,DJ-155,드론 사진측량사,측량·건설·시설점검,SfM,영상 기반 3차원 복원,"영상 기반 3차원 복원은(는) 드론 측량·3D 공간정보·시설점검 업무에서 사용하는 도구·개념·절차입니다. 실제 직무에서는 설계, 운용, 분석 또는 의사결정 결과를 만드는 데 적용됩니다.",드론 사진측량사이(가) 영상으로 정사영상·DSM·수치표면·3D 모델 생성 업무를 수행할 때 SfM을(를) 이해하고 적용하기 위해 학습합니다.,드론 조종과 GIS·측량 기초,초급~중급,INCLUDED,국비지원 직업훈련,특화드론운용 및 2D/3D공간정보 촬영 편집(A반),AIG20250000520214,779,신한글로벌인재교육원,직업훈련기관,소형무인기운용·조종 기반의 고용24 훈련과정입니다. SfM 학습에는 과정명과의 직접 연관성에 따라 기초·포함·선수 경로로 연결했습니다.,소형무인기운용·조종; 측량; 3D; 맵핑,초급~중급,오프라인,국비지원(일부 자부담 가능),고용24 직업훈련(국민내일배움카드 적용 여부는 과정 상세 확인),경기 의정부시,총 645시간,,2026-07-27~2026-11-24,국가기간전략산업직종,수료 여부 과정별 확인,https://www.work24.go.kr/hr/a/a/3100/selectTracseDetl.do?tracseId=AIG20250000520214&tracseTme=1&crseTracseSe=C0061&trainstCstmrId=500020031915,고용24 훈련과정 상세,정부사이트,2026-09-28,현재 운영,https://training.pix4d.com/pages/online-courses,조종·측량 기초 → 촬영·좌표계 → 3D 처리 → 품질검사·현장 보고,대시보드 원본 교육데이터(진행중)를 Skill과 연결. relevance_type=INCLUDED.,dashboard C.html / Work24 원천 링크
활용·콘텐츠,활용서비스,DJ-155,드론 사진측량사,측량·건설·시설점검,SfM,영상 기반 3차원 복원,"영상 기반 3차원 복원은(는) 드론 측량·3D 공간정보·시설점검 업무에서 사용하는 도구·개념·절차입니다. 실제 직무에서는 설계, 운용, 분석 또는 의사결정 결과를 만드는 데 적용됩니다.",드론 사진측량사이(가) 영상으로 정사영상·DSM·수치표면·3D 모델 생성 업무를 수행할 때 SfM을(를) 이해하고 적용하기 위해 학습합니다.,드론 촬영과 GIS 기초,초급~중급,OFFICIAL_RESOURCE,공식 튜토리얼·문서,Pix4D Online Courses,PIX4D,,Pix4D,기업 공식교육,"사진측량 데이터 처리, 정사영상·점군·3D 모델 생성과 품질관리를 공식 과정으로 학습합니다.",Pix4D; Photogrammetry; Orthomosaic; Point Cloud; 3D,초급~고급,온라인,무료/유료 혼합,,온라인,자기주도 학습,상시,상시,대학생·취업준비생·재직자·일반인,과정별 수료·인증,https://training.pix4d.com/pages/online-courses,Pix4D,기업·기관 공식사이트,2026-09-28,상시 운영,,데이터 취득 → 프로젝트 설정 → 처리 → 품질검사 → 결과물 활용,공식 제공기관이 운영하는 교육·튜토리얼·문서 기반 학습경로.,공식 웹사이트 직접 확인
활용·콘텐츠,활용서비스,DJ-167,드론 상하수도·맨홀 점검원,측량·건설·시설점검,Confined Space,Confined Space 관련 기술,"Confined Space은(는) 드론 측량·3D 공간정보·시설점검 업무에서 사용하는 도구·개념·절차입니다. 실제 직무에서는 설계, 운용, 분석 또는 의사결정 결과를 만드는 데 적용됩니다.",드론 상하수도·맨홀 점검원이(가) 관로·맨홀·밀폐공간 내부 결함을 소형기체로 점검 업무를 수행할 때 Confined Space을(를) 이해하고 적용하기 위해 학습합니다.,드론 조종과 GIS·측량 기초,초급~중급,PREREQUISITE,국비지원 직업훈련,특화드론운용 및 2D/3D공간정보 촬영 편집(A반),AIG20250000520214,779,신한글로벌인재교육원,직업훈련기관,소형무인기운용·조종 기반의 고용24 훈련과정입니다. Confined Space 학습에는 과정명과의 직접 연관성에 따라 기초·포함·선수 경로로 연결했습니다.,소형무인기운용·조종; 측량; 3D; 맵핑,초급~중급,오프라인,국비지원(일부 자부담 가능),고용24 직업훈련(국민내일배움카드 적용 여부는 과정 상세 확인),경기 의정부시,총 645시간,,2026-07-27~2026-11-24,국가기간전략산업직종,수료 여부 과정별 확인,https://www.work24.go.kr/hr/a/a/3100/selectTracseDetl.do?tracseId=AIG20250000520214&tracseTme=1&crseTracseSe=C0061&trainstCstmrId=500020031915,고용24 훈련과정 상세,정부사이트,2026-09-28,현재 운영,,조종·측량 기초 → 촬영·좌표계 → 3D 처리 → 품질검사·현장 보고,대시보드 원본 교육데이터(진행중)를 Skill과 연결. relevance_type=PREREQUISITE.,dashboard C.html / Work24 원천 링크
활용·콘텐츠,활용서비스,DJ-167,드론 상하수도·맨홀 점검원,측량·건설·시설점검,FPV,1인칭 시점 비행,"1인칭 시점 비행은(는) 드론 측량·3D 공간정보·시설점검 업무에서 사용하는 도구·개념·절차입니다. 실제 직무에서는 설계, 운용, 분석 또는 의사결정 결과를 만드는 데 적용됩니다.",드론 상하수도·맨홀 점검원이(가) 관로·맨홀·밀폐공간 내부 결함을 소형기체로 점검 업무를 수행할 때 FPV을(를) 이해하고 적용하기 위해 학습합니다.,드론 조종과 GIS·측량 기초,초급~중급,PREREQUISITE,국비지원 직업훈련,특화드론운용 및 2D/3D공간정보 촬영 편집(A반),AIG20250000520214,779,신한글로벌인재교육원,직업훈련기관,소형무인기운용·조종 기반의 고용24 훈련과정입니다. FPV 학습에는 과정명과의 직접 연관성에 따라 기초·포함·선수 경로로 연결했습니다.,소형무인기운용·조종; 측량; 3D; 맵핑,초급~중급,오프라인,국비지원(일부 자부담 가능),고용24 직업훈련(국민내일배움카드 적용 여부는 과정 상세 확인),경기 의정부시,총 645시간,,2026-07-27~2026-11-24,국가기간전략산업직종,수료 여부 과정별 확인,https://www.work24.go.kr/hr/a/a/3100/selectTracseDetl.do?tracseId=AIG20250000520214&tracseTme=1&crseTracseSe=C0061&trainstCstmrId=500020031915,고용24 훈련과정 상세,정부사이트,2026-09-28,현재 운영,,조종·측량 기초 → 촬영·좌표계 → 3D 처리 → 품질검사·현장 보고,대시보드 원본 교육데이터(진행중)를 Skill과 연결. relevance_type=PREREQUISITE.,dashboard C.html / Work24 원천 링크
활용·콘텐츠,활용서비스,DJ-167,드론 상하수도·맨홀 점검원,측량·건설·시설점검,Gas Safety,Gas Safety 관련 기술,"Gas Safety은(는) 드론 측량·3D 공간정보·시설점검 업무에서 사용하는 도구·개념·절차입니다. 실제 직무에서는 설계, 운용, 분석 또는 의사결정 결과를 만드는 데 적용됩니다.",드론 상하수도·맨홀 점검원이(가) 관로·맨홀·밀폐공간 내부 결함을 소형기체로 점검 업무를 수행할 때 Gas Safety을(를) 이해하고 적용하기 위해 학습합니다.,드론 조종과 GIS·측량 기초,초급~중급,PREREQUISITE,국비지원 직업훈련,특화드론운용 및 2D/3D공간정보 촬영 편집(A반),AIG20250000520214,779,신한글로벌인재교육원,직업훈련기관,소형무인기운용·조종 기반의 고용24 훈련과정입니다. Gas Safety 학습에는 과정명과의 직접 연관성에 따라 기초·포함·선수 경로로 연결했습니다.,소형무인기운용·조종; 측량; 3D; 맵핑,초급~중급,오프라인,국비지원(일부 자부담 가능),고용24 직업훈련(국민내일배움카드 적용 여부는 과정 상세 확인),경기 의정부시,총 645시간,,2026-07-27~2026-11-24,국가기간전략산업직종,수료 여부 과정별 확인,https://www.work24.go.kr/hr/a/a/3100/selectTracseDetl.do?tracseId=AIG20250000520214&tracseTme=1&crseTracseSe=C0061&trainstCstmrId=500020031915,고용24 훈련과정 상세,정부사이트,2026-09-28,현재 운영,,조종·측량 기초 → 촬영·좌표계 → 3D 처리 → 품질검사·현장 보고,대시보드 원본 교육데이터(진행중)를 Skill과 연결. relevance_type=PREREQUISITE.,dashboard C.html / Work24 원천 링크
활용·콘텐츠,활용서비스,DJ-162,드론 전력선·송전탑 점검원,측량·건설·시설점검,Power Safety,Power Safety 관련 기술,"Power Safety은(는) 드론 측량·3D 공간정보·시설점검 업무에서 사용하는 도구·개념·절차입니다. 실제 직무에서는 설계, 운용, 분석 또는 의사결정 결과를 만드는 데 적용됩니다.",드론 전력선·송전탑 점검원이(가) 애자·금구·도체·수목간섭·열화 상태 점검 업무를 수행할 때 Power Safety을(를) 이해하고 적용하기 위해 학습합니다.,드론 조종과 GIS·측량 기초,초급~중급,PREREQUISITE,국비지원 직업훈련,특화드론운용 및 2D/3D공간정보 촬영 편집(A반),AIG20250000520214,779,신한글로벌인재교육원,직업훈련기관,소형무인기운용·조종 기반의 고용24 훈련과정입니다. Power Safety 학습에는 과정명과의 직접 연관성에 따라 기초·포함·선수 경로로 연결했습니다.,소형무인기운용·조종; 측량; 3D; 맵핑,초급~중급,오프라인,국비지원(일부 자부담 가능),고용24 직업훈련(국민내일배움카드 적용 여부는 과정 상세 확인),경기 의정부시,총 645시간,,2026-07-27~2026-11-24,국가기간전략산업직종,수료 여부 과정별 확인,https://www.work24.go.kr/hr/a/a/3100/selectTracseDetl.do?tracseId=AIG20250000520214&tracseTme=1&crseTracseSe=C0061&trainstCstmrId=500020031915,고용24 훈련과정 상세,정부사이트,2026-09-28,현재 운영,,조종·측량 기초 → 촬영·좌표계 → 3D 처리 → 품질검사·현장 보고,대시보드 원본 교육데이터(진행중)를 Skill과 연결. relevance_type=PREREQUISITE.,dashboard C.html / Work24 원천 링크
활용·콘텐츠,활용서비스,DJ-162,드론 전력선·송전탑 점검원,측량·건설·시설점검,Thermal,Thermal 관련 기술,"Thermal은(는) 드론 측량·3D 공간정보·시설점검 업무에서 사용하는 도구·개념·절차입니다. 실제 직무에서는 설계, 운용, 분석 또는 의사결정 결과를 만드는 데 적용됩니다.",드론 전력선·송전탑 점검원이(가) 애자·금구·도체·수목간섭·열화 상태 점검 업무를 수행할 때 Thermal을(를) 이해하고 적용하기 위해 학습합니다.,드론 조종과 GIS·측량 기초,초급~중급,PREREQUISITE,국비지원 직업훈련,특화드론운용 및 2D/3D공간정보 촬영 편집(A반),AIG20250000520214,779,신한글로벌인재교육원,직업훈련기관,소형무인기운용·조종 기반의 고용24 훈련과정입니다. Thermal 학습에는 과정명과의 직접 연관성에 따라 기초·포함·선수 경로로 연결했습니다.,소형무인기운용·조종; 측량; 3D; 맵핑,초급~중급,오프라인,국비지원(일부 자부담 가능),고용24 직업훈련(국민내일배움카드 적용 여부는 과정 상세 확인),경기 의정부시,총 645시간,,2026-07-27~2026-11-24,국가기간전략산업직종,수료 여부 과정별 확인,https://www.work24.go.kr/hr/a/a/3100/selectTracseDetl.do?tracseId=AIG20250000520214&tracseTme=1&crseTracseSe=C0061&trainstCstmrId=500020031915,고용24 훈련과정 상세,정부사이트,2026-09-28,현재 운영,https://enterprise-insights.dji.com/learning-center,조종·측량 기초 → 촬영·좌표계 → 3D 처리 → 품질검사·현장 보고,대시보드 원본 교육데이터(진행중)를 Skill과 연결. relevance_type=PREREQUISITE.,dashboard C.html / Work24 원천 링크
활용·콘텐츠,활용서비스,DJ-162,드론 전력선·송전탑 점검원,측량·건설·시설점검,Thermal,Thermal 관련 기술,"Thermal은(는) 드론 측량·3D 공간정보·시설점검 업무에서 사용하는 도구·개념·절차입니다. 실제 직무에서는 설계, 운용, 분석 또는 의사결정 결과를 만드는 데 적용됩니다.",드론 전력선·송전탑 점검원이(가) 애자·금구·도체·수목간섭·열화 상태 점검 업무를 수행할 때 Thermal을(를) 이해하고 적용하기 위해 학습합니다.,드론 조종과 촬영 기초,초급~중급,OFFICIAL_RESOURCE,공식 튜토리얼·문서,DJI Enterprise Learning Center,DJI-GEO,,DJI Enterprise,기업 공식교육,측량·매핑·점검·공공안전 등 DJI Enterprise 장비와 지리공간 워크플로를 학습합니다.,DJI Enterprise; Mapping; Inspection; LiDAR; Drone Operations,초급~중급,온라인,무료/유료 혼합,,온라인,자기주도 학습,상시,상시,대학생·취업준비생·재직자·일반인,프로그램별 확인,https://enterprise-insights.dji.com/learning-center,DJI Enterprise,기업·기관 공식사이트,2026-09-28,상시 운영,,기체·안전 → 임무 설정 → 데이터 수집 → 처리 → 산업별 적용,공식 제공기관이 운영하는 교육·튜토리얼·문서 기반 학습경로.,공식 웹사이트 직접 확인
활용·콘텐츠,활용서비스,DJ-162,드론 전력선·송전탑 점검원,측량·건설·시설점검,Zoom,Zoom 관련 기술,"Zoom은(는) 드론 측량·3D 공간정보·시설점검 업무에서 사용하는 도구·개념·절차입니다. 실제 직무에서는 설계, 운용, 분석 또는 의사결정 결과를 만드는 데 적용됩니다.",드론 전력선·송전탑 점검원이(가) 애자·금구·도체·수목간섭·열화 상태 점검 업무를 수행할 때 Zoom을(를) 이해하고 적용하기 위해 학습합니다.,드론 조종과 GIS·측량 기초,초급~중급,PREREQUISITE,국비지원 직업훈련,특화드론운용 및 2D/3D공간정보 촬영 편집(A반),AIG20250000520214,779,신한글로벌인재교육원,직업훈련기관,소형무인기운용·조종 기반의 고용24 훈련과정입니다. Zoom 학습에는 과정명과의 직접 연관성에 따라 기초·포함·선수 경로로 연결했습니다.,소형무인기운용·조종; 측량; 3D; 맵핑,초급~중급,오프라인,국비지원(일부 자부담 가능),고용24 직업훈련(국민내일배움카드 적용 여부는 과정 상세 확인),경기 의정부시,총 645시간,,2026-07-27~2026-11-24,국가기간전략산업직종,수료 여부 과정별 확인,https://www.work24.go.kr/hr/a/a/3100/selectTracseDetl.do?tracseId=AIG20250000520214&tracseTme=1&crseTracseSe=C0061&trainstCstmrId=500020031915,고용24 훈련과정 상세,정부사이트,2026-09-28,현재 운영,,조종·측량 기초 → 촬영·좌표계 → 3D 처리 → 품질검사·현장 보고,대시보드 원본 교육데이터(진행중)를 Skill과 연결. relevance_type=PREREQUISITE.,dashboard C.html / Work24 원천 링크
활용·콘텐츠,활용서비스,DJ-157,드론 지적·토지 조사원,측량·건설·시설점검,Cadastral,Cadastral 관련 기술,"Cadastral은(는) 드론 측량·3D 공간정보·시설점검 업무에서 사용하는 도구·개념·절차입니다. 실제 직무에서는 설계, 운용, 분석 또는 의사결정 결과를 만드는 데 적용됩니다.",드론 지적·토지 조사원이(가) 토지경계·국공유지·불법점유 조사 지원 업무를 수행할 때 Cadastral을(를) 이해하고 적용하기 위해 학습합니다.,드론 조종과 GIS·측량 기초,초급~중급,INCLUDED,국비지원 직업훈련,특화드론운용 및 2D/3D공간정보 촬영 편집(A반),AIG20250000520214,779,신한글로벌인재교육원,직업훈련기관,소형무인기운용·조종 기반의 고용24 훈련과정입니다. Cadastral 학습에는 과정명과의 직접 연관성에 따라 기초·포함·선수 경로로 연결했습니다.,소형무인기운용·조종; 측량; 3D; 맵핑,초급~중급,오프라인,국비지원(일부 자부담 가능),고용24 직업훈련(국민내일배움카드 적용 여부는 과정 상세 확인),경기 의정부시,총 645시간,,2026-07-27~2026-11-24,국가기간전략산업직종,수료 여부 과정별 확인,https://www.work24.go.kr/hr/a/a/3100/selectTracseDetl.do?tracseId=AIG20250000520214&tracseTme=1&crseTracseSe=C0061&trainstCstmrId=500020031915,고용24 훈련과정 상세,정부사이트,2026-09-28,현재 운영,https://docs.qgis.org/latest/en/docs/training_manual/index.html,조종·측량 기초 → 촬영·좌표계 → 3D 처리 → 품질검사·현장 보고,대시보드 원본 교육데이터(진행중)를 Skill과 연결. relevance_type=INCLUDED.,dashboard C.html / Work24 원천 링크
활용·콘텐츠,활용서비스,DJ-157,드론 지적·토지 조사원,측량·건설·시설점검,Cadastral,Cadastral 관련 기술,"Cadastral은(는) 드론 측량·3D 공간정보·시설점검 업무에서 사용하는 도구·개념·절차입니다. 실제 직무에서는 설계, 운용, 분석 또는 의사결정 결과를 만드는 데 적용됩니다.",드론 지적·토지 조사원이(가) 토지경계·국공유지·불법점유 조사 지원 업무를 수행할 때 Cadastral을(를) 이해하고 적용하기 위해 학습합니다.,컴퓨터 파일 관리와 지도 기초,초급~중급,OFFICIAL_RESOURCE,공식 튜토리얼·문서,QGIS Training Manual,QGIS,,QGIS Project,공식 오픈소스,"GIS 인터페이스, 벡터·래스터 데이터, 좌표계, 공간분석과 지도 제작을 단계별로 실습합니다.",QGIS; GIS; CRS; Vector; Raster; Spatial Analysis,입문~중급,온라인,무료,,온라인,자기주도 학습,상시,상시,대학생·취업준비생·재직자·일반인,없음,https://docs.qgis.org/latest/en/docs/training_manual/index.html,QGIS Project,공식 기술문서,2026-09-28,상시 운영,,인터페이스 → 레이어·좌표계 → 편집 → 공간분석 → 드론 공간정보 프로젝트,공식 제공기관이 운영하는 교육·튜토리얼·문서 기반 학습경로.,공식 웹사이트 직접 확인
활용·콘텐츠,활용서비스,DJ-157,드론 지적·토지 조사원,측량·건설·시설점검,GIS,지리정보시스템,"지리정보시스템은(는) 드론 측량·3D 공간정보·시설점검 업무에서 사용하는 도구·개념·절차입니다. 실제 직무에서는 설계, 운용, 분석 또는 의사결정 결과를 만드는 데 적용됩니다.",드론 지적·토지 조사원이(가) 토지경계·국공유지·불법점유 조사 지원 업무를 수행할 때 GIS을(를) 이해하고 적용하기 위해 학습합니다.,드론 조종과 GIS·측량 기초,입문~초급,INCLUDED,국비지원 직업훈련,특화드론운용 및 2D/3D공간정보 촬영 편집(A반),AIG20250000520214,779,신한글로벌인재교육원,직업훈련기관,소형무인기운용·조종 기반의 고용24 훈련과정입니다. GIS 학습에는 과정명과의 직접 연관성에 따라 기초·포함·선수 경로로 연결했습니다.,소형무인기운용·조종; 측량; 3D; 맵핑,입문~초급,오프라인,국비지원(일부 자부담 가능),고용24 직업훈련(국민내일배움카드 적용 여부는 과정 상세 확인),경기 의정부시,총 645시간,,2026-07-27~2026-11-24,국가기간전략산업직종,수료 여부 과정별 확인,https://www.work24.go.kr/hr/a/a/3100/selectTracseDetl.do?tracseId=AIG20250000520214&tracseTme=1&crseTracseSe=C0061&trainstCstmrId=500020031915,고용24 훈련과정 상세,정부사이트,2026-09-28,현재 운영,https://docs.qgis.org/latest/en/docs/training_manual/index.html,조종·측량 기초 → 촬영·좌표계 → 3D 처리 → 품질검사·현장 보고,대시보드 원본 교육데이터(진행중)를 Skill과 연결. relevance_type=INCLUDED.,dashboard C.html / Work24 원천 링크
활용·콘텐츠,활용서비스,DJ-157,드론 지적·토지 조사원,측량·건설·시설점검,GIS,지리정보시스템,"지리정보시스템은(는) 드론 측량·3D 공간정보·시설점검 업무에서 사용하는 도구·개념·절차입니다. 실제 직무에서는 설계, 운용, 분석 또는 의사결정 결과를 만드는 데 적용됩니다.",드론 지적·토지 조사원이(가) 토지경계·국공유지·불법점유 조사 지원 업무를 수행할 때 GIS을(를) 이해하고 적용하기 위해 학습합니다.,컴퓨터 파일 관리와 지도 기초,입문~초급,OFFICIAL_RESOURCE,공식 튜토리얼·문서,QGIS Training Manual,QGIS,,QGIS Project,공식 오픈소스,"GIS 인터페이스, 벡터·래스터 데이터, 좌표계, 공간분석과 지도 제작을 단계별로 실습합니다.",QGIS; GIS; CRS; Vector; Raster; Spatial Analysis,입문~중급,온라인,무료,,온라인,자기주도 학습,상시,상시,대학생·취업준비생·재직자·일반인,없음,https://docs.qgis.org/latest/en/docs/training_manual/index.html,QGIS Project,공식 기술문서,2026-09-28,상시 운영,,인터페이스 → 레이어·좌표계 → 편집 → 공간분석 → 드론 공간정보 프로젝트,공식 제공기관이 운영하는 교육·튜토리얼·문서 기반 학습경로.,공식 웹사이트 직접 확인
활용·콘텐츠,활용서비스,DJ-157,드론 지적·토지 조사원,측량·건설·시설점검,Survey,Survey 관련 기술,"Survey은(는) 드론 측량·3D 공간정보·시설점검 업무에서 사용하는 도구·개념·절차입니다. 실제 직무에서는 설계, 운용, 분석 또는 의사결정 결과를 만드는 데 적용됩니다.",드론 지적·토지 조사원이(가) 토지경계·국공유지·불법점유 조사 지원 업무를 수행할 때 Survey을(를) 이해하고 적용하기 위해 학습합니다.,드론 조종과 GIS·측량 기초,초급~중급,INCLUDED,국비지원 직업훈련,특화드론운용 및 2D/3D공간정보 촬영 편집(A반),AIG20250000520214,779,신한글로벌인재교육원,직업훈련기관,소형무인기운용·조종 기반의 고용24 훈련과정입니다. Survey 학습에는 과정명과의 직접 연관성에 따라 기초·포함·선수 경로로 연결했습니다.,소형무인기운용·조종; 측량; 3D; 맵핑,초급~중급,오프라인,국비지원(일부 자부담 가능),고용24 직업훈련(국민내일배움카드 적용 여부는 과정 상세 확인),경기 의정부시,총 645시간,,2026-07-27~2026-11-24,국가기간전략산업직종,수료 여부 과정별 확인,https://www.work24.go.kr/hr/a/a/3100/selectTracseDetl.do?tracseId=AIG20250000520214&tracseTme=1&crseTracseSe=C0061&trainstCstmrId=500020031915,고용24 훈련과정 상세,정부사이트,2026-09-28,현재 운영,,조종·측량 기초 → 촬영·좌표계 → 3D 처리 → 품질검사·현장 보고,대시보드 원본 교육데이터(진행중)를 Skill과 연결. relevance_type=INCLUDED.,dashboard C.html / Work24 원천 링크
활용·콘텐츠,활용서비스,DJ-154,드론 측량 현장기술자,측량·건설·시설점검,GIS,지리정보시스템,"지리정보시스템은(는) 드론 측량·3D 공간정보·시설점검 업무에서 사용하는 도구·개념·절차입니다. 실제 직무에서는 설계, 운용, 분석 또는 의사결정 결과를 만드는 데 적용됩니다.","드론 측량 현장기술자이(가) 기준점·비행경로 설정, 항공촬영, 현장 측량 업무를 수행할 때 GIS을(를) 이해하고 적용하기 위해 학습합니다.",드론 조종과 GIS·측량 기초,입문~초급,INCLUDED,국비지원 직업훈련,특화드론운용 및 2D/3D공간정보 촬영 편집(A반),AIG20250000520214,779,신한글로벌인재교육원,직업훈련기관,소형무인기운용·조종 기반의 고용24 훈련과정입니다. GIS 학습에는 과정명과의 직접 연관성에 따라 기초·포함·선수 경로로 연결했습니다.,소형무인기운용·조종; 측량; 3D; 맵핑,입문~초급,오프라인,국비지원(일부 자부담 가능),고용24 직업훈련(국민내일배움카드 적용 여부는 과정 상세 확인),경기 의정부시,총 645시간,,2026-07-27~2026-11-24,국가기간전략산업직종,수료 여부 과정별 확인,https://www.work24.go.kr/hr/a/a/3100/selectTracseDetl.do?tracseId=AIG20250000520214&tracseTme=1&crseTracseSe=C0061&trainstCstmrId=500020031915,고용24 훈련과정 상세,정부사이트,2026-09-28,현재 운영,https://docs.qgis.org/latest/en/docs/training_manual/index.html,조종·측량 기초 → 촬영·좌표계 → 3D 처리 → 품질검사·현장 보고,대시보드 원본 교육데이터(진행중)를 Skill과 연결. relevance_type=INCLUDED.,dashboard C.html / Work24 원천 링크
활용·콘텐츠,활용서비스,DJ-154,드론 측량 현장기술자,측량·건설·시설점검,GIS,지리정보시스템,"지리정보시스템은(는) 드론 측량·3D 공간정보·시설점검 업무에서 사용하는 도구·개념·절차입니다. 실제 직무에서는 설계, 운용, 분석 또는 의사결정 결과를 만드는 데 적용됩니다.","드론 측량 현장기술자이(가) 기준점·비행경로 설정, 항공촬영, 현장 측량 업무를 수행할 때 GIS을(를) 이해하고 적용하기 위해 학습합니다.",컴퓨터 파일 관리와 지도 기초,입문~초급,OFFICIAL_RESOURCE,공식 튜토리얼·문서,QGIS Training Manual,QGIS,,QGIS Project,공식 오픈소스,"GIS 인터페이스, 벡터·래스터 데이터, 좌표계, 공간분석과 지도 제작을 단계별로 실습합니다.",QGIS; GIS; CRS; Vector; Raster; Spatial Analysis,입문~중급,온라인,무료,,온라인,자기주도 학습,상시,상시,대학생·취업준비생·재직자·일반인,없음,https://docs.qgis.org/latest/en/docs/training_manual/index.html,QGIS Project,공식 기술문서,2026-09-28,상시 운영,,인터페이스 → 레이어·좌표계 → 편집 → 공간분석 → 드론 공간정보 프로젝트,공식 제공기관이 운영하는 교육·튜토리얼·문서 기반 학습경로.,공식 웹사이트 직접 확인
활용·콘텐츠,활용서비스,DJ-154,드론 측량 현장기술자,측량·건설·시설점검,GNSS,위성항법시스템,"위성항법시스템은(는) 드론 측량·3D 공간정보·시설점검 업무에서 사용하는 도구·개념·절차입니다. 실제 직무에서는 설계, 운용, 분석 또는 의사결정 결과를 만드는 데 적용됩니다.","드론 측량 현장기술자이(가) 기준점·비행경로 설정, 항공촬영, 현장 측량 업무를 수행할 때 GNSS을(를) 이해하고 적용하기 위해 학습합니다.",드론 조종과 GIS·측량 기초,초급~중급,INCLUDED,국비지원 직업훈련,특화드론운용 및 2D/3D공간정보 촬영 편집(A반),AIG20250000520214,779,신한글로벌인재교육원,직업훈련기관,소형무인기운용·조종 기반의 고용24 훈련과정입니다. GNSS 학습에는 과정명과의 직접 연관성에 따라 기초·포함·선수 경로로 연결했습니다.,소형무인기운용·조종; 측량; 3D; 맵핑,초급~중급,오프라인,국비지원(일부 자부담 가능),고용24 직업훈련(국민내일배움카드 적용 여부는 과정 상세 확인),경기 의정부시,총 645시간,,2026-07-27~2026-11-24,국가기간전략산업직종,수료 여부 과정별 확인,https://www.work24.go.kr/hr/a/a/3100/selectTracseDetl.do?tracseId=AIG20250000520214&tracseTme=1&crseTracseSe=C0061&trainstCstmrId=500020031915,고용24 훈련과정 상세,정부사이트,2026-09-28,현재 운영,,조종·측량 기초 → 촬영·좌표계 → 3D 처리 → 품질검사·현장 보고,대시보드 원본 교육데이터(진행중)를 Skill과 연결. relevance_type=INCLUDED.,dashboard C.html / Work24 원천 링크
활용·콘텐츠,활용서비스,DJ-154,드론 측량 현장기술자,측량·건설·시설점검,Surveying,Surveying 관련 기술,"Surveying은(는) 드론 측량·3D 공간정보·시설점검 업무에서 사용하는 도구·개념·절차입니다. 실제 직무에서는 설계, 운용, 분석 또는 의사결정 결과를 만드는 데 적용됩니다.","드론 측량 현장기술자이(가) 기준점·비행경로 설정, 항공촬영, 현장 측량 업무를 수행할 때 Surveying을(를) 이해하고 적용하기 위해 학습합니다.",드론 조종과 GIS·측량 기초,초급~중급,INCLUDED,국비지원 직업훈련,특화드론운용 및 2D/3D공간정보 촬영 편집(A반),AIG20250000520214,779,신한글로벌인재교육원,직업훈련기관,소형무인기운용·조종 기반의 고용24 훈련과정입니다. Surveying 학습에는 과정명과의 직접 연관성에 따라 기초·포함·선수 경로로 연결했습니다.,소형무인기운용·조종; 측량; 3D; 맵핑,초급~중급,오프라인,국비지원(일부 자부담 가능),고용24 직업훈련(국민내일배움카드 적용 여부는 과정 상세 확인),경기 의정부시,총 645시간,,2026-07-27~2026-11-24,국가기간전략산업직종,수료 여부 과정별 확인,https://www.work24.go.kr/hr/a/a/3100/selectTracseDetl.do?tracseId=AIG20250000520214&tracseTme=1&crseTracseSe=C0061&trainstCstmrId=500020031915,고용24 훈련과정 상세,정부사이트,2026-09-28,현재 운영,https://docs.qgis.org/latest/en/docs/training_manual/index.html,조종·측량 기초 → 촬영·좌표계 → 3D 처리 → 품질검사·현장 보고,대시보드 원본 교육데이터(진행중)를 Skill과 연결. relevance_type=INCLUDED.,dashboard C.html / Work24 원천 링크
활용·콘텐츠,활용서비스,DJ-154,드론 측량 현장기술자,측량·건설·시설점검,Surveying,Surveying 관련 기술,"Surveying은(는) 드론 측량·3D 공간정보·시설점검 업무에서 사용하는 도구·개념·절차입니다. 실제 직무에서는 설계, 운용, 분석 또는 의사결정 결과를 만드는 데 적용됩니다.","드론 측량 현장기술자이(가) 기준점·비행경로 설정, 항공촬영, 현장 측량 업무를 수행할 때 Surveying을(를) 이해하고 적용하기 위해 학습합니다.",컴퓨터 파일 관리와 지도 기초,초급~중급,OFFICIAL_RESOURCE,공식 튜토리얼·문서,QGIS Training Manual,QGIS,,QGIS Project,공식 오픈소스,"GIS 인터페이스, 벡터·래스터 데이터, 좌표계, 공간분석과 지도 제작을 단계별로 실습합니다.",QGIS; GIS; CRS; Vector; Raster; Spatial Analysis,입문~중급,온라인,무료,,온라인,자기주도 학습,상시,상시,대학생·취업준비생·재직자·일반인,없음,https://docs.qgis.org/latest/en/docs/training_manual/index.html,QGIS Project,공식 기술문서,2026-09-28,상시 운영,,인터페이스 → 레이어·좌표계 → 편집 → 공간분석 → 드론 공간정보 프로젝트,공식 제공기관이 운영하는 교육·튜토리얼·문서 기반 학습경로.,공식 웹사이트 직접 확인
활용·콘텐츠,활용서비스,DJ-163,드론 태양광 설비 점검원,측량·건설·시설점검,PV,PV 관련 기술,"PV은(는) 드론 측량·3D 공간정보·시설점검 업무에서 사용하는 도구·개념·절차입니다. 실제 직무에서는 설계, 운용, 분석 또는 의사결정 결과를 만드는 데 적용됩니다.",드론 태양광 설비 점검원이(가) 열화상으로 모듈 핫스팟·오염·고장 탐지 업무를 수행할 때 PV을(를) 이해하고 적용하기 위해 학습합니다.,드론 조종과 GIS·측량 기초,초급~중급,PREREQUISITE,국비지원 직업훈련,특화드론운용 및 2D/3D공간정보 촬영 편집(A반),AIG20250000520214,779,신한글로벌인재교육원,직업훈련기관,소형무인기운용·조종 기반의 고용24 훈련과정입니다. PV 학습에는 과정명과의 직접 연관성에 따라 기초·포함·선수 경로로 연결했습니다.,소형무인기운용·조종; 측량; 3D; 맵핑,초급~중급,오프라인,국비지원(일부 자부담 가능),고용24 직업훈련(국민내일배움카드 적용 여부는 과정 상세 확인),경기 의정부시,총 645시간,,2026-07-27~2026-11-24,국가기간전략산업직종,수료 여부 과정별 확인,https://www.work24.go.kr/hr/a/a/3100/selectTracseDetl.do?tracseId=AIG20250000520214&tracseTme=1&crseTracseSe=C0061&trainstCstmrId=500020031915,고용24 훈련과정 상세,정부사이트,2026-09-28,현재 운영,,조종·측량 기초 → 촬영·좌표계 → 3D 처리 → 품질검사·현장 보고,대시보드 원본 교육데이터(진행중)를 Skill과 연결. relevance_type=PREREQUISITE.,dashboard C.html / Work24 원천 링크
활용·콘텐츠,활용서비스,DJ-163,드론 태양광 설비 점검원,측량·건설·시설점검,Reporting,Reporting 관련 기술,"Reporting은(는) 드론 측량·3D 공간정보·시설점검 업무에서 사용하는 도구·개념·절차입니다. 실제 직무에서는 설계, 운용, 분석 또는 의사결정 결과를 만드는 데 적용됩니다.",드론 태양광 설비 점검원이(가) 열화상으로 모듈 핫스팟·오염·고장 탐지 업무를 수행할 때 Reporting을(를) 이해하고 적용하기 위해 학습합니다.,드론 조종과 GIS·측량 기초,초급~중급,PREREQUISITE,국비지원 직업훈련,특화드론운용 및 2D/3D공간정보 촬영 편집(A반),AIG20250000520214,779,신한글로벌인재교육원,직업훈련기관,소형무인기운용·조종 기반의 고용24 훈련과정입니다. Reporting 학습에는 과정명과의 직접 연관성에 따라 기초·포함·선수 경로로 연결했습니다.,소형무인기운용·조종; 측량; 3D; 맵핑,초급~중급,오프라인,국비지원(일부 자부담 가능),고용24 직업훈련(국민내일배움카드 적용 여부는 과정 상세 확인),경기 의정부시,총 645시간,,2026-07-27~2026-11-24,국가기간전략산업직종,수료 여부 과정별 확인,https://www.work24.go.kr/hr/a/a/3100/selectTracseDetl.do?tracseId=AIG20250000520214&tracseTme=1&crseTracseSe=C0061&trainstCstmrId=500020031915,고용24 훈련과정 상세,정부사이트,2026-09-28,현재 운영,,조종·측량 기초 → 촬영·좌표계 → 3D 처리 → 품질검사·현장 보고,대시보드 원본 교육데이터(진행중)를 Skill과 연결. relevance_type=PREREQUISITE.,dashboard C.html / Work24 원천 링크
활용·콘텐츠,활용서비스,DJ-163,드론 태양광 설비 점검원,측량·건설·시설점검,Thermal,Thermal 관련 기술,"Thermal은(는) 드론 측량·3D 공간정보·시설점검 업무에서 사용하는 도구·개념·절차입니다. 실제 직무에서는 설계, 운용, 분석 또는 의사결정 결과를 만드는 데 적용됩니다.",드론 태양광 설비 점검원이(가) 열화상으로 모듈 핫스팟·오염·고장 탐지 업무를 수행할 때 Thermal을(를) 이해하고 적용하기 위해 학습합니다.,드론 조종과 GIS·측량 기초,초급~중급,PREREQUISITE,국비지원 직업훈련,특화드론운용 및 2D/3D공간정보 촬영 편집(A반),AIG20250000520214,779,신한글로벌인재교육원,직업훈련기관,소형무인기운용·조종 기반의 고용24 훈련과정입니다. Thermal 학습에는 과정명과의 직접 연관성에 따라 기초·포함·선수 경로로 연결했습니다.,소형무인기운용·조종; 측량; 3D; 맵핑,초급~중급,오프라인,국비지원(일부 자부담 가능),고용24 직업훈련(국민내일배움카드 적용 여부는 과정 상세 확인),경기 의정부시,총 645시간,,2026-07-27~2026-11-24,국가기간전략산업직종,수료 여부 과정별 확인,https://www.work24.go.kr/hr/a/a/3100/selectTracseDetl.do?tracseId=AIG20250000520214&tracseTme=1&crseTracseSe=C0061&trainstCstmrId=500020031915,고용24 훈련과정 상세,정부사이트,2026-09-28,현재 운영,https://enterprise-insights.dji.com/learning-center,조종·측량 기초 → 촬영·좌표계 → 3D 처리 → 품질검사·현장 보고,대시보드 원본 교육데이터(진행중)를 Skill과 연결. relevance_type=PREREQUISITE.,dashboard C.html / Work24 원천 링크
활용·콘텐츠,활용서비스,DJ-163,드론 태양광 설비 점검원,측량·건설·시설점검,Thermal,Thermal 관련 기술,"Thermal은(는) 드론 측량·3D 공간정보·시설점검 업무에서 사용하는 도구·개념·절차입니다. 실제 직무에서는 설계, 운용, 분석 또는 의사결정 결과를 만드는 데 적용됩니다.",드론 태양광 설비 점검원이(가) 열화상으로 모듈 핫스팟·오염·고장 탐지 업무를 수행할 때 Thermal을(를) 이해하고 적용하기 위해 학습합니다.,드론 조종과 촬영 기초,초급~중급,OFFICIAL_RESOURCE,공식 튜토리얼·문서,DJI Enterprise Learning Center,DJI-GEO,,DJI Enterprise,기업 공식교육,측량·매핑·점검·공공안전 등 DJI Enterprise 장비와 지리공간 워크플로를 학습합니다.,DJI Enterprise; Mapping; Inspection; LiDAR; Drone Operations,초급~중급,온라인,무료/유료 혼합,,온라인,자기주도 학습,상시,상시,대학생·취업준비생·재직자·일반인,프로그램별 확인,https://enterprise-insights.dji.com/learning-center,DJI Enterprise,기업·기관 공식사이트,2026-09-28,상시 운영,,기체·안전 → 임무 설정 → 데이터 수집 → 처리 → 산업별 적용,공식 제공기관이 운영하는 교육·튜토리얼·문서 기반 학습경로.,공식 웹사이트 직접 확인
활용·콘텐츠,활용서비스,DJ-165,드론 파이프라인 점검원,측량·건설·시설점검,Gas Sensor,Gas Sensor 관련 기술,"Gas Sensor은(는) 드론 측량·3D 공간정보·시설점검 업무에서 사용하는 도구·개념·절차입니다. 실제 직무에서는 설계, 운용, 분석 또는 의사결정 결과를 만드는 데 적용됩니다.",드론 파이프라인 점검원이(가) 가스·송유관 노선 침해·누출·지반이상 점검 업무를 수행할 때 Gas Sensor을(를) 이해하고 적용하기 위해 학습합니다.,드론 조종과 GIS·측량 기초,초급~중급,PREREQUISITE,국비지원 직업훈련,특화드론운용 및 2D/3D공간정보 촬영 편집(A반),AIG20250000520214,779,신한글로벌인재교육원,직업훈련기관,소형무인기운용·조종 기반의 고용24 훈련과정입니다. Gas Sensor 학습에는 과정명과의 직접 연관성에 따라 기초·포함·선수 경로로 연결했습니다.,소형무인기운용·조종; 측량; 3D; 맵핑,초급~중급,오프라인,국비지원(일부 자부담 가능),고용24 직업훈련(국민내일배움카드 적용 여부는 과정 상세 확인),경기 의정부시,총 645시간,,2026-07-27~2026-11-24,국가기간전략산업직종,수료 여부 과정별 확인,https://www.work24.go.kr/hr/a/a/3100/selectTracseDetl.do?tracseId=AIG20250000520214&tracseTme=1&crseTracseSe=C0061&trainstCstmrId=500020031915,고용24 훈련과정 상세,정부사이트,2026-09-28,현재 운영,https://docs.arduino.cc/learn,조종·측량 기초 → 촬영·좌표계 → 3D 처리 → 품질검사·현장 보고,대시보드 원본 교육데이터(진행중)를 Skill과 연결. relevance_type=PREREQUISITE.,dashboard C.html / Work24 원천 링크
활용·콘텐츠,활용서비스,DJ-165,드론 파이프라인 점검원,측량·건설·시설점검,Gas Sensor,Gas Sensor 관련 기술,"Gas Sensor은(는) 드론 측량·3D 공간정보·시설점검 업무에서 사용하는 도구·개념·절차입니다. 실제 직무에서는 설계, 운용, 분석 또는 의사결정 결과를 만드는 데 적용됩니다.",드론 파이프라인 점검원이(가) 가스·송유관 노선 침해·누출·지반이상 점검 업무를 수행할 때 Gas Sensor을(를) 이해하고 적용하기 위해 학습합니다.,전기 안전과 기초 회로,초급~중급,INCLUDED,공식 튜토리얼·문서,Arduino Learn,ARDUINO,,Arduino,기업 공식교육,"전자회로, 마이크로컨트롤러, 센서·모터·통신을 공식 실습 예제로 학습합니다.",Arduino; Electronics; MCU; Sensor; Motor; Serial Communication,입문~중급,온라인,무료,,온라인,자기주도 학습,상시,상시,대학생·취업준비생·재직자·일반인,없음,https://docs.arduino.cc/learn,Arduino,기업·기관 공식사이트,2026-09-28,상시 운영,,회로 기초 → 입출력 → 센서·통신 → 모터 제어 → 드론 장치 프로토타입,공식 제공기관이 운영하는 교육·튜토리얼·문서 기반 학습경로.,공식 웹사이트 직접 확인
활용·콘텐츠,활용서비스,DJ-165,드론 파이프라인 점검원,측량·건설·시설점검,Pipeline,Pipeline 관련 기술,"Pipeline은(는) 드론 측량·3D 공간정보·시설점검 업무에서 사용하는 도구·개념·절차입니다. 실제 직무에서는 설계, 운용, 분석 또는 의사결정 결과를 만드는 데 적용됩니다.",드론 파이프라인 점검원이(가) 가스·송유관 노선 침해·누출·지반이상 점검 업무를 수행할 때 Pipeline을(를) 이해하고 적용하기 위해 학습합니다.,드론 조종과 GIS·측량 기초,초급~중급,PREREQUISITE,국비지원 직업훈련,특화드론운용 및 2D/3D공간정보 촬영 편집(A반),AIG20250000520214,779,신한글로벌인재교육원,직업훈련기관,소형무인기운용·조종 기반의 고용24 훈련과정입니다. Pipeline 학습에는 과정명과의 직접 연관성에 따라 기초·포함·선수 경로로 연결했습니다.,소형무인기운용·조종; 측량; 3D; 맵핑,초급~중급,오프라인,국비지원(일부 자부담 가능),고용24 직업훈련(국민내일배움카드 적용 여부는 과정 상세 확인),경기 의정부시,총 645시간,,2026-07-27~2026-11-24,국가기간전략산업직종,수료 여부 과정별 확인,https://www.work24.go.kr/hr/a/a/3100/selectTracseDetl.do?tracseId=AIG20250000520214&tracseTme=1&crseTracseSe=C0061&trainstCstmrId=500020031915,고용24 훈련과정 상세,정부사이트,2026-09-28,현재 운영,,조종·측량 기초 → 촬영·좌표계 → 3D 처리 → 품질검사·현장 보고,대시보드 원본 교육데이터(진행중)를 Skill과 연결. relevance_type=PREREQUISITE.,dashboard C.html / Work24 원천 링크
활용·콘텐츠,활용서비스,DJ-165,드론 파이프라인 점검원,측량·건설·시설점검,Thermal,Thermal 관련 기술,"Thermal은(는) 드론 측량·3D 공간정보·시설점검 업무에서 사용하는 도구·개념·절차입니다. 실제 직무에서는 설계, 운용, 분석 또는 의사결정 결과를 만드는 데 적용됩니다.",드론 파이프라인 점검원이(가) 가스·송유관 노선 침해·누출·지반이상 점검 업무를 수행할 때 Thermal을(를) 이해하고 적용하기 위해 학습합니다.,드론 조종과 GIS·측량 기초,초급~중급,PREREQUISITE,국비지원 직업훈련,특화드론운용 및 2D/3D공간정보 촬영 편집(A반),AIG20250000520214,779,신한글로벌인재교육원,직업훈련기관,소형무인기운용·조종 기반의 고용24 훈련과정입니다. Thermal 학습에는 과정명과의 직접 연관성에 따라 기초·포함·선수 경로로 연결했습니다.,소형무인기운용·조종; 측량; 3D; 맵핑,초급~중급,오프라인,국비지원(일부 자부담 가능),고용24 직업훈련(국민내일배움카드 적용 여부는 과정 상세 확인),경기 의정부시,총 645시간,,2026-07-27~2026-11-24,국가기간전략산업직종,수료 여부 과정별 확인,https://www.work24.go.kr/hr/a/a/3100/selectTracseDetl.do?tracseId=AIG20250000520214&tracseTme=1&crseTracseSe=C0061&trainstCstmrId=500020031915,고용24 훈련과정 상세,정부사이트,2026-09-28,현재 운영,https://enterprise-insights.dji.com/learning-center,조종·측량 기초 → 촬영·좌표계 → 3D 처리 → 품질검사·현장 보고,대시보드 원본 교육데이터(진행중)를 Skill과 연결. relevance_type=PREREQUISITE.,dashboard C.html / Work24 원천 링크
활용·콘텐츠,활용서비스,DJ-165,드론 파이프라인 점검원,측량·건설·시설점검,Thermal,Thermal 관련 기술,"Thermal은(는) 드론 측량·3D 공간정보·시설점검 업무에서 사용하는 도구·개념·절차입니다. 실제 직무에서는 설계, 운용, 분석 또는 의사결정 결과를 만드는 데 적용됩니다.",드론 파이프라인 점검원이(가) 가스·송유관 노선 침해·누출·지반이상 점검 업무를 수행할 때 Thermal을(를) 이해하고 적용하기 위해 학습합니다.,드론 조종과 촬영 기초,초급~중급,OFFICIAL_RESOURCE,공식 튜토리얼·문서,DJI Enterprise Learning Center,DJI-GEO,,DJI Enterprise,기업 공식교육,측량·매핑·점검·공공안전 등 DJI Enterprise 장비와 지리공간 워크플로를 학습합니다.,DJI Enterprise; Mapping; Inspection; LiDAR; Drone Operations,초급~중급,온라인,무료/유료 혼합,,온라인,자기주도 학습,상시,상시,대학생·취업준비생·재직자·일반인,프로그램별 확인,https://enterprise-insights.dji.com/learning-center,DJI Enterprise,기업·기관 공식사이트,2026-09-28,상시 운영,,기체·안전 → 임무 설정 → 데이터 수집 → 처리 → 산업별 적용,공식 제공기관이 운영하는 교육·튜토리얼·문서 기반 학습경로.,공식 웹사이트 직접 확인
활용·콘텐츠,활용서비스,DJ-164,드론 풍력터빈 점검원,측량·건설·시설점검,Blade Inspection,Blade Inspection 관련 기술,"Blade Inspection은(는) 드론 측량·3D 공간정보·시설점검 업무에서 사용하는 도구·개념·절차입니다. 실제 직무에서는 설계, 운용, 분석 또는 의사결정 결과를 만드는 데 적용됩니다.",드론 풍력터빈 점검원이(가) 블레이드·나셀·타워 표면 결함 촬영·분석 업무를 수행할 때 Blade Inspection을(를) 이해하고 적용하기 위해 학습합니다.,드론 조종과 GIS·측량 기초,초급~중급,PREREQUISITE,국비지원 직업훈련,특화드론운용 및 2D/3D공간정보 촬영 편집(A반),AIG20250000520214,779,신한글로벌인재교육원,직업훈련기관,소형무인기운용·조종 기반의 고용24 훈련과정입니다. Blade Inspection 학습에는 과정명과의 직접 연관성에 따라 기초·포함·선수 경로로 연결했습니다.,소형무인기운용·조종; 측량; 3D; 맵핑,초급~중급,오프라인,국비지원(일부 자부담 가능),고용24 직업훈련(국민내일배움카드 적용 여부는 과정 상세 확인),경기 의정부시,총 645시간,,2026-07-27~2026-11-24,국가기간전략산업직종,수료 여부 과정별 확인,https://www.work24.go.kr/hr/a/a/3100/selectTracseDetl.do?tracseId=AIG20250000520214&tracseTme=1&crseTracseSe=C0061&trainstCstmrId=500020031915,고용24 훈련과정 상세,정부사이트,2026-09-28,현재 운영,,조종·측량 기초 → 촬영·좌표계 → 3D 처리 → 품질검사·현장 보고,대시보드 원본 교육데이터(진행중)를 Skill과 연결. relevance_type=PREREQUISITE.,dashboard C.html / Work24 원천 링크
활용·콘텐츠,활용서비스,DJ-164,드론 풍력터빈 점검원,측량·건설·시설점검,Defect,Defect 관련 기술,"Defect은(는) 드론 측량·3D 공간정보·시설점검 업무에서 사용하는 도구·개념·절차입니다. 실제 직무에서는 설계, 운용, 분석 또는 의사결정 결과를 만드는 데 적용됩니다.",드론 풍력터빈 점검원이(가) 블레이드·나셀·타워 표면 결함 촬영·분석 업무를 수행할 때 Defect을(를) 이해하고 적용하기 위해 학습합니다.,드론 조종과 GIS·측량 기초,초급~중급,PREREQUISITE,국비지원 직업훈련,특화드론운용 및 2D/3D공간정보 촬영 편집(A반),AIG20250000520214,779,신한글로벌인재교육원,직업훈련기관,소형무인기운용·조종 기반의 고용24 훈련과정입니다. Defect 학습에는 과정명과의 직접 연관성에 따라 기초·포함·선수 경로로 연결했습니다.,소형무인기운용·조종; 측량; 3D; 맵핑,초급~중급,오프라인,국비지원(일부 자부담 가능),고용24 직업훈련(국민내일배움카드 적용 여부는 과정 상세 확인),경기 의정부시,총 645시간,,2026-07-27~2026-11-24,국가기간전략산업직종,수료 여부 과정별 확인,https://www.work24.go.kr/hr/a/a/3100/selectTracseDetl.do?tracseId=AIG20250000520214&tracseTme=1&crseTracseSe=C0061&trainstCstmrId=500020031915,고용24 훈련과정 상세,정부사이트,2026-09-28,현재 운영,,조종·측량 기초 → 촬영·좌표계 → 3D 처리 → 품질검사·현장 보고,대시보드 원본 교육데이터(진행중)를 Skill과 연결. relevance_type=PREREQUISITE.,dashboard C.html / Work24 원천 링크
활용·콘텐츠,활용서비스,DJ-164,드론 풍력터빈 점검원,측량·건설·시설점검,Zoom,Zoom 관련 기술,"Zoom은(는) 드론 측량·3D 공간정보·시설점검 업무에서 사용하는 도구·개념·절차입니다. 실제 직무에서는 설계, 운용, 분석 또는 의사결정 결과를 만드는 데 적용됩니다.",드론 풍력터빈 점검원이(가) 블레이드·나셀·타워 표면 결함 촬영·분석 업무를 수행할 때 Zoom을(를) 이해하고 적용하기 위해 학습합니다.,드론 조종과 GIS·측량 기초,초급~중급,PREREQUISITE,국비지원 직업훈련,특화드론운용 및 2D/3D공간정보 촬영 편집(A반),AIG20250000520214,779,신한글로벌인재교육원,직업훈련기관,소형무인기운용·조종 기반의 고용24 훈련과정입니다. Zoom 학습에는 과정명과의 직접 연관성에 따라 기초·포함·선수 경로로 연결했습니다.,소형무인기운용·조종; 측량; 3D; 맵핑,초급~중급,오프라인,국비지원(일부 자부담 가능),고용24 직업훈련(국민내일배움카드 적용 여부는 과정 상세 확인),경기 의정부시,총 645시간,,2026-07-27~2026-11-24,국가기간전략산업직종,수료 여부 과정별 확인,https://www.work24.go.kr/hr/a/a/3100/selectTracseDetl.do?tracseId=AIG20250000520214&tracseTme=1&crseTracseSe=C0061&trainstCstmrId=500020031915,고용24 훈련과정 상세,정부사이트,2026-09-28,현재 운영,,조종·측량 기초 → 촬영·좌표계 → 3D 처리 → 품질검사·현장 보고,대시보드 원본 교육데이터(진행중)를 Skill과 연결. relevance_type=PREREQUISITE.,dashboard C.html / Work24 원천 링크
활용·콘텐츠,활용서비스,DJ-166,드론 하천·댐 시설 조사원,측량·건설·시설점검,Hydrology,Hydrology 관련 기술,"Hydrology은(는) 드론 측량·3D 공간정보·시설점검 업무에서 사용하는 도구·개념·절차입니다. 실제 직무에서는 설계, 운용, 분석 또는 의사결정 결과를 만드는 데 적용됩니다.",드론 하천·댐 시설 조사원이(가) 하천시설·제방·댐·저수지 형상과 이상 조사 업무를 수행할 때 Hydrology을(를) 이해하고 적용하기 위해 학습합니다.,드론 조종과 GIS·측량 기초,초급~중급,PREREQUISITE,국비지원 직업훈련,특화드론운용 및 2D/3D공간정보 촬영 편집(A반),AIG20250000520214,779,신한글로벌인재교육원,직업훈련기관,소형무인기운용·조종 기반의 고용24 훈련과정입니다. Hydrology 학습에는 과정명과의 직접 연관성에 따라 기초·포함·선수 경로로 연결했습니다.,소형무인기운용·조종; 측량; 3D; 맵핑,초급~중급,오프라인,국비지원(일부 자부담 가능),고용24 직업훈련(국민내일배움카드 적용 여부는 과정 상세 확인),경기 의정부시,총 645시간,,2026-07-27~2026-11-24,국가기간전략산업직종,수료 여부 과정별 확인,https://www.work24.go.kr/hr/a/a/3100/selectTracseDetl.do?tracseId=AIG20250000520214&tracseTme=1&crseTracseSe=C0061&trainstCstmrId=500020031915,고용24 훈련과정 상세,정부사이트,2026-09-28,현재 운영,https://docs.qgis.org/latest/en/docs/training_manual/index.html,조종·측량 기초 → 촬영·좌표계 → 3D 처리 → 품질검사·현장 보고,대시보드 원본 교육데이터(진행중)를 Skill과 연결. relevance_type=PREREQUISITE.,dashboard C.html / Work24 원천 링크
활용·콘텐츠,활용서비스,DJ-166,드론 하천·댐 시설 조사원,측량·건설·시설점검,Hydrology,Hydrology 관련 기술,"Hydrology은(는) 드론 측량·3D 공간정보·시설점검 업무에서 사용하는 도구·개념·절차입니다. 실제 직무에서는 설계, 운용, 분석 또는 의사결정 결과를 만드는 데 적용됩니다.",드론 하천·댐 시설 조사원이(가) 하천시설·제방·댐·저수지 형상과 이상 조사 업무를 수행할 때 Hydrology을(를) 이해하고 적용하기 위해 학습합니다.,컴퓨터 파일 관리와 지도 기초,초급~중급,OFFICIAL_RESOURCE,공식 튜토리얼·문서,QGIS Training Manual,QGIS,,QGIS Project,공식 오픈소스,"GIS 인터페이스, 벡터·래스터 데이터, 좌표계, 공간분석과 지도 제작을 단계별로 실습합니다.",QGIS; GIS; CRS; Vector; Raster; Spatial Analysis,입문~중급,온라인,무료,,온라인,자기주도 학습,상시,상시,대학생·취업준비생·재직자·일반인,없음,https://docs.qgis.org/latest/en/docs/training_manual/index.html,QGIS Project,공식 기술문서,2026-09-28,상시 운영,,인터페이스 → 레이어·좌표계 → 편집 → 공간분석 → 드론 공간정보 프로젝트,공식 제공기관이 운영하는 교육·튜토리얼·문서 기반 학습경로.,공식 웹사이트 직접 확인
활용·콘텐츠,활용서비스,DJ-166,드론 하천·댐 시설 조사원,측량·건설·시설점검,Inspection,Inspection 관련 기술,"Inspection은(는) 드론 측량·3D 공간정보·시설점검 업무에서 사용하는 도구·개념·절차입니다. 실제 직무에서는 설계, 운용, 분석 또는 의사결정 결과를 만드는 데 적용됩니다.",드론 하천·댐 시설 조사원이(가) 하천시설·제방·댐·저수지 형상과 이상 조사 업무를 수행할 때 Inspection을(를) 이해하고 적용하기 위해 학습합니다.,드론 조종과 GIS·측량 기초,초급~중급,PREREQUISITE,국비지원 직업훈련,특화드론운용 및 2D/3D공간정보 촬영 편집(A반),AIG20250000520214,779,신한글로벌인재교육원,직업훈련기관,소형무인기운용·조종 기반의 고용24 훈련과정입니다. Inspection 학습에는 과정명과의 직접 연관성에 따라 기초·포함·선수 경로로 연결했습니다.,소형무인기운용·조종; 측량; 3D; 맵핑,초급~중급,오프라인,국비지원(일부 자부담 가능),고용24 직업훈련(국민내일배움카드 적용 여부는 과정 상세 확인),경기 의정부시,총 645시간,,2026-07-27~2026-11-24,국가기간전략산업직종,수료 여부 과정별 확인,https://www.work24.go.kr/hr/a/a/3100/selectTracseDetl.do?tracseId=AIG20250000520214&tracseTme=1&crseTracseSe=C0061&trainstCstmrId=500020031915,고용24 훈련과정 상세,정부사이트,2026-09-28,현재 운영,https://enterprise-insights.dji.com/learning-center,조종·측량 기초 → 촬영·좌표계 → 3D 처리 → 품질검사·현장 보고,대시보드 원본 교육데이터(진행중)를 Skill과 연결. relevance_type=PREREQUISITE.,dashboard C.html / Work24 원천 링크
활용·콘텐츠,활용서비스,DJ-166,드론 하천·댐 시설 조사원,측량·건설·시설점검,Inspection,Inspection 관련 기술,"Inspection은(는) 드론 측량·3D 공간정보·시설점검 업무에서 사용하는 도구·개념·절차입니다. 실제 직무에서는 설계, 운용, 분석 또는 의사결정 결과를 만드는 데 적용됩니다.",드론 하천·댐 시설 조사원이(가) 하천시설·제방·댐·저수지 형상과 이상 조사 업무를 수행할 때 Inspection을(를) 이해하고 적용하기 위해 학습합니다.,드론 조종과 촬영 기초,초급~중급,OFFICIAL_RESOURCE,공식 튜토리얼·문서,DJI Enterprise Learning Center,DJI-GEO,,DJI Enterprise,기업 공식교육,측량·매핑·점검·공공안전 등 DJI Enterprise 장비와 지리공간 워크플로를 학습합니다.,DJI Enterprise; Mapping; Inspection; LiDAR; Drone Operations,초급~중급,온라인,무료/유료 혼합,,온라인,자기주도 학습,상시,상시,대학생·취업준비생·재직자·일반인,프로그램별 확인,https://enterprise-insights.dji.com/learning-center,DJI Enterprise,기업·기관 공식사이트,2026-09-28,상시 운영,,기체·안전 → 임무 설정 → 데이터 수집 → 처리 → 산업별 적용,공식 제공기관이 운영하는 교육·튜토리얼·문서 기반 학습경로.,공식 웹사이트 직접 확인
활용·콘텐츠,활용서비스,DJ-166,드론 하천·댐 시설 조사원,측량·건설·시설점검,Mapping,공간정보 매핑,"공간정보 매핑은(는) 드론 측량·3D 공간정보·시설점검 업무에서 사용하는 도구·개념·절차입니다. 실제 직무에서는 설계, 운용, 분석 또는 의사결정 결과를 만드는 데 적용됩니다.",드론 하천·댐 시설 조사원이(가) 하천시설·제방·댐·저수지 형상과 이상 조사 업무를 수행할 때 Mapping을(를) 이해하고 적용하기 위해 학습합니다.,드론 조종과 GIS·측량 기초,초급~중급,INCLUDED,국비지원 직업훈련,특화드론운용 및 2D/3D공간정보 촬영 편집(A반),AIG20250000520214,779,신한글로벌인재교육원,직업훈련기관,소형무인기운용·조종 기반의 고용24 훈련과정입니다. Mapping 학습에는 과정명과의 직접 연관성에 따라 기초·포함·선수 경로로 연결했습니다.,소형무인기운용·조종; 측량; 3D; 맵핑,초급~중급,오프라인,국비지원(일부 자부담 가능),고용24 직업훈련(국민내일배움카드 적용 여부는 과정 상세 확인),경기 의정부시,총 645시간,,2026-07-27~2026-11-24,국가기간전략산업직종,수료 여부 과정별 확인,https://www.work24.go.kr/hr/a/a/3100/selectTracseDetl.do?tracseId=AIG20250000520214&tracseTme=1&crseTracseSe=C0061&trainstCstmrId=500020031915,고용24 훈련과정 상세,정부사이트,2026-09-28,현재 운영,https://docs.qgis.org/latest/en/docs/training_manual/index.html,조종·측량 기초 → 촬영·좌표계 → 3D 처리 → 품질검사·현장 보고,대시보드 원본 교육데이터(진행중)를 Skill과 연결. relevance_type=INCLUDED.,dashboard C.html / Work24 원천 링크
활용·콘텐츠,활용서비스,DJ-166,드론 하천·댐 시설 조사원,측량·건설·시설점검,Mapping,공간정보 매핑,"공간정보 매핑은(는) 드론 측량·3D 공간정보·시설점검 업무에서 사용하는 도구·개념·절차입니다. 실제 직무에서는 설계, 운용, 분석 또는 의사결정 결과를 만드는 데 적용됩니다.",드론 하천·댐 시설 조사원이(가) 하천시설·제방·댐·저수지 형상과 이상 조사 업무를 수행할 때 Mapping을(를) 이해하고 적용하기 위해 학습합니다.,드론 조종과 촬영 기초,초급~중급,OFFICIAL_RESOURCE,공식 튜토리얼·문서,DJI Enterprise Learning Center,DJI-GEO,,DJI Enterprise,기업 공식교육,측량·매핑·점검·공공안전 등 DJI Enterprise 장비와 지리공간 워크플로를 학습합니다.,DJI Enterprise; Mapping; Inspection; LiDAR; Drone Operations,초급~중급,온라인,무료/유료 혼합,,온라인,자기주도 학습,상시,상시,대학생·취업준비생·재직자·일반인,프로그램별 확인,https://enterprise-insights.dji.com/learning-center,DJI Enterprise,기업·기관 공식사이트,2026-09-28,상시 운영,,기체·안전 → 임무 설정 → 데이터 수집 → 처리 → 산업별 적용,공식 제공기관이 운영하는 교육·튜토리얼·문서 기반 학습경로.,공식 웹사이트 직접 확인
활용·콘텐츠,활용서비스,DJ-166,드론 하천·댐 시설 조사원,측량·건설·시설점검,Mapping,공간정보 매핑,"공간정보 매핑은(는) 드론 측량·3D 공간정보·시설점검 업무에서 사용하는 도구·개념·절차입니다. 실제 직무에서는 설계, 운용, 분석 또는 의사결정 결과를 만드는 데 적용됩니다.",드론 하천·댐 시설 조사원이(가) 하천시설·제방·댐·저수지 형상과 이상 조사 업무를 수행할 때 Mapping을(를) 이해하고 적용하기 위해 학습합니다.,컴퓨터 파일 관리와 지도 기초,초급~중급,OFFICIAL_RESOURCE,공식 튜토리얼·문서,QGIS Training Manual,QGIS,,QGIS Project,공식 오픈소스,"GIS 인터페이스, 벡터·래스터 데이터, 좌표계, 공간분석과 지도 제작을 단계별로 실습합니다.",QGIS; GIS; CRS; Vector; Raster; Spatial Analysis,입문~중급,온라인,무료,,온라인,자기주도 학습,상시,상시,대학생·취업준비생·재직자·일반인,없음,https://docs.qgis.org/latest/en/docs/training_manual/index.html,QGIS Project,공식 기술문서,2026-09-28,상시 운영,,인터페이스 → 레이어·좌표계 → 편집 → 공간분석 → 드론 공간정보 프로젝트,공식 제공기관이 운영하는 교육·튜토리얼·문서 기반 학습경로.,공식 웹사이트 직접 확인
활용·콘텐츠,활용서비스,DJ-156,드론 LiDAR 측량 기술자,측량·건설·시설점검,GNSS/INS,위성·관성 결합항법,"위성·관성 결합항법은(는) 드론 측량·3D 공간정보·시설점검 업무에서 사용하는 도구·개념·절차입니다. 실제 직무에서는 설계, 운용, 분석 또는 의사결정 결과를 만드는 데 적용됩니다.",드론 LiDAR 측량 기술자이(가) LiDAR 촬영·GNSS/INS 처리·점군 분류와 산출 업무를 수행할 때 GNSS/INS을(를) 이해하고 적용하기 위해 학습합니다.,드론 조종과 GIS·측량 기초,초급~중급,INCLUDED,국비지원 직업훈련,특화드론운용 및 2D/3D공간정보 촬영 편집(A반),AIG20250000520214,779,신한글로벌인재교육원,직업훈련기관,소형무인기운용·조종 기반의 고용24 훈련과정입니다. GNSS/INS 학습에는 과정명과의 직접 연관성에 따라 기초·포함·선수 경로로 연결했습니다.,소형무인기운용·조종; 측량; 3D; 맵핑,초급~중급,오프라인,국비지원(일부 자부담 가능),고용24 직업훈련(국민내일배움카드 적용 여부는 과정 상세 확인),경기 의정부시,총 645시간,,2026-07-27~2026-11-24,국가기간전략산업직종,수료 여부 과정별 확인,https://www.work24.go.kr/hr/a/a/3100/selectTracseDetl.do?tracseId=AIG20250000520214&tracseTme=1&crseTracseSe=C0061&trainstCstmrId=500020031915,고용24 훈련과정 상세,정부사이트,2026-09-28,현재 운영,,조종·측량 기초 → 촬영·좌표계 → 3D 처리 → 품질검사·현장 보고,대시보드 원본 교육데이터(진행중)를 Skill과 연결. relevance_type=INCLUDED.,dashboard C.html / Work24 원천 링크
활용·콘텐츠,활용서비스,DJ-156,드론 LiDAR 측량 기술자,측량·건설·시설점검,LiDAR,라이다,"라이다은(는) 드론 측량·3D 공간정보·시설점검 업무에서 사용하는 도구·개념·절차입니다. 실제 직무에서는 설계, 운용, 분석 또는 의사결정 결과를 만드는 데 적용됩니다.",드론 LiDAR 측량 기술자이(가) LiDAR 촬영·GNSS/INS 처리·점군 분류와 산출 업무를 수행할 때 LiDAR을(를) 이해하고 적용하기 위해 학습합니다.,드론 조종과 GIS·측량 기초,초급~중급,INCLUDED,국비지원 직업훈련,특화드론운용 및 2D/3D공간정보 촬영 편집(A반),AIG20250000520214,779,신한글로벌인재교육원,직업훈련기관,소형무인기운용·조종 기반의 고용24 훈련과정입니다. LiDAR 학습에는 과정명과의 직접 연관성에 따라 기초·포함·선수 경로로 연결했습니다.,소형무인기운용·조종; 측량; 3D; 맵핑,초급~중급,오프라인,국비지원(일부 자부담 가능),고용24 직업훈련(국민내일배움카드 적용 여부는 과정 상세 확인),경기 의정부시,총 645시간,,2026-07-27~2026-11-24,국가기간전략산업직종,수료 여부 과정별 확인,https://www.work24.go.kr/hr/a/a/3100/selectTracseDetl.do?tracseId=AIG20250000520214&tracseTme=1&crseTracseSe=C0061&trainstCstmrId=500020031915,고용24 훈련과정 상세,정부사이트,2026-09-28,현재 운영,https://enterprise-insights.dji.com/learning-center,조종·측량 기초 → 촬영·좌표계 → 3D 처리 → 품질검사·현장 보고,대시보드 원본 교육데이터(진행중)를 Skill과 연결. relevance_type=INCLUDED.,dashboard C.html / Work24 원천 링크
활용·콘텐츠,활용서비스,DJ-156,드론 LiDAR 측량 기술자,측량·건설·시설점검,LiDAR,라이다,"라이다은(는) 드론 측량·3D 공간정보·시설점검 업무에서 사용하는 도구·개념·절차입니다. 실제 직무에서는 설계, 운용, 분석 또는 의사결정 결과를 만드는 데 적용됩니다.",드론 LiDAR 측량 기술자이(가) LiDAR 촬영·GNSS/INS 처리·점군 분류와 산출 업무를 수행할 때 LiDAR을(를) 이해하고 적용하기 위해 학습합니다.,드론 조종과 촬영 기초,초급~중급,OFFICIAL_RESOURCE,공식 튜토리얼·문서,DJI Enterprise Learning Center,DJI-GEO,,DJI Enterprise,기업 공식교육,측량·매핑·점검·공공안전 등 DJI Enterprise 장비와 지리공간 워크플로를 학습합니다.,DJI Enterprise; Mapping; Inspection; LiDAR; Drone Operations,초급~중급,온라인,무료/유료 혼합,,온라인,자기주도 학습,상시,상시,대학생·취업준비생·재직자·일반인,프로그램별 확인,https://enterprise-insights.dji.com/learning-center,DJI Enterprise,기업·기관 공식사이트,2026-09-28,상시 운영,,기체·안전 → 임무 설정 → 데이터 수집 → 처리 → 산업별 적용,공식 제공기관이 운영하는 교육·튜토리얼·문서 기반 학습경로.,공식 웹사이트 직접 확인
활용·콘텐츠,활용서비스,DJ-156,드론 LiDAR 측량 기술자,측량·건설·시설점검,Point Cloud,점군 데이터,"점군 데이터은(는) 드론 측량·3D 공간정보·시설점검 업무에서 사용하는 도구·개념·절차입니다. 실제 직무에서는 설계, 운용, 분석 또는 의사결정 결과를 만드는 데 적용됩니다.",드론 LiDAR 측량 기술자이(가) LiDAR 촬영·GNSS/INS 처리·점군 분류와 산출 업무를 수행할 때 Point Cloud을(를) 이해하고 적용하기 위해 학습합니다.,드론 조종과 GIS·측량 기초,초급~중급,INCLUDED,국비지원 직업훈련,특화드론운용 및 2D/3D공간정보 촬영 편집(A반),AIG20250000520214,779,신한글로벌인재교육원,직업훈련기관,소형무인기운용·조종 기반의 고용24 훈련과정입니다. Point Cloud 학습에는 과정명과의 직접 연관성에 따라 기초·포함·선수 경로로 연결했습니다.,소형무인기운용·조종; 측량; 3D; 맵핑,초급~중급,오프라인,국비지원(일부 자부담 가능),고용24 직업훈련(국민내일배움카드 적용 여부는 과정 상세 확인),경기 의정부시,총 645시간,,2026-07-27~2026-11-24,국가기간전략산업직종,수료 여부 과정별 확인,https://www.work24.go.kr/hr/a/a/3100/selectTracseDetl.do?tracseId=AIG20250000520214&tracseTme=1&crseTracseSe=C0061&trainstCstmrId=500020031915,고용24 훈련과정 상세,정부사이트,2026-09-28,현재 운영,https://training.pix4d.com/pages/online-courses,조종·측량 기초 → 촬영·좌표계 → 3D 처리 → 품질검사·현장 보고,대시보드 원본 교육데이터(진행중)를 Skill과 연결. relevance_type=INCLUDED.,dashboard C.html / Work24 원천 링크
활용·콘텐츠,활용서비스,DJ-156,드론 LiDAR 측량 기술자,측량·건설·시설점검,Point Cloud,점군 데이터,"점군 데이터은(는) 드론 측량·3D 공간정보·시설점검 업무에서 사용하는 도구·개념·절차입니다. 실제 직무에서는 설계, 운용, 분석 또는 의사결정 결과를 만드는 데 적용됩니다.",드론 LiDAR 측량 기술자이(가) LiDAR 촬영·GNSS/INS 처리·점군 분류와 산출 업무를 수행할 때 Point Cloud을(를) 이해하고 적용하기 위해 학습합니다.,드론 촬영과 GIS 기초,초급~중급,OFFICIAL_RESOURCE,공식 튜토리얼·문서,Pix4D Online Courses,PIX4D,,Pix4D,기업 공식교육,"사진측량 데이터 처리, 정사영상·점군·3D 모델 생성과 품질관리를 공식 과정으로 학습합니다.",Pix4D; Photogrammetry; Orthomosaic; Point Cloud; 3D,초급~고급,온라인,무료/유료 혼합,,온라인,자기주도 학습,상시,상시,대학생·취업준비생·재직자·일반인,과정별 수료·인증,https://training.pix4d.com/pages/online-courses,Pix4D,기업·기관 공식사이트,2026-09-28,상시 운영,,데이터 취득 → 프로젝트 설정 → 처리 → 품질검사 → 결과물 활용,공식 제공기관이 운영하는 교육·튜토리얼·문서 기반 학습경로.,공식 웹사이트 직접 확인
SW·AI,소프트웨어·AI·데이터·관제,DJ-071,드론 경로계획 알고리즘 개발자,자율비행·AI,A*,A* 경로탐색,"A* 경로탐색은(는) 드론 자율비행·로보틱스·인공지능 개발 업무에서 사용하는 도구·개념·절차입니다. 실제 직무에서는 설계, 운용, 분석 또는 의사결정 결과를 만드는 데 적용됩니다.",드론 경로계획 알고리즘 개발자이(가) 장애물·비행금지구역·에너지를 고려한 경로 생성 업무를 수행할 때 A*을(를) 이해하고 적용하기 위해 학습합니다.,Python 또는 C++와 선형대수 기초,중급,PREREQUISITE,국비지원 직업훈련,AIOT 기반 드론 영상 관제시스템 프로젝트 개발,AIG20250000501335,982,DW아카데미학원,직업훈련기관,응용SW엔지니어링 기반의 고용24 훈련과정입니다. A* 학습에는 과정명과의 직접 연관성에 따라 기초·포함·선수 경로로 연결했습니다.,응용SW엔지니어링; AI소프트웨어; AIOT; 파이썬,중급,오프라인,국비지원(일부 자부담 가능),고용24 직업훈련(국민내일배움카드 적용 여부는 과정 상세 확인),대전 중구,"총 1,120시간",,2026-09-09~2027-04-05,K-디지털 트레이닝,수료 여부 과정별 확인,https://www.work24.go.kr/hr/a/a/3100/selectTracseDetl.do?tracseId=AIG20250000501335&tracseTme=8&crseTracseSe=C0061&trainstCstmrId=500020022702,고용24 훈련과정 상세,정부사이트,2026-09-28,현재 운영,https://docs.nav2.org/rolling/getting_started/quickstart/quickstart/,프로그래밍 → ROS·비행제어 → 인지·경로계획 → 시뮬레이션·기체 적용,대시보드 원본 교육데이터(진행중)를 Skill과 연결. relevance_type=PREREQUISITE.,dashboard C.html / Work24 원천 링크
SW·AI,소프트웨어·AI·데이터·관제,DJ-071,드론 경로계획 알고리즘 개발자,자율비행·AI,A*,A* 경로탐색,"A* 경로탐색은(는) 드론 자율비행·로보틱스·인공지능 개발 업무에서 사용하는 도구·개념·절차입니다. 실제 직무에서는 설계, 운용, 분석 또는 의사결정 결과를 만드는 데 적용됩니다.",드론 경로계획 알고리즘 개발자이(가) 장애물·비행금지구역·에너지를 고려한 경로 생성 업무를 수행할 때 A*을(를) 이해하고 적용하기 위해 학습합니다.,"ROS 2와 Linux, 로봇 좌표계 기초",중급,PREREQUISITE,공식 튜토리얼·문서,Nav2 Quickstart,NAV2,,Open Navigation / ROS,공식 오픈소스,ROS 2와 Gazebo에서 지도·위치추정·경로계획·주행 제어를 연결하는 자율이동 실습입니다.,ROS2; Navigation; Localization; Path Planning; Gazebo,중급,온라인,무료,,온라인,자기주도 학습,상시,상시,대학생·취업준비생·재직자·일반인,없음,https://docs.nav2.org/rolling/getting_started/quickstart/quickstart/,Open Navigation / ROS,공식 기술문서,2026-09-28,상시 운영,,ROS2 → 지도·위치추정 → 경로계획 → 시뮬레이션 → 드론 알고리즘 확장,공식 제공기관이 운영하는 교육·튜토리얼·문서 기반 학습경로.,공식 웹사이트 직접 확인
SW·AI,소프트웨어·AI·데이터·관제,DJ-071,드론 경로계획 알고리즘 개발자,자율비행·AI,Optimization,최적화,"최적화은(는) 드론 자율비행·로보틱스·인공지능 개발 업무에서 사용하는 도구·개념·절차입니다. 실제 직무에서는 설계, 운용, 분석 또는 의사결정 결과를 만드는 데 적용됩니다.",드론 경로계획 알고리즘 개발자이(가) 장애물·비행금지구역·에너지를 고려한 경로 생성 업무를 수행할 때 Optimization을(를) 이해하고 적용하기 위해 학습합니다.,Python 또는 C++와 선형대수 기초,중급,PREREQUISITE,국비지원 직업훈련,AIOT 기반 드론 영상 관제시스템 프로젝트 개발,AIG20250000501335,982,DW아카데미학원,직업훈련기관,응용SW엔지니어링 기반의 고용24 훈련과정입니다. Optimization 학습에는 과정명과의 직접 연관성에 따라 기초·포함·선수 경로로 연결했습니다.,응용SW엔지니어링; AI소프트웨어; AIOT; 파이썬,중급,오프라인,국비지원(일부 자부담 가능),고용24 직업훈련(국민내일배움카드 적용 여부는 과정 상세 확인),대전 중구,"총 1,120시간",,2026-09-09~2027-04-05,K-디지털 트레이닝,수료 여부 과정별 확인,https://www.work24.go.kr/hr/a/a/3100/selectTracseDetl.do?tracseId=AIG20250000501335&tracseTme=8&crseTracseSe=C0061&trainstCstmrId=500020022702,고용24 훈련과정 상세,정부사이트,2026-09-28,현재 운영,https://matlabacademy.mathworks.com/details/matlab-onramp/gettingstarted,프로그래밍 → ROS·비행제어 → 인지·경로계획 → 시뮬레이션·기체 적용,대시보드 원본 교육데이터(진행중)를 Skill과 연결. relevance_type=PREREQUISITE.,dashboard C.html / Work24 원천 링크
SW·AI,소프트웨어·AI·데이터·관제,DJ-071,드론 경로계획 알고리즘 개발자,자율비행·AI,Optimization,최적화,"최적화은(는) 드론 자율비행·로보틱스·인공지능 개발 업무에서 사용하는 도구·개념·절차입니다. 실제 직무에서는 설계, 운용, 분석 또는 의사결정 결과를 만드는 데 적용됩니다.",드론 경로계획 알고리즘 개발자이(가) 장애물·비행금지구역·에너지를 고려한 경로 생성 업무를 수행할 때 Optimization을(를) 이해하고 적용하기 위해 학습합니다.,기초 수학,중급,OFFICIAL_RESOURCE,공식 튜토리얼·문서,MATLAB Onramp,MATLAB,,MathWorks,기업 공식교육,"MATLAB 언어와 환경, 배열 계산, 데이터 분석·시각화의 기본 워크플로를 대화형으로 학습합니다.",MATLAB; Array; Data Analysis; Visualization; Script,입문,온라인,무료,,온라인,자기주도 학습,상시,상시,대학생·취업준비생·재직자·일반인,수료 진행상태 제공,https://matlabacademy.mathworks.com/details/matlab-onramp/gettingstarted,MathWorks,기업·기관 공식사이트,2026-09-28,상시 운영,,환경 → 배열·연산 → 스크립트 → 데이터 분석 → 공학 문제 적용,공식 제공기관이 운영하는 교육·튜토리얼·문서 기반 학습경로.,공식 웹사이트 직접 확인
SW·AI,소프트웨어·AI·데이터·관제,DJ-071,드론 경로계획 알고리즘 개발자,자율비행·AI,RRT,RRT 경로계획,"RRT 경로계획은(는) 드론 자율비행·로보틱스·인공지능 개발 업무에서 사용하는 도구·개념·절차입니다. 실제 직무에서는 설계, 운용, 분석 또는 의사결정 결과를 만드는 데 적용됩니다.",드론 경로계획 알고리즘 개발자이(가) 장애물·비행금지구역·에너지를 고려한 경로 생성 업무를 수행할 때 RRT을(를) 이해하고 적용하기 위해 학습합니다.,Python 또는 C++와 선형대수 기초,중급,PREREQUISITE,국비지원 직업훈련,AIOT 기반 드론 영상 관제시스템 프로젝트 개발,AIG20250000501335,982,DW아카데미학원,직업훈련기관,응용SW엔지니어링 기반의 고용24 훈련과정입니다. RRT 학습에는 과정명과의 직접 연관성에 따라 기초·포함·선수 경로로 연결했습니다.,응용SW엔지니어링; AI소프트웨어; AIOT; 파이썬,중급,오프라인,국비지원(일부 자부담 가능),고용24 직업훈련(국민내일배움카드 적용 여부는 과정 상세 확인),대전 중구,"총 1,120시간",,2026-09-09~2027-04-05,K-디지털 트레이닝,수료 여부 과정별 확인,https://www.work24.go.kr/hr/a/a/3100/selectTracseDetl.do?tracseId=AIG20250000501335&tracseTme=8&crseTracseSe=C0061&trainstCstmrId=500020022702,고용24 훈련과정 상세,정부사이트,2026-09-28,현재 운영,https://docs.nav2.org/rolling/getting_started/quickstart/quickstart/,프로그래밍 → ROS·비행제어 → 인지·경로계획 → 시뮬레이션·기체 적용,대시보드 원본 교육데이터(진행중)를 Skill과 연결. relevance_type=PREREQUISITE.,dashboard C.html / Work24 원천 링크
SW·AI,소프트웨어·AI·데이터·관제,DJ-071,드론 경로계획 알고리즘 개발자,자율비행·AI,RRT,RRT 경로계획,"RRT 경로계획은(는) 드론 자율비행·로보틱스·인공지능 개발 업무에서 사용하는 도구·개념·절차입니다. 실제 직무에서는 설계, 운용, 분석 또는 의사결정 결과를 만드는 데 적용됩니다.",드론 경로계획 알고리즘 개발자이(가) 장애물·비행금지구역·에너지를 고려한 경로 생성 업무를 수행할 때 RRT을(를) 이해하고 적용하기 위해 학습합니다.,"ROS 2와 Linux, 로봇 좌표계 기초",중급,PREREQUISITE,공식 튜토리얼·문서,Nav2 Quickstart,NAV2,,Open Navigation / ROS,공식 오픈소스,ROS 2와 Gazebo에서 지도·위치추정·경로계획·주행 제어를 연결하는 자율이동 실습입니다.,ROS2; Navigation; Localization; Path Planning; Gazebo,중급,온라인,무료,,온라인,자기주도 학습,상시,상시,대학생·취업준비생·재직자·일반인,없음,https://docs.nav2.org/rolling/getting_started/quickstart/quickstart/,Open Navigation / ROS,공식 기술문서,2026-09-28,상시 운영,,ROS2 → 지도·위치추정 → 경로계획 → 시뮬레이션 → 드론 알고리즘 확장,공식 제공기관이 운영하는 교육·튜토리얼·문서 기반 학습경로.,공식 웹사이트 직접 확인
SW·AI,소프트웨어·AI·데이터·관제,DJ-077,드론 군집비행 알고리즘 개발자,자율비행·AI,Swarm,Swarm 관련 기술,"Swarm은(는) 드론 자율비행·로보틱스·인공지능 개발 업무에서 사용하는 도구·개념·절차입니다. 실제 직무에서는 설계, 운용, 분석 또는 의사결정 결과를 만드는 데 적용됩니다.",드론 군집비행 알고리즘 개발자이(가) 다수 기체 협업·대형·충돌방지 알고리즘 개발 업무를 수행할 때 Swarm을(를) 이해하고 적용하기 위해 학습합니다.,Python 또는 C++와 선형대수 기초,중급,PREREQUISITE,국비지원 직업훈련,AIOT 기반 드론 영상 관제시스템 프로젝트 개발,AIG20250000501335,982,DW아카데미학원,직업훈련기관,응용SW엔지니어링 기반의 고용24 훈련과정입니다. Swarm 학습에는 과정명과의 직접 연관성에 따라 기초·포함·선수 경로로 연결했습니다.,응용SW엔지니어링; AI소프트웨어; AIOT; 파이썬,중급,오프라인,국비지원(일부 자부담 가능),고용24 직업훈련(국민내일배움카드 적용 여부는 과정 상세 확인),대전 중구,"총 1,120시간",,2026-09-09~2027-04-05,K-디지털 트레이닝,수료 여부 과정별 확인,https://www.work24.go.kr/hr/a/a/3100/selectTracseDetl.do?tracseId=AIG20250000501335&tracseTme=8&crseTracseSe=C0061&trainstCstmrId=500020022702,고용24 훈련과정 상세,정부사이트,2026-09-28,현재 운영,,프로그래밍 → ROS·비행제어 → 인지·경로계획 → 시뮬레이션·기체 적용,대시보드 원본 교육데이터(진행중)를 Skill과 연결. relevance_type=PREREQUISITE.,dashboard C.html / Work24 원천 링크
SW·AI,소프트웨어·AI·데이터·관제,DJ-077,드론 군집비행 알고리즘 개발자,자율비행·AI,네트워크,네트워크,"네트워크은(는) 드론 자율비행·로보틱스·인공지능 개발 업무에서 사용하는 도구·개념·절차입니다. 실제 직무에서는 설계, 운용, 분석 또는 의사결정 결과를 만드는 데 적용됩니다.",드론 군집비행 알고리즘 개발자이(가) 다수 기체 협업·대형·충돌방지 알고리즘 개발 업무를 수행할 때 네트워크을(를) 이해하고 적용하기 위해 학습합니다.,Python 또는 C++와 선형대수 기초,중급,PREREQUISITE,국비지원 직업훈련,AIOT 기반 드론 영상 관제시스템 프로젝트 개발,AIG20250000501335,982,DW아카데미학원,직업훈련기관,응용SW엔지니어링 기반의 고용24 훈련과정입니다. 네트워크 학습에는 과정명과의 직접 연관성에 따라 기초·포함·선수 경로로 연결했습니다.,응용SW엔지니어링; AI소프트웨어; AIOT; 파이썬,중급,오프라인,국비지원(일부 자부담 가능),고용24 직업훈련(국민내일배움카드 적용 여부는 과정 상세 확인),대전 중구,"총 1,120시간",,2026-09-09~2027-04-05,K-디지털 트레이닝,수료 여부 과정별 확인,https://www.work24.go.kr/hr/a/a/3100/selectTracseDetl.do?tracseId=AIG20250000501335&tracseTme=8&crseTracseSe=C0061&trainstCstmrId=500020022702,고용24 훈련과정 상세,정부사이트,2026-09-28,현재 운영,https://docs.ros.org/en/jazzy/Tutorials.html,프로그래밍 → ROS·비행제어 → 인지·경로계획 → 시뮬레이션·기체 적용,대시보드 원본 교육데이터(진행중)를 Skill과 연결. relevance_type=PREREQUISITE.,dashboard C.html / Work24 원천 링크
SW·AI,소프트웨어·AI·데이터·관제,DJ-077,드론 군집비행 알고리즘 개발자,자율비행·AI,네트워크,네트워크,"네트워크은(는) 드론 자율비행·로보틱스·인공지능 개발 업무에서 사용하는 도구·개념·절차입니다. 실제 직무에서는 설계, 운용, 분석 또는 의사결정 결과를 만드는 데 적용됩니다.",드론 군집비행 알고리즘 개발자이(가) 다수 기체 협업·대형·충돌방지 알고리즘 개발 업무를 수행할 때 네트워크을(를) 이해하고 적용하기 위해 학습합니다.,Python 또는 C++ 기초와 Linux 사용 경험,중급,OFFICIAL_RESOURCE,공식 튜토리얼·문서,ROS 2 Tutorials,ROS2-DOC,,Open Robotics / ROS,공식 오픈소스,"ROS 2 노드, 토픽, 서비스, 액션, 패키지와 로봇 응용 개발 절차를 실습합니다.",ROS2; Node; Topic; Service; Action; Package,초급~중급,온라인,무료,,온라인,자기주도 학습,상시,상시,대학생·취업준비생·재직자·일반인,없음,https://docs.ros.org/en/jazzy/Tutorials.html,Open Robotics / ROS,공식 기술문서,2026-09-28,상시 운영,,CLI → Node·Topic → Service·Action → Package → 로봇 프로젝트,공식 제공기관이 운영하는 교육·튜토리얼·문서 기반 학습경로.,공식 웹사이트 직접 확인
SW·AI,소프트웨어·AI·데이터·관제,DJ-077,드론 군집비행 알고리즘 개발자,자율비행·AI,분산제어,분산제어,"분산제어은(는) 드론 자율비행·로보틱스·인공지능 개발 업무에서 사용하는 도구·개념·절차입니다. 실제 직무에서는 설계, 운용, 분석 또는 의사결정 결과를 만드는 데 적용됩니다.",드론 군집비행 알고리즘 개발자이(가) 다수 기체 협업·대형·충돌방지 알고리즘 개발 업무를 수행할 때 분산제어을(를) 이해하고 적용하기 위해 학습합니다.,Python 또는 C++와 선형대수 기초,중급,PREREQUISITE,국비지원 직업훈련,AIOT 기반 드론 영상 관제시스템 프로젝트 개발,AIG20250000501335,982,DW아카데미학원,직업훈련기관,응용SW엔지니어링 기반의 고용24 훈련과정입니다. 분산제어 학습에는 과정명과의 직접 연관성에 따라 기초·포함·선수 경로로 연결했습니다.,응용SW엔지니어링; AI소프트웨어; AIOT; 파이썬,중급,오프라인,국비지원(일부 자부담 가능),고용24 직업훈련(국민내일배움카드 적용 여부는 과정 상세 확인),대전 중구,"총 1,120시간",,2026-09-09~2027-04-05,K-디지털 트레이닝,수료 여부 과정별 확인,https://www.work24.go.kr/hr/a/a/3100/selectTracseDetl.do?tracseId=AIG20250000501335&tracseTme=8&crseTracseSe=C0061&trainstCstmrId=500020022702,고용24 훈련과정 상세,정부사이트,2026-09-28,현재 운영,https://docs.ros.org/en/jazzy/Tutorials.html,프로그래밍 → ROS·비행제어 → 인지·경로계획 → 시뮬레이션·기체 적용,대시보드 원본 교육데이터(진행중)를 Skill과 연결. relevance_type=PREREQUISITE.,dashboard C.html / Work24 원천 링크
SW·AI,소프트웨어·AI·데이터·관제,DJ-077,드론 군집비행 알고리즘 개발자,자율비행·AI,분산제어,분산제어,"분산제어은(는) 드론 자율비행·로보틱스·인공지능 개발 업무에서 사용하는 도구·개념·절차입니다. 실제 직무에서는 설계, 운용, 분석 또는 의사결정 결과를 만드는 데 적용됩니다.",드론 군집비행 알고리즘 개발자이(가) 다수 기체 협업·대형·충돌방지 알고리즘 개발 업무를 수행할 때 분산제어을(를) 이해하고 적용하기 위해 학습합니다.,Python 또는 C++ 기초와 Linux 사용 경험,중급,OFFICIAL_RESOURCE,공식 튜토리얼·문서,ROS 2 Tutorials,ROS2-DOC,,Open Robotics / ROS,공식 오픈소스,"ROS 2 노드, 토픽, 서비스, 액션, 패키지와 로봇 응용 개발 절차를 실습합니다.",ROS2; Node; Topic; Service; Action; Package,초급~중급,온라인,무료,,온라인,자기주도 학습,상시,상시,대학생·취업준비생·재직자·일반인,없음,https://docs.ros.org/en/jazzy/Tutorials.html,Open Robotics / ROS,공식 기술문서,2026-09-28,상시 운영,,CLI → Node·Topic → Service·Action → Package → 로봇 프로젝트,공식 제공기관이 운영하는 교육·튜토리얼·문서 기반 학습경로.,공식 웹사이트 직접 확인
SW·AI,소프트웨어·AI·데이터·관제,DJ-080,드론 디지털트윈 엔지니어,자율비행·AI,Digital Twin,Digital Twin 관련 기술,"Digital Twin은(는) 드론 자율비행·로보틱스·인공지능 개발 업무에서 사용하는 도구·개념·절차입니다. 실제 직무에서는 설계, 운용, 분석 또는 의사결정 결과를 만드는 데 적용됩니다.",드론 디지털트윈 엔지니어이(가) 기체·운항·시설을 가상모델로 연계·예측 업무를 수행할 때 Digital Twin을(를) 이해하고 적용하기 위해 학습합니다.,Python 또는 C++와 선형대수 기초,중급,PREREQUISITE,국비지원 직업훈련,AIOT 기반 드론 영상 관제시스템 프로젝트 개발,AIG20250000501335,982,DW아카데미학원,직업훈련기관,응용SW엔지니어링 기반의 고용24 훈련과정입니다. Digital Twin 학습에는 과정명과의 직접 연관성에 따라 기초·포함·선수 경로로 연결했습니다.,응용SW엔지니어링; AI소프트웨어; AIOT; 파이썬,중급,오프라인,국비지원(일부 자부담 가능),고용24 직업훈련(국민내일배움카드 적용 여부는 과정 상세 확인),대전 중구,"총 1,120시간",,2026-09-09~2027-04-05,K-디지털 트레이닝,수료 여부 과정별 확인,https://www.work24.go.kr/hr/a/a/3100/selectTracseDetl.do?tracseId=AIG20250000501335&tracseTme=8&crseTracseSe=C0061&trainstCstmrId=500020022702,고용24 훈련과정 상세,정부사이트,2026-09-28,현재 운영,https://gazebosim.org/docs/latest/getstarted/,프로그래밍 → ROS·비행제어 → 인지·경로계획 → 시뮬레이션·기체 적용,대시보드 원본 교육데이터(진행중)를 Skill과 연결. relevance_type=PREREQUISITE.,dashboard C.html / Work24 원천 링크
SW·AI,소프트웨어·AI·데이터·관제,DJ-080,드론 디지털트윈 엔지니어,자율비행·AI,Digital Twin,Digital Twin 관련 기술,"Digital Twin은(는) 드론 자율비행·로보틱스·인공지능 개발 업무에서 사용하는 도구·개념·절차입니다. 실제 직무에서는 설계, 운용, 분석 또는 의사결정 결과를 만드는 데 적용됩니다.",드론 디지털트윈 엔지니어이(가) 기체·운항·시설을 가상모델로 연계·예측 업무를 수행할 때 Digital Twin을(를) 이해하고 적용하기 위해 학습합니다.,Linux와 로봇 소프트웨어 기초,중급,OFFICIAL_RESOURCE,공식 튜토리얼·문서,Gazebo Getting Started,GAZEBO,,Open Robotics / Gazebo,공식 오픈소스,"로봇 시뮬레이터 설치, 월드·모델 구성, 센서와 플러그인 기반 실험을 학습합니다.",Gazebo; Simulation; SDF; Sensor; Plugin,초급~중급,온라인,무료,,온라인,자기주도 학습,상시,상시,대학생·취업준비생·재직자·일반인,없음,https://gazebosim.org/docs/latest/getstarted/,Open Robotics / Gazebo,공식 기술문서,2026-09-28,상시 운영,,설치 → 기본 월드 → 모델·센서 → ROS 연동 → 드론 시뮬레이션,공식 제공기관이 운영하는 교육·튜토리얼·문서 기반 학습경로.,공식 웹사이트 직접 확인
SW·AI,소프트웨어·AI·데이터·관제,DJ-080,드론 디지털트윈 엔지니어,자율비행·AI,IoT,IoT 관련 기술,"IoT은(는) 드론 자율비행·로보틱스·인공지능 개발 업무에서 사용하는 도구·개념·절차입니다. 실제 직무에서는 설계, 운용, 분석 또는 의사결정 결과를 만드는 데 적용됩니다.",드론 디지털트윈 엔지니어이(가) 기체·운항·시설을 가상모델로 연계·예측 업무를 수행할 때 IoT을(를) 이해하고 적용하기 위해 학습합니다.,Python 또는 C++와 선형대수 기초,중급,DIRECT,국비지원 직업훈련,AIOT 기반 드론 영상 관제시스템 프로젝트 개발,AIG20250000501335,982,DW아카데미학원,직업훈련기관,응용SW엔지니어링 기반의 고용24 훈련과정입니다. IoT 학습에는 과정명과의 직접 연관성에 따라 기초·포함·선수 경로로 연결했습니다.,응용SW엔지니어링; AI소프트웨어; AIOT; 파이썬,중급,오프라인,국비지원(일부 자부담 가능),고용24 직업훈련(국민내일배움카드 적용 여부는 과정 상세 확인),대전 중구,"총 1,120시간",,2026-09-09~2027-04-05,K-디지털 트레이닝,수료 여부 과정별 확인,https://www.work24.go.kr/hr/a/a/3100/selectTracseDetl.do?tracseId=AIG20250000501335&tracseTme=8&crseTracseSe=C0061&trainstCstmrId=500020022702,고용24 훈련과정 상세,정부사이트,2026-09-28,현재 운영,https://docs.arduino.cc/learn,프로그래밍 → ROS·비행제어 → 인지·경로계획 → 시뮬레이션·기체 적용,대시보드 원본 교육데이터(진행중)를 Skill과 연결. relevance_type=DIRECT.,dashboard C.html / Work24 원천 링크
SW·AI,소프트웨어·AI·데이터·관제,DJ-080,드론 디지털트윈 엔지니어,자율비행·AI,IoT,IoT 관련 기술,"IoT은(는) 드론 자율비행·로보틱스·인공지능 개발 업무에서 사용하는 도구·개념·절차입니다. 실제 직무에서는 설계, 운용, 분석 또는 의사결정 결과를 만드는 데 적용됩니다.",드론 디지털트윈 엔지니어이(가) 기체·운항·시설을 가상모델로 연계·예측 업무를 수행할 때 IoT을(를) 이해하고 적용하기 위해 학습합니다.,전기 안전과 기초 회로,중급,INCLUDED,공식 튜토리얼·문서,Arduino Learn,ARDUINO,,Arduino,기업 공식교육,"전자회로, 마이크로컨트롤러, 센서·모터·통신을 공식 실습 예제로 학습합니다.",Arduino; Electronics; MCU; Sensor; Motor; Serial Communication,입문~중급,온라인,무료,,온라인,자기주도 학습,상시,상시,대학생·취업준비생·재직자·일반인,없음,https://docs.arduino.cc/learn,Arduino,기업·기관 공식사이트,2026-09-28,상시 운영,,회로 기초 → 입출력 → 센서·통신 → 모터 제어 → 드론 장치 프로토타입,공식 제공기관이 운영하는 교육·튜토리얼·문서 기반 학습경로.,공식 웹사이트 직접 확인
SW·AI,소프트웨어·AI·데이터·관제,DJ-080,드론 디지털트윈 엔지니어,자율비행·AI,Simulation,Simulation 관련 기술,"Simulation은(는) 드론 자율비행·로보틱스·인공지능 개발 업무에서 사용하는 도구·개념·절차입니다. 실제 직무에서는 설계, 운용, 분석 또는 의사결정 결과를 만드는 데 적용됩니다.",드론 디지털트윈 엔지니어이(가) 기체·운항·시설을 가상모델로 연계·예측 업무를 수행할 때 Simulation을(를) 이해하고 적용하기 위해 학습합니다.,Python 또는 C++와 선형대수 기초,중급,PREREQUISITE,국비지원 직업훈련,AIOT 기반 드론 영상 관제시스템 프로젝트 개발,AIG20250000501335,982,DW아카데미학원,직업훈련기관,응용SW엔지니어링 기반의 고용24 훈련과정입니다. Simulation 학습에는 과정명과의 직접 연관성에 따라 기초·포함·선수 경로로 연결했습니다.,응용SW엔지니어링; AI소프트웨어; AIOT; 파이썬,중급,오프라인,국비지원(일부 자부담 가능),고용24 직업훈련(국민내일배움카드 적용 여부는 과정 상세 확인),대전 중구,"총 1,120시간",,2026-09-09~2027-04-05,K-디지털 트레이닝,수료 여부 과정별 확인,https://www.work24.go.kr/hr/a/a/3100/selectTracseDetl.do?tracseId=AIG20250000501335&tracseTme=8&crseTracseSe=C0061&trainstCstmrId=500020022702,고용24 훈련과정 상세,정부사이트,2026-09-28,현재 운영,https://gazebosim.org/docs/latest/getstarted/,프로그래밍 → ROS·비행제어 → 인지·경로계획 → 시뮬레이션·기체 적용,대시보드 원본 교육데이터(진행중)를 Skill과 연결. relevance_type=PREREQUISITE.,dashboard C.html / Work24 원천 링크
SW·AI,소프트웨어·AI·데이터·관제,DJ-080,드론 디지털트윈 엔지니어,자율비행·AI,Simulation,Simulation 관련 기술,"Simulation은(는) 드론 자율비행·로보틱스·인공지능 개발 업무에서 사용하는 도구·개념·절차입니다. 실제 직무에서는 설계, 운용, 분석 또는 의사결정 결과를 만드는 데 적용됩니다.",드론 디지털트윈 엔지니어이(가) 기체·운항·시설을 가상모델로 연계·예측 업무를 수행할 때 Simulation을(를) 이해하고 적용하기 위해 학습합니다.,Linux와 로봇 소프트웨어 기초,중급,OFFICIAL_RESOURCE,공식 튜토리얼·문서,Gazebo Getting Started,GAZEBO,,Open Robotics / Gazebo,공식 오픈소스,"로봇 시뮬레이터 설치, 월드·모델 구성, 센서와 플러그인 기반 실험을 학습합니다.",Gazebo; Simulation; SDF; Sensor; Plugin,초급~중급,온라인,무료,,온라인,자기주도 학습,상시,상시,대학생·취업준비생·재직자·일반인,없음,https://gazebosim.org/docs/latest/getstarted/,Open Robotics / Gazebo,공식 기술문서,2026-09-28,상시 운영,,설치 → 기본 월드 → 모델·센서 → ROS 연동 → 드론 시뮬레이션,공식 제공기관이 운영하는 교육·튜토리얼·문서 기반 학습경로.,공식 웹사이트 직접 확인
SW·AI,소프트웨어·AI·데이터·관제,DJ-079,드론 시뮬레이터 개발자,자율비행·AI,Gazebo,가제보 로봇 시뮬레이터,"가제보 로봇 시뮬레이터은(는) 드론 자율비행·로보틱스·인공지능 개발 업무에서 사용하는 도구·개념·절차입니다. 실제 직무에서는 설계, 운용, 분석 또는 의사결정 결과를 만드는 데 적용됩니다.",드론 시뮬레이터 개발자이(가) 비행역학·센서·환경·조종 시뮬레이터 개발 업무를 수행할 때 Gazebo을(를) 이해하고 적용하기 위해 학습합니다.,Python 또는 C++와 선형대수 기초,중급,PREREQUISITE,국비지원 직업훈련,AIOT 기반 드론 영상 관제시스템 프로젝트 개발,AIG20250000501335,982,DW아카데미학원,직업훈련기관,응용SW엔지니어링 기반의 고용24 훈련과정입니다. Gazebo 학습에는 과정명과의 직접 연관성에 따라 기초·포함·선수 경로로 연결했습니다.,응용SW엔지니어링; AI소프트웨어; AIOT; 파이썬,중급,오프라인,국비지원(일부 자부담 가능),고용24 직업훈련(국민내일배움카드 적용 여부는 과정 상세 확인),대전 중구,"총 1,120시간",,2026-09-09~2027-04-05,K-디지털 트레이닝,수료 여부 과정별 확인,https://www.work24.go.kr/hr/a/a/3100/selectTracseDetl.do?tracseId=AIG20250000501335&tracseTme=8&crseTracseSe=C0061&trainstCstmrId=500020022702,고용24 훈련과정 상세,정부사이트,2026-09-28,현재 운영,https://gazebosim.org/docs/latest/getstarted/,프로그래밍 → ROS·비행제어 → 인지·경로계획 → 시뮬레이션·기체 적용,대시보드 원본 교육데이터(진행중)를 Skill과 연결. relevance_type=PREREQUISITE.,dashboard C.html / Work24 원천 링크
SW·AI,소프트웨어·AI·데이터·관제,DJ-079,드론 시뮬레이터 개발자,자율비행·AI,Gazebo,가제보 로봇 시뮬레이터,"가제보 로봇 시뮬레이터은(는) 드론 자율비행·로보틱스·인공지능 개발 업무에서 사용하는 도구·개념·절차입니다. 실제 직무에서는 설계, 운용, 분석 또는 의사결정 결과를 만드는 데 적용됩니다.",드론 시뮬레이터 개발자이(가) 비행역학·센서·환경·조종 시뮬레이터 개발 업무를 수행할 때 Gazebo을(를) 이해하고 적용하기 위해 학습합니다.,Linux와 로봇 소프트웨어 기초,중급,OFFICIAL_RESOURCE,공식 튜토리얼·문서,Gazebo Getting Started,GAZEBO,,Open Robotics / Gazebo,공식 오픈소스,"로봇 시뮬레이터 설치, 월드·모델 구성, 센서와 플러그인 기반 실험을 학습합니다.",Gazebo; Simulation; SDF; Sensor; Plugin,초급~중급,온라인,무료,,온라인,자기주도 학습,상시,상시,대학생·취업준비생·재직자·일반인,없음,https://gazebosim.org/docs/latest/getstarted/,Open Robotics / Gazebo,공식 기술문서,2026-09-28,상시 운영,,설치 → 기본 월드 → 모델·센서 → ROS 연동 → 드론 시뮬레이션,공식 제공기관이 운영하는 교육·튜토리얼·문서 기반 학습경로.,공식 웹사이트 직접 확인
SW·AI,소프트웨어·AI·데이터·관제,DJ-079,드론 시뮬레이터 개발자,자율비행·AI,SITL,SITL 관련 기술,"SITL은(는) 드론 자율비행·로보틱스·인공지능 개발 업무에서 사용하는 도구·개념·절차입니다. 실제 직무에서는 설계, 운용, 분석 또는 의사결정 결과를 만드는 데 적용됩니다.",드론 시뮬레이터 개발자이(가) 비행역학·센서·환경·조종 시뮬레이터 개발 업무를 수행할 때 SITL을(를) 이해하고 적용하기 위해 학습합니다.,Python 또는 C++와 선형대수 기초,중급,PREREQUISITE,국비지원 직업훈련,AIOT 기반 드론 영상 관제시스템 프로젝트 개발,AIG20250000501335,982,DW아카데미학원,직업훈련기관,응용SW엔지니어링 기반의 고용24 훈련과정입니다. SITL 학습에는 과정명과의 직접 연관성에 따라 기초·포함·선수 경로로 연결했습니다.,응용SW엔지니어링; AI소프트웨어; AIOT; 파이썬,중급,오프라인,국비지원(일부 자부담 가능),고용24 직업훈련(국민내일배움카드 적용 여부는 과정 상세 확인),대전 중구,"총 1,120시간",,2026-09-09~2027-04-05,K-디지털 트레이닝,수료 여부 과정별 확인,https://www.work24.go.kr/hr/a/a/3100/selectTracseDetl.do?tracseId=AIG20250000501335&tracseTme=8&crseTracseSe=C0061&trainstCstmrId=500020022702,고용24 훈련과정 상세,정부사이트,2026-09-28,현재 운영,https://docs.px4.io/main/en/,프로그래밍 → ROS·비행제어 → 인지·경로계획 → 시뮬레이션·기체 적용,대시보드 원본 교육데이터(진행중)를 Skill과 연결. relevance_type=PREREQUISITE.,dashboard C.html / Work24 원천 링크
SW·AI,소프트웨어·AI·데이터·관제,DJ-079,드론 시뮬레이터 개발자,자율비행·AI,SITL,SITL 관련 기술,"SITL은(는) 드론 자율비행·로보틱스·인공지능 개발 업무에서 사용하는 도구·개념·절차입니다. 실제 직무에서는 설계, 운용, 분석 또는 의사결정 결과를 만드는 데 적용됩니다.",드론 시뮬레이터 개발자이(가) 비행역학·센서·환경·조종 시뮬레이터 개발 업무를 수행할 때 SITL을(를) 이해하고 적용하기 위해 학습합니다.,C++와 Linux 명령어 기초,중급,OFFICIAL_RESOURCE,공식 튜토리얼·문서,ArduPilot Development Documentation,ARDUPILOT-DEV,,ArduPilot,공식 오픈소스,"ArduPilot 빌드, 코드 구조, SITL 시뮬레이션과 하드웨어 통합을 학습하는 공식 개발 문서입니다.",ArduPilot; SITL; C++; 비행제어; 하드웨어 통합,중급~고급,온라인,무료,,온라인,자기주도 학습,상시,상시,대학생·취업준비생·재직자·일반인,없음,https://ardupilot.org/dev/,ArduPilot,공식 기술문서,2026-09-28,상시 운영,,개발환경 → 빌드 → SITL → 코드 구조 → 기체 적용,공식 제공기관이 운영하는 교육·튜토리얼·문서 기반 학습경로.,공식 웹사이트 직접 확인
SW·AI,소프트웨어·AI·데이터·관제,DJ-079,드론 시뮬레이터 개발자,자율비행·AI,SITL,SITL 관련 기술,"SITL은(는) 드론 자율비행·로보틱스·인공지능 개발 업무에서 사용하는 도구·개념·절차입니다. 실제 직무에서는 설계, 운용, 분석 또는 의사결정 결과를 만드는 데 적용됩니다.",드론 시뮬레이터 개발자이(가) 비행역학·센서·환경·조종 시뮬레이터 개발 업무를 수행할 때 SITL을(를) 이해하고 적용하기 위해 학습합니다.,드론 구조와 Linux·C++ 기초(개발 과정),중급,OFFICIAL_RESOURCE,공식 튜토리얼·문서,PX4 Autopilot User Guide,PX4-GUIDE,,PX4 / Dronecode Foundation,공식 오픈소스,"PX4의 기본 개념, 기체 구성, 비행 모드, 시뮬레이션, 로그 분석과 개발 절차를 단계별로 학습합니다.",PX4; 비행제어; 시뮬레이션; 로그; 기체 설정,초급~고급,온라인,무료,,온라인,자기주도 학습,상시,상시,대학생·취업준비생·재직자·일반인,없음,https://docs.px4.io/main/en/,PX4 / Dronecode Foundation,공식 기술문서,2026-09-28,상시 운영,,Basic Concepts → Simulation → Configuration → Development,공식 제공기관이 운영하는 교육·튜토리얼·문서 기반 학습경로.,공식 웹사이트 직접 확인
SW·AI,소프트웨어·AI·데이터·관제,DJ-079,드론 시뮬레이터 개발자,자율비행·AI,Unreal,Unreal 관련 기술,"Unreal은(는) 드론 자율비행·로보틱스·인공지능 개발 업무에서 사용하는 도구·개념·절차입니다. 실제 직무에서는 설계, 운용, 분석 또는 의사결정 결과를 만드는 데 적용됩니다.",드론 시뮬레이터 개발자이(가) 비행역학·센서·환경·조종 시뮬레이터 개발 업무를 수행할 때 Unreal을(를) 이해하고 적용하기 위해 학습합니다.,Python 또는 C++와 선형대수 기초,중급,PREREQUISITE,국비지원 직업훈련,AIOT 기반 드론 영상 관제시스템 프로젝트 개발,AIG20250000501335,982,DW아카데미학원,직업훈련기관,응용SW엔지니어링 기반의 고용24 훈련과정입니다. Unreal 학습에는 과정명과의 직접 연관성에 따라 기초·포함·선수 경로로 연결했습니다.,응용SW엔지니어링; AI소프트웨어; AIOT; 파이썬,중급,오프라인,국비지원(일부 자부담 가능),고용24 직업훈련(국민내일배움카드 적용 여부는 과정 상세 확인),대전 중구,"총 1,120시간",,2026-09-09~2027-04-05,K-디지털 트레이닝,수료 여부 과정별 확인,https://www.work24.go.kr/hr/a/a/3100/selectTracseDetl.do?tracseId=AIG20250000501335&tracseTme=8&crseTracseSe=C0061&trainstCstmrId=500020022702,고용24 훈련과정 상세,정부사이트,2026-09-28,현재 운영,,프로그래밍 → ROS·비행제어 → 인지·경로계획 → 시뮬레이션·기체 적용,대시보드 원본 교육데이터(진행중)를 Skill과 연결. relevance_type=PREREQUISITE.,dashboard C.html / Work24 원천 링크
SW·AI,소프트웨어·AI·데이터·관제,DJ-076,드론 엣지AI 엔지니어,자율비행·AI,CUDA,쿠다 GPU 병렬컴퓨팅,"쿠다 GPU 병렬컴퓨팅은(는) 드론 자율비행·로보틱스·인공지능 개발 업무에서 사용하는 도구·개념·절차입니다. 실제 직무에서는 설계, 운용, 분석 또는 의사결정 결과를 만드는 데 적용됩니다.",드론 엣지AI 엔지니어이(가) 탑재 GPU/NPU에 AI 모델 최적화·배포 업무를 수행할 때 CUDA을(를) 이해하고 적용하기 위해 학습합니다.,Python 또는 C++와 선형대수 기초,고급,PREREQUISITE,국비지원 직업훈련,AIOT 기반 드론 영상 관제시스템 프로젝트 개발,AIG20250000501335,982,DW아카데미학원,직업훈련기관,응용SW엔지니어링 기반의 고용24 훈련과정입니다. CUDA 학습에는 과정명과의 직접 연관성에 따라 기초·포함·선수 경로로 연결했습니다.,응용SW엔지니어링; AI소프트웨어; AIOT; 파이썬,고급,오프라인,국비지원(일부 자부담 가능),고용24 직업훈련(국민내일배움카드 적용 여부는 과정 상세 확인),대전 중구,"총 1,120시간",,2026-09-09~2027-04-05,K-디지털 트레이닝,수료 여부 과정별 확인,https://www.work24.go.kr/hr/a/a/3100/selectTracseDetl.do?tracseId=AIG20250000501335&tracseTme=8&crseTracseSe=C0061&trainstCstmrId=500020022702,고용24 훈련과정 상세,정부사이트,2026-09-28,현재 운영,https://docs.nvidia.com/deeplearning/tensorrt/latest/getting-started/quick-start-guide.html,프로그래밍 → ROS·비행제어 → 인지·경로계획 → 시뮬레이션·기체 적용,대시보드 원본 교육데이터(진행중)를 Skill과 연결. relevance_type=PREREQUISITE.,dashboard C.html / Work24 원천 링크
SW·AI,소프트웨어·AI·데이터·관제,DJ-076,드론 엣지AI 엔지니어,자율비행·AI,CUDA,쿠다 GPU 병렬컴퓨팅,"쿠다 GPU 병렬컴퓨팅은(는) 드론 자율비행·로보틱스·인공지능 개발 업무에서 사용하는 도구·개념·절차입니다. 실제 직무에서는 설계, 운용, 분석 또는 의사결정 결과를 만드는 데 적용됩니다.",드론 엣지AI 엔지니어이(가) 탑재 GPU/NPU에 AI 모델 최적화·배포 업무를 수행할 때 CUDA을(를) 이해하고 적용하기 위해 학습합니다.,Python·딥러닝·GPU 기초,고급,OFFICIAL_RESOURCE,공식 튜토리얼·문서,NVIDIA TensorRT Quick Start Guide,TENSORRT,,NVIDIA,기업 공식교육,학습된 모델을 TensorRT 엔진으로 변환하고 GPU 추론 성능을 최적화하는 절차를 실습합니다.,TensorRT; CUDA; GPU; ONNX; Inference; Quantization,중급~고급,온라인,무료,,온라인,자기주도 학습,상시,상시,대학생·취업준비생·재직자·일반인,없음,https://docs.nvidia.com/deeplearning/tensorrt/latest/getting-started/quick-start-guide.html,NVIDIA,기업·기관 공식사이트,2026-09-28,상시 운영,,ONNX 모델 → TensorRT 설치 → 엔진 빌드 → 추론 → 성능 측정,공식 제공기관이 운영하는 교육·튜토리얼·문서 기반 학습경로.,공식 웹사이트 직접 확인
SW·AI,소프트웨어·AI·데이터·관제,DJ-076,드론 엣지AI 엔지니어,자율비행·AI,Quantization,인공지능 모델 양자화,"인공지능 모델 양자화은(는) 드론 자율비행·로보틱스·인공지능 개발 업무에서 사용하는 도구·개념·절차입니다. 실제 직무에서는 설계, 운용, 분석 또는 의사결정 결과를 만드는 데 적용됩니다.",드론 엣지AI 엔지니어이(가) 탑재 GPU/NPU에 AI 모델 최적화·배포 업무를 수행할 때 Quantization을(를) 이해하고 적용하기 위해 학습합니다.,Python 또는 C++와 선형대수 기초,중급,PREREQUISITE,국비지원 직업훈련,AIOT 기반 드론 영상 관제시스템 프로젝트 개발,AIG20250000501335,982,DW아카데미학원,직업훈련기관,응용SW엔지니어링 기반의 고용24 훈련과정입니다. Quantization 학습에는 과정명과의 직접 연관성에 따라 기초·포함·선수 경로로 연결했습니다.,응용SW엔지니어링; AI소프트웨어; AIOT; 파이썬,중급,오프라인,국비지원(일부 자부담 가능),고용24 직업훈련(국민내일배움카드 적용 여부는 과정 상세 확인),대전 중구,"총 1,120시간",,2026-09-09~2027-04-05,K-디지털 트레이닝,수료 여부 과정별 확인,https://www.work24.go.kr/hr/a/a/3100/selectTracseDetl.do?tracseId=AIG20250000501335&tracseTme=8&crseTracseSe=C0061&trainstCstmrId=500020022702,고용24 훈련과정 상세,정부사이트,2026-09-28,현재 운영,https://docs.nvidia.com/deeplearning/tensorrt/latest/getting-started/quick-start-guide.html,프로그래밍 → ROS·비행제어 → 인지·경로계획 → 시뮬레이션·기체 적용,대시보드 원본 교육데이터(진행중)를 Skill과 연결. relevance_type=PREREQUISITE.,dashboard C.html / Work24 원천 링크
SW·AI,소프트웨어·AI·데이터·관제,DJ-076,드론 엣지AI 엔지니어,자율비행·AI,Quantization,인공지능 모델 양자화,"인공지능 모델 양자화은(는) 드론 자율비행·로보틱스·인공지능 개발 업무에서 사용하는 도구·개념·절차입니다. 실제 직무에서는 설계, 운용, 분석 또는 의사결정 결과를 만드는 데 적용됩니다.",드론 엣지AI 엔지니어이(가) 탑재 GPU/NPU에 AI 모델 최적화·배포 업무를 수행할 때 Quantization을(를) 이해하고 적용하기 위해 학습합니다.,Python·딥러닝·GPU 기초,중급,OFFICIAL_RESOURCE,공식 튜토리얼·문서,NVIDIA TensorRT Quick Start Guide,TENSORRT,,NVIDIA,기업 공식교육,학습된 모델을 TensorRT 엔진으로 변환하고 GPU 추론 성능을 최적화하는 절차를 실습합니다.,TensorRT; CUDA; GPU; ONNX; Inference; Quantization,중급~고급,온라인,무료,,온라인,자기주도 학습,상시,상시,대학생·취업준비생·재직자·일반인,없음,https://docs.nvidia.com/deeplearning/tensorrt/latest/getting-started/quick-start-guide.html,NVIDIA,기업·기관 공식사이트,2026-09-28,상시 운영,,ONNX 모델 → TensorRT 설치 → 엔진 빌드 → 추론 → 성능 측정,공식 제공기관이 운영하는 교육·튜토리얼·문서 기반 학습경로.,공식 웹사이트 직접 확인
SW·AI,소프트웨어·AI·데이터·관제,DJ-076,드론 엣지AI 엔지니어,자율비행·AI,TensorRT,텐서RT 추론 최적화,"텐서RT 추론 최적화은(는) 드론 자율비행·로보틱스·인공지능 개발 업무에서 사용하는 도구·개념·절차입니다. 실제 직무에서는 설계, 운용, 분석 또는 의사결정 결과를 만드는 데 적용됩니다.",드론 엣지AI 엔지니어이(가) 탑재 GPU/NPU에 AI 모델 최적화·배포 업무를 수행할 때 TensorRT을(를) 이해하고 적용하기 위해 학습합니다.,Python 또는 C++와 선형대수 기초,고급,PREREQUISITE,국비지원 직업훈련,AIOT 기반 드론 영상 관제시스템 프로젝트 개발,AIG20250000501335,982,DW아카데미학원,직업훈련기관,응용SW엔지니어링 기반의 고용24 훈련과정입니다. TensorRT 학습에는 과정명과의 직접 연관성에 따라 기초·포함·선수 경로로 연결했습니다.,응용SW엔지니어링; AI소프트웨어; AIOT; 파이썬,고급,오프라인,국비지원(일부 자부담 가능),고용24 직업훈련(국민내일배움카드 적용 여부는 과정 상세 확인),대전 중구,"총 1,120시간",,2026-09-09~2027-04-05,K-디지털 트레이닝,수료 여부 과정별 확인,https://www.work24.go.kr/hr/a/a/3100/selectTracseDetl.do?tracseId=AIG20250000501335&tracseTme=8&crseTracseSe=C0061&trainstCstmrId=500020022702,고용24 훈련과정 상세,정부사이트,2026-09-28,현재 운영,https://docs.nvidia.com/deeplearning/tensorrt/latest/getting-started/quick-start-guide.html,프로그래밍 → ROS·비행제어 → 인지·경로계획 → 시뮬레이션·기체 적용,대시보드 원본 교육데이터(진행중)를 Skill과 연결. relevance_type=PREREQUISITE.,dashboard C.html / Work24 원천 링크
SW·AI,소프트웨어·AI·데이터·관제,DJ-076,드론 엣지AI 엔지니어,자율비행·AI,TensorRT,텐서RT 추론 최적화,"텐서RT 추론 최적화은(는) 드론 자율비행·로보틱스·인공지능 개발 업무에서 사용하는 도구·개념·절차입니다. 실제 직무에서는 설계, 운용, 분석 또는 의사결정 결과를 만드는 데 적용됩니다.",드론 엣지AI 엔지니어이(가) 탑재 GPU/NPU에 AI 모델 최적화·배포 업무를 수행할 때 TensorRT을(를) 이해하고 적용하기 위해 학습합니다.,Python·딥러닝·GPU 기초,고급,OFFICIAL_RESOURCE,공식 튜토리얼·문서,NVIDIA TensorRT Quick Start Guide,TENSORRT,,NVIDIA,기업 공식교육,학습된 모델을 TensorRT 엔진으로 변환하고 GPU 추론 성능을 최적화하는 절차를 실습합니다.,TensorRT; CUDA; GPU; ONNX; Inference; Quantization,중급~고급,온라인,무료,,온라인,자기주도 학습,상시,상시,대학생·취업준비생·재직자·일반인,없음,https://docs.nvidia.com/deeplearning/tensorrt/latest/getting-started/quick-start-guide.html,NVIDIA,기업·기관 공식사이트,2026-09-28,상시 운영,,ONNX 모델 → TensorRT 설치 → 엔진 빌드 → 추론 → 성능 측정,공식 제공기관이 운영하는 교육·튜토리얼·문서 기반 학습경로.,공식 웹사이트 직접 확인
SW·AI,소프트웨어·AI·데이터·관제,DJ-075,드론 영상탐지·추적 AI 개발자,자율비행·AI,Detection,Detection 관련 기술,"Detection은(는) 드론 자율비행·로보틱스·인공지능 개발 업무에서 사용하는 도구·개념·절차입니다. 실제 직무에서는 설계, 운용, 분석 또는 의사결정 결과를 만드는 데 적용됩니다.",드론 영상탐지·추적 AI 개발자이(가) 사람·차량·시설·이상징후 탐지·추적 업무를 수행할 때 Detection을(를) 이해하고 적용하기 위해 학습합니다.,Python 또는 C++와 선형대수 기초,중급,INCLUDED,국비지원 직업훈련,AIOT 기반 드론 영상 관제시스템 프로젝트 개발,AIG20250000501335,982,DW아카데미학원,직업훈련기관,응용SW엔지니어링 기반의 고용24 훈련과정입니다. Detection 학습에는 과정명과의 직접 연관성에 따라 기초·포함·선수 경로로 연결했습니다.,응용SW엔지니어링; AI소프트웨어; AIOT; 파이썬,중급,오프라인,국비지원(일부 자부담 가능),고용24 직업훈련(국민내일배움카드 적용 여부는 과정 상세 확인),대전 중구,"총 1,120시간",,2026-09-09~2027-04-05,K-디지털 트레이닝,수료 여부 과정별 확인,https://www.work24.go.kr/hr/a/a/3100/selectTracseDetl.do?tracseId=AIG20250000501335&tracseTme=8&crseTracseSe=C0061&trainstCstmrId=500020022702,고용24 훈련과정 상세,정부사이트,2026-09-28,현재 운영,https://docs.opencv.org/5.0/tutorials/tutorials.html,프로그래밍 → ROS·비행제어 → 인지·경로계획 → 시뮬레이션·기체 적용,대시보드 원본 교육데이터(진행중)를 Skill과 연결. relevance_type=INCLUDED.,dashboard C.html / Work24 원천 링크
SW·AI,소프트웨어·AI·데이터·관제,DJ-075,드론 영상탐지·추적 AI 개발자,자율비행·AI,Detection,Detection 관련 기술,"Detection은(는) 드론 자율비행·로보틱스·인공지능 개발 업무에서 사용하는 도구·개념·절차입니다. 실제 직무에서는 설계, 운용, 분석 또는 의사결정 결과를 만드는 데 적용됩니다.",드론 영상탐지·추적 AI 개발자이(가) 사람·차량·시설·이상징후 탐지·추적 업무를 수행할 때 Detection을(를) 이해하고 적용하기 위해 학습합니다.,Python 또는 C++ 기초,중급,OFFICIAL_RESOURCE,공식 튜토리얼·문서,OpenCV Tutorials,OPENCV,,OpenCV,공식 오픈소스,"영상 입출력, 특징 추출, 객체 검출, 추적과 영상처리 파이프라인을 공식 예제로 학습합니다.",OpenCV; Image Processing; Detection; Tracking; Feature,초급~중급,온라인,무료,,온라인,자기주도 학습,상시,상시,대학생·취업준비생·재직자·일반인,없음,https://docs.opencv.org/5.0/tutorials/tutorials.html,OpenCV,공식 기술문서,2026-09-28,상시 운영,,영상 입출력 → 기본 처리 → 특징·검출 → 추적 → 드론 영상 적용,공식 제공기관이 운영하는 교육·튜토리얼·문서 기반 학습경로.,공식 웹사이트 직접 확인
SW·AI,소프트웨어·AI·데이터·관제,DJ-075,드론 영상탐지·추적 AI 개발자,자율비행·AI,Detection,Detection 관련 기술,"Detection은(는) 드론 자율비행·로보틱스·인공지능 개발 업무에서 사용하는 도구·개념·절차입니다. 실제 직무에서는 설계, 운용, 분석 또는 의사결정 결과를 만드는 데 적용됩니다.",드론 영상탐지·추적 AI 개발자이(가) 사람·차량·시설·이상징후 탐지·추적 업무를 수행할 때 Detection을(를) 이해하고 적용하기 위해 학습합니다.,Python과 기초 선형대수,중급,OFFICIAL_RESOURCE,공식 튜토리얼·문서,PyTorch Tutorials,PYTORCH,,PyTorch Foundation,공식 오픈소스,"텐서, 데이터셋, 신경망 학습부터 컴퓨터 비전 전이학습과 객체탐지까지 실습합니다.",PyTorch; Tensor; Dataset; Deep Learning; Computer Vision,초급~고급,온라인,무료,,온라인,자기주도 학습,상시,상시,대학생·취업준비생·재직자·일반인,없음,https://docs.pytorch.org/tutorials/,PyTorch Foundation,공식 기술문서,2026-09-28,상시 운영,,Tensor → Dataset → Model Training → Computer Vision → 드론 데이터 프로젝트,공식 제공기관이 운영하는 교육·튜토리얼·문서 기반 학습경로.,공식 웹사이트 직접 확인
SW·AI,소프트웨어·AI·데이터·관제,DJ-075,드론 영상탐지·추적 AI 개발자,자율비행·AI,Segmentation,영상 분할,"영상 분할은(는) 드론 자율비행·로보틱스·인공지능 개발 업무에서 사용하는 도구·개념·절차입니다. 실제 직무에서는 설계, 운용, 분석 또는 의사결정 결과를 만드는 데 적용됩니다.",드론 영상탐지·추적 AI 개발자이(가) 사람·차량·시설·이상징후 탐지·추적 업무를 수행할 때 Segmentation을(를) 이해하고 적용하기 위해 학습합니다.,Python 또는 C++와 선형대수 기초,중급,INCLUDED,국비지원 직업훈련,AIOT 기반 드론 영상 관제시스템 프로젝트 개발,AIG20250000501335,982,DW아카데미학원,직업훈련기관,응용SW엔지니어링 기반의 고용24 훈련과정입니다. Segmentation 학습에는 과정명과의 직접 연관성에 따라 기초·포함·선수 경로로 연결했습니다.,응용SW엔지니어링; AI소프트웨어; AIOT; 파이썬,중급,오프라인,국비지원(일부 자부담 가능),고용24 직업훈련(국민내일배움카드 적용 여부는 과정 상세 확인),대전 중구,"총 1,120시간",,2026-09-09~2027-04-05,K-디지털 트레이닝,수료 여부 과정별 확인,https://www.work24.go.kr/hr/a/a/3100/selectTracseDetl.do?tracseId=AIG20250000501335&tracseTme=8&crseTracseSe=C0061&trainstCstmrId=500020022702,고용24 훈련과정 상세,정부사이트,2026-09-28,현재 운영,https://docs.opencv.org/5.0/tutorials/tutorials.html,프로그래밍 → ROS·비행제어 → 인지·경로계획 → 시뮬레이션·기체 적용,대시보드 원본 교육데이터(진행중)를 Skill과 연결. relevance_type=INCLUDED.,dashboard C.html / Work24 원천 링크
SW·AI,소프트웨어·AI·데이터·관제,DJ-075,드론 영상탐지·추적 AI 개발자,자율비행·AI,Segmentation,영상 분할,"영상 분할은(는) 드론 자율비행·로보틱스·인공지능 개발 업무에서 사용하는 도구·개념·절차입니다. 실제 직무에서는 설계, 운용, 분석 또는 의사결정 결과를 만드는 데 적용됩니다.",드론 영상탐지·추적 AI 개발자이(가) 사람·차량·시설·이상징후 탐지·추적 업무를 수행할 때 Segmentation을(를) 이해하고 적용하기 위해 학습합니다.,Python 또는 C++ 기초,중급,OFFICIAL_RESOURCE,공식 튜토리얼·문서,OpenCV Tutorials,OPENCV,,OpenCV,공식 오픈소스,"영상 입출력, 특징 추출, 객체 검출, 추적과 영상처리 파이프라인을 공식 예제로 학습합니다.",OpenCV; Image Processing; Detection; Tracking; Feature,초급~중급,온라인,무료,,온라인,자기주도 학습,상시,상시,대학생·취업준비생·재직자·일반인,없음,https://docs.opencv.org/5.0/tutorials/tutorials.html,OpenCV,공식 기술문서,2026-09-28,상시 운영,,영상 입출력 → 기본 처리 → 특징·검출 → 추적 → 드론 영상 적용,공식 제공기관이 운영하는 교육·튜토리얼·문서 기반 학습경로.,공식 웹사이트 직접 확인
SW·AI,소프트웨어·AI·데이터·관제,DJ-075,드론 영상탐지·추적 AI 개발자,자율비행·AI,Segmentation,영상 분할,"영상 분할은(는) 드론 자율비행·로보틱스·인공지능 개발 업무에서 사용하는 도구·개념·절차입니다. 실제 직무에서는 설계, 운용, 분석 또는 의사결정 결과를 만드는 데 적용됩니다.",드론 영상탐지·추적 AI 개발자이(가) 사람·차량·시설·이상징후 탐지·추적 업무를 수행할 때 Segmentation을(를) 이해하고 적용하기 위해 학습합니다.,Python과 기초 선형대수,중급,OFFICIAL_RESOURCE,공식 튜토리얼·문서,PyTorch Tutorials,PYTORCH,,PyTorch Foundation,공식 오픈소스,"텐서, 데이터셋, 신경망 학습부터 컴퓨터 비전 전이학습과 객체탐지까지 실습합니다.",PyTorch; Tensor; Dataset; Deep Learning; Computer Vision,초급~고급,온라인,무료,,온라인,자기주도 학습,상시,상시,대학생·취업준비생·재직자·일반인,없음,https://docs.pytorch.org/tutorials/,PyTorch Foundation,공식 기술문서,2026-09-28,상시 운영,,Tensor → Dataset → Model Training → Computer Vision → 드론 데이터 프로젝트,공식 제공기관이 운영하는 교육·튜토리얼·문서 기반 학습경로.,공식 웹사이트 직접 확인
SW·AI,소프트웨어·AI·데이터·관제,DJ-075,드론 영상탐지·추적 AI 개발자,자율비행·AI,Tracking,객체 추적,"객체 추적은(는) 드론 자율비행·로보틱스·인공지능 개발 업무에서 사용하는 도구·개념·절차입니다. 실제 직무에서는 설계, 운용, 분석 또는 의사결정 결과를 만드는 데 적용됩니다.",드론 영상탐지·추적 AI 개발자이(가) 사람·차량·시설·이상징후 탐지·추적 업무를 수행할 때 Tracking을(를) 이해하고 적용하기 위해 학습합니다.,Python 또는 C++와 선형대수 기초,중급,INCLUDED,국비지원 직업훈련,AIOT 기반 드론 영상 관제시스템 프로젝트 개발,AIG20250000501335,982,DW아카데미학원,직업훈련기관,응용SW엔지니어링 기반의 고용24 훈련과정입니다. Tracking 학습에는 과정명과의 직접 연관성에 따라 기초·포함·선수 경로로 연결했습니다.,응용SW엔지니어링; AI소프트웨어; AIOT; 파이썬,중급,오프라인,국비지원(일부 자부담 가능),고용24 직업훈련(국민내일배움카드 적용 여부는 과정 상세 확인),대전 중구,"총 1,120시간",,2026-09-09~2027-04-05,K-디지털 트레이닝,수료 여부 과정별 확인,https://www.work24.go.kr/hr/a/a/3100/selectTracseDetl.do?tracseId=AIG20250000501335&tracseTme=8&crseTracseSe=C0061&trainstCstmrId=500020022702,고용24 훈련과정 상세,정부사이트,2026-09-28,현재 운영,https://docs.opencv.org/5.0/tutorials/tutorials.html,프로그래밍 → ROS·비행제어 → 인지·경로계획 → 시뮬레이션·기체 적용,대시보드 원본 교육데이터(진행중)를 Skill과 연결. relevance_type=INCLUDED.,dashboard C.html / Work24 원천 링크
SW·AI,소프트웨어·AI·데이터·관제,DJ-075,드론 영상탐지·추적 AI 개발자,자율비행·AI,Tracking,객체 추적,"객체 추적은(는) 드론 자율비행·로보틱스·인공지능 개발 업무에서 사용하는 도구·개념·절차입니다. 실제 직무에서는 설계, 운용, 분석 또는 의사결정 결과를 만드는 데 적용됩니다.",드론 영상탐지·추적 AI 개발자이(가) 사람·차량·시설·이상징후 탐지·추적 업무를 수행할 때 Tracking을(를) 이해하고 적용하기 위해 학습합니다.,Python 또는 C++ 기초,중급,OFFICIAL_RESOURCE,공식 튜토리얼·문서,OpenCV Tutorials,OPENCV,,OpenCV,공식 오픈소스,"영상 입출력, 특징 추출, 객체 검출, 추적과 영상처리 파이프라인을 공식 예제로 학습합니다.",OpenCV; Image Processing; Detection; Tracking; Feature,초급~중급,온라인,무료,,온라인,자기주도 학습,상시,상시,대학생·취업준비생·재직자·일반인,없음,https://docs.opencv.org/5.0/tutorials/tutorials.html,OpenCV,공식 기술문서,2026-09-28,상시 운영,,영상 입출력 → 기본 처리 → 특징·검출 → 추적 → 드론 영상 적용,공식 제공기관이 운영하는 교육·튜토리얼·문서 기반 학습경로.,공식 웹사이트 직접 확인
SW·AI,소프트웨어·AI·데이터·관제,DJ-075,드론 영상탐지·추적 AI 개발자,자율비행·AI,Tracking,객체 추적,"객체 추적은(는) 드론 자율비행·로보틱스·인공지능 개발 업무에서 사용하는 도구·개념·절차입니다. 실제 직무에서는 설계, 운용, 분석 또는 의사결정 결과를 만드는 데 적용됩니다.",드론 영상탐지·추적 AI 개발자이(가) 사람·차량·시설·이상징후 탐지·추적 업무를 수행할 때 Tracking을(를) 이해하고 적용하기 위해 학습합니다.,Python과 기초 선형대수,중급,OFFICIAL_RESOURCE,공식 튜토리얼·문서,PyTorch Tutorials,PYTORCH,,PyTorch Foundation,공식 오픈소스,"텐서, 데이터셋, 신경망 학습부터 컴퓨터 비전 전이학습과 객체탐지까지 실습합니다.",PyTorch; Tensor; Dataset; Deep Learning; Computer Vision,초급~고급,온라인,무료,,온라인,자기주도 학습,상시,상시,대학생·취업준비생·재직자·일반인,없음,https://docs.pytorch.org/tutorials/,PyTorch Foundation,공식 기술문서,2026-09-28,상시 운영,,Tensor → Dataset → Model Training → Computer Vision → 드론 데이터 프로젝트,공식 제공기관이 운영하는 교육·튜토리얼·문서 기반 학습경로.,공식 웹사이트 직접 확인
SW·AI,소프트웨어·AI·데이터·관제,DJ-070,드론 자율비행 소프트웨어 개발자,자율비행·AI,C++,C++ 프로그래밍,"C++ 프로그래밍은(는) 드론 자율비행·로보틱스·인공지능 개발 업무에서 사용하는 도구·개념·절차입니다. 실제 직무에서는 설계, 운용, 분석 또는 의사결정 결과를 만드는 데 적용됩니다.",드론 자율비행 소프트웨어 개발자이(가) 자율이착륙·항법·임무수행 소프트웨어 개발 업무를 수행할 때 C++을(를) 이해하고 적용하기 위해 학습합니다.,Python 또는 C++와 선형대수 기초,중급,INCLUDED,국비지원 직업훈련,AIOT 기반 드론 영상 관제시스템 프로젝트 개발,AIG20250000501335,982,DW아카데미학원,직업훈련기관,응용SW엔지니어링 기반의 고용24 훈련과정입니다. C++ 학습에는 과정명과의 직접 연관성에 따라 기초·포함·선수 경로로 연결했습니다.,응용SW엔지니어링; AI소프트웨어; AIOT; 파이썬,중급,오프라인,국비지원(일부 자부담 가능),고용24 직업훈련(국민내일배움카드 적용 여부는 과정 상세 확인),대전 중구,"총 1,120시간",,2026-09-09~2027-04-05,K-디지털 트레이닝,수료 여부 과정별 확인,https://www.work24.go.kr/hr/a/a/3100/selectTracseDetl.do?tracseId=AIG20250000501335&tracseTme=8&crseTracseSe=C0061&trainstCstmrId=500020022702,고용24 훈련과정 상세,정부사이트,2026-09-28,현재 운영,https://learn.microsoft.com/ko-kr/cpp/get-started/?view=msvc-170,프로그래밍 → ROS·비행제어 → 인지·경로계획 → 시뮬레이션·기체 적용,대시보드 원본 교육데이터(진행중)를 Skill과 연결. relevance_type=INCLUDED.,dashboard C.html / Work24 원천 링크
SW·AI,소프트웨어·AI·데이터·관제,DJ-070,드론 자율비행 소프트웨어 개발자,자율비행·AI,C++,C++ 프로그래밍,"C++ 프로그래밍은(는) 드론 자율비행·로보틱스·인공지능 개발 업무에서 사용하는 도구·개념·절차입니다. 실제 직무에서는 설계, 운용, 분석 또는 의사결정 결과를 만드는 데 적용됩니다.",드론 자율비행 소프트웨어 개발자이(가) 자율이착륙·항법·임무수행 소프트웨어 개발 업무를 수행할 때 C++을(를) 이해하고 적용하기 위해 학습합니다.,프로그래밍 입문 수준,중급,DIRECT,공식교육,C++ 개발 시작,CPP,,Microsoft Learn,기업 공식교육,"개발환경 구성, C++ 기본 프로그램 작성과 현대 C++ 개발 흐름을 학습합니다.",C++; Visual Studio; Build; Debug; Standard Library,초급,온라인,무료,,온라인,자기주도 학습,상시,상시,대학생·취업준비생·재직자·일반인,없음,https://learn.microsoft.com/ko-kr/cpp/get-started/?view=msvc-170,Microsoft Learn,기업·기관 공식사이트,2026-09-28,상시 운영,,환경 설치 → Hello World → 문법·자료구조 → 디버깅 → 임베디드·로봇 예제,공식 제공기관이 운영하는 교육·튜토리얼·문서 기반 학습경로.,공식 웹사이트 직접 확인
SW·AI,소프트웨어·AI·데이터·관제,DJ-070,드론 자율비행 소프트웨어 개발자,자율비행·AI,PX4,PX4 오픈소스 비행제어 플랫폼,"PX4 오픈소스 비행제어 플랫폼은(는) 드론 자율비행·로보틱스·인공지능 개발 업무에서 사용하는 도구·개념·절차입니다. 실제 직무에서는 설계, 운용, 분석 또는 의사결정 결과를 만드는 데 적용됩니다.",드론 자율비행 소프트웨어 개발자이(가) 자율이착륙·항법·임무수행 소프트웨어 개발 업무를 수행할 때 PX4을(를) 이해하고 적용하기 위해 학습합니다.,Python 또는 C++와 선형대수 기초,중급,PREREQUISITE,국비지원 직업훈련,AIOT 기반 드론 영상 관제시스템 프로젝트 개발,AIG20250000501335,982,DW아카데미학원,직업훈련기관,응용SW엔지니어링 기반의 고용24 훈련과정입니다. PX4 학습에는 과정명과의 직접 연관성에 따라 기초·포함·선수 경로로 연결했습니다.,응용SW엔지니어링; AI소프트웨어; AIOT; 파이썬,중급,오프라인,국비지원(일부 자부담 가능),고용24 직업훈련(국민내일배움카드 적용 여부는 과정 상세 확인),대전 중구,"총 1,120시간",,2026-09-09~2027-04-05,K-디지털 트레이닝,수료 여부 과정별 확인,https://www.work24.go.kr/hr/a/a/3100/selectTracseDetl.do?tracseId=AIG20250000501335&tracseTme=8&crseTracseSe=C0061&trainstCstmrId=500020022702,고용24 훈련과정 상세,정부사이트,2026-09-28,현재 운영,https://docs.px4.io/main/en/,프로그래밍 → ROS·비행제어 → 인지·경로계획 → 시뮬레이션·기체 적용,대시보드 원본 교육데이터(진행중)를 Skill과 연결. relevance_type=PREREQUISITE.,dashboard C.html / Work24 원천 링크
SW·AI,소프트웨어·AI·데이터·관제,DJ-070,드론 자율비행 소프트웨어 개발자,자율비행·AI,PX4,PX4 오픈소스 비행제어 플랫폼,"PX4 오픈소스 비행제어 플랫폼은(는) 드론 자율비행·로보틱스·인공지능 개발 업무에서 사용하는 도구·개념·절차입니다. 실제 직무에서는 설계, 운용, 분석 또는 의사결정 결과를 만드는 데 적용됩니다.",드론 자율비행 소프트웨어 개발자이(가) 자율이착륙·항법·임무수행 소프트웨어 개발 업무를 수행할 때 PX4을(를) 이해하고 적용하기 위해 학습합니다.,드론 구조와 Linux·C++ 기초(개발 과정),중급,OFFICIAL_RESOURCE,공식 튜토리얼·문서,PX4 Autopilot User Guide,PX4-GUIDE,,PX4 / Dronecode Foundation,공식 오픈소스,"PX4의 기본 개념, 기체 구성, 비행 모드, 시뮬레이션, 로그 분석과 개발 절차를 단계별로 학습합니다.",PX4; 비행제어; 시뮬레이션; 로그; 기체 설정,초급~고급,온라인,무료,,온라인,자기주도 학습,상시,상시,대학생·취업준비생·재직자·일반인,없음,https://docs.px4.io/main/en/,PX4 / Dronecode Foundation,공식 기술문서,2026-09-28,상시 운영,,Basic Concepts → Simulation → Configuration → Development,공식 제공기관이 운영하는 교육·튜토리얼·문서 기반 학습경로.,공식 웹사이트 직접 확인
SW·AI,소프트웨어·AI·데이터·관제,DJ-070,드론 자율비행 소프트웨어 개발자,자율비행·AI,Python,파이썬,"파이썬은(는) 드론 자율비행·로보틱스·인공지능 개발 업무에서 사용하는 도구·개념·절차입니다. 실제 직무에서는 설계, 운용, 분석 또는 의사결정 결과를 만드는 데 적용됩니다.",드론 자율비행 소프트웨어 개발자이(가) 자율이착륙·항법·임무수행 소프트웨어 개발 업무를 수행할 때 Python을(를) 이해하고 적용하기 위해 학습합니다.,기초적인 프로그래밍 개념,입문~초급,DIRECT,공식교육,파이썬 자습서,PYTHON,,Python Software Foundation,공식 오픈소스,"파이썬 문법, 자료구조, 함수, 모듈, 예외와 클래스를 한국어 공식 문서로 학습합니다.",Python; 문법; 자료구조; 함수; 모듈; 클래스,초급,온라인,무료,,온라인,자기주도 학습,상시,상시,대학생·취업준비생·재직자·일반인,없음,https://docs.python.org/ko/3/tutorial/index.html,Python Software Foundation,공식 기술문서,2026-09-28,상시 운영,,문법 → 자료구조 → 함수·모듈 → 클래스 → 드론 데이터·제어 예제,공식 제공기관이 운영하는 교육·튜토리얼·문서 기반 학습경로.,공식 웹사이트 직접 확인
SW·AI,소프트웨어·AI·데이터·관제,DJ-070,드론 자율비행 소프트웨어 개발자,자율비행·AI,Python,파이썬,"파이썬은(는) 드론 자율비행·로보틱스·인공지능 개발 업무에서 사용하는 도구·개념·절차입니다. 실제 직무에서는 설계, 운용, 분석 또는 의사결정 결과를 만드는 데 적용됩니다.",드론 자율비행 소프트웨어 개발자이(가) 자율이착륙·항법·임무수행 소프트웨어 개발 업무를 수행할 때 Python을(를) 이해하고 적용하기 위해 학습합니다.,Python 또는 C++와 선형대수 기초,입문~초급,INCLUDED,국비지원 직업훈련,AIOT 기반 드론 영상 관제시스템 프로젝트 개발,AIG20250000501335,982,DW아카데미학원,직업훈련기관,응용SW엔지니어링 기반의 고용24 훈련과정입니다. Python 학습에는 과정명과의 직접 연관성에 따라 기초·포함·선수 경로로 연결했습니다.,응용SW엔지니어링; AI소프트웨어; AIOT; 파이썬,입문~초급,오프라인,국비지원(일부 자부담 가능),고용24 직업훈련(국민내일배움카드 적용 여부는 과정 상세 확인),대전 중구,"총 1,120시간",,2026-09-09~2027-04-05,K-디지털 트레이닝,수료 여부 과정별 확인,https://www.work24.go.kr/hr/a/a/3100/selectTracseDetl.do?tracseId=AIG20250000501335&tracseTme=8&crseTracseSe=C0061&trainstCstmrId=500020022702,고용24 훈련과정 상세,정부사이트,2026-09-28,현재 운영,https://docs.python.org/ko/3/tutorial/index.html,프로그래밍 → ROS·비행제어 → 인지·경로계획 → 시뮬레이션·기체 적용,대시보드 원본 교육데이터(진행중)를 Skill과 연결. relevance_type=INCLUDED.,dashboard C.html / Work24 원천 링크
SW·AI,소프트웨어·AI·데이터·관제,DJ-070,드론 자율비행 소프트웨어 개발자,자율비행·AI,ROS2,로봇 운영체제 2(ROS2),"로봇 운영체제 2(ROS2)은(는) 드론 자율비행·로보틱스·인공지능 개발 업무에서 사용하는 도구·개념·절차입니다. 실제 직무에서는 설계, 운용, 분석 또는 의사결정 결과를 만드는 데 적용됩니다.",드론 자율비행 소프트웨어 개발자이(가) 자율이착륙·항법·임무수행 소프트웨어 개발 업무를 수행할 때 ROS2을(를) 이해하고 적용하기 위해 학습합니다.,Python 또는 C++와 선형대수 기초,중급,INCLUDED,국비지원 직업훈련,AIOT 기반 드론 영상 관제시스템 프로젝트 개발,AIG20250000501335,982,DW아카데미학원,직업훈련기관,응용SW엔지니어링 기반의 고용24 훈련과정입니다. ROS2 학습에는 과정명과의 직접 연관성에 따라 기초·포함·선수 경로로 연결했습니다.,응용SW엔지니어링; AI소프트웨어; AIOT; 파이썬,중급,오프라인,국비지원(일부 자부담 가능),고용24 직업훈련(국민내일배움카드 적용 여부는 과정 상세 확인),대전 중구,"총 1,120시간",,2026-09-09~2027-04-05,K-디지털 트레이닝,수료 여부 과정별 확인,https://www.work24.go.kr/hr/a/a/3100/selectTracseDetl.do?tracseId=AIG20250000501335&tracseTme=8&crseTracseSe=C0061&trainstCstmrId=500020022702,고용24 훈련과정 상세,정부사이트,2026-09-28,현재 운영,https://docs.ros.org/en/jazzy/Tutorials.html,프로그래밍 → ROS·비행제어 → 인지·경로계획 → 시뮬레이션·기체 적용,대시보드 원본 교육데이터(진행중)를 Skill과 연결. relevance_type=INCLUDED.,dashboard C.html / Work24 원천 링크
SW·AI,소프트웨어·AI·데이터·관제,DJ-070,드론 자율비행 소프트웨어 개발자,자율비행·AI,ROS2,로봇 운영체제 2(ROS2),"로봇 운영체제 2(ROS2)은(는) 드론 자율비행·로보틱스·인공지능 개발 업무에서 사용하는 도구·개념·절차입니다. 실제 직무에서는 설계, 운용, 분석 또는 의사결정 결과를 만드는 데 적용됩니다.",드론 자율비행 소프트웨어 개발자이(가) 자율이착륙·항법·임무수행 소프트웨어 개발 업무를 수행할 때 ROS2을(를) 이해하고 적용하기 위해 학습합니다.,Python 또는 C++ 기초와 Linux 사용 경험,중급,OFFICIAL_RESOURCE,공식 튜토리얼·문서,ROS 2 Tutorials,ROS2-DOC,,Open Robotics / ROS,공식 오픈소스,"ROS 2 노드, 토픽, 서비스, 액션, 패키지와 로봇 응용 개발 절차를 실습합니다.",ROS2; Node; Topic; Service; Action; Package,초급~중급,온라인,무료,,온라인,자기주도 학습,상시,상시,대학생·취업준비생·재직자·일반인,없음,https://docs.ros.org/en/jazzy/Tutorials.html,Open Robotics / ROS,공식 기술문서,2026-09-28,상시 운영,,CLI → Node·Topic → Service·Action → Package → 로봇 프로젝트,공식 제공기관이 운영하는 교육·튜토리얼·문서 기반 학습경로.,공식 웹사이트 직접 확인
SW·AI,소프트웨어·AI·데이터·관제,DJ-072,드론 장애물 탐지·회피 개발자,자율비행·AI,CV,컴퓨터 비전,"컴퓨터 비전은(는) 드론 자율비행·로보틱스·인공지능 개발 업무에서 사용하는 도구·개념·절차입니다. 실제 직무에서는 설계, 운용, 분석 또는 의사결정 결과를 만드는 데 적용됩니다.",드론 장애물 탐지·회피 개발자이(가) 카메라·LiDAR·레이더 기반 충돌 회피 개발 업무를 수행할 때 CV을(를) 이해하고 적용하기 위해 학습합니다.,Python 또는 C++와 선형대수 기초,중급,INCLUDED,국비지원 직업훈련,AIOT 기반 드론 영상 관제시스템 프로젝트 개발,AIG20250000501335,982,DW아카데미학원,직업훈련기관,응용SW엔지니어링 기반의 고용24 훈련과정입니다. CV 학습에는 과정명과의 직접 연관성에 따라 기초·포함·선수 경로로 연결했습니다.,응용SW엔지니어링; AI소프트웨어; AIOT; 파이썬,중급,오프라인,국비지원(일부 자부담 가능),고용24 직업훈련(국민내일배움카드 적용 여부는 과정 상세 확인),대전 중구,"총 1,120시간",,2026-09-09~2027-04-05,K-디지털 트레이닝,수료 여부 과정별 확인,https://www.work24.go.kr/hr/a/a/3100/selectTracseDetl.do?tracseId=AIG20250000501335&tracseTme=8&crseTracseSe=C0061&trainstCstmrId=500020022702,고용24 훈련과정 상세,정부사이트,2026-09-28,현재 운영,https://docs.opencv.org/5.0/tutorials/tutorials.html,프로그래밍 → ROS·비행제어 → 인지·경로계획 → 시뮬레이션·기체 적용,대시보드 원본 교육데이터(진행중)를 Skill과 연결. relevance_type=INCLUDED.,dashboard C.html / Work24 원천 링크
SW·AI,소프트웨어·AI·데이터·관제,DJ-072,드론 장애물 탐지·회피 개발자,자율비행·AI,CV,컴퓨터 비전,"컴퓨터 비전은(는) 드론 자율비행·로보틱스·인공지능 개발 업무에서 사용하는 도구·개념·절차입니다. 실제 직무에서는 설계, 운용, 분석 또는 의사결정 결과를 만드는 데 적용됩니다.",드론 장애물 탐지·회피 개발자이(가) 카메라·LiDAR·레이더 기반 충돌 회피 개발 업무를 수행할 때 CV을(를) 이해하고 적용하기 위해 학습합니다.,Python 또는 C++ 기초,중급,OFFICIAL_RESOURCE,공식 튜토리얼·문서,OpenCV Tutorials,OPENCV,,OpenCV,공식 오픈소스,"영상 입출력, 특징 추출, 객체 검출, 추적과 영상처리 파이프라인을 공식 예제로 학습합니다.",OpenCV; Image Processing; Detection; Tracking; Feature,초급~중급,온라인,무료,,온라인,자기주도 학습,상시,상시,대학생·취업준비생·재직자·일반인,없음,https://docs.opencv.org/5.0/tutorials/tutorials.html,OpenCV,공식 기술문서,2026-09-28,상시 운영,,영상 입출력 → 기본 처리 → 특징·검출 → 추적 → 드론 영상 적용,공식 제공기관이 운영하는 교육·튜토리얼·문서 기반 학습경로.,공식 웹사이트 직접 확인
SW·AI,소프트웨어·AI·데이터·관제,DJ-072,드론 장애물 탐지·회피 개발자,자율비행·AI,CV,컴퓨터 비전,"컴퓨터 비전은(는) 드론 자율비행·로보틱스·인공지능 개발 업무에서 사용하는 도구·개념·절차입니다. 실제 직무에서는 설계, 운용, 분석 또는 의사결정 결과를 만드는 데 적용됩니다.",드론 장애물 탐지·회피 개발자이(가) 카메라·LiDAR·레이더 기반 충돌 회피 개발 업무를 수행할 때 CV을(를) 이해하고 적용하기 위해 학습합니다.,Python과 기초 선형대수,중급,OFFICIAL_RESOURCE,공식 튜토리얼·문서,PyTorch Tutorials,PYTORCH,,PyTorch Foundation,공식 오픈소스,"텐서, 데이터셋, 신경망 학습부터 컴퓨터 비전 전이학습과 객체탐지까지 실습합니다.",PyTorch; Tensor; Dataset; Deep Learning; Computer Vision,초급~고급,온라인,무료,,온라인,자기주도 학습,상시,상시,대학생·취업준비생·재직자·일반인,없음,https://docs.pytorch.org/tutorials/,PyTorch Foundation,공식 기술문서,2026-09-28,상시 운영,,Tensor → Dataset → Model Training → Computer Vision → 드론 데이터 프로젝트,공식 제공기관이 운영하는 교육·튜토리얼·문서 기반 학습경로.,공식 웹사이트 직접 확인
SW·AI,소프트웨어·AI·데이터·관제,DJ-072,드론 장애물 탐지·회피 개발자,자율비행·AI,DAA,탐지·회피,"탐지·회피은(는) 드론 자율비행·로보틱스·인공지능 개발 업무에서 사용하는 도구·개념·절차입니다. 실제 직무에서는 설계, 운용, 분석 또는 의사결정 결과를 만드는 데 적용됩니다.",드론 장애물 탐지·회피 개발자이(가) 카메라·LiDAR·레이더 기반 충돌 회피 개발 업무를 수행할 때 DAA을(를) 이해하고 적용하기 위해 학습합니다.,Python 또는 C++와 선형대수 기초,중급,PREREQUISITE,국비지원 직업훈련,AIOT 기반 드론 영상 관제시스템 프로젝트 개발,AIG20250000501335,982,DW아카데미학원,직업훈련기관,응용SW엔지니어링 기반의 고용24 훈련과정입니다. DAA 학습에는 과정명과의 직접 연관성에 따라 기초·포함·선수 경로로 연결했습니다.,응용SW엔지니어링; AI소프트웨어; AIOT; 파이썬,중급,오프라인,국비지원(일부 자부담 가능),고용24 직업훈련(국민내일배움카드 적용 여부는 과정 상세 확인),대전 중구,"총 1,120시간",,2026-09-09~2027-04-05,K-디지털 트레이닝,수료 여부 과정별 확인,https://www.work24.go.kr/hr/a/a/3100/selectTracseDetl.do?tracseId=AIG20250000501335&tracseTme=8&crseTracseSe=C0061&trainstCstmrId=500020022702,고용24 훈련과정 상세,정부사이트,2026-09-28,현재 운영,,프로그래밍 → ROS·비행제어 → 인지·경로계획 → 시뮬레이션·기체 적용,대시보드 원본 교육데이터(진행중)를 Skill과 연결. relevance_type=PREREQUISITE.,dashboard C.html / Work24 원천 링크
SW·AI,소프트웨어·AI·데이터·관제,DJ-072,드론 장애물 탐지·회피 개발자,자율비행·AI,LiDAR,라이다,"라이다은(는) 드론 자율비행·로보틱스·인공지능 개발 업무에서 사용하는 도구·개념·절차입니다. 실제 직무에서는 설계, 운용, 분석 또는 의사결정 결과를 만드는 데 적용됩니다.",드론 장애물 탐지·회피 개발자이(가) 카메라·LiDAR·레이더 기반 충돌 회피 개발 업무를 수행할 때 LiDAR을(를) 이해하고 적용하기 위해 학습합니다.,Python 또는 C++와 선형대수 기초,중급,PREREQUISITE,국비지원 직업훈련,AIOT 기반 드론 영상 관제시스템 프로젝트 개발,AIG20250000501335,982,DW아카데미학원,직업훈련기관,응용SW엔지니어링 기반의 고용24 훈련과정입니다. LiDAR 학습에는 과정명과의 직접 연관성에 따라 기초·포함·선수 경로로 연결했습니다.,응용SW엔지니어링; AI소프트웨어; AIOT; 파이썬,중급,오프라인,국비지원(일부 자부담 가능),고용24 직업훈련(국민내일배움카드 적용 여부는 과정 상세 확인),대전 중구,"총 1,120시간",,2026-09-09~2027-04-05,K-디지털 트레이닝,수료 여부 과정별 확인,https://www.work24.go.kr/hr/a/a/3100/selectTracseDetl.do?tracseId=AIG20250000501335&tracseTme=8&crseTracseSe=C0061&trainstCstmrId=500020022702,고용24 훈련과정 상세,정부사이트,2026-09-28,현재 운영,https://enterprise-insights.dji.com/learning-center,프로그래밍 → ROS·비행제어 → 인지·경로계획 → 시뮬레이션·기체 적용,대시보드 원본 교육데이터(진행중)를 Skill과 연결. relevance_type=PREREQUISITE.,dashboard C.html / Work24 원천 링크
SW·AI,소프트웨어·AI·데이터·관제,DJ-072,드론 장애물 탐지·회피 개발자,자율비행·AI,LiDAR,라이다,"라이다은(는) 드론 자율비행·로보틱스·인공지능 개발 업무에서 사용하는 도구·개념·절차입니다. 실제 직무에서는 설계, 운용, 분석 또는 의사결정 결과를 만드는 데 적용됩니다.",드론 장애물 탐지·회피 개발자이(가) 카메라·LiDAR·레이더 기반 충돌 회피 개발 업무를 수행할 때 LiDAR을(를) 이해하고 적용하기 위해 학습합니다.,드론 조종과 촬영 기초,중급,OFFICIAL_RESOURCE,공식 튜토리얼·문서,DJI Enterprise Learning Center,DJI-GEO,,DJI Enterprise,기업 공식교육,측량·매핑·점검·공공안전 등 DJI Enterprise 장비와 지리공간 워크플로를 학습합니다.,DJI Enterprise; Mapping; Inspection; LiDAR; Drone Operations,초급~중급,온라인,무료/유료 혼합,,온라인,자기주도 학습,상시,상시,대학생·취업준비생·재직자·일반인,프로그램별 확인,https://enterprise-insights.dji.com/learning-center,DJI Enterprise,기업·기관 공식사이트,2026-09-28,상시 운영,,기체·안전 → 임무 설정 → 데이터 수집 → 처리 → 산업별 적용,공식 제공기관이 운영하는 교육·튜토리얼·문서 기반 학습경로.,공식 웹사이트 직접 확인
SW·AI,소프트웨어·AI·데이터·관제,DJ-072,드론 장애물 탐지·회피 개발자,자율비행·AI,Radar,Radar 관련 기술,"Radar은(는) 드론 자율비행·로보틱스·인공지능 개발 업무에서 사용하는 도구·개념·절차입니다. 실제 직무에서는 설계, 운용, 분석 또는 의사결정 결과를 만드는 데 적용됩니다.",드론 장애물 탐지·회피 개발자이(가) 카메라·LiDAR·레이더 기반 충돌 회피 개발 업무를 수행할 때 Radar을(를) 이해하고 적용하기 위해 학습합니다.,Python 또는 C++와 선형대수 기초,중급,PREREQUISITE,국비지원 직업훈련,AIOT 기반 드론 영상 관제시스템 프로젝트 개발,AIG20250000501335,982,DW아카데미학원,직업훈련기관,응용SW엔지니어링 기반의 고용24 훈련과정입니다. Radar 학습에는 과정명과의 직접 연관성에 따라 기초·포함·선수 경로로 연결했습니다.,응용SW엔지니어링; AI소프트웨어; AIOT; 파이썬,중급,오프라인,국비지원(일부 자부담 가능),고용24 직업훈련(국민내일배움카드 적용 여부는 과정 상세 확인),대전 중구,"총 1,120시간",,2026-09-09~2027-04-05,K-디지털 트레이닝,수료 여부 과정별 확인,https://www.work24.go.kr/hr/a/a/3100/selectTracseDetl.do?tracseId=AIG20250000501335&tracseTme=8&crseTracseSe=C0061&trainstCstmrId=500020022702,고용24 훈련과정 상세,정부사이트,2026-09-28,현재 운영,,프로그래밍 → ROS·비행제어 → 인지·경로계획 → 시뮬레이션·기체 적용,대시보드 원본 교육데이터(진행중)를 Skill과 연결. relevance_type=PREREQUISITE.,dashboard C.html / Work24 원천 링크
SW·AI,소프트웨어·AI·데이터·관제,DJ-074,드론 컴퓨터비전 엔지니어,자율비행·AI,Deep Learning,딥러닝,"딥러닝은(는) 드론 자율비행·로보틱스·인공지능 개발 업무에서 사용하는 도구·개념·절차입니다. 실제 직무에서는 설계, 운용, 분석 또는 의사결정 결과를 만드는 데 적용됩니다.",드론 컴퓨터비전 엔지니어이(가) 항공영상 객체검출·추적·분할 모델 개발 업무를 수행할 때 Deep Learning을(를) 이해하고 적용하기 위해 학습합니다.,Python 또는 C++와 선형대수 기초,고급,INCLUDED,국비지원 직업훈련,AIOT 기반 드론 영상 관제시스템 프로젝트 개발,AIG20250000501335,982,DW아카데미학원,직업훈련기관,응용SW엔지니어링 기반의 고용24 훈련과정입니다. Deep Learning 학습에는 과정명과의 직접 연관성에 따라 기초·포함·선수 경로로 연결했습니다.,응용SW엔지니어링; AI소프트웨어; AIOT; 파이썬,고급,오프라인,국비지원(일부 자부담 가능),고용24 직업훈련(국민내일배움카드 적용 여부는 과정 상세 확인),대전 중구,"총 1,120시간",,2026-09-09~2027-04-05,K-디지털 트레이닝,수료 여부 과정별 확인,https://www.work24.go.kr/hr/a/a/3100/selectTracseDetl.do?tracseId=AIG20250000501335&tracseTme=8&crseTracseSe=C0061&trainstCstmrId=500020022702,고용24 훈련과정 상세,정부사이트,2026-09-28,현재 운영,https://docs.pytorch.org/tutorials/,프로그래밍 → ROS·비행제어 → 인지·경로계획 → 시뮬레이션·기체 적용,대시보드 원본 교육데이터(진행중)를 Skill과 연결. relevance_type=INCLUDED.,dashboard C.html / Work24 원천 링크
SW·AI,소프트웨어·AI·데이터·관제,DJ-074,드론 컴퓨터비전 엔지니어,자율비행·AI,Deep Learning,딥러닝,"딥러닝은(는) 드론 자율비행·로보틱스·인공지능 개발 업무에서 사용하는 도구·개념·절차입니다. 실제 직무에서는 설계, 운용, 분석 또는 의사결정 결과를 만드는 데 적용됩니다.",드론 컴퓨터비전 엔지니어이(가) 항공영상 객체검출·추적·분할 모델 개발 업무를 수행할 때 Deep Learning을(를) 이해하고 적용하기 위해 학습합니다.,Python과 기초 선형대수,고급,OFFICIAL_RESOURCE,공식 튜토리얼·문서,PyTorch Tutorials,PYTORCH,,PyTorch Foundation,공식 오픈소스,"텐서, 데이터셋, 신경망 학습부터 컴퓨터 비전 전이학습과 객체탐지까지 실습합니다.",PyTorch; Tensor; Dataset; Deep Learning; Computer Vision,초급~고급,온라인,무료,,온라인,자기주도 학습,상시,상시,대학생·취업준비생·재직자·일반인,없음,https://docs.pytorch.org/tutorials/,PyTorch Foundation,공식 기술문서,2026-09-28,상시 운영,,Tensor → Dataset → Model Training → Computer Vision → 드론 데이터 프로젝트,공식 제공기관이 운영하는 교육·튜토리얼·문서 기반 학습경로.,공식 웹사이트 직접 확인
SW·AI,소프트웨어·AI·데이터·관제,DJ-074,드론 컴퓨터비전 엔지니어,자율비행·AI,OpenCV,오픈소스 컴퓨터 비전 라이브러리,"오픈소스 컴퓨터 비전 라이브러리은(는) 드론 자율비행·로보틱스·인공지능 개발 업무에서 사용하는 도구·개념·절차입니다. 실제 직무에서는 설계, 운용, 분석 또는 의사결정 결과를 만드는 데 적용됩니다.",드론 컴퓨터비전 엔지니어이(가) 항공영상 객체검출·추적·분할 모델 개발 업무를 수행할 때 OpenCV을(를) 이해하고 적용하기 위해 학습합니다.,Python 또는 C++와 선형대수 기초,중급,INCLUDED,국비지원 직업훈련,AIOT 기반 드론 영상 관제시스템 프로젝트 개발,AIG20250000501335,982,DW아카데미학원,직업훈련기관,응용SW엔지니어링 기반의 고용24 훈련과정입니다. OpenCV 학습에는 과정명과의 직접 연관성에 따라 기초·포함·선수 경로로 연결했습니다.,응용SW엔지니어링; AI소프트웨어; AIOT; 파이썬,중급,오프라인,국비지원(일부 자부담 가능),고용24 직업훈련(국민내일배움카드 적용 여부는 과정 상세 확인),대전 중구,"총 1,120시간",,2026-09-09~2027-04-05,K-디지털 트레이닝,수료 여부 과정별 확인,https://www.work24.go.kr/hr/a/a/3100/selectTracseDetl.do?tracseId=AIG20250000501335&tracseTme=8&crseTracseSe=C0061&trainstCstmrId=500020022702,고용24 훈련과정 상세,정부사이트,2026-09-28,현재 운영,https://docs.opencv.org/5.0/tutorials/tutorials.html,프로그래밍 → ROS·비행제어 → 인지·경로계획 → 시뮬레이션·기체 적용,대시보드 원본 교육데이터(진행중)를 Skill과 연결. relevance_type=INCLUDED.,dashboard C.html / Work24 원천 링크
SW·AI,소프트웨어·AI·데이터·관제,DJ-074,드론 컴퓨터비전 엔지니어,자율비행·AI,OpenCV,오픈소스 컴퓨터 비전 라이브러리,"오픈소스 컴퓨터 비전 라이브러리은(는) 드론 자율비행·로보틱스·인공지능 개발 업무에서 사용하는 도구·개념·절차입니다. 실제 직무에서는 설계, 운용, 분석 또는 의사결정 결과를 만드는 데 적용됩니다.",드론 컴퓨터비전 엔지니어이(가) 항공영상 객체검출·추적·분할 모델 개발 업무를 수행할 때 OpenCV을(를) 이해하고 적용하기 위해 학습합니다.,Python 또는 C++ 기초,중급,OFFICIAL_RESOURCE,공식 튜토리얼·문서,OpenCV Tutorials,OPENCV,,OpenCV,공식 오픈소스,"영상 입출력, 특징 추출, 객체 검출, 추적과 영상처리 파이프라인을 공식 예제로 학습합니다.",OpenCV; Image Processing; Detection; Tracking; Feature,초급~중급,온라인,무료,,온라인,자기주도 학습,상시,상시,대학생·취업준비생·재직자·일반인,없음,https://docs.opencv.org/5.0/tutorials/tutorials.html,OpenCV,공식 기술문서,2026-09-28,상시 운영,,영상 입출력 → 기본 처리 → 특징·검출 → 추적 → 드론 영상 적용,공식 제공기관이 운영하는 교육·튜토리얼·문서 기반 학습경로.,공식 웹사이트 직접 확인
SW·AI,소프트웨어·AI·데이터·관제,DJ-074,드론 컴퓨터비전 엔지니어,자율비행·AI,YOLO,YOLO 객체탐지,"YOLO 객체탐지은(는) 드론 자율비행·로보틱스·인공지능 개발 업무에서 사용하는 도구·개념·절차입니다. 실제 직무에서는 설계, 운용, 분석 또는 의사결정 결과를 만드는 데 적용됩니다.",드론 컴퓨터비전 엔지니어이(가) 항공영상 객체검출·추적·분할 모델 개발 업무를 수행할 때 YOLO을(를) 이해하고 적용하기 위해 학습합니다.,Python 또는 C++와 선형대수 기초,중급,INCLUDED,국비지원 직업훈련,AIOT 기반 드론 영상 관제시스템 프로젝트 개발,AIG20250000501335,982,DW아카데미학원,직업훈련기관,응용SW엔지니어링 기반의 고용24 훈련과정입니다. YOLO 학습에는 과정명과의 직접 연관성에 따라 기초·포함·선수 경로로 연결했습니다.,응용SW엔지니어링; AI소프트웨어; AIOT; 파이썬,중급,오프라인,국비지원(일부 자부담 가능),고용24 직업훈련(국민내일배움카드 적용 여부는 과정 상세 확인),대전 중구,"총 1,120시간",,2026-09-09~2027-04-05,K-디지털 트레이닝,수료 여부 과정별 확인,https://www.work24.go.kr/hr/a/a/3100/selectTracseDetl.do?tracseId=AIG20250000501335&tracseTme=8&crseTracseSe=C0061&trainstCstmrId=500020022702,고용24 훈련과정 상세,정부사이트,2026-09-28,현재 운영,https://academy.ultralytics.com/courses/train-your-first-yolo,프로그래밍 → ROS·비행제어 → 인지·경로계획 → 시뮬레이션·기체 적용,대시보드 원본 교육데이터(진행중)를 Skill과 연결. relevance_type=INCLUDED.,dashboard C.html / Work24 원천 링크
SW·AI,소프트웨어·AI·데이터·관제,DJ-074,드론 컴퓨터비전 엔지니어,자율비행·AI,YOLO,YOLO 객체탐지,"YOLO 객체탐지은(는) 드론 자율비행·로보틱스·인공지능 개발 업무에서 사용하는 도구·개념·절차입니다. 실제 직무에서는 설계, 운용, 분석 또는 의사결정 결과를 만드는 데 적용됩니다.",드론 컴퓨터비전 엔지니어이(가) 항공영상 객체검출·추적·분할 모델 개발 업무를 수행할 때 YOLO을(를) 이해하고 적용하기 위해 학습합니다.,Python과 이미지 데이터 기초,중급,DIRECT,공식교육,Train Your First YOLO Model,YOLO-ACADEMY,,Ultralytics Academy,기업 공식교육,사전학습 YOLO 모델로 예측하고 사용자 데이터셋을 학습·검증·내보내는 전 과정을 실습합니다.,YOLO; Object Detection; Train; Validate; Export,초급~중급,온라인,무료,,온라인,자기주도 학습,상시,상시,대학생·취업준비생·재직자·일반인,과정별 확인,https://academy.ultralytics.com/courses/train-your-first-yolo,Ultralytics Academy,기업·기관 공식사이트,2026-09-28,상시 운영,,예측 → 데이터 준비 → 학습 → 검증 → 영상 적용,공식 제공기관이 운영하는 교육·튜토리얼·문서 기반 학습경로.,공식 웹사이트 직접 확인
SW·AI,소프트웨어·AI·데이터·관제,DJ-081,드론 SITL·HIL 검증 엔지니어,자율비행·AI,HIL,HIL 관련 기술,"HIL은(는) 드론 자율비행·로보틱스·인공지능 개발 업무에서 사용하는 도구·개념·절차입니다. 실제 직무에서는 설계, 운용, 분석 또는 의사결정 결과를 만드는 데 적용됩니다.",드론 SITL·HIL 검증 엔지니어이(가) 비행소프트웨어를 소프트웨어·하드웨어 루프로 검증 업무를 수행할 때 HIL을(를) 이해하고 적용하기 위해 학습합니다.,Python 또는 C++와 선형대수 기초,중급,PREREQUISITE,국비지원 직업훈련,AIOT 기반 드론 영상 관제시스템 프로젝트 개발,AIG20250000501335,982,DW아카데미학원,직업훈련기관,응용SW엔지니어링 기반의 고용24 훈련과정입니다. HIL 학습에는 과정명과의 직접 연관성에 따라 기초·포함·선수 경로로 연결했습니다.,응용SW엔지니어링; AI소프트웨어; AIOT; 파이썬,중급,오프라인,국비지원(일부 자부담 가능),고용24 직업훈련(국민내일배움카드 적용 여부는 과정 상세 확인),대전 중구,"총 1,120시간",,2026-09-09~2027-04-05,K-디지털 트레이닝,수료 여부 과정별 확인,https://www.work24.go.kr/hr/a/a/3100/selectTracseDetl.do?tracseId=AIG20250000501335&tracseTme=8&crseTracseSe=C0061&trainstCstmrId=500020022702,고용24 훈련과정 상세,정부사이트,2026-09-28,현재 운영,https://docs.px4.io/main/en/,프로그래밍 → ROS·비행제어 → 인지·경로계획 → 시뮬레이션·기체 적용,대시보드 원본 교육데이터(진행중)를 Skill과 연결. relevance_type=PREREQUISITE.,dashboard C.html / Work24 원천 링크
SW·AI,소프트웨어·AI·데이터·관제,DJ-081,드론 SITL·HIL 검증 엔지니어,자율비행·AI,HIL,HIL 관련 기술,"HIL은(는) 드론 자율비행·로보틱스·인공지능 개발 업무에서 사용하는 도구·개념·절차입니다. 실제 직무에서는 설계, 운용, 분석 또는 의사결정 결과를 만드는 데 적용됩니다.",드론 SITL·HIL 검증 엔지니어이(가) 비행소프트웨어를 소프트웨어·하드웨어 루프로 검증 업무를 수행할 때 HIL을(를) 이해하고 적용하기 위해 학습합니다.,드론 구조와 Linux·C++ 기초(개발 과정),중급,OFFICIAL_RESOURCE,공식 튜토리얼·문서,PX4 Autopilot User Guide,PX4-GUIDE,,PX4 / Dronecode Foundation,공식 오픈소스,"PX4의 기본 개념, 기체 구성, 비행 모드, 시뮬레이션, 로그 분석과 개발 절차를 단계별로 학습합니다.",PX4; 비행제어; 시뮬레이션; 로그; 기체 설정,초급~고급,온라인,무료,,온라인,자기주도 학습,상시,상시,대학생·취업준비생·재직자·일반인,없음,https://docs.px4.io/main/en/,PX4 / Dronecode Foundation,공식 기술문서,2026-09-28,상시 운영,,Basic Concepts → Simulation → Configuration → Development,공식 제공기관이 운영하는 교육·튜토리얼·문서 기반 학습경로.,공식 웹사이트 직접 확인
SW·AI,소프트웨어·AI·데이터·관제,DJ-081,드론 SITL·HIL 검증 엔지니어,자율비행·AI,SITL,SITL 관련 기술,"SITL은(는) 드론 자율비행·로보틱스·인공지능 개발 업무에서 사용하는 도구·개념·절차입니다. 실제 직무에서는 설계, 운용, 분석 또는 의사결정 결과를 만드는 데 적용됩니다.",드론 SITL·HIL 검증 엔지니어이(가) 비행소프트웨어를 소프트웨어·하드웨어 루프로 검증 업무를 수행할 때 SITL을(를) 이해하고 적용하기 위해 학습합니다.,Python 또는 C++와 선형대수 기초,중급,PREREQUISITE,국비지원 직업훈련,AIOT 기반 드론 영상 관제시스템 프로젝트 개발,AIG20250000501335,982,DW아카데미학원,직업훈련기관,응용SW엔지니어링 기반의 고용24 훈련과정입니다. SITL 학습에는 과정명과의 직접 연관성에 따라 기초·포함·선수 경로로 연결했습니다.,응용SW엔지니어링; AI소프트웨어; AIOT; 파이썬,중급,오프라인,국비지원(일부 자부담 가능),고용24 직업훈련(국민내일배움카드 적용 여부는 과정 상세 확인),대전 중구,"총 1,120시간",,2026-09-09~2027-04-05,K-디지털 트레이닝,수료 여부 과정별 확인,https://www.work24.go.kr/hr/a/a/3100/selectTracseDetl.do?tracseId=AIG20250000501335&tracseTme=8&crseTracseSe=C0061&trainstCstmrId=500020022702,고용24 훈련과정 상세,정부사이트,2026-09-28,현재 운영,https://docs.px4.io/main/en/,프로그래밍 → ROS·비행제어 → 인지·경로계획 → 시뮬레이션·기체 적용,대시보드 원본 교육데이터(진행중)를 Skill과 연결. relevance_type=PREREQUISITE.,dashboard C.html / Work24 원천 링크
SW·AI,소프트웨어·AI·데이터·관제,DJ-081,드론 SITL·HIL 검증 엔지니어,자율비행·AI,SITL,SITL 관련 기술,"SITL은(는) 드론 자율비행·로보틱스·인공지능 개발 업무에서 사용하는 도구·개념·절차입니다. 실제 직무에서는 설계, 운용, 분석 또는 의사결정 결과를 만드는 데 적용됩니다.",드론 SITL·HIL 검증 엔지니어이(가) 비행소프트웨어를 소프트웨어·하드웨어 루프로 검증 업무를 수행할 때 SITL을(를) 이해하고 적용하기 위해 학습합니다.,C++와 Linux 명령어 기초,중급,OFFICIAL_RESOURCE,공식 튜토리얼·문서,ArduPilot Development Documentation,ARDUPILOT-DEV,,ArduPilot,공식 오픈소스,"ArduPilot 빌드, 코드 구조, SITL 시뮬레이션과 하드웨어 통합을 학습하는 공식 개발 문서입니다.",ArduPilot; SITL; C++; 비행제어; 하드웨어 통합,중급~고급,온라인,무료,,온라인,자기주도 학습,상시,상시,대학생·취업준비생·재직자·일반인,없음,https://ardupilot.org/dev/,ArduPilot,공식 기술문서,2026-09-28,상시 운영,,개발환경 → 빌드 → SITL → 코드 구조 → 기체 적용,공식 제공기관이 운영하는 교육·튜토리얼·문서 기반 학습경로.,공식 웹사이트 직접 확인
SW·AI,소프트웨어·AI·데이터·관제,DJ-081,드론 SITL·HIL 검증 엔지니어,자율비행·AI,SITL,SITL 관련 기술,"SITL은(는) 드론 자율비행·로보틱스·인공지능 개발 업무에서 사용하는 도구·개념·절차입니다. 실제 직무에서는 설계, 운용, 분석 또는 의사결정 결과를 만드는 데 적용됩니다.",드론 SITL·HIL 검증 엔지니어이(가) 비행소프트웨어를 소프트웨어·하드웨어 루프로 검증 업무를 수행할 때 SITL을(를) 이해하고 적용하기 위해 학습합니다.,드론 구조와 Linux·C++ 기초(개발 과정),중급,OFFICIAL_RESOURCE,공식 튜토리얼·문서,PX4 Autopilot User Guide,PX4-GUIDE,,PX4 / Dronecode Foundation,공식 오픈소스,"PX4의 기본 개념, 기체 구성, 비행 모드, 시뮬레이션, 로그 분석과 개발 절차를 단계별로 학습합니다.",PX4; 비행제어; 시뮬레이션; 로그; 기체 설정,초급~고급,온라인,무료,,온라인,자기주도 학습,상시,상시,대학생·취업준비생·재직자·일반인,없음,https://docs.px4.io/main/en/,PX4 / Dronecode Foundation,공식 기술문서,2026-09-28,상시 운영,,Basic Concepts → Simulation → Configuration → Development,공식 제공기관이 운영하는 교육·튜토리얼·문서 기반 학습경로.,공식 웹사이트 직접 확인
SW·AI,소프트웨어·AI·데이터·관제,DJ-081,드론 SITL·HIL 검증 엔지니어,자율비행·AI,자동화시험,자동화시험,"자동화시험은(는) 드론 자율비행·로보틱스·인공지능 개발 업무에서 사용하는 도구·개념·절차입니다. 실제 직무에서는 설계, 운용, 분석 또는 의사결정 결과를 만드는 데 적용됩니다.",드론 SITL·HIL 검증 엔지니어이(가) 비행소프트웨어를 소프트웨어·하드웨어 루프로 검증 업무를 수행할 때 자동화시험을(를) 이해하고 적용하기 위해 학습합니다.,Python 또는 C++와 선형대수 기초,중급,PREREQUISITE,국비지원 직업훈련,AIOT 기반 드론 영상 관제시스템 프로젝트 개발,AIG20250000501335,982,DW아카데미학원,직업훈련기관,응용SW엔지니어링 기반의 고용24 훈련과정입니다. 자동화시험 학습에는 과정명과의 직접 연관성에 따라 기초·포함·선수 경로로 연결했습니다.,응용SW엔지니어링; AI소프트웨어; AIOT; 파이썬,중급,오프라인,국비지원(일부 자부담 가능),고용24 직업훈련(국민내일배움카드 적용 여부는 과정 상세 확인),대전 중구,"총 1,120시간",,2026-09-09~2027-04-05,K-디지털 트레이닝,수료 여부 과정별 확인,https://www.work24.go.kr/hr/a/a/3100/selectTracseDetl.do?tracseId=AIG20250000501335&tracseTme=8&crseTracseSe=C0061&trainstCstmrId=500020022702,고용24 훈련과정 상세,정부사이트,2026-09-28,현재 운영,https://gazebosim.org/docs/latest/getstarted/,프로그래밍 → ROS·비행제어 → 인지·경로계획 → 시뮬레이션·기체 적용,대시보드 원본 교육데이터(진행중)를 Skill과 연결. relevance_type=PREREQUISITE.,dashboard C.html / Work24 원천 링크
SW·AI,소프트웨어·AI·데이터·관제,DJ-081,드론 SITL·HIL 검증 엔지니어,자율비행·AI,자동화시험,자동화시험,"자동화시험은(는) 드론 자율비행·로보틱스·인공지능 개발 업무에서 사용하는 도구·개념·절차입니다. 실제 직무에서는 설계, 운용, 분석 또는 의사결정 결과를 만드는 데 적용됩니다.",드론 SITL·HIL 검증 엔지니어이(가) 비행소프트웨어를 소프트웨어·하드웨어 루프로 검증 업무를 수행할 때 자동화시험을(를) 이해하고 적용하기 위해 학습합니다.,Linux와 로봇 소프트웨어 기초,중급,OFFICIAL_RESOURCE,공식 튜토리얼·문서,Gazebo Getting Started,GAZEBO,,Open Robotics / Gazebo,공식 오픈소스,"로봇 시뮬레이터 설치, 월드·모델 구성, 센서와 플러그인 기반 실험을 학습합니다.",Gazebo; Simulation; SDF; Sensor; Plugin,초급~중급,온라인,무료,,온라인,자기주도 학습,상시,상시,대학생·취업준비생·재직자·일반인,없음,https://gazebosim.org/docs/latest/getstarted/,Open Robotics / Gazebo,공식 기술문서,2026-09-28,상시 운영,,설치 → 기본 월드 → 모델·센서 → ROS 연동 → 드론 시뮬레이션,공식 제공기관이 운영하는 교육·튜토리얼·문서 기반 학습경로.,공식 웹사이트 직접 확인
SW·AI,소프트웨어·AI·데이터·관제,DJ-073,드론 SLAM 엔지니어,자율비행·AI,LiDAR SLAM,라이다 기반 위치추정·지도작성,"라이다 기반 위치추정·지도작성은(는) 드론 자율비행·로보틱스·인공지능 개발 업무에서 사용하는 도구·개념·절차입니다. 실제 직무에서는 설계, 운용, 분석 또는 의사결정 결과를 만드는 데 적용됩니다.",드론 SLAM 엔지니어이(가) 비GPS 환경 위치추정·지도작성 알고리즘 개발 업무를 수행할 때 LiDAR SLAM을(를) 이해하고 적용하기 위해 학습합니다.,Python 또는 C++와 선형대수 기초,고급,PREREQUISITE,국비지원 직업훈련,AIOT 기반 드론 영상 관제시스템 프로젝트 개발,AIG20250000501335,982,DW아카데미학원,직업훈련기관,응용SW엔지니어링 기반의 고용24 훈련과정입니다. LiDAR SLAM 학습에는 과정명과의 직접 연관성에 따라 기초·포함·선수 경로로 연결했습니다.,응용SW엔지니어링; AI소프트웨어; AIOT; 파이썬,고급,오프라인,국비지원(일부 자부담 가능),고용24 직업훈련(국민내일배움카드 적용 여부는 과정 상세 확인),대전 중구,"총 1,120시간",,2026-09-09~2027-04-05,K-디지털 트레이닝,수료 여부 과정별 확인,https://www.work24.go.kr/hr/a/a/3100/selectTracseDetl.do?tracseId=AIG20250000501335&tracseTme=8&crseTracseSe=C0061&trainstCstmrId=500020022702,고용24 훈련과정 상세,정부사이트,2026-09-28,현재 운영,https://docs.nav2.org/rolling/getting_started/quickstart/quickstart/,프로그래밍 → ROS·비행제어 → 인지·경로계획 → 시뮬레이션·기체 적용,대시보드 원본 교육데이터(진행중)를 Skill과 연결. relevance_type=PREREQUISITE.,dashboard C.html / Work24 원천 링크
SW·AI,소프트웨어·AI·데이터·관제,DJ-073,드론 SLAM 엔지니어,자율비행·AI,LiDAR SLAM,라이다 기반 위치추정·지도작성,"라이다 기반 위치추정·지도작성은(는) 드론 자율비행·로보틱스·인공지능 개발 업무에서 사용하는 도구·개념·절차입니다. 실제 직무에서는 설계, 운용, 분석 또는 의사결정 결과를 만드는 데 적용됩니다.",드론 SLAM 엔지니어이(가) 비GPS 환경 위치추정·지도작성 알고리즘 개발 업무를 수행할 때 LiDAR SLAM을(를) 이해하고 적용하기 위해 학습합니다.,"ROS 2와 Linux, 로봇 좌표계 기초",고급,PREREQUISITE,공식 튜토리얼·문서,Nav2 Quickstart,NAV2,,Open Navigation / ROS,공식 오픈소스,ROS 2와 Gazebo에서 지도·위치추정·경로계획·주행 제어를 연결하는 자율이동 실습입니다.,ROS2; Navigation; Localization; Path Planning; Gazebo,중급,온라인,무료,,온라인,자기주도 학습,상시,상시,대학생·취업준비생·재직자·일반인,없음,https://docs.nav2.org/rolling/getting_started/quickstart/quickstart/,Open Navigation / ROS,공식 기술문서,2026-09-28,상시 운영,,ROS2 → 지도·위치추정 → 경로계획 → 시뮬레이션 → 드론 알고리즘 확장,공식 제공기관이 운영하는 교육·튜토리얼·문서 기반 학습경로.,공식 웹사이트 직접 확인
SW·AI,소프트웨어·AI·데이터·관제,DJ-073,드론 SLAM 엔지니어,자율비행·AI,ROS,로봇 운영체제(ROS),"로봇 운영체제(ROS)은(는) 드론 자율비행·로보틱스·인공지능 개발 업무에서 사용하는 도구·개념·절차입니다. 실제 직무에서는 설계, 운용, 분석 또는 의사결정 결과를 만드는 데 적용됩니다.",드론 SLAM 엔지니어이(가) 비GPS 환경 위치추정·지도작성 알고리즘 개발 업무를 수행할 때 ROS을(를) 이해하고 적용하기 위해 학습합니다.,Python 또는 C++와 선형대수 기초,중급,INCLUDED,국비지원 직업훈련,AIOT 기반 드론 영상 관제시스템 프로젝트 개발,AIG20250000501335,982,DW아카데미학원,직업훈련기관,응용SW엔지니어링 기반의 고용24 훈련과정입니다. ROS 학습에는 과정명과의 직접 연관성에 따라 기초·포함·선수 경로로 연결했습니다.,응용SW엔지니어링; AI소프트웨어; AIOT; 파이썬,중급,오프라인,국비지원(일부 자부담 가능),고용24 직업훈련(국민내일배움카드 적용 여부는 과정 상세 확인),대전 중구,"총 1,120시간",,2026-09-09~2027-04-05,K-디지털 트레이닝,수료 여부 과정별 확인,https://www.work24.go.kr/hr/a/a/3100/selectTracseDetl.do?tracseId=AIG20250000501335&tracseTme=8&crseTracseSe=C0061&trainstCstmrId=500020022702,고용24 훈련과정 상세,정부사이트,2026-09-28,현재 운영,https://docs.ros.org/en/jazzy/Tutorials.html,프로그래밍 → ROS·비행제어 → 인지·경로계획 → 시뮬레이션·기체 적용,대시보드 원본 교육데이터(진행중)를 Skill과 연결. relevance_type=INCLUDED.,dashboard C.html / Work24 원천 링크
SW·AI,소프트웨어·AI·데이터·관제,DJ-073,드론 SLAM 엔지니어,자율비행·AI,ROS,로봇 운영체제(ROS),"로봇 운영체제(ROS)은(는) 드론 자율비행·로보틱스·인공지능 개발 업무에서 사용하는 도구·개념·절차입니다. 실제 직무에서는 설계, 운용, 분석 또는 의사결정 결과를 만드는 데 적용됩니다.",드론 SLAM 엔지니어이(가) 비GPS 환경 위치추정·지도작성 알고리즘 개발 업무를 수행할 때 ROS을(를) 이해하고 적용하기 위해 학습합니다.,Python 또는 C++ 기초와 Linux 사용 경험,중급,OFFICIAL_RESOURCE,공식 튜토리얼·문서,ROS 2 Tutorials,ROS2-DOC,,Open Robotics / ROS,공식 오픈소스,"ROS 2 노드, 토픽, 서비스, 액션, 패키지와 로봇 응용 개발 절차를 실습합니다.",ROS2; Node; Topic; Service; Action; Package,초급~중급,온라인,무료,,온라인,자기주도 학습,상시,상시,대학생·취업준비생·재직자·일반인,없음,https://docs.ros.org/en/jazzy/Tutorials.html,Open Robotics / ROS,공식 기술문서,2026-09-28,상시 운영,,CLI → Node·Topic → Service·Action → Package → 로봇 프로젝트,공식 제공기관이 운영하는 교육·튜토리얼·문서 기반 학습경로.,공식 웹사이트 직접 확인
SW·AI,소프트웨어·AI·데이터·관제,DJ-073,드론 SLAM 엔지니어,자율비행·AI,Visual SLAM,비전 기반 위치추정·지도작성,"비전 기반 위치추정·지도작성은(는) 드론 자율비행·로보틱스·인공지능 개발 업무에서 사용하는 도구·개념·절차입니다. 실제 직무에서는 설계, 운용, 분석 또는 의사결정 결과를 만드는 데 적용됩니다.",드론 SLAM 엔지니어이(가) 비GPS 환경 위치추정·지도작성 알고리즘 개발 업무를 수행할 때 Visual SLAM을(를) 이해하고 적용하기 위해 학습합니다.,Python 또는 C++와 선형대수 기초,고급,PREREQUISITE,국비지원 직업훈련,AIOT 기반 드론 영상 관제시스템 프로젝트 개발,AIG20250000501335,982,DW아카데미학원,직업훈련기관,응용SW엔지니어링 기반의 고용24 훈련과정입니다. Visual SLAM 학습에는 과정명과의 직접 연관성에 따라 기초·포함·선수 경로로 연결했습니다.,응용SW엔지니어링; AI소프트웨어; AIOT; 파이썬,고급,오프라인,국비지원(일부 자부담 가능),고용24 직업훈련(국민내일배움카드 적용 여부는 과정 상세 확인),대전 중구,"총 1,120시간",,2026-09-09~2027-04-05,K-디지털 트레이닝,수료 여부 과정별 확인,https://www.work24.go.kr/hr/a/a/3100/selectTracseDetl.do?tracseId=AIG20250000501335&tracseTme=8&crseTracseSe=C0061&trainstCstmrId=500020022702,고용24 훈련과정 상세,정부사이트,2026-09-28,현재 운영,https://docs.nav2.org/rolling/getting_started/quickstart/quickstart/,프로그래밍 → ROS·비행제어 → 인지·경로계획 → 시뮬레이션·기체 적용,대시보드 원본 교육데이터(진행중)를 Skill과 연결. relevance_type=PREREQUISITE.,dashboard C.html / Work24 원천 링크
SW·AI,소프트웨어·AI·데이터·관제,DJ-073,드론 SLAM 엔지니어,자율비행·AI,Visual SLAM,비전 기반 위치추정·지도작성,"비전 기반 위치추정·지도작성은(는) 드론 자율비행·로보틱스·인공지능 개발 업무에서 사용하는 도구·개념·절차입니다. 실제 직무에서는 설계, 운용, 분석 또는 의사결정 결과를 만드는 데 적용됩니다.",드론 SLAM 엔지니어이(가) 비GPS 환경 위치추정·지도작성 알고리즘 개발 업무를 수행할 때 Visual SLAM을(를) 이해하고 적용하기 위해 학습합니다.,"ROS 2와 Linux, 로봇 좌표계 기초",고급,PREREQUISITE,공식 튜토리얼·문서,Nav2 Quickstart,NAV2,,Open Navigation / ROS,공식 오픈소스,ROS 2와 Gazebo에서 지도·위치추정·경로계획·주행 제어를 연결하는 자율이동 실습입니다.,ROS2; Navigation; Localization; Path Planning; Gazebo,중급,온라인,무료,,온라인,자기주도 학습,상시,상시,대학생·취업준비생·재직자·일반인,없음,https://docs.nav2.org/rolling/getting_started/quickstart/quickstart/,Open Navigation / ROS,공식 기술문서,2026-09-28,상시 운영,,ROS2 → 지도·위치추정 → 경로계획 → 시뮬레이션 → 드론 알고리즘 확장,공식 제공기관이 운영하는 교육·튜토리얼·문서 기반 학습경로.,공식 웹사이트 직접 확인
SW·AI,소프트웨어·AI·데이터·관제,DJ-078,드론쇼 군집제어 소프트웨어 개발자,자율비행·AI,Show Control,Show Control 관련 기술,"Show Control은(는) 드론 자율비행·로보틱스·인공지능 개발 업무에서 사용하는 도구·개념·절차입니다. 실제 직무에서는 설계, 운용, 분석 또는 의사결정 결과를 만드는 데 적용됩니다.",드론쇼 군집제어 소프트웨어 개발자이(가) 공연용 다수 기체 경로 생성·동기화·안전제어 업무를 수행할 때 Show Control을(를) 이해하고 적용하기 위해 학습합니다.,Python 또는 C++와 선형대수 기초,중급,PREREQUISITE,국비지원 직업훈련,AIOT 기반 드론 영상 관제시스템 프로젝트 개발,AIG20250000501335,982,DW아카데미학원,직업훈련기관,응용SW엔지니어링 기반의 고용24 훈련과정입니다. Show Control 학습에는 과정명과의 직접 연관성에 따라 기초·포함·선수 경로로 연결했습니다.,응용SW엔지니어링; AI소프트웨어; AIOT; 파이썬,중급,오프라인,국비지원(일부 자부담 가능),고용24 직업훈련(국민내일배움카드 적용 여부는 과정 상세 확인),대전 중구,"총 1,120시간",,2026-09-09~2027-04-05,K-디지털 트레이닝,수료 여부 과정별 확인,https://www.work24.go.kr/hr/a/a/3100/selectTracseDetl.do?tracseId=AIG20250000501335&tracseTme=8&crseTracseSe=C0061&trainstCstmrId=500020022702,고용24 훈련과정 상세,정부사이트,2026-09-28,현재 운영,,프로그래밍 → ROS·비행제어 → 인지·경로계획 → 시뮬레이션·기체 적용,대시보드 원본 교육데이터(진행중)를 Skill과 연결. relevance_type=PREREQUISITE.,dashboard C.html / Work24 원천 링크
SW·AI,소프트웨어·AI·데이터·관제,DJ-078,드론쇼 군집제어 소프트웨어 개발자,자율비행·AI,Swarm,Swarm 관련 기술,"Swarm은(는) 드론 자율비행·로보틱스·인공지능 개발 업무에서 사용하는 도구·개념·절차입니다. 실제 직무에서는 설계, 운용, 분석 또는 의사결정 결과를 만드는 데 적용됩니다.",드론쇼 군집제어 소프트웨어 개발자이(가) 공연용 다수 기체 경로 생성·동기화·안전제어 업무를 수행할 때 Swarm을(를) 이해하고 적용하기 위해 학습합니다.,Python 또는 C++와 선형대수 기초,중급,PREREQUISITE,국비지원 직업훈련,AIOT 기반 드론 영상 관제시스템 프로젝트 개발,AIG20250000501335,982,DW아카데미학원,직업훈련기관,응용SW엔지니어링 기반의 고용24 훈련과정입니다. Swarm 학습에는 과정명과의 직접 연관성에 따라 기초·포함·선수 경로로 연결했습니다.,응용SW엔지니어링; AI소프트웨어; AIOT; 파이썬,중급,오프라인,국비지원(일부 자부담 가능),고용24 직업훈련(국민내일배움카드 적용 여부는 과정 상세 확인),대전 중구,"총 1,120시간",,2026-09-09~2027-04-05,K-디지털 트레이닝,수료 여부 과정별 확인,https://www.work24.go.kr/hr/a/a/3100/selectTracseDetl.do?tracseId=AIG20250000501335&tracseTme=8&crseTracseSe=C0061&trainstCstmrId=500020022702,고용24 훈련과정 상세,정부사이트,2026-09-28,현재 운영,,프로그래밍 → ROS·비행제어 → 인지·경로계획 → 시뮬레이션·기체 적용,대시보드 원본 교육데이터(진행중)를 Skill과 연결. relevance_type=PREREQUISITE.,dashboard C.html / Work24 원천 링크
SW·AI,소프트웨어·AI·데이터·관제,DJ-078,드론쇼 군집제어 소프트웨어 개발자,자율비행·AI,Trajectory,비행 궤적 생성,"비행 궤적 생성은(는) 드론 자율비행·로보틱스·인공지능 개발 업무에서 사용하는 도구·개념·절차입니다. 실제 직무에서는 설계, 운용, 분석 또는 의사결정 결과를 만드는 데 적용됩니다.",드론쇼 군집제어 소프트웨어 개발자이(가) 공연용 다수 기체 경로 생성·동기화·안전제어 업무를 수행할 때 Trajectory을(를) 이해하고 적용하기 위해 학습합니다.,Python 또는 C++와 선형대수 기초,중급,PREREQUISITE,국비지원 직업훈련,AIOT 기반 드론 영상 관제시스템 프로젝트 개발,AIG20250000501335,982,DW아카데미학원,직업훈련기관,응용SW엔지니어링 기반의 고용24 훈련과정입니다. Trajectory 학습에는 과정명과의 직접 연관성에 따라 기초·포함·선수 경로로 연결했습니다.,응용SW엔지니어링; AI소프트웨어; AIOT; 파이썬,중급,오프라인,국비지원(일부 자부담 가능),고용24 직업훈련(국민내일배움카드 적용 여부는 과정 상세 확인),대전 중구,"총 1,120시간",,2026-09-09~2027-04-05,K-디지털 트레이닝,수료 여부 과정별 확인,https://www.work24.go.kr/hr/a/a/3100/selectTracseDetl.do?tracseId=AIG20250000501335&tracseTme=8&crseTracseSe=C0061&trainstCstmrId=500020022702,고용24 훈련과정 상세,정부사이트,2026-09-28,현재 운영,https://docs.nav2.org/rolling/getting_started/quickstart/quickstart/,프로그래밍 → ROS·비행제어 → 인지·경로계획 → 시뮬레이션·기체 적용,대시보드 원본 교육데이터(진행중)를 Skill과 연결. relevance_type=PREREQUISITE.,dashboard C.html / Work24 원천 링크
SW·AI,소프트웨어·AI·데이터·관제,DJ-078,드론쇼 군집제어 소프트웨어 개발자,자율비행·AI,Trajectory,비행 궤적 생성,"비행 궤적 생성은(는) 드론 자율비행·로보틱스·인공지능 개발 업무에서 사용하는 도구·개념·절차입니다. 실제 직무에서는 설계, 운용, 분석 또는 의사결정 결과를 만드는 데 적용됩니다.",드론쇼 군집제어 소프트웨어 개발자이(가) 공연용 다수 기체 경로 생성·동기화·안전제어 업무를 수행할 때 Trajectory을(를) 이해하고 적용하기 위해 학습합니다.,"ROS 2와 Linux, 로봇 좌표계 기초",중급,PREREQUISITE,공식 튜토리얼·문서,Nav2 Quickstart,NAV2,,Open Navigation / ROS,공식 오픈소스,ROS 2와 Gazebo에서 지도·위치추정·경로계획·주행 제어를 연결하는 자율이동 실습입니다.,ROS2; Navigation; Localization; Path Planning; Gazebo,중급,온라인,무료,,온라인,자기주도 학습,상시,상시,대학생·취업준비생·재직자·일반인,없음,https://docs.nav2.org/rolling/getting_started/quickstart/quickstart/,Open Navigation / ROS,공식 기술문서,2026-09-28,상시 운영,,ROS2 → 지도·위치추정 → 경로계획 → 시뮬레이션 → 드론 알고리즘 확장,공식 제공기관이 운영하는 교육·튜토리얼·문서 기반 학습경로.,공식 웹사이트 직접 확인
SW·AI,소프트웨어·AI·데이터·관제,DJ-089,드론 3D 공간정보 구축 전문가,플랫폼·데이터,GIS,지리정보시스템,"지리정보시스템은(는) 드론 데이터 플랫폼·지도·클라우드·앱 개발 업무에서 사용하는 도구·개념·절차입니다. 실제 직무에서는 설계, 운용, 분석 또는 의사결정 결과를 만드는 데 적용됩니다.",드론 3D 공간정보 구축 전문가이(가) 점군·메시·정사영상으로 3차원 공간정보 구축 업무를 수행할 때 GIS을(를) 이해하고 적용하기 위해 학습합니다.,프로그래밍과 데이터 처리 기초,입문~초급,PREREQUISITE,국비지원 직업훈련,AIOT 기반 드론 영상 관제시스템 프로젝트 개발,AIG20250000501335,982,DW아카데미학원,직업훈련기관,응용SW엔지니어링 기반의 고용24 훈련과정입니다. GIS 학습에는 과정명과의 직접 연관성에 따라 기초·포함·선수 경로로 연결했습니다.,응용SW엔지니어링; AI소프트웨어; AIOT; 파이썬,입문~초급,오프라인,국비지원(일부 자부담 가능),고용24 직업훈련(국민내일배움카드 적용 여부는 과정 상세 확인),대전 중구,"총 1,120시간",,2026-09-09~2027-04-05,K-디지털 트레이닝,수료 여부 과정별 확인,https://www.work24.go.kr/hr/a/a/3100/selectTracseDetl.do?tracseId=AIG20250000501335&tracseTme=8&crseTracseSe=C0061&trainstCstmrId=500020022702,고용24 훈련과정 상세,정부사이트,2026-09-28,현재 운영,https://docs.qgis.org/latest/en/docs/training_manual/index.html,프로그래밍·데이터 기초 → 플랫폼 도구 → 서비스 연동 → 배포·운영 프로젝트,대시보드 원본 교육데이터(진행중)를 Skill과 연결. relevance_type=PREREQUISITE.,dashboard C.html / Work24 원천 링크
SW·AI,소프트웨어·AI·데이터·관제,DJ-089,드론 3D 공간정보 구축 전문가,플랫폼·데이터,GIS,지리정보시스템,"지리정보시스템은(는) 드론 데이터 플랫폼·지도·클라우드·앱 개발 업무에서 사용하는 도구·개념·절차입니다. 실제 직무에서는 설계, 운용, 분석 또는 의사결정 결과를 만드는 데 적용됩니다.",드론 3D 공간정보 구축 전문가이(가) 점군·메시·정사영상으로 3차원 공간정보 구축 업무를 수행할 때 GIS을(를) 이해하고 적용하기 위해 학습합니다.,컴퓨터 파일 관리와 지도 기초,입문~초급,OFFICIAL_RESOURCE,공식 튜토리얼·문서,QGIS Training Manual,QGIS,,QGIS Project,공식 오픈소스,"GIS 인터페이스, 벡터·래스터 데이터, 좌표계, 공간분석과 지도 제작을 단계별로 실습합니다.",QGIS; GIS; CRS; Vector; Raster; Spatial Analysis,입문~중급,온라인,무료,,온라인,자기주도 학습,상시,상시,대학생·취업준비생·재직자·일반인,없음,https://docs.qgis.org/latest/en/docs/training_manual/index.html,QGIS Project,공식 기술문서,2026-09-28,상시 운영,,인터페이스 → 레이어·좌표계 → 편집 → 공간분석 → 드론 공간정보 프로젝트,공식 제공기관이 운영하는 교육·튜토리얼·문서 기반 학습경로.,공식 웹사이트 직접 확인
SW·AI,소프트웨어·AI·데이터·관제,DJ-089,드론 3D 공간정보 구축 전문가,플랫폼·데이터,Mesh,Mesh 관련 기술,"Mesh은(는) 드론 데이터 플랫폼·지도·클라우드·앱 개발 업무에서 사용하는 도구·개념·절차입니다. 실제 직무에서는 설계, 운용, 분석 또는 의사결정 결과를 만드는 데 적용됩니다.",드론 3D 공간정보 구축 전문가이(가) 점군·메시·정사영상으로 3차원 공간정보 구축 업무를 수행할 때 Mesh을(를) 이해하고 적용하기 위해 학습합니다.,프로그래밍과 데이터 처리 기초,초급~중급,PREREQUISITE,국비지원 직업훈련,AIOT 기반 드론 영상 관제시스템 프로젝트 개발,AIG20250000501335,982,DW아카데미학원,직업훈련기관,응용SW엔지니어링 기반의 고용24 훈련과정입니다. Mesh 학습에는 과정명과의 직접 연관성에 따라 기초·포함·선수 경로로 연결했습니다.,응용SW엔지니어링; AI소프트웨어; AIOT; 파이썬,초급~중급,오프라인,국비지원(일부 자부담 가능),고용24 직업훈련(국민내일배움카드 적용 여부는 과정 상세 확인),대전 중구,"총 1,120시간",,2026-09-09~2027-04-05,K-디지털 트레이닝,수료 여부 과정별 확인,https://www.work24.go.kr/hr/a/a/3100/selectTracseDetl.do?tracseId=AIG20250000501335&tracseTme=8&crseTracseSe=C0061&trainstCstmrId=500020022702,고용24 훈련과정 상세,정부사이트,2026-09-28,현재 운영,,프로그래밍·데이터 기초 → 플랫폼 도구 → 서비스 연동 → 배포·운영 프로젝트,대시보드 원본 교육데이터(진행중)를 Skill과 연결. relevance_type=PREREQUISITE.,dashboard C.html / Work24 원천 링크
SW·AI,소프트웨어·AI·데이터·관제,DJ-089,드론 3D 공간정보 구축 전문가,플랫폼·데이터,Point Cloud,점군 데이터,"점군 데이터은(는) 드론 데이터 플랫폼·지도·클라우드·앱 개발 업무에서 사용하는 도구·개념·절차입니다. 실제 직무에서는 설계, 운용, 분석 또는 의사결정 결과를 만드는 데 적용됩니다.",드론 3D 공간정보 구축 전문가이(가) 점군·메시·정사영상으로 3차원 공간정보 구축 업무를 수행할 때 Point Cloud을(를) 이해하고 적용하기 위해 학습합니다.,프로그래밍과 데이터 처리 기초,초급~중급,PREREQUISITE,국비지원 직업훈련,AIOT 기반 드론 영상 관제시스템 프로젝트 개발,AIG20250000501335,982,DW아카데미학원,직업훈련기관,응용SW엔지니어링 기반의 고용24 훈련과정입니다. Point Cloud 학습에는 과정명과의 직접 연관성에 따라 기초·포함·선수 경로로 연결했습니다.,응용SW엔지니어링; AI소프트웨어; AIOT; 파이썬,초급~중급,오프라인,국비지원(일부 자부담 가능),고용24 직업훈련(국민내일배움카드 적용 여부는 과정 상세 확인),대전 중구,"총 1,120시간",,2026-09-09~2027-04-05,K-디지털 트레이닝,수료 여부 과정별 확인,https://www.work24.go.kr/hr/a/a/3100/selectTracseDetl.do?tracseId=AIG20250000501335&tracseTme=8&crseTracseSe=C0061&trainstCstmrId=500020022702,고용24 훈련과정 상세,정부사이트,2026-09-28,현재 운영,https://training.pix4d.com/pages/online-courses,프로그래밍·데이터 기초 → 플랫폼 도구 → 서비스 연동 → 배포·운영 프로젝트,대시보드 원본 교육데이터(진행중)를 Skill과 연결. relevance_type=PREREQUISITE.,dashboard C.html / Work24 원천 링크
SW·AI,소프트웨어·AI·데이터·관제,DJ-089,드론 3D 공간정보 구축 전문가,플랫폼·데이터,Point Cloud,점군 데이터,"점군 데이터은(는) 드론 데이터 플랫폼·지도·클라우드·앱 개발 업무에서 사용하는 도구·개념·절차입니다. 실제 직무에서는 설계, 운용, 분석 또는 의사결정 결과를 만드는 데 적용됩니다.",드론 3D 공간정보 구축 전문가이(가) 점군·메시·정사영상으로 3차원 공간정보 구축 업무를 수행할 때 Point Cloud을(를) 이해하고 적용하기 위해 학습합니다.,드론 촬영과 GIS 기초,초급~중급,OFFICIAL_RESOURCE,공식 튜토리얼·문서,Pix4D Online Courses,PIX4D,,Pix4D,기업 공식교육,"사진측량 데이터 처리, 정사영상·점군·3D 모델 생성과 품질관리를 공식 과정으로 학습합니다.",Pix4D; Photogrammetry; Orthomosaic; Point Cloud; 3D,초급~고급,온라인,무료/유료 혼합,,온라인,자기주도 학습,상시,상시,대학생·취업준비생·재직자·일반인,과정별 수료·인증,https://training.pix4d.com/pages/online-courses,Pix4D,기업·기관 공식사이트,2026-09-28,상시 운영,,데이터 취득 → 프로젝트 설정 → 처리 → 품질검사 → 결과물 활용,공식 제공기관이 운영하는 교육·튜토리얼·문서 기반 학습경로.,공식 웹사이트 직접 확인
SW·AI,소프트웨어·AI·데이터·관제,DJ-082,드론 교통관리(UTM) 시스템 개발자,플랫폼·데이터,API,응용프로그램 인터페이스,"응용프로그램 인터페이스은(는) 드론 데이터 플랫폼·지도·클라우드·앱 개발 업무에서 사용하는 도구·개념·절차입니다. 실제 직무에서는 설계, 운용, 분석 또는 의사결정 결과를 만드는 데 적용됩니다.",드론 교통관리(UTM) 시스템 개발자이(가) 비행계획·승인·추적·충돌관리 플랫폼 개발 업무를 수행할 때 API을(를) 이해하고 적용하기 위해 학습합니다.,프로그래밍과 데이터 처리 기초,초급~중급,PREREQUISITE,국비지원 직업훈련,AIOT 기반 드론 영상 관제시스템 프로젝트 개발,AIG20250000501335,982,DW아카데미학원,직업훈련기관,응용SW엔지니어링 기반의 고용24 훈련과정입니다. API 학습에는 과정명과의 직접 연관성에 따라 기초·포함·선수 경로로 연결했습니다.,응용SW엔지니어링; AI소프트웨어; AIOT; 파이썬,초급~중급,오프라인,국비지원(일부 자부담 가능),고용24 직업훈련(국민내일배움카드 적용 여부는 과정 상세 확인),대전 중구,"총 1,120시간",,2026-09-09~2027-04-05,K-디지털 트레이닝,수료 여부 과정별 확인,https://www.work24.go.kr/hr/a/a/3100/selectTracseDetl.do?tracseId=AIG20250000501335&tracseTme=8&crseTracseSe=C0061&trainstCstmrId=500020022702,고용24 훈련과정 상세,정부사이트,2026-09-28,현재 운영,https://aws.amazon.com/ko/training/digital/,프로그래밍·데이터 기초 → 플랫폼 도구 → 서비스 연동 → 배포·운영 프로젝트,대시보드 원본 교육데이터(진행중)를 Skill과 연결. relevance_type=PREREQUISITE.,dashboard C.html / Work24 원천 링크
SW·AI,소프트웨어·AI·데이터·관제,DJ-082,드론 교통관리(UTM) 시스템 개발자,플랫폼·데이터,API,응용프로그램 인터페이스,"응용프로그램 인터페이스은(는) 드론 데이터 플랫폼·지도·클라우드·앱 개발 업무에서 사용하는 도구·개념·절차입니다. 실제 직무에서는 설계, 운용, 분석 또는 의사결정 결과를 만드는 데 적용됩니다.",드론 교통관리(UTM) 시스템 개발자이(가) 비행계획·승인·추적·충돌관리 플랫폼 개발 업무를 수행할 때 API을(를) 이해하고 적용하기 위해 학습합니다.,컴퓨터와 네트워크 기초,초급~중급,INCLUDED,공식 튜토리얼·문서,AWS Skill Builder 디지털 교육,AWS,,Amazon Web Services,기업 공식교육,클라우드·데이터·보안·DevOps 분야의 역할별 공식 디지털 학습경로와 실습을 제공합니다.,Cloud; Database; Security; DevOps; Machine Learning,입문~고급,온라인,무료/유료 혼합,,온라인,자기주도 학습,상시,상시,대학생·취업준비생·재직자·일반인,디지털 배지·자격 준비 과정 있음,https://aws.amazon.com/ko/training/digital/,Amazon Web Services,기업·기관 공식사이트,2026-09-28,상시 운영,,클라우드 기초 → 역할별 학습계획 → 실습 → 드론 플랫폼 설계,공식 제공기관이 운영하는 교육·튜토리얼·문서 기반 학습경로.,공식 웹사이트 직접 확인
SW·AI,소프트웨어·AI·데이터·관제,DJ-082,드론 교통관리(UTM) 시스템 개발자,플랫폼·데이터,GIS,지리정보시스템,"지리정보시스템은(는) 드론 데이터 플랫폼·지도·클라우드·앱 개발 업무에서 사용하는 도구·개념·절차입니다. 실제 직무에서는 설계, 운용, 분석 또는 의사결정 결과를 만드는 데 적용됩니다.",드론 교통관리(UTM) 시스템 개발자이(가) 비행계획·승인·추적·충돌관리 플랫폼 개발 업무를 수행할 때 GIS을(를) 이해하고 적용하기 위해 학습합니다.,프로그래밍과 데이터 처리 기초,입문~초급,PREREQUISITE,국비지원 직업훈련,AIOT 기반 드론 영상 관제시스템 프로젝트 개발,AIG20250000501335,982,DW아카데미학원,직업훈련기관,응용SW엔지니어링 기반의 고용24 훈련과정입니다. GIS 학습에는 과정명과의 직접 연관성에 따라 기초·포함·선수 경로로 연결했습니다.,응용SW엔지니어링; AI소프트웨어; AIOT; 파이썬,입문~초급,오프라인,국비지원(일부 자부담 가능),고용24 직업훈련(국민내일배움카드 적용 여부는 과정 상세 확인),대전 중구,"총 1,120시간",,2026-09-09~2027-04-05,K-디지털 트레이닝,수료 여부 과정별 확인,https://www.work24.go.kr/hr/a/a/3100/selectTracseDetl.do?tracseId=AIG20250000501335&tracseTme=8&crseTracseSe=C0061&trainstCstmrId=500020022702,고용24 훈련과정 상세,정부사이트,2026-09-28,현재 운영,https://docs.qgis.org/latest/en/docs/training_manual/index.html,프로그래밍·데이터 기초 → 플랫폼 도구 → 서비스 연동 → 배포·운영 프로젝트,대시보드 원본 교육데이터(진행중)를 Skill과 연결. relevance_type=PREREQUISITE.,dashboard C.html / Work24 원천 링크
SW·AI,소프트웨어·AI·데이터·관제,DJ-082,드론 교통관리(UTM) 시스템 개발자,플랫폼·데이터,GIS,지리정보시스템,"지리정보시스템은(는) 드론 데이터 플랫폼·지도·클라우드·앱 개발 업무에서 사용하는 도구·개념·절차입니다. 실제 직무에서는 설계, 운용, 분석 또는 의사결정 결과를 만드는 데 적용됩니다.",드론 교통관리(UTM) 시스템 개발자이(가) 비행계획·승인·추적·충돌관리 플랫폼 개발 업무를 수행할 때 GIS을(를) 이해하고 적용하기 위해 학습합니다.,컴퓨터 파일 관리와 지도 기초,입문~초급,OFFICIAL_RESOURCE,공식 튜토리얼·문서,QGIS Training Manual,QGIS,,QGIS Project,공식 오픈소스,"GIS 인터페이스, 벡터·래스터 데이터, 좌표계, 공간분석과 지도 제작을 단계별로 실습합니다.",QGIS; GIS; CRS; Vector; Raster; Spatial Analysis,입문~중급,온라인,무료,,온라인,자기주도 학습,상시,상시,대학생·취업준비생·재직자·일반인,없음,https://docs.qgis.org/latest/en/docs/training_manual/index.html,QGIS Project,공식 기술문서,2026-09-28,상시 운영,,인터페이스 → 레이어·좌표계 → 편집 → 공간분석 → 드론 공간정보 프로젝트,공식 제공기관이 운영하는 교육·튜토리얼·문서 기반 학습경로.,공식 웹사이트 직접 확인
SW·AI,소프트웨어·AI·데이터·관제,DJ-082,드론 교통관리(UTM) 시스템 개발자,플랫폼·데이터,UTM,무인기 교통관리,"무인기 교통관리은(는) 드론 데이터 플랫폼·지도·클라우드·앱 개발 업무에서 사용하는 도구·개념·절차입니다. 실제 직무에서는 설계, 운용, 분석 또는 의사결정 결과를 만드는 데 적용됩니다.",드론 교통관리(UTM) 시스템 개발자이(가) 비행계획·승인·추적·충돌관리 플랫폼 개발 업무를 수행할 때 UTM을(를) 이해하고 적용하기 위해 학습합니다.,프로그래밍과 데이터 처리 기초,초급~중급,PREREQUISITE,국비지원 직업훈련,AIOT 기반 드론 영상 관제시스템 프로젝트 개발,AIG20250000501335,982,DW아카데미학원,직업훈련기관,응용SW엔지니어링 기반의 고용24 훈련과정입니다. UTM 학습에는 과정명과의 직접 연관성에 따라 기초·포함·선수 경로로 연결했습니다.,응용SW엔지니어링; AI소프트웨어; AIOT; 파이썬,초급~중급,오프라인,국비지원(일부 자부담 가능),고용24 직업훈련(국민내일배움카드 적용 여부는 과정 상세 확인),대전 중구,"총 1,120시간",,2026-09-09~2027-04-05,K-디지털 트레이닝,수료 여부 과정별 확인,https://www.work24.go.kr/hr/a/a/3100/selectTracseDetl.do?tracseId=AIG20250000501335&tracseTme=8&crseTracseSe=C0061&trainstCstmrId=500020022702,고용24 훈련과정 상세,정부사이트,2026-09-28,현재 운영,https://docs.px4.io/main/en/peripherals/remote_id,프로그래밍·데이터 기초 → 플랫폼 도구 → 서비스 연동 → 배포·운영 프로젝트,대시보드 원본 교육데이터(진행중)를 Skill과 연결. relevance_type=PREREQUISITE.,dashboard C.html / Work24 원천 링크
SW·AI,소프트웨어·AI·데이터·관제,DJ-082,드론 교통관리(UTM) 시스템 개발자,플랫폼·데이터,UTM,무인기 교통관리,"무인기 교통관리은(는) 드론 데이터 플랫폼·지도·클라우드·앱 개발 업무에서 사용하는 도구·개념·절차입니다. 실제 직무에서는 설계, 운용, 분석 또는 의사결정 결과를 만드는 데 적용됩니다.",드론 교통관리(UTM) 시스템 개발자이(가) 비행계획·승인·추적·충돌관리 플랫폼 개발 업무를 수행할 때 UTM을(를) 이해하고 적용하기 위해 학습합니다.,PX4·MAVLink·항공안전 기초,초급~중급,OFFICIAL_RESOURCE,공식 튜토리얼·문서,PX4 Remote ID and Traffic Avoidance Guides,PX4-REMOTE-ID,,PX4 / Dronecode Foundation,공식 오픈소스,"Remote ID 장비 연결·설정과 MAVLink 기반 식별 메시지, 교통회피 연동의 기초를 학습합니다.",Remote ID; UTM; MAVLink; Traffic Avoidance; ADS-B,중급,온라인,무료,,온라인,자기주도 학습,상시,상시,대학생·취업준비생·재직자·일반인,없음,https://docs.px4.io/main/en/peripherals/remote_id,PX4 / Dronecode Foundation,공식 기술문서,2026-09-28,상시 운영,,Remote ID 개념 → 하드웨어 연결 → 메시지 확인 → UTM·교통회피 연계,공식 제공기관이 운영하는 교육·튜토리얼·문서 기반 학습경로.,공식 웹사이트 직접 확인
SW·AI,소프트웨어·AI·데이터·관제,DJ-082,드론 교통관리(UTM) 시스템 개발자,플랫폼·데이터,분산시스템,분산시스템,"분산시스템은(는) 드론 데이터 플랫폼·지도·클라우드·앱 개발 업무에서 사용하는 도구·개념·절차입니다. 실제 직무에서는 설계, 운용, 분석 또는 의사결정 결과를 만드는 데 적용됩니다.",드론 교통관리(UTM) 시스템 개발자이(가) 비행계획·승인·추적·충돌관리 플랫폼 개발 업무를 수행할 때 분산시스템을(를) 이해하고 적용하기 위해 학습합니다.,프로그래밍과 데이터 처리 기초,초급~중급,PREREQUISITE,국비지원 직업훈련,AIOT 기반 드론 영상 관제시스템 프로젝트 개발,AIG20250000501335,982,DW아카데미학원,직업훈련기관,응용SW엔지니어링 기반의 고용24 훈련과정입니다. 분산시스템 학습에는 과정명과의 직접 연관성에 따라 기초·포함·선수 경로로 연결했습니다.,응용SW엔지니어링; AI소프트웨어; AIOT; 파이썬,초급~중급,오프라인,국비지원(일부 자부담 가능),고용24 직업훈련(국민내일배움카드 적용 여부는 과정 상세 확인),대전 중구,"총 1,120시간",,2026-09-09~2027-04-05,K-디지털 트레이닝,수료 여부 과정별 확인,https://www.work24.go.kr/hr/a/a/3100/selectTracseDetl.do?tracseId=AIG20250000501335&tracseTme=8&crseTracseSe=C0061&trainstCstmrId=500020022702,고용24 훈련과정 상세,정부사이트,2026-09-28,현재 운영,https://docs.ros.org/en/jazzy/Tutorials.html,프로그래밍·데이터 기초 → 플랫폼 도구 → 서비스 연동 → 배포·운영 프로젝트,대시보드 원본 교육데이터(진행중)를 Skill과 연결. relevance_type=PREREQUISITE.,dashboard C.html / Work24 원천 링크
SW·AI,소프트웨어·AI·데이터·관제,DJ-082,드론 교통관리(UTM) 시스템 개발자,플랫폼·데이터,분산시스템,분산시스템,"분산시스템은(는) 드론 데이터 플랫폼·지도·클라우드·앱 개발 업무에서 사용하는 도구·개념·절차입니다. 실제 직무에서는 설계, 운용, 분석 또는 의사결정 결과를 만드는 데 적용됩니다.",드론 교통관리(UTM) 시스템 개발자이(가) 비행계획·승인·추적·충돌관리 플랫폼 개발 업무를 수행할 때 분산시스템을(를) 이해하고 적용하기 위해 학습합니다.,Python 또는 C++ 기초와 Linux 사용 경험,초급~중급,OFFICIAL_RESOURCE,공식 튜토리얼·문서,ROS 2 Tutorials,ROS2-DOC,,Open Robotics / ROS,공식 오픈소스,"ROS 2 노드, 토픽, 서비스, 액션, 패키지와 로봇 응용 개발 절차를 실습합니다.",ROS2; Node; Topic; Service; Action; Package,초급~중급,온라인,무료,,온라인,자기주도 학습,상시,상시,대학생·취업준비생·재직자·일반인,없음,https://docs.ros.org/en/jazzy/Tutorials.html,Open Robotics / ROS,공식 기술문서,2026-09-28,상시 운영,,CLI → Node·Topic → Service·Action → Package → 로봇 프로젝트,공식 제공기관이 운영하는 교육·튜토리얼·문서 기반 학습경로.,공식 웹사이트 직접 확인
SW·AI,소프트웨어·AI·데이터·관제,DJ-092,드론 데이터 라벨링·품질관리자,플랫폼·데이터,Annotation,데이터 라벨링,"데이터 라벨링은(는) 드론 데이터 플랫폼·지도·클라우드·앱 개발 업무에서 사용하는 도구·개념·절차입니다. 실제 직무에서는 설계, 운용, 분석 또는 의사결정 결과를 만드는 데 적용됩니다.",드론 데이터 라벨링·품질관리자이(가) 항공영상 AI 학습데이터 라벨링 기준·품질 관리 업무를 수행할 때 Annotation을(를) 이해하고 적용하기 위해 학습합니다.,프로그래밍과 데이터 처리 기초,초급~중급,PREREQUISITE,국비지원 직업훈련,AIOT 기반 드론 영상 관제시스템 프로젝트 개발,AIG20250000501335,982,DW아카데미학원,직업훈련기관,응용SW엔지니어링 기반의 고용24 훈련과정입니다. Annotation 학습에는 과정명과의 직접 연관성에 따라 기초·포함·선수 경로로 연결했습니다.,응용SW엔지니어링; AI소프트웨어; AIOT; 파이썬,초급~중급,오프라인,국비지원(일부 자부담 가능),고용24 직업훈련(국민내일배움카드 적용 여부는 과정 상세 확인),대전 중구,"총 1,120시간",,2026-09-09~2027-04-05,K-디지털 트레이닝,수료 여부 과정별 확인,https://www.work24.go.kr/hr/a/a/3100/selectTracseDetl.do?tracseId=AIG20250000501335&tracseTme=8&crseTracseSe=C0061&trainstCstmrId=500020022702,고용24 훈련과정 상세,정부사이트,2026-09-28,현재 운영,https://docs.pytorch.org/tutorials/,프로그래밍·데이터 기초 → 플랫폼 도구 → 서비스 연동 → 배포·운영 프로젝트,대시보드 원본 교육데이터(진행중)를 Skill과 연결. relevance_type=PREREQUISITE.,dashboard C.html / Work24 원천 링크
SW·AI,소프트웨어·AI·데이터·관제,DJ-092,드론 데이터 라벨링·품질관리자,플랫폼·데이터,Annotation,데이터 라벨링,"데이터 라벨링은(는) 드론 데이터 플랫폼·지도·클라우드·앱 개발 업무에서 사용하는 도구·개념·절차입니다. 실제 직무에서는 설계, 운용, 분석 또는 의사결정 결과를 만드는 데 적용됩니다.",드론 데이터 라벨링·품질관리자이(가) 항공영상 AI 학습데이터 라벨링 기준·품질 관리 업무를 수행할 때 Annotation을(를) 이해하고 적용하기 위해 학습합니다.,Python과 기초 선형대수,초급~중급,OFFICIAL_RESOURCE,공식 튜토리얼·문서,PyTorch Tutorials,PYTORCH,,PyTorch Foundation,공식 오픈소스,"텐서, 데이터셋, 신경망 학습부터 컴퓨터 비전 전이학습과 객체탐지까지 실습합니다.",PyTorch; Tensor; Dataset; Deep Learning; Computer Vision,초급~고급,온라인,무료,,온라인,자기주도 학습,상시,상시,대학생·취업준비생·재직자·일반인,없음,https://docs.pytorch.org/tutorials/,PyTorch Foundation,공식 기술문서,2026-09-28,상시 운영,,Tensor → Dataset → Model Training → Computer Vision → 드론 데이터 프로젝트,공식 제공기관이 운영하는 교육·튜토리얼·문서 기반 학습경로.,공식 웹사이트 직접 확인
SW·AI,소프트웨어·AI·데이터·관제,DJ-092,드론 데이터 라벨링·품질관리자,플랫폼·데이터,Dataset,학습 데이터셋,"학습 데이터셋은(는) 드론 데이터 플랫폼·지도·클라우드·앱 개발 업무에서 사용하는 도구·개념·절차입니다. 실제 직무에서는 설계, 운용, 분석 또는 의사결정 결과를 만드는 데 적용됩니다.",드론 데이터 라벨링·품질관리자이(가) 항공영상 AI 학습데이터 라벨링 기준·품질 관리 업무를 수행할 때 Dataset을(를) 이해하고 적용하기 위해 학습합니다.,프로그래밍과 데이터 처리 기초,초급~중급,PREREQUISITE,국비지원 직업훈련,AIOT 기반 드론 영상 관제시스템 프로젝트 개발,AIG20250000501335,982,DW아카데미학원,직업훈련기관,응용SW엔지니어링 기반의 고용24 훈련과정입니다. Dataset 학습에는 과정명과의 직접 연관성에 따라 기초·포함·선수 경로로 연결했습니다.,응용SW엔지니어링; AI소프트웨어; AIOT; 파이썬,초급~중급,오프라인,국비지원(일부 자부담 가능),고용24 직업훈련(국민내일배움카드 적용 여부는 과정 상세 확인),대전 중구,"총 1,120시간",,2026-09-09~2027-04-05,K-디지털 트레이닝,수료 여부 과정별 확인,https://www.work24.go.kr/hr/a/a/3100/selectTracseDetl.do?tracseId=AIG20250000501335&tracseTme=8&crseTracseSe=C0061&trainstCstmrId=500020022702,고용24 훈련과정 상세,정부사이트,2026-09-28,현재 운영,https://docs.pytorch.org/tutorials/,프로그래밍·데이터 기초 → 플랫폼 도구 → 서비스 연동 → 배포·운영 프로젝트,대시보드 원본 교육데이터(진행중)를 Skill과 연결. relevance_type=PREREQUISITE.,dashboard C.html / Work24 원천 링크
SW·AI,소프트웨어·AI·데이터·관제,DJ-092,드론 데이터 라벨링·품질관리자,플랫폼·데이터,Dataset,학습 데이터셋,"학습 데이터셋은(는) 드론 데이터 플랫폼·지도·클라우드·앱 개발 업무에서 사용하는 도구·개념·절차입니다. 실제 직무에서는 설계, 운용, 분석 또는 의사결정 결과를 만드는 데 적용됩니다.",드론 데이터 라벨링·품질관리자이(가) 항공영상 AI 학습데이터 라벨링 기준·품질 관리 업무를 수행할 때 Dataset을(를) 이해하고 적용하기 위해 학습합니다.,Python과 기초 선형대수,초급~중급,OFFICIAL_RESOURCE,공식 튜토리얼·문서,PyTorch Tutorials,PYTORCH,,PyTorch Foundation,공식 오픈소스,"텐서, 데이터셋, 신경망 학습부터 컴퓨터 비전 전이학습과 객체탐지까지 실습합니다.",PyTorch; Tensor; Dataset; Deep Learning; Computer Vision,초급~고급,온라인,무료,,온라인,자기주도 학습,상시,상시,대학생·취업준비생·재직자·일반인,없음,https://docs.pytorch.org/tutorials/,PyTorch Foundation,공식 기술문서,2026-09-28,상시 운영,,Tensor → Dataset → Model Training → Computer Vision → 드론 데이터 프로젝트,공식 제공기관이 운영하는 교육·튜토리얼·문서 기반 학습경로.,공식 웹사이트 직접 확인
SW·AI,소프트웨어·AI·데이터·관제,DJ-092,드론 데이터 라벨링·품질관리자,플랫폼·데이터,QA,품질보증,"품질보증은(는) 드론 데이터 플랫폼·지도·클라우드·앱 개발 업무에서 사용하는 도구·개념·절차입니다. 실제 직무에서는 설계, 운용, 분석 또는 의사결정 결과를 만드는 데 적용됩니다.",드론 데이터 라벨링·품질관리자이(가) 항공영상 AI 학습데이터 라벨링 기준·품질 관리 업무를 수행할 때 QA을(를) 이해하고 적용하기 위해 학습합니다.,프로그래밍과 데이터 처리 기초,초급~중급,PREREQUISITE,국비지원 직업훈련,AIOT 기반 드론 영상 관제시스템 프로젝트 개발,AIG20250000501335,982,DW아카데미학원,직업훈련기관,응용SW엔지니어링 기반의 고용24 훈련과정입니다. QA 학습에는 과정명과의 직접 연관성에 따라 기초·포함·선수 경로로 연결했습니다.,응용SW엔지니어링; AI소프트웨어; AIOT; 파이썬,초급~중급,오프라인,국비지원(일부 자부담 가능),고용24 직업훈련(국민내일배움카드 적용 여부는 과정 상세 확인),대전 중구,"총 1,120시간",,2026-09-09~2027-04-05,K-디지털 트레이닝,수료 여부 과정별 확인,https://www.work24.go.kr/hr/a/a/3100/selectTracseDetl.do?tracseId=AIG20250000501335&tracseTme=8&crseTracseSe=C0061&trainstCstmrId=500020022702,고용24 훈련과정 상세,정부사이트,2026-09-28,현재 운영,,프로그래밍·데이터 기초 → 플랫폼 도구 → 서비스 연동 → 배포·운영 프로젝트,대시보드 원본 교육데이터(진행중)를 Skill과 연결. relevance_type=PREREQUISITE.,dashboard C.html / Work24 원천 링크
SW·AI,소프트웨어·AI·데이터·관제,DJ-086,드론 모바일 앱 개발자,플랫폼·데이터,Android,안드로이드 앱 개발,"안드로이드 앱 개발은(는) 드론 데이터 플랫폼·지도·클라우드·앱 개발 업무에서 사용하는 도구·개념·절차입니다. 실제 직무에서는 설계, 운용, 분석 또는 의사결정 결과를 만드는 데 적용됩니다.",드론 모바일 앱 개발자이(가) 조종·임무·점검·데이터 확인 모바일 앱 개발 업무를 수행할 때 Android을(를) 이해하고 적용하기 위해 학습합니다.,프로그래밍과 데이터 처리 기초,초급~중급,PREREQUISITE,국비지원 직업훈련,AIOT 기반 드론 영상 관제시스템 프로젝트 개발,AIG20250000501335,982,DW아카데미학원,직업훈련기관,응용SW엔지니어링 기반의 고용24 훈련과정입니다. Android 학습에는 과정명과의 직접 연관성에 따라 기초·포함·선수 경로로 연결했습니다.,응용SW엔지니어링; AI소프트웨어; AIOT; 파이썬,초급~중급,오프라인,국비지원(일부 자부담 가능),고용24 직업훈련(국민내일배움카드 적용 여부는 과정 상세 확인),대전 중구,"총 1,120시간",,2026-09-09~2027-04-05,K-디지털 트레이닝,수료 여부 과정별 확인,https://www.work24.go.kr/hr/a/a/3100/selectTracseDetl.do?tracseId=AIG20250000501335&tracseTme=8&crseTracseSe=C0061&trainstCstmrId=500020022702,고용24 훈련과정 상세,정부사이트,2026-09-28,현재 운영,https://developer.android.com/courses?hl=ko,프로그래밍·데이터 기초 → 플랫폼 도구 → 서비스 연동 → 배포·운영 프로젝트,대시보드 원본 교육데이터(진행중)를 Skill과 연결. relevance_type=PREREQUISITE.,dashboard C.html / Work24 원천 링크
SW·AI,소프트웨어·AI·데이터·관제,DJ-086,드론 모바일 앱 개발자,플랫폼·데이터,Android,안드로이드 앱 개발,"안드로이드 앱 개발은(는) 드론 데이터 플랫폼·지도·클라우드·앱 개발 업무에서 사용하는 도구·개념·절차입니다. 실제 직무에서는 설계, 운용, 분석 또는 의사결정 결과를 만드는 데 적용됩니다.",드론 모바일 앱 개발자이(가) 조종·임무·점검·데이터 확인 모바일 앱 개발 업무를 수행할 때 Android을(를) 이해하고 적용하기 위해 학습합니다.,프로그래밍 입문,초급~중급,DIRECT,공식교육,Android 개발자 교육,ANDROID,,Google Android Developers,기업 공식교육,Kotlin과 Jetpack Compose로 안드로이드 앱을 설계·구현하는 공식 학습과정입니다.,Android; Kotlin; Compose; App; Network,입문~중급,온라인,무료,,온라인,자기주도 학습,상시,상시,대학생·취업준비생·재직자·일반인,과정별 배지,https://developer.android.com/courses?hl=ko,Google Android Developers,기업·기관 공식사이트,2026-09-28,상시 운영,,Kotlin → UI → 상태·데이터 → 네트워크 → 드론 앱 프로젝트,공식 제공기관이 운영하는 교육·튜토리얼·문서 기반 학습경로.,공식 웹사이트 직접 확인
SW·AI,소프트웨어·AI·데이터·관제,DJ-086,드론 모바일 앱 개발자,플랫폼·데이터,iOS,iOS 앱 개발,"iOS 앱 개발은(는) 드론 데이터 플랫폼·지도·클라우드·앱 개발 업무에서 사용하는 도구·개념·절차입니다. 실제 직무에서는 설계, 운용, 분석 또는 의사결정 결과를 만드는 데 적용됩니다.",드론 모바일 앱 개발자이(가) 조종·임무·점검·데이터 확인 모바일 앱 개발 업무를 수행할 때 iOS을(를) 이해하고 적용하기 위해 학습합니다.,프로그래밍과 데이터 처리 기초,초급~중급,PREREQUISITE,국비지원 직업훈련,AIOT 기반 드론 영상 관제시스템 프로젝트 개발,AIG20250000501335,982,DW아카데미학원,직업훈련기관,응용SW엔지니어링 기반의 고용24 훈련과정입니다. iOS 학습에는 과정명과의 직접 연관성에 따라 기초·포함·선수 경로로 연결했습니다.,응용SW엔지니어링; AI소프트웨어; AIOT; 파이썬,초급~중급,오프라인,국비지원(일부 자부담 가능),고용24 직업훈련(국민내일배움카드 적용 여부는 과정 상세 확인),대전 중구,"총 1,120시간",,2026-09-09~2027-04-05,K-디지털 트레이닝,수료 여부 과정별 확인,https://www.work24.go.kr/hr/a/a/3100/selectTracseDetl.do?tracseId=AIG20250000501335&tracseTme=8&crseTracseSe=C0061&trainstCstmrId=500020022702,고용24 훈련과정 상세,정부사이트,2026-09-28,현재 운영,https://developer.apple.com/tutorials/develop-in-swift,프로그래밍·데이터 기초 → 플랫폼 도구 → 서비스 연동 → 배포·운영 프로젝트,대시보드 원본 교육데이터(진행중)를 Skill과 연결. relevance_type=PREREQUISITE.,dashboard C.html / Work24 원천 링크
SW·AI,소프트웨어·AI·데이터·관제,DJ-086,드론 모바일 앱 개발자,플랫폼·데이터,iOS,iOS 앱 개발,"iOS 앱 개발은(는) 드론 데이터 플랫폼·지도·클라우드·앱 개발 업무에서 사용하는 도구·개념·절차입니다. 실제 직무에서는 설계, 운용, 분석 또는 의사결정 결과를 만드는 데 적용됩니다.",드론 모바일 앱 개발자이(가) 조종·임무·점검·데이터 확인 모바일 앱 개발 업무를 수행할 때 iOS을(를) 이해하고 적용하기 위해 학습합니다.,프로그래밍 입문,초급~중급,DIRECT,공식교육,Develop in Swift Tutorials,IOS,,Apple Developer,기업 공식교육,Swift와 Xcode를 사용해 iOS 앱의 설계부터 구현까지 실습합니다.,Swift; Xcode; SwiftUI; iOS; App,입문~중급,온라인,무료,,온라인,자기주도 학습,상시,상시,대학생·취업준비생·재직자·일반인,없음,https://developer.apple.com/tutorials/develop-in-swift,Apple Developer,기업·기관 공식사이트,2026-09-28,상시 운영,,Swift 기초 → SwiftUI → 데이터·디버깅 → 네트워크 → 드론 앱 프로젝트,공식 제공기관이 운영하는 교육·튜토리얼·문서 기반 학습경로.,공식 웹사이트 직접 확인
SW·AI,소프트웨어·AI·데이터·관제,DJ-086,드론 모바일 앱 개발자,플랫폼·데이터,Map SDK,지도 개발도구,"지도 개발도구은(는) 드론 데이터 플랫폼·지도·클라우드·앱 개발 업무에서 사용하는 도구·개념·절차입니다. 실제 직무에서는 설계, 운용, 분석 또는 의사결정 결과를 만드는 데 적용됩니다.",드론 모바일 앱 개발자이(가) 조종·임무·점검·데이터 확인 모바일 앱 개발 업무를 수행할 때 Map SDK을(를) 이해하고 적용하기 위해 학습합니다.,프로그래밍과 데이터 처리 기초,초급~중급,PREREQUISITE,국비지원 직업훈련,AIOT 기반 드론 영상 관제시스템 프로젝트 개발,AIG20250000501335,982,DW아카데미학원,직업훈련기관,응용SW엔지니어링 기반의 고용24 훈련과정입니다. Map SDK 학습에는 과정명과의 직접 연관성에 따라 기초·포함·선수 경로로 연결했습니다.,응용SW엔지니어링; AI소프트웨어; AIOT; 파이썬,초급~중급,오프라인,국비지원(일부 자부담 가능),고용24 직업훈련(국민내일배움카드 적용 여부는 과정 상세 확인),대전 중구,"총 1,120시간",,2026-09-09~2027-04-05,K-디지털 트레이닝,수료 여부 과정별 확인,https://www.work24.go.kr/hr/a/a/3100/selectTracseDetl.do?tracseId=AIG20250000501335&tracseTme=8&crseTracseSe=C0061&trainstCstmrId=500020022702,고용24 훈련과정 상세,정부사이트,2026-09-28,현재 운영,,프로그래밍·데이터 기초 → 플랫폼 도구 → 서비스 연동 → 배포·운영 프로젝트,대시보드 원본 교육데이터(진행중)를 Skill과 연결. relevance_type=PREREQUISITE.,dashboard C.html / Work24 원천 링크
SW·AI,소프트웨어·AI·데이터·관제,DJ-090,드론 비행데이터 분석가,플랫폼·데이터,Flight Log,Flight Log 관련 기술,"Flight Log은(는) 드론 데이터 플랫폼·지도·클라우드·앱 개발 업무에서 사용하는 도구·개념·절차입니다. 실제 직무에서는 설계, 운용, 분석 또는 의사결정 결과를 만드는 데 적용됩니다.",드론 비행데이터 분석가이(가) 로그·텔레메트리로 성능·고장·운항품질 분석 업무를 수행할 때 Flight Log을(를) 이해하고 적용하기 위해 학습합니다.,프로그래밍과 데이터 처리 기초,초급~중급,PREREQUISITE,국비지원 직업훈련,AIOT 기반 드론 영상 관제시스템 프로젝트 개발,AIG20250000501335,982,DW아카데미학원,직업훈련기관,응용SW엔지니어링 기반의 고용24 훈련과정입니다. Flight Log 학습에는 과정명과의 직접 연관성에 따라 기초·포함·선수 경로로 연결했습니다.,응용SW엔지니어링; AI소프트웨어; AIOT; 파이썬,초급~중급,오프라인,국비지원(일부 자부담 가능),고용24 직업훈련(국민내일배움카드 적용 여부는 과정 상세 확인),대전 중구,"총 1,120시간",,2026-09-09~2027-04-05,K-디지털 트레이닝,수료 여부 과정별 확인,https://www.work24.go.kr/hr/a/a/3100/selectTracseDetl.do?tracseId=AIG20250000501335&tracseTme=8&crseTracseSe=C0061&trainstCstmrId=500020022702,고용24 훈련과정 상세,정부사이트,2026-09-28,현재 운영,https://docs.px4.io/main/en/,프로그래밍·데이터 기초 → 플랫폼 도구 → 서비스 연동 → 배포·운영 프로젝트,대시보드 원본 교육데이터(진행중)를 Skill과 연결. relevance_type=PREREQUISITE.,dashboard C.html / Work24 원천 링크
SW·AI,소프트웨어·AI·데이터·관제,DJ-090,드론 비행데이터 분석가,플랫폼·데이터,Flight Log,Flight Log 관련 기술,"Flight Log은(는) 드론 데이터 플랫폼·지도·클라우드·앱 개발 업무에서 사용하는 도구·개념·절차입니다. 실제 직무에서는 설계, 운용, 분석 또는 의사결정 결과를 만드는 데 적용됩니다.",드론 비행데이터 분석가이(가) 로그·텔레메트리로 성능·고장·운항품질 분석 업무를 수행할 때 Flight Log을(를) 이해하고 적용하기 위해 학습합니다.,드론 구조와 Linux·C++ 기초(개발 과정),초급~중급,OFFICIAL_RESOURCE,공식 튜토리얼·문서,PX4 Autopilot User Guide,PX4-GUIDE,,PX4 / Dronecode Foundation,공식 오픈소스,"PX4의 기본 개념, 기체 구성, 비행 모드, 시뮬레이션, 로그 분석과 개발 절차를 단계별로 학습합니다.",PX4; 비행제어; 시뮬레이션; 로그; 기체 설정,초급~고급,온라인,무료,,온라인,자기주도 학습,상시,상시,대학생·취업준비생·재직자·일반인,없음,https://docs.px4.io/main/en/,PX4 / Dronecode Foundation,공식 기술문서,2026-09-28,상시 운영,,Basic Concepts → Simulation → Configuration → Development,공식 제공기관이 운영하는 교육·튜토리얼·문서 기반 학습경로.,공식 웹사이트 직접 확인
SW·AI,소프트웨어·AI·데이터·관제,DJ-090,드론 비행데이터 분석가,플랫폼·데이터,Python,파이썬,"파이썬은(는) 드론 데이터 플랫폼·지도·클라우드·앱 개발 업무에서 사용하는 도구·개념·절차입니다. 실제 직무에서는 설계, 운용, 분석 또는 의사결정 결과를 만드는 데 적용됩니다.",드론 비행데이터 분석가이(가) 로그·텔레메트리로 성능·고장·운항품질 분석 업무를 수행할 때 Python을(를) 이해하고 적용하기 위해 학습합니다.,기초적인 프로그래밍 개념,입문~초급,DIRECT,공식교육,파이썬 자습서,PYTHON,,Python Software Foundation,공식 오픈소스,"파이썬 문법, 자료구조, 함수, 모듈, 예외와 클래스를 한국어 공식 문서로 학습합니다.",Python; 문법; 자료구조; 함수; 모듈; 클래스,초급,온라인,무료,,온라인,자기주도 학습,상시,상시,대학생·취업준비생·재직자·일반인,없음,https://docs.python.org/ko/3/tutorial/index.html,Python Software Foundation,공식 기술문서,2026-09-28,상시 운영,,문법 → 자료구조 → 함수·모듈 → 클래스 → 드론 데이터·제어 예제,공식 제공기관이 운영하는 교육·튜토리얼·문서 기반 학습경로.,공식 웹사이트 직접 확인
SW·AI,소프트웨어·AI·데이터·관제,DJ-090,드론 비행데이터 분석가,플랫폼·데이터,Python,파이썬,"파이썬은(는) 드론 데이터 플랫폼·지도·클라우드·앱 개발 업무에서 사용하는 도구·개념·절차입니다. 실제 직무에서는 설계, 운용, 분석 또는 의사결정 결과를 만드는 데 적용됩니다.",드론 비행데이터 분석가이(가) 로그·텔레메트리로 성능·고장·운항품질 분석 업무를 수행할 때 Python을(를) 이해하고 적용하기 위해 학습합니다.,프로그래밍과 데이터 처리 기초,입문~초급,INCLUDED,국비지원 직업훈련,AIOT 기반 드론 영상 관제시스템 프로젝트 개발,AIG20250000501335,982,DW아카데미학원,직업훈련기관,응용SW엔지니어링 기반의 고용24 훈련과정입니다. Python 학습에는 과정명과의 직접 연관성에 따라 기초·포함·선수 경로로 연결했습니다.,응용SW엔지니어링; AI소프트웨어; AIOT; 파이썬,입문~초급,오프라인,국비지원(일부 자부담 가능),고용24 직업훈련(국민내일배움카드 적용 여부는 과정 상세 확인),대전 중구,"총 1,120시간",,2026-09-09~2027-04-05,K-디지털 트레이닝,수료 여부 과정별 확인,https://www.work24.go.kr/hr/a/a/3100/selectTracseDetl.do?tracseId=AIG20250000501335&tracseTme=8&crseTracseSe=C0061&trainstCstmrId=500020022702,고용24 훈련과정 상세,정부사이트,2026-09-28,현재 운영,https://docs.python.org/ko/3/tutorial/index.html,프로그래밍·데이터 기초 → 플랫폼 도구 → 서비스 연동 → 배포·운영 프로젝트,대시보드 원본 교육데이터(진행중)를 Skill과 연결. relevance_type=INCLUDED.,dashboard C.html / Work24 원천 링크
SW·AI,소프트웨어·AI·데이터·관제,DJ-090,드론 비행데이터 분석가,플랫폼·데이터,Statistics,Statistics 관련 기술,"Statistics은(는) 드론 데이터 플랫폼·지도·클라우드·앱 개발 업무에서 사용하는 도구·개념·절차입니다. 실제 직무에서는 설계, 운용, 분석 또는 의사결정 결과를 만드는 데 적용됩니다.",드론 비행데이터 분석가이(가) 로그·텔레메트리로 성능·고장·운항품질 분석 업무를 수행할 때 Statistics을(를) 이해하고 적용하기 위해 학습합니다.,프로그래밍과 데이터 처리 기초,초급~중급,PREREQUISITE,국비지원 직업훈련,AIOT 기반 드론 영상 관제시스템 프로젝트 개발,AIG20250000501335,982,DW아카데미학원,직업훈련기관,응용SW엔지니어링 기반의 고용24 훈련과정입니다. Statistics 학습에는 과정명과의 직접 연관성에 따라 기초·포함·선수 경로로 연결했습니다.,응용SW엔지니어링; AI소프트웨어; AIOT; 파이썬,초급~중급,오프라인,국비지원(일부 자부담 가능),고용24 직업훈련(국민내일배움카드 적용 여부는 과정 상세 확인),대전 중구,"총 1,120시간",,2026-09-09~2027-04-05,K-디지털 트레이닝,수료 여부 과정별 확인,https://www.work24.go.kr/hr/a/a/3100/selectTracseDetl.do?tracseId=AIG20250000501335&tracseTme=8&crseTracseSe=C0061&trainstCstmrId=500020022702,고용24 훈련과정 상세,정부사이트,2026-09-28,현재 운영,https://matlabacademy.mathworks.com/details/matlab-onramp/gettingstarted,프로그래밍·데이터 기초 → 플랫폼 도구 → 서비스 연동 → 배포·운영 프로젝트,대시보드 원본 교육데이터(진행중)를 Skill과 연결. relevance_type=PREREQUISITE.,dashboard C.html / Work24 원천 링크
SW·AI,소프트웨어·AI·데이터·관제,DJ-090,드론 비행데이터 분석가,플랫폼·데이터,Statistics,Statistics 관련 기술,"Statistics은(는) 드론 데이터 플랫폼·지도·클라우드·앱 개발 업무에서 사용하는 도구·개념·절차입니다. 실제 직무에서는 설계, 운용, 분석 또는 의사결정 결과를 만드는 데 적용됩니다.",드론 비행데이터 분석가이(가) 로그·텔레메트리로 성능·고장·운항품질 분석 업무를 수행할 때 Statistics을(를) 이해하고 적용하기 위해 학습합니다.,기초 수학,초급~중급,OFFICIAL_RESOURCE,공식 튜토리얼·문서,MATLAB Onramp,MATLAB,,MathWorks,기업 공식교육,"MATLAB 언어와 환경, 배열 계산, 데이터 분석·시각화의 기본 워크플로를 대화형으로 학습합니다.",MATLAB; Array; Data Analysis; Visualization; Script,입문,온라인,무료,,온라인,자기주도 학습,상시,상시,대학생·취업준비생·재직자·일반인,수료 진행상태 제공,https://matlabacademy.mathworks.com/details/matlab-onramp/gettingstarted,MathWorks,기업·기관 공식사이트,2026-09-28,상시 운영,,환경 → 배열·연산 → 스크립트 → 데이터 분석 → 공학 문제 적용,공식 제공기관이 운영하는 교육·튜토리얼·문서 기반 학습경로.,공식 웹사이트 직접 확인
SW·AI,소프트웨어·AI·데이터·관제,DJ-094,드론 사이버보안 엔지니어,플랫폼·데이터,PKI,공개키 기반구조,"공개키 기반구조은(는) 드론 데이터 플랫폼·지도·클라우드·앱 개발 업무에서 사용하는 도구·개념·절차입니다. 실제 직무에서는 설계, 운용, 분석 또는 의사결정 결과를 만드는 데 적용됩니다.",드론 사이버보안 엔지니어이(가) 기체·통신·GCS·클라우드 위협분석과 보안 설계 업무를 수행할 때 PKI을(를) 이해하고 적용하기 위해 학습합니다.,프로그래밍과 데이터 처리 기초,초급~중급,PREREQUISITE,국비지원 직업훈련,AIOT 기반 드론 영상 관제시스템 프로젝트 개발,AIG20250000501335,982,DW아카데미학원,직업훈련기관,응용SW엔지니어링 기반의 고용24 훈련과정입니다. PKI 학습에는 과정명과의 직접 연관성에 따라 기초·포함·선수 경로로 연결했습니다.,응용SW엔지니어링; AI소프트웨어; AIOT; 파이썬,초급~중급,오프라인,국비지원(일부 자부담 가능),고용24 직업훈련(국민내일배움카드 적용 여부는 과정 상세 확인),대전 중구,"총 1,120시간",,2026-09-09~2027-04-05,K-디지털 트레이닝,수료 여부 과정별 확인,https://www.work24.go.kr/hr/a/a/3100/selectTracseDetl.do?tracseId=AIG20250000501335&tracseTme=8&crseTracseSe=C0061&trainstCstmrId=500020022702,고용24 훈련과정 상세,정부사이트,2026-09-28,현재 운영,https://aws.amazon.com/ko/training/digital/,프로그래밍·데이터 기초 → 플랫폼 도구 → 서비스 연동 → 배포·운영 프로젝트,대시보드 원본 교육데이터(진행중)를 Skill과 연결. relevance_type=PREREQUISITE.,dashboard C.html / Work24 원천 링크
SW·AI,소프트웨어·AI·데이터·관제,DJ-094,드론 사이버보안 엔지니어,플랫폼·데이터,PKI,공개키 기반구조,"공개키 기반구조은(는) 드론 데이터 플랫폼·지도·클라우드·앱 개발 업무에서 사용하는 도구·개념·절차입니다. 실제 직무에서는 설계, 운용, 분석 또는 의사결정 결과를 만드는 데 적용됩니다.",드론 사이버보안 엔지니어이(가) 기체·통신·GCS·클라우드 위협분석과 보안 설계 업무를 수행할 때 PKI을(를) 이해하고 적용하기 위해 학습합니다.,컴퓨터와 네트워크 기초,초급~중급,INCLUDED,공식 튜토리얼·문서,AWS Skill Builder 디지털 교육,AWS,,Amazon Web Services,기업 공식교육,클라우드·데이터·보안·DevOps 분야의 역할별 공식 디지털 학습경로와 실습을 제공합니다.,Cloud; Database; Security; DevOps; Machine Learning,입문~고급,온라인,무료/유료 혼합,,온라인,자기주도 학습,상시,상시,대학생·취업준비생·재직자·일반인,디지털 배지·자격 준비 과정 있음,https://aws.amazon.com/ko/training/digital/,Amazon Web Services,기업·기관 공식사이트,2026-09-28,상시 운영,,클라우드 기초 → 역할별 학습계획 → 실습 → 드론 플랫폼 설계,공식 제공기관이 운영하는 교육·튜토리얼·문서 기반 학습경로.,공식 웹사이트 직접 확인
SW·AI,소프트웨어·AI·데이터·관제,DJ-094,드론 사이버보안 엔지니어,플랫폼·데이터,Secure Boot,보안 부팅,"보안 부팅은(는) 드론 데이터 플랫폼·지도·클라우드·앱 개발 업무에서 사용하는 도구·개념·절차입니다. 실제 직무에서는 설계, 운용, 분석 또는 의사결정 결과를 만드는 데 적용됩니다.",드론 사이버보안 엔지니어이(가) 기체·통신·GCS·클라우드 위협분석과 보안 설계 업무를 수행할 때 Secure Boot을(를) 이해하고 적용하기 위해 학습합니다.,프로그래밍과 데이터 처리 기초,초급~중급,PREREQUISITE,국비지원 직업훈련,AIOT 기반 드론 영상 관제시스템 프로젝트 개발,AIG20250000501335,982,DW아카데미학원,직업훈련기관,응용SW엔지니어링 기반의 고용24 훈련과정입니다. Secure Boot 학습에는 과정명과의 직접 연관성에 따라 기초·포함·선수 경로로 연결했습니다.,응용SW엔지니어링; AI소프트웨어; AIOT; 파이썬,초급~중급,오프라인,국비지원(일부 자부담 가능),고용24 직업훈련(국민내일배움카드 적용 여부는 과정 상세 확인),대전 중구,"총 1,120시간",,2026-09-09~2027-04-05,K-디지털 트레이닝,수료 여부 과정별 확인,https://www.work24.go.kr/hr/a/a/3100/selectTracseDetl.do?tracseId=AIG20250000501335&tracseTme=8&crseTracseSe=C0061&trainstCstmrId=500020022702,고용24 훈련과정 상세,정부사이트,2026-09-28,현재 운영,https://aws.amazon.com/ko/training/digital/,프로그래밍·데이터 기초 → 플랫폼 도구 → 서비스 연동 → 배포·운영 프로젝트,대시보드 원본 교육데이터(진행중)를 Skill과 연결. relevance_type=PREREQUISITE.,dashboard C.html / Work24 원천 링크
SW·AI,소프트웨어·AI·데이터·관제,DJ-094,드론 사이버보안 엔지니어,플랫폼·데이터,Secure Boot,보안 부팅,"보안 부팅은(는) 드론 데이터 플랫폼·지도·클라우드·앱 개발 업무에서 사용하는 도구·개념·절차입니다. 실제 직무에서는 설계, 운용, 분석 또는 의사결정 결과를 만드는 데 적용됩니다.",드론 사이버보안 엔지니어이(가) 기체·통신·GCS·클라우드 위협분석과 보안 설계 업무를 수행할 때 Secure Boot을(를) 이해하고 적용하기 위해 학습합니다.,컴퓨터와 네트워크 기초,초급~중급,INCLUDED,공식 튜토리얼·문서,AWS Skill Builder 디지털 교육,AWS,,Amazon Web Services,기업 공식교육,클라우드·데이터·보안·DevOps 분야의 역할별 공식 디지털 학습경로와 실습을 제공합니다.,Cloud; Database; Security; DevOps; Machine Learning,입문~고급,온라인,무료/유료 혼합,,온라인,자기주도 학습,상시,상시,대학생·취업준비생·재직자·일반인,디지털 배지·자격 준비 과정 있음,https://aws.amazon.com/ko/training/digital/,Amazon Web Services,기업·기관 공식사이트,2026-09-28,상시 운영,,클라우드 기초 → 역할별 학습계획 → 실습 → 드론 플랫폼 설계,공식 제공기관이 운영하는 교육·튜토리얼·문서 기반 학습경로.,공식 웹사이트 직접 확인
SW·AI,소프트웨어·AI·데이터·관제,DJ-094,드론 사이버보안 엔지니어,플랫폼·데이터,Threat Modeling,위협 모델링,"위협 모델링은(는) 드론 데이터 플랫폼·지도·클라우드·앱 개발 업무에서 사용하는 도구·개념·절차입니다. 실제 직무에서는 설계, 운용, 분석 또는 의사결정 결과를 만드는 데 적용됩니다.",드론 사이버보안 엔지니어이(가) 기체·통신·GCS·클라우드 위협분석과 보안 설계 업무를 수행할 때 Threat Modeling을(를) 이해하고 적용하기 위해 학습합니다.,프로그래밍과 데이터 처리 기초,초급~중급,PREREQUISITE,국비지원 직업훈련,AIOT 기반 드론 영상 관제시스템 프로젝트 개발,AIG20250000501335,982,DW아카데미학원,직업훈련기관,응용SW엔지니어링 기반의 고용24 훈련과정입니다. Threat Modeling 학습에는 과정명과의 직접 연관성에 따라 기초·포함·선수 경로로 연결했습니다.,응용SW엔지니어링; AI소프트웨어; AIOT; 파이썬,초급~중급,오프라인,국비지원(일부 자부담 가능),고용24 직업훈련(국민내일배움카드 적용 여부는 과정 상세 확인),대전 중구,"총 1,120시간",,2026-09-09~2027-04-05,K-디지털 트레이닝,수료 여부 과정별 확인,https://www.work24.go.kr/hr/a/a/3100/selectTracseDetl.do?tracseId=AIG20250000501335&tracseTme=8&crseTracseSe=C0061&trainstCstmrId=500020022702,고용24 훈련과정 상세,정부사이트,2026-09-28,현재 운영,https://aws.amazon.com/ko/training/digital/,프로그래밍·데이터 기초 → 플랫폼 도구 → 서비스 연동 → 배포·운영 프로젝트,대시보드 원본 교육데이터(진행중)를 Skill과 연결. relevance_type=PREREQUISITE.,dashboard C.html / Work24 원천 링크
SW·AI,소프트웨어·AI·데이터·관제,DJ-094,드론 사이버보안 엔지니어,플랫폼·데이터,Threat Modeling,위협 모델링,"위협 모델링은(는) 드론 데이터 플랫폼·지도·클라우드·앱 개발 업무에서 사용하는 도구·개념·절차입니다. 실제 직무에서는 설계, 운용, 분석 또는 의사결정 결과를 만드는 데 적용됩니다.",드론 사이버보안 엔지니어이(가) 기체·통신·GCS·클라우드 위협분석과 보안 설계 업무를 수행할 때 Threat Modeling을(를) 이해하고 적용하기 위해 학습합니다.,컴퓨터와 네트워크 기초,초급~중급,INCLUDED,공식 튜토리얼·문서,AWS Skill Builder 디지털 교육,AWS,,Amazon Web Services,기업 공식교육,클라우드·데이터·보안·DevOps 분야의 역할별 공식 디지털 학습경로와 실습을 제공합니다.,Cloud; Database; Security; DevOps; Machine Learning,입문~고급,온라인,무료/유료 혼합,,온라인,자기주도 학습,상시,상시,대학생·취업준비생·재직자·일반인,디지털 배지·자격 준비 과정 있음,https://aws.amazon.com/ko/training/digital/,Amazon Web Services,기업·기관 공식사이트,2026-09-28,상시 운영,,클라우드 기초 → 역할별 학습계획 → 실습 → 드론 플랫폼 설계,공식 제공기관이 운영하는 교육·튜토리얼·문서 기반 학습경로.,공식 웹사이트 직접 확인
SW·AI,소프트웨어·AI·데이터·관제,DJ-088,드론 사진측량 소프트웨어 엔지니어,플랫폼·데이터,MVS,MVS 관련 기술,"MVS은(는) 드론 데이터 플랫폼·지도·클라우드·앱 개발 업무에서 사용하는 도구·개념·절차입니다. 실제 직무에서는 설계, 운용, 분석 또는 의사결정 결과를 만드는 데 적용됩니다.",드론 사진측량 소프트웨어 엔지니어이(가) 영상 정합·정사영상·DSM·3D 모델 생성 알고리즘 개발 업무를 수행할 때 MVS을(를) 이해하고 적용하기 위해 학습합니다.,프로그래밍과 데이터 처리 기초,초급~중급,PREREQUISITE,국비지원 직업훈련,AIOT 기반 드론 영상 관제시스템 프로젝트 개발,AIG20250000501335,982,DW아카데미학원,직업훈련기관,응용SW엔지니어링 기반의 고용24 훈련과정입니다. MVS 학습에는 과정명과의 직접 연관성에 따라 기초·포함·선수 경로로 연결했습니다.,응용SW엔지니어링; AI소프트웨어; AIOT; 파이썬,초급~중급,오프라인,국비지원(일부 자부담 가능),고용24 직업훈련(국민내일배움카드 적용 여부는 과정 상세 확인),대전 중구,"총 1,120시간",,2026-09-09~2027-04-05,K-디지털 트레이닝,수료 여부 과정별 확인,https://www.work24.go.kr/hr/a/a/3100/selectTracseDetl.do?tracseId=AIG20250000501335&tracseTme=8&crseTracseSe=C0061&trainstCstmrId=500020022702,고용24 훈련과정 상세,정부사이트,2026-09-28,현재 운영,https://docs.opencv.org/5.0/tutorials/tutorials.html,프로그래밍·데이터 기초 → 플랫폼 도구 → 서비스 연동 → 배포·운영 프로젝트,대시보드 원본 교육데이터(진행중)를 Skill과 연결. relevance_type=PREREQUISITE.,dashboard C.html / Work24 원천 링크
SW·AI,소프트웨어·AI·데이터·관제,DJ-088,드론 사진측량 소프트웨어 엔지니어,플랫폼·데이터,MVS,MVS 관련 기술,"MVS은(는) 드론 데이터 플랫폼·지도·클라우드·앱 개발 업무에서 사용하는 도구·개념·절차입니다. 실제 직무에서는 설계, 운용, 분석 또는 의사결정 결과를 만드는 데 적용됩니다.",드론 사진측량 소프트웨어 엔지니어이(가) 영상 정합·정사영상·DSM·3D 모델 생성 알고리즘 개발 업무를 수행할 때 MVS을(를) 이해하고 적용하기 위해 학습합니다.,Python 또는 C++ 기초,초급~중급,OFFICIAL_RESOURCE,공식 튜토리얼·문서,OpenCV Tutorials,OPENCV,,OpenCV,공식 오픈소스,"영상 입출력, 특징 추출, 객체 검출, 추적과 영상처리 파이프라인을 공식 예제로 학습합니다.",OpenCV; Image Processing; Detection; Tracking; Feature,초급~중급,온라인,무료,,온라인,자기주도 학습,상시,상시,대학생·취업준비생·재직자·일반인,없음,https://docs.opencv.org/5.0/tutorials/tutorials.html,OpenCV,공식 기술문서,2026-09-28,상시 운영,,영상 입출력 → 기본 처리 → 특징·검출 → 추적 → 드론 영상 적용,공식 제공기관이 운영하는 교육·튜토리얼·문서 기반 학습경로.,공식 웹사이트 직접 확인
SW·AI,소프트웨어·AI·데이터·관제,DJ-088,드론 사진측량 소프트웨어 엔지니어,플랫폼·데이터,Photogrammetry,사진측량,"사진측량은(는) 드론 데이터 플랫폼·지도·클라우드·앱 개발 업무에서 사용하는 도구·개념·절차입니다. 실제 직무에서는 설계, 운용, 분석 또는 의사결정 결과를 만드는 데 적용됩니다.",드론 사진측량 소프트웨어 엔지니어이(가) 영상 정합·정사영상·DSM·3D 모델 생성 알고리즘 개발 업무를 수행할 때 Photogrammetry을(를) 이해하고 적용하기 위해 학습합니다.,프로그래밍과 데이터 처리 기초,초급~중급,PREREQUISITE,국비지원 직업훈련,AIOT 기반 드론 영상 관제시스템 프로젝트 개발,AIG20250000501335,982,DW아카데미학원,직업훈련기관,응용SW엔지니어링 기반의 고용24 훈련과정입니다. Photogrammetry 학습에는 과정명과의 직접 연관성에 따라 기초·포함·선수 경로로 연결했습니다.,응용SW엔지니어링; AI소프트웨어; AIOT; 파이썬,초급~중급,오프라인,국비지원(일부 자부담 가능),고용24 직업훈련(국민내일배움카드 적용 여부는 과정 상세 확인),대전 중구,"총 1,120시간",,2026-09-09~2027-04-05,K-디지털 트레이닝,수료 여부 과정별 확인,https://www.work24.go.kr/hr/a/a/3100/selectTracseDetl.do?tracseId=AIG20250000501335&tracseTme=8&crseTracseSe=C0061&trainstCstmrId=500020022702,고용24 훈련과정 상세,정부사이트,2026-09-28,현재 운영,https://training.pix4d.com/pages/online-courses,프로그래밍·데이터 기초 → 플랫폼 도구 → 서비스 연동 → 배포·운영 프로젝트,대시보드 원본 교육데이터(진행중)를 Skill과 연결. relevance_type=PREREQUISITE.,dashboard C.html / Work24 원천 링크
SW·AI,소프트웨어·AI·데이터·관제,DJ-088,드론 사진측량 소프트웨어 엔지니어,플랫폼·데이터,Photogrammetry,사진측량,"사진측량은(는) 드론 데이터 플랫폼·지도·클라우드·앱 개발 업무에서 사용하는 도구·개념·절차입니다. 실제 직무에서는 설계, 운용, 분석 또는 의사결정 결과를 만드는 데 적용됩니다.",드론 사진측량 소프트웨어 엔지니어이(가) 영상 정합·정사영상·DSM·3D 모델 생성 알고리즘 개발 업무를 수행할 때 Photogrammetry을(를) 이해하고 적용하기 위해 학습합니다.,드론 촬영과 GIS 기초,초급~중급,OFFICIAL_RESOURCE,공식 튜토리얼·문서,Pix4D Online Courses,PIX4D,,Pix4D,기업 공식교육,"사진측량 데이터 처리, 정사영상·점군·3D 모델 생성과 품질관리를 공식 과정으로 학습합니다.",Pix4D; Photogrammetry; Orthomosaic; Point Cloud; 3D,초급~고급,온라인,무료/유료 혼합,,온라인,자기주도 학습,상시,상시,대학생·취업준비생·재직자·일반인,과정별 수료·인증,https://training.pix4d.com/pages/online-courses,Pix4D,기업·기관 공식사이트,2026-09-28,상시 운영,,데이터 취득 → 프로젝트 설정 → 처리 → 품질검사 → 결과물 활용,공식 제공기관이 운영하는 교육·튜토리얼·문서 기반 학습경로.,공식 웹사이트 직접 확인
SW·AI,소프트웨어·AI·데이터·관제,DJ-088,드론 사진측량 소프트웨어 엔지니어,플랫폼·데이터,SfM,영상 기반 3차원 복원,"영상 기반 3차원 복원은(는) 드론 데이터 플랫폼·지도·클라우드·앱 개발 업무에서 사용하는 도구·개념·절차입니다. 실제 직무에서는 설계, 운용, 분석 또는 의사결정 결과를 만드는 데 적용됩니다.",드론 사진측량 소프트웨어 엔지니어이(가) 영상 정합·정사영상·DSM·3D 모델 생성 알고리즘 개발 업무를 수행할 때 SfM을(를) 이해하고 적용하기 위해 학습합니다.,프로그래밍과 데이터 처리 기초,초급~중급,PREREQUISITE,국비지원 직업훈련,AIOT 기반 드론 영상 관제시스템 프로젝트 개발,AIG20250000501335,982,DW아카데미학원,직업훈련기관,응용SW엔지니어링 기반의 고용24 훈련과정입니다. SfM 학습에는 과정명과의 직접 연관성에 따라 기초·포함·선수 경로로 연결했습니다.,응용SW엔지니어링; AI소프트웨어; AIOT; 파이썬,초급~중급,오프라인,국비지원(일부 자부담 가능),고용24 직업훈련(국민내일배움카드 적용 여부는 과정 상세 확인),대전 중구,"총 1,120시간",,2026-09-09~2027-04-05,K-디지털 트레이닝,수료 여부 과정별 확인,https://www.work24.go.kr/hr/a/a/3100/selectTracseDetl.do?tracseId=AIG20250000501335&tracseTme=8&crseTracseSe=C0061&trainstCstmrId=500020022702,고용24 훈련과정 상세,정부사이트,2026-09-28,현재 운영,https://training.pix4d.com/pages/online-courses,프로그래밍·데이터 기초 → 플랫폼 도구 → 서비스 연동 → 배포·운영 프로젝트,대시보드 원본 교육데이터(진행중)를 Skill과 연결. relevance_type=PREREQUISITE.,dashboard C.html / Work24 원천 링크
SW·AI,소프트웨어·AI·데이터·관제,DJ-088,드론 사진측량 소프트웨어 엔지니어,플랫폼·데이터,SfM,영상 기반 3차원 복원,"영상 기반 3차원 복원은(는) 드론 데이터 플랫폼·지도·클라우드·앱 개발 업무에서 사용하는 도구·개념·절차입니다. 실제 직무에서는 설계, 운용, 분석 또는 의사결정 결과를 만드는 데 적용됩니다.",드론 사진측량 소프트웨어 엔지니어이(가) 영상 정합·정사영상·DSM·3D 모델 생성 알고리즘 개발 업무를 수행할 때 SfM을(를) 이해하고 적용하기 위해 학습합니다.,드론 촬영과 GIS 기초,초급~중급,OFFICIAL_RESOURCE,공식 튜토리얼·문서,Pix4D Online Courses,PIX4D,,Pix4D,기업 공식교육,"사진측량 데이터 처리, 정사영상·점군·3D 모델 생성과 품질관리를 공식 과정으로 학습합니다.",Pix4D; Photogrammetry; Orthomosaic; Point Cloud; 3D,초급~고급,온라인,무료/유료 혼합,,온라인,자기주도 학습,상시,상시,대학생·취업준비생·재직자·일반인,과정별 수료·인증,https://training.pix4d.com/pages/online-courses,Pix4D,기업·기관 공식사이트,2026-09-28,상시 운영,,데이터 취득 → 프로젝트 설정 → 처리 → 품질검사 → 결과물 활용,공식 제공기관이 운영하는 교육·튜토리얼·문서 기반 학습경로.,공식 웹사이트 직접 확인
SW·AI,소프트웨어·AI·데이터·관제,DJ-091,드론 영상데이터 후처리 담당자,플랫폼·데이터,DJI Terra,DJI Terra 매핑 소프트웨어,"DJI Terra 매핑 소프트웨어은(는) 드론 데이터 플랫폼·지도·클라우드·앱 개발 업무에서 사용하는 도구·개념·절차입니다. 실제 직무에서는 설계, 운용, 분석 또는 의사결정 결과를 만드는 데 적용됩니다.",드론 영상데이터 후처리 담당자이(가) 촬영영상 정합·보정·좌표화·산출물 제작 업무를 수행할 때 DJI Terra을(를) 이해하고 적용하기 위해 학습합니다.,프로그래밍과 데이터 처리 기초,초급~중급,PREREQUISITE,국비지원 직업훈련,AIOT 기반 드론 영상 관제시스템 프로젝트 개발,AIG20250000501335,982,DW아카데미학원,직업훈련기관,응용SW엔지니어링 기반의 고용24 훈련과정입니다. DJI Terra 학습에는 과정명과의 직접 연관성에 따라 기초·포함·선수 경로로 연결했습니다.,응용SW엔지니어링; AI소프트웨어; AIOT; 파이썬,초급~중급,오프라인,국비지원(일부 자부담 가능),고용24 직업훈련(국민내일배움카드 적용 여부는 과정 상세 확인),대전 중구,"총 1,120시간",,2026-09-09~2027-04-05,K-디지털 트레이닝,수료 여부 과정별 확인,https://www.work24.go.kr/hr/a/a/3100/selectTracseDetl.do?tracseId=AIG20250000501335&tracseTme=8&crseTracseSe=C0061&trainstCstmrId=500020022702,고용24 훈련과정 상세,정부사이트,2026-09-28,현재 운영,https://enterprise-insights.dji.com/learning-center,프로그래밍·데이터 기초 → 플랫폼 도구 → 서비스 연동 → 배포·운영 프로젝트,대시보드 원본 교육데이터(진행중)를 Skill과 연결. relevance_type=PREREQUISITE.,dashboard C.html / Work24 원천 링크
SW·AI,소프트웨어·AI·데이터·관제,DJ-091,드론 영상데이터 후처리 담당자,플랫폼·데이터,DJI Terra,DJI Terra 매핑 소프트웨어,"DJI Terra 매핑 소프트웨어은(는) 드론 데이터 플랫폼·지도·클라우드·앱 개발 업무에서 사용하는 도구·개념·절차입니다. 실제 직무에서는 설계, 운용, 분석 또는 의사결정 결과를 만드는 데 적용됩니다.",드론 영상데이터 후처리 담당자이(가) 촬영영상 정합·보정·좌표화·산출물 제작 업무를 수행할 때 DJI Terra을(를) 이해하고 적용하기 위해 학습합니다.,드론 조종과 촬영 기초,초급~중급,OFFICIAL_RESOURCE,공식 튜토리얼·문서,DJI Enterprise Learning Center,DJI-GEO,,DJI Enterprise,기업 공식교육,측량·매핑·점검·공공안전 등 DJI Enterprise 장비와 지리공간 워크플로를 학습합니다.,DJI Enterprise; Mapping; Inspection; LiDAR; Drone Operations,초급~중급,온라인,무료/유료 혼합,,온라인,자기주도 학습,상시,상시,대학생·취업준비생·재직자·일반인,프로그램별 확인,https://enterprise-insights.dji.com/learning-center,DJI Enterprise,기업·기관 공식사이트,2026-09-28,상시 운영,,기체·안전 → 임무 설정 → 데이터 수집 → 처리 → 산업별 적용,공식 제공기관이 운영하는 교육·튜토리얼·문서 기반 학습경로.,공식 웹사이트 직접 확인
SW·AI,소프트웨어·AI·데이터·관제,DJ-091,드론 영상데이터 후처리 담당자,플랫폼·데이터,Global Mapper,Global Mapper 관련 기술,"Global Mapper은(는) 드론 데이터 플랫폼·지도·클라우드·앱 개발 업무에서 사용하는 도구·개념·절차입니다. 실제 직무에서는 설계, 운용, 분석 또는 의사결정 결과를 만드는 데 적용됩니다.",드론 영상데이터 후처리 담당자이(가) 촬영영상 정합·보정·좌표화·산출물 제작 업무를 수행할 때 Global Mapper을(를) 이해하고 적용하기 위해 학습합니다.,프로그래밍과 데이터 처리 기초,초급~중급,PREREQUISITE,국비지원 직업훈련,AIOT 기반 드론 영상 관제시스템 프로젝트 개발,AIG20250000501335,982,DW아카데미학원,직업훈련기관,응용SW엔지니어링 기반의 고용24 훈련과정입니다. Global Mapper 학습에는 과정명과의 직접 연관성에 따라 기초·포함·선수 경로로 연결했습니다.,응용SW엔지니어링; AI소프트웨어; AIOT; 파이썬,초급~중급,오프라인,국비지원(일부 자부담 가능),고용24 직업훈련(국민내일배움카드 적용 여부는 과정 상세 확인),대전 중구,"총 1,120시간",,2026-09-09~2027-04-05,K-디지털 트레이닝,수료 여부 과정별 확인,https://www.work24.go.kr/hr/a/a/3100/selectTracseDetl.do?tracseId=AIG20250000501335&tracseTme=8&crseTracseSe=C0061&trainstCstmrId=500020022702,고용24 훈련과정 상세,정부사이트,2026-09-28,현재 운영,,프로그래밍·데이터 기초 → 플랫폼 도구 → 서비스 연동 → 배포·운영 프로젝트,대시보드 원본 교육데이터(진행중)를 Skill과 연결. relevance_type=PREREQUISITE.,dashboard C.html / Work24 원천 링크
SW·AI,소프트웨어·AI·데이터·관제,DJ-091,드론 영상데이터 후처리 담당자,플랫폼·데이터,Pix4D,픽스포디 사진측량 소프트웨어,"픽스포디 사진측량 소프트웨어은(는) 드론 데이터 플랫폼·지도·클라우드·앱 개발 업무에서 사용하는 도구·개념·절차입니다. 실제 직무에서는 설계, 운용, 분석 또는 의사결정 결과를 만드는 데 적용됩니다.",드론 영상데이터 후처리 담당자이(가) 촬영영상 정합·보정·좌표화·산출물 제작 업무를 수행할 때 Pix4D을(를) 이해하고 적용하기 위해 학습합니다.,프로그래밍과 데이터 처리 기초,초급~중급,PREREQUISITE,국비지원 직업훈련,AIOT 기반 드론 영상 관제시스템 프로젝트 개발,AIG20250000501335,982,DW아카데미학원,직업훈련기관,응용SW엔지니어링 기반의 고용24 훈련과정입니다. Pix4D 학습에는 과정명과의 직접 연관성에 따라 기초·포함·선수 경로로 연결했습니다.,응용SW엔지니어링; AI소프트웨어; AIOT; 파이썬,초급~중급,오프라인,국비지원(일부 자부담 가능),고용24 직업훈련(국민내일배움카드 적용 여부는 과정 상세 확인),대전 중구,"총 1,120시간",,2026-09-09~2027-04-05,K-디지털 트레이닝,수료 여부 과정별 확인,https://www.work24.go.kr/hr/a/a/3100/selectTracseDetl.do?tracseId=AIG20250000501335&tracseTme=8&crseTracseSe=C0061&trainstCstmrId=500020022702,고용24 훈련과정 상세,정부사이트,2026-09-28,현재 운영,https://training.pix4d.com/pages/online-courses,프로그래밍·데이터 기초 → 플랫폼 도구 → 서비스 연동 → 배포·운영 프로젝트,대시보드 원본 교육데이터(진행중)를 Skill과 연결. relevance_type=PREREQUISITE.,dashboard C.html / Work24 원천 링크
SW·AI,소프트웨어·AI·데이터·관제,DJ-091,드론 영상데이터 후처리 담당자,플랫폼·데이터,Pix4D,픽스포디 사진측량 소프트웨어,"픽스포디 사진측량 소프트웨어은(는) 드론 데이터 플랫폼·지도·클라우드·앱 개발 업무에서 사용하는 도구·개념·절차입니다. 실제 직무에서는 설계, 운용, 분석 또는 의사결정 결과를 만드는 데 적용됩니다.",드론 영상데이터 후처리 담당자이(가) 촬영영상 정합·보정·좌표화·산출물 제작 업무를 수행할 때 Pix4D을(를) 이해하고 적용하기 위해 학습합니다.,드론 촬영과 GIS 기초,초급~중급,OFFICIAL_RESOURCE,공식 튜토리얼·문서,Pix4D Online Courses,PIX4D,,Pix4D,기업 공식교육,"사진측량 데이터 처리, 정사영상·점군·3D 모델 생성과 품질관리를 공식 과정으로 학습합니다.",Pix4D; Photogrammetry; Orthomosaic; Point Cloud; 3D,초급~고급,온라인,무료/유료 혼합,,온라인,자기주도 학습,상시,상시,대학생·취업준비생·재직자·일반인,과정별 수료·인증,https://training.pix4d.com/pages/online-courses,Pix4D,기업·기관 공식사이트,2026-09-28,상시 운영,,데이터 취득 → 프로젝트 설정 → 처리 → 품질검사 → 결과물 활용,공식 제공기관이 운영하는 교육·튜토리얼·문서 기반 학습경로.,공식 웹사이트 직접 확인
SW·AI,소프트웨어·AI·데이터·관제,DJ-085,드론 클라우드 백엔드 개발자,플랫폼·데이터,API,응용프로그램 인터페이스,"응용프로그램 인터페이스은(는) 드론 데이터 플랫폼·지도·클라우드·앱 개발 업무에서 사용하는 도구·개념·절차입니다. 실제 직무에서는 설계, 운용, 분석 또는 의사결정 결과를 만드는 데 적용됩니다.",드론 클라우드 백엔드 개발자이(가) 비행·영상·센서 데이터 수집·저장·API 개발 업무를 수행할 때 API을(를) 이해하고 적용하기 위해 학습합니다.,프로그래밍과 데이터 처리 기초,초급~중급,PREREQUISITE,국비지원 직업훈련,AIOT 기반 드론 영상 관제시스템 프로젝트 개발,AIG20250000501335,982,DW아카데미학원,직업훈련기관,응용SW엔지니어링 기반의 고용24 훈련과정입니다. API 학습에는 과정명과의 직접 연관성에 따라 기초·포함·선수 경로로 연결했습니다.,응용SW엔지니어링; AI소프트웨어; AIOT; 파이썬,초급~중급,오프라인,국비지원(일부 자부담 가능),고용24 직업훈련(국민내일배움카드 적용 여부는 과정 상세 확인),대전 중구,"총 1,120시간",,2026-09-09~2027-04-05,K-디지털 트레이닝,수료 여부 과정별 확인,https://www.work24.go.kr/hr/a/a/3100/selectTracseDetl.do?tracseId=AIG20250000501335&tracseTme=8&crseTracseSe=C0061&trainstCstmrId=500020022702,고용24 훈련과정 상세,정부사이트,2026-09-28,현재 운영,https://aws.amazon.com/ko/training/digital/,프로그래밍·데이터 기초 → 플랫폼 도구 → 서비스 연동 → 배포·운영 프로젝트,대시보드 원본 교육데이터(진행중)를 Skill과 연결. relevance_type=PREREQUISITE.,dashboard C.html / Work24 원천 링크
SW·AI,소프트웨어·AI·데이터·관제,DJ-085,드론 클라우드 백엔드 개발자,플랫폼·데이터,API,응용프로그램 인터페이스,"응용프로그램 인터페이스은(는) 드론 데이터 플랫폼·지도·클라우드·앱 개발 업무에서 사용하는 도구·개념·절차입니다. 실제 직무에서는 설계, 운용, 분석 또는 의사결정 결과를 만드는 데 적용됩니다.",드론 클라우드 백엔드 개발자이(가) 비행·영상·센서 데이터 수집·저장·API 개발 업무를 수행할 때 API을(를) 이해하고 적용하기 위해 학습합니다.,컴퓨터와 네트워크 기초,초급~중급,INCLUDED,공식 튜토리얼·문서,AWS Skill Builder 디지털 교육,AWS,,Amazon Web Services,기업 공식교육,클라우드·데이터·보안·DevOps 분야의 역할별 공식 디지털 학습경로와 실습을 제공합니다.,Cloud; Database; Security; DevOps; Machine Learning,입문~고급,온라인,무료/유료 혼합,,온라인,자기주도 학습,상시,상시,대학생·취업준비생·재직자·일반인,디지털 배지·자격 준비 과정 있음,https://aws.amazon.com/ko/training/digital/,Amazon Web Services,기업·기관 공식사이트,2026-09-28,상시 운영,,클라우드 기초 → 역할별 학습계획 → 실습 → 드론 플랫폼 설계,공식 제공기관이 운영하는 교육·튜토리얼·문서 기반 학습경로.,공식 웹사이트 직접 확인
SW·AI,소프트웨어·AI·데이터·관제,DJ-085,드론 클라우드 백엔드 개발자,플랫폼·데이터,Cloud,클라우드 컴퓨팅,"클라우드 컴퓨팅은(는) 드론 데이터 플랫폼·지도·클라우드·앱 개발 업무에서 사용하는 도구·개념·절차입니다. 실제 직무에서는 설계, 운용, 분석 또는 의사결정 결과를 만드는 데 적용됩니다.",드론 클라우드 백엔드 개발자이(가) 비행·영상·센서 데이터 수집·저장·API 개발 업무를 수행할 때 Cloud을(를) 이해하고 적용하기 위해 학습합니다.,프로그래밍과 데이터 처리 기초,초급~중급,PREREQUISITE,국비지원 직업훈련,AIOT 기반 드론 영상 관제시스템 프로젝트 개발,AIG20250000501335,982,DW아카데미학원,직업훈련기관,응용SW엔지니어링 기반의 고용24 훈련과정입니다. Cloud 학습에는 과정명과의 직접 연관성에 따라 기초·포함·선수 경로로 연결했습니다.,응용SW엔지니어링; AI소프트웨어; AIOT; 파이썬,초급~중급,오프라인,국비지원(일부 자부담 가능),고용24 직업훈련(국민내일배움카드 적용 여부는 과정 상세 확인),대전 중구,"총 1,120시간",,2026-09-09~2027-04-05,K-디지털 트레이닝,수료 여부 과정별 확인,https://www.work24.go.kr/hr/a/a/3100/selectTracseDetl.do?tracseId=AIG20250000501335&tracseTme=8&crseTracseSe=C0061&trainstCstmrId=500020022702,고용24 훈련과정 상세,정부사이트,2026-09-28,현재 운영,https://aws.amazon.com/ko/training/digital/,프로그래밍·데이터 기초 → 플랫폼 도구 → 서비스 연동 → 배포·운영 프로젝트,대시보드 원본 교육데이터(진행중)를 Skill과 연결. relevance_type=PREREQUISITE.,dashboard C.html / Work24 원천 링크
SW·AI,소프트웨어·AI·데이터·관제,DJ-085,드론 클라우드 백엔드 개발자,플랫폼·데이터,Cloud,클라우드 컴퓨팅,"클라우드 컴퓨팅은(는) 드론 데이터 플랫폼·지도·클라우드·앱 개발 업무에서 사용하는 도구·개념·절차입니다. 실제 직무에서는 설계, 운용, 분석 또는 의사결정 결과를 만드는 데 적용됩니다.",드론 클라우드 백엔드 개발자이(가) 비행·영상·센서 데이터 수집·저장·API 개발 업무를 수행할 때 Cloud을(를) 이해하고 적용하기 위해 학습합니다.,컴퓨터와 네트워크 기초,초급~중급,INCLUDED,공식 튜토리얼·문서,AWS Skill Builder 디지털 교육,AWS,,Amazon Web Services,기업 공식교육,클라우드·데이터·보안·DevOps 분야의 역할별 공식 디지털 학습경로와 실습을 제공합니다.,Cloud; Database; Security; DevOps; Machine Learning,입문~고급,온라인,무료/유료 혼합,,온라인,자기주도 학습,상시,상시,대학생·취업준비생·재직자·일반인,디지털 배지·자격 준비 과정 있음,https://aws.amazon.com/ko/training/digital/,Amazon Web Services,기업·기관 공식사이트,2026-09-28,상시 운영,,클라우드 기초 → 역할별 학습계획 → 실습 → 드론 플랫폼 설계,공식 제공기관이 운영하는 교육·튜토리얼·문서 기반 학습경로.,공식 웹사이트 직접 확인
SW·AI,소프트웨어·AI·데이터·관제,DJ-085,드론 클라우드 백엔드 개발자,플랫폼·데이터,Database,데이터베이스,"데이터베이스은(는) 드론 데이터 플랫폼·지도·클라우드·앱 개발 업무에서 사용하는 도구·개념·절차입니다. 실제 직무에서는 설계, 운용, 분석 또는 의사결정 결과를 만드는 데 적용됩니다.",드론 클라우드 백엔드 개발자이(가) 비행·영상·센서 데이터 수집·저장·API 개발 업무를 수행할 때 Database을(를) 이해하고 적용하기 위해 학습합니다.,프로그래밍과 데이터 처리 기초,초급~중급,PREREQUISITE,국비지원 직업훈련,AIOT 기반 드론 영상 관제시스템 프로젝트 개발,AIG20250000501335,982,DW아카데미학원,직업훈련기관,응용SW엔지니어링 기반의 고용24 훈련과정입니다. Database 학습에는 과정명과의 직접 연관성에 따라 기초·포함·선수 경로로 연결했습니다.,응용SW엔지니어링; AI소프트웨어; AIOT; 파이썬,초급~중급,오프라인,국비지원(일부 자부담 가능),고용24 직업훈련(국민내일배움카드 적용 여부는 과정 상세 확인),대전 중구,"총 1,120시간",,2026-09-09~2027-04-05,K-디지털 트레이닝,수료 여부 과정별 확인,https://www.work24.go.kr/hr/a/a/3100/selectTracseDetl.do?tracseId=AIG20250000501335&tracseTme=8&crseTracseSe=C0061&trainstCstmrId=500020022702,고용24 훈련과정 상세,정부사이트,2026-09-28,현재 운영,https://aws.amazon.com/ko/training/digital/,프로그래밍·데이터 기초 → 플랫폼 도구 → 서비스 연동 → 배포·운영 프로젝트,대시보드 원본 교육데이터(진행중)를 Skill과 연결. relevance_type=PREREQUISITE.,dashboard C.html / Work24 원천 링크
SW·AI,소프트웨어·AI·데이터·관제,DJ-085,드론 클라우드 백엔드 개발자,플랫폼·데이터,Database,데이터베이스,"데이터베이스은(는) 드론 데이터 플랫폼·지도·클라우드·앱 개발 업무에서 사용하는 도구·개념·절차입니다. 실제 직무에서는 설계, 운용, 분석 또는 의사결정 결과를 만드는 데 적용됩니다.",드론 클라우드 백엔드 개발자이(가) 비행·영상·센서 데이터 수집·저장·API 개발 업무를 수행할 때 Database을(를) 이해하고 적용하기 위해 학습합니다.,컴퓨터와 네트워크 기초,초급~중급,INCLUDED,공식 튜토리얼·문서,AWS Skill Builder 디지털 교육,AWS,,Amazon Web Services,기업 공식교육,클라우드·데이터·보안·DevOps 분야의 역할별 공식 디지털 학습경로와 실습을 제공합니다.,Cloud; Database; Security; DevOps; Machine Learning,입문~고급,온라인,무료/유료 혼합,,온라인,자기주도 학습,상시,상시,대학생·취업준비생·재직자·일반인,디지털 배지·자격 준비 과정 있음,https://aws.amazon.com/ko/training/digital/,Amazon Web Services,기업·기관 공식사이트,2026-09-28,상시 운영,,클라우드 기초 → 역할별 학습계획 → 실습 → 드론 플랫폼 설계,공식 제공기관이 운영하는 교육·튜토리얼·문서 기반 학습경로.,공식 웹사이트 직접 확인
SW·AI,소프트웨어·AI·데이터·관제,DJ-085,드론 클라우드 백엔드 개발자,플랫폼·데이터,Kafka,아파치 카프카 스트리밍,"아파치 카프카 스트리밍은(는) 드론 데이터 플랫폼·지도·클라우드·앱 개발 업무에서 사용하는 도구·개념·절차입니다. 실제 직무에서는 설계, 운용, 분석 또는 의사결정 결과를 만드는 데 적용됩니다.",드론 클라우드 백엔드 개발자이(가) 비행·영상·센서 데이터 수집·저장·API 개발 업무를 수행할 때 Kafka을(를) 이해하고 적용하기 위해 학습합니다.,프로그래밍과 데이터 처리 기초,초급~중급,PREREQUISITE,국비지원 직업훈련,AIOT 기반 드론 영상 관제시스템 프로젝트 개발,AIG20250000501335,982,DW아카데미학원,직업훈련기관,응용SW엔지니어링 기반의 고용24 훈련과정입니다. Kafka 학습에는 과정명과의 직접 연관성에 따라 기초·포함·선수 경로로 연결했습니다.,응용SW엔지니어링; AI소프트웨어; AIOT; 파이썬,초급~중급,오프라인,국비지원(일부 자부담 가능),고용24 직업훈련(국민내일배움카드 적용 여부는 과정 상세 확인),대전 중구,"총 1,120시간",,2026-09-09~2027-04-05,K-디지털 트레이닝,수료 여부 과정별 확인,https://www.work24.go.kr/hr/a/a/3100/selectTracseDetl.do?tracseId=AIG20250000501335&tracseTme=8&crseTracseSe=C0061&trainstCstmrId=500020022702,고용24 훈련과정 상세,정부사이트,2026-09-28,현재 운영,https://kafka.apache.org/quickstart/,프로그래밍·데이터 기초 → 플랫폼 도구 → 서비스 연동 → 배포·운영 프로젝트,대시보드 원본 교육데이터(진행중)를 Skill과 연결. relevance_type=PREREQUISITE.,dashboard C.html / Work24 원천 링크
SW·AI,소프트웨어·AI·데이터·관제,DJ-085,드론 클라우드 백엔드 개발자,플랫폼·데이터,Kafka,아파치 카프카 스트리밍,"아파치 카프카 스트리밍은(는) 드론 데이터 플랫폼·지도·클라우드·앱 개발 업무에서 사용하는 도구·개념·절차입니다. 실제 직무에서는 설계, 운용, 분석 또는 의사결정 결과를 만드는 데 적용됩니다.",드론 클라우드 백엔드 개발자이(가) 비행·영상·센서 데이터 수집·저장·API 개발 업무를 수행할 때 Kafka을(를) 이해하고 적용하기 위해 학습합니다.,명령줄과 네트워크 기초,초급~중급,DIRECT,공식교육,Apache Kafka Quickstart,KAFKA,,Apache Kafka,공식 오픈소스,"Kafka 브로커, 토픽, 프로듀서·컨슈머와 스트림 처리의 기본 흐름을 실습합니다.",Kafka; Topic; Producer; Consumer; Stream,초급~중급,온라인,무료,,온라인,자기주도 학습,상시,상시,대학생·취업준비생·재직자·일반인,없음,https://kafka.apache.org/quickstart/,Apache Kafka,공식 기술문서,2026-09-28,상시 운영,,설치 → Topic → Producer·Consumer → Streams → 드론 텔레메트리 연동,공식 제공기관이 운영하는 교육·튜토리얼·문서 기반 학습경로.,공식 웹사이트 직접 확인
SW·AI,소프트웨어·AI·데이터·관제,DJ-083,드론 통합관제 플랫폼 개발자,플랫폼·데이터,Backend,백엔드 개발,"백엔드 개발은(는) 드론 데이터 플랫폼·지도·클라우드·앱 개발 업무에서 사용하는 도구·개념·절차입니다. 실제 직무에서는 설계, 운용, 분석 또는 의사결정 결과를 만드는 데 적용됩니다.",드론 통합관제 플랫폼 개발자이(가) 다수 기체·영상·센서·경보를 통합하는 관제 개발 업무를 수행할 때 Backend을(를) 이해하고 적용하기 위해 학습합니다.,프로그래밍과 데이터 처리 기초,초급~중급,PREREQUISITE,국비지원 직업훈련,AIOT 기반 드론 영상 관제시스템 프로젝트 개발,AIG20250000501335,982,DW아카데미학원,직업훈련기관,응용SW엔지니어링 기반의 고용24 훈련과정입니다. Backend 학습에는 과정명과의 직접 연관성에 따라 기초·포함·선수 경로로 연결했습니다.,응용SW엔지니어링; AI소프트웨어; AIOT; 파이썬,초급~중급,오프라인,국비지원(일부 자부담 가능),고용24 직업훈련(국민내일배움카드 적용 여부는 과정 상세 확인),대전 중구,"총 1,120시간",,2026-09-09~2027-04-05,K-디지털 트레이닝,수료 여부 과정별 확인,https://www.work24.go.kr/hr/a/a/3100/selectTracseDetl.do?tracseId=AIG20250000501335&tracseTme=8&crseTracseSe=C0061&trainstCstmrId=500020022702,고용24 훈련과정 상세,정부사이트,2026-09-28,현재 운영,https://aws.amazon.com/ko/training/digital/,프로그래밍·데이터 기초 → 플랫폼 도구 → 서비스 연동 → 배포·운영 프로젝트,대시보드 원본 교육데이터(진행중)를 Skill과 연결. relevance_type=PREREQUISITE.,dashboard C.html / Work24 원천 링크
SW·AI,소프트웨어·AI·데이터·관제,DJ-083,드론 통합관제 플랫폼 개발자,플랫폼·데이터,Backend,백엔드 개발,"백엔드 개발은(는) 드론 데이터 플랫폼·지도·클라우드·앱 개발 업무에서 사용하는 도구·개념·절차입니다. 실제 직무에서는 설계, 운용, 분석 또는 의사결정 결과를 만드는 데 적용됩니다.",드론 통합관제 플랫폼 개발자이(가) 다수 기체·영상·센서·경보를 통합하는 관제 개발 업무를 수행할 때 Backend을(를) 이해하고 적용하기 위해 학습합니다.,컴퓨터와 네트워크 기초,초급~중급,INCLUDED,공식 튜토리얼·문서,AWS Skill Builder 디지털 교육,AWS,,Amazon Web Services,기업 공식교육,클라우드·데이터·보안·DevOps 분야의 역할별 공식 디지털 학습경로와 실습을 제공합니다.,Cloud; Database; Security; DevOps; Machine Learning,입문~고급,온라인,무료/유료 혼합,,온라인,자기주도 학습,상시,상시,대학생·취업준비생·재직자·일반인,디지털 배지·자격 준비 과정 있음,https://aws.amazon.com/ko/training/digital/,Amazon Web Services,기업·기관 공식사이트,2026-09-28,상시 운영,,클라우드 기초 → 역할별 학습계획 → 실습 → 드론 플랫폼 설계,공식 제공기관이 운영하는 교육·튜토리얼·문서 기반 학습경로.,공식 웹사이트 직접 확인
SW·AI,소프트웨어·AI·데이터·관제,DJ-083,드론 통합관제 플랫폼 개발자,플랫폼·데이터,GIS,지리정보시스템,"지리정보시스템은(는) 드론 데이터 플랫폼·지도·클라우드·앱 개발 업무에서 사용하는 도구·개념·절차입니다. 실제 직무에서는 설계, 운용, 분석 또는 의사결정 결과를 만드는 데 적용됩니다.",드론 통합관제 플랫폼 개발자이(가) 다수 기체·영상·센서·경보를 통합하는 관제 개발 업무를 수행할 때 GIS을(를) 이해하고 적용하기 위해 학습합니다.,프로그래밍과 데이터 처리 기초,입문~초급,PREREQUISITE,국비지원 직업훈련,AIOT 기반 드론 영상 관제시스템 프로젝트 개발,AIG20250000501335,982,DW아카데미학원,직업훈련기관,응용SW엔지니어링 기반의 고용24 훈련과정입니다. GIS 학습에는 과정명과의 직접 연관성에 따라 기초·포함·선수 경로로 연결했습니다.,응용SW엔지니어링; AI소프트웨어; AIOT; 파이썬,입문~초급,오프라인,국비지원(일부 자부담 가능),고용24 직업훈련(국민내일배움카드 적용 여부는 과정 상세 확인),대전 중구,"총 1,120시간",,2026-09-09~2027-04-05,K-디지털 트레이닝,수료 여부 과정별 확인,https://www.work24.go.kr/hr/a/a/3100/selectTracseDetl.do?tracseId=AIG20250000501335&tracseTme=8&crseTracseSe=C0061&trainstCstmrId=500020022702,고용24 훈련과정 상세,정부사이트,2026-09-28,현재 운영,https://docs.qgis.org/latest/en/docs/training_manual/index.html,프로그래밍·데이터 기초 → 플랫폼 도구 → 서비스 연동 → 배포·운영 프로젝트,대시보드 원본 교육데이터(진행중)를 Skill과 연결. relevance_type=PREREQUISITE.,dashboard C.html / Work24 원천 링크
SW·AI,소프트웨어·AI·데이터·관제,DJ-083,드론 통합관제 플랫폼 개발자,플랫폼·데이터,GIS,지리정보시스템,"지리정보시스템은(는) 드론 데이터 플랫폼·지도·클라우드·앱 개발 업무에서 사용하는 도구·개념·절차입니다. 실제 직무에서는 설계, 운용, 분석 또는 의사결정 결과를 만드는 데 적용됩니다.",드론 통합관제 플랫폼 개발자이(가) 다수 기체·영상·센서·경보를 통합하는 관제 개발 업무를 수행할 때 GIS을(를) 이해하고 적용하기 위해 학습합니다.,컴퓨터 파일 관리와 지도 기초,입문~초급,OFFICIAL_RESOURCE,공식 튜토리얼·문서,QGIS Training Manual,QGIS,,QGIS Project,공식 오픈소스,"GIS 인터페이스, 벡터·래스터 데이터, 좌표계, 공간분석과 지도 제작을 단계별로 실습합니다.",QGIS; GIS; CRS; Vector; Raster; Spatial Analysis,입문~중급,온라인,무료,,온라인,자기주도 학습,상시,상시,대학생·취업준비생·재직자·일반인,없음,https://docs.qgis.org/latest/en/docs/training_manual/index.html,QGIS Project,공식 기술문서,2026-09-28,상시 운영,,인터페이스 → 레이어·좌표계 → 편집 → 공간분석 → 드론 공간정보 프로젝트,공식 제공기관이 운영하는 교육·튜토리얼·문서 기반 학습경로.,공식 웹사이트 직접 확인
SW·AI,소프트웨어·AI·데이터·관제,DJ-083,드론 통합관제 플랫폼 개발자,플랫폼·데이터,Streaming,Streaming 관련 기술,"Streaming은(는) 드론 데이터 플랫폼·지도·클라우드·앱 개발 업무에서 사용하는 도구·개념·절차입니다. 실제 직무에서는 설계, 운용, 분석 또는 의사결정 결과를 만드는 데 적용됩니다.",드론 통합관제 플랫폼 개발자이(가) 다수 기체·영상·센서·경보를 통합하는 관제 개발 업무를 수행할 때 Streaming을(를) 이해하고 적용하기 위해 학습합니다.,프로그래밍과 데이터 처리 기초,초급~중급,PREREQUISITE,국비지원 직업훈련,AIOT 기반 드론 영상 관제시스템 프로젝트 개발,AIG20250000501335,982,DW아카데미학원,직업훈련기관,응용SW엔지니어링 기반의 고용24 훈련과정입니다. Streaming 학습에는 과정명과의 직접 연관성에 따라 기초·포함·선수 경로로 연결했습니다.,응용SW엔지니어링; AI소프트웨어; AIOT; 파이썬,초급~중급,오프라인,국비지원(일부 자부담 가능),고용24 직업훈련(국민내일배움카드 적용 여부는 과정 상세 확인),대전 중구,"총 1,120시간",,2026-09-09~2027-04-05,K-디지털 트레이닝,수료 여부 과정별 확인,https://www.work24.go.kr/hr/a/a/3100/selectTracseDetl.do?tracseId=AIG20250000501335&tracseTme=8&crseTracseSe=C0061&trainstCstmrId=500020022702,고용24 훈련과정 상세,정부사이트,2026-09-28,현재 운영,https://kafka.apache.org/quickstart/,프로그래밍·데이터 기초 → 플랫폼 도구 → 서비스 연동 → 배포·운영 프로젝트,대시보드 원본 교육데이터(진행중)를 Skill과 연결. relevance_type=PREREQUISITE.,dashboard C.html / Work24 원천 링크
SW·AI,소프트웨어·AI·데이터·관제,DJ-083,드론 통합관제 플랫폼 개발자,플랫폼·데이터,Streaming,Streaming 관련 기술,"Streaming은(는) 드론 데이터 플랫폼·지도·클라우드·앱 개발 업무에서 사용하는 도구·개념·절차입니다. 실제 직무에서는 설계, 운용, 분석 또는 의사결정 결과를 만드는 데 적용됩니다.",드론 통합관제 플랫폼 개발자이(가) 다수 기체·영상·센서·경보를 통합하는 관제 개발 업무를 수행할 때 Streaming을(를) 이해하고 적용하기 위해 학습합니다.,명령줄과 네트워크 기초,초급~중급,DIRECT,공식교육,Apache Kafka Quickstart,KAFKA,,Apache Kafka,공식 오픈소스,"Kafka 브로커, 토픽, 프로듀서·컨슈머와 스트림 처리의 기본 흐름을 실습합니다.",Kafka; Topic; Producer; Consumer; Stream,초급~중급,온라인,무료,,온라인,자기주도 학습,상시,상시,대학생·취업준비생·재직자·일반인,없음,https://kafka.apache.org/quickstart/,Apache Kafka,공식 기술문서,2026-09-28,상시 운영,,설치 → Topic → Producer·Consumer → Streams → 드론 텔레메트리 연동,공식 제공기관이 운영하는 교육·튜토리얼·문서 기반 학습경로.,공식 웹사이트 직접 확인
SW·AI,소프트웨어·AI·데이터·관제,DJ-084,드론 플릿관리 소프트웨어 개발자,플랫폼·데이터,Fleet,Fleet 관련 기술,"Fleet은(는) 드론 데이터 플랫폼·지도·클라우드·앱 개발 업무에서 사용하는 도구·개념·절차입니다. 실제 직무에서는 설계, 운용, 분석 또는 의사결정 결과를 만드는 데 적용됩니다.",드론 플릿관리 소프트웨어 개발자이(가) 기체 배차·상태·정비·배터리·임무 이력 관리 업무를 수행할 때 Fleet을(를) 이해하고 적용하기 위해 학습합니다.,프로그래밍과 데이터 처리 기초,초급~중급,PREREQUISITE,국비지원 직업훈련,AIOT 기반 드론 영상 관제시스템 프로젝트 개발,AIG20250000501335,982,DW아카데미학원,직업훈련기관,응용SW엔지니어링 기반의 고용24 훈련과정입니다. Fleet 학습에는 과정명과의 직접 연관성에 따라 기초·포함·선수 경로로 연결했습니다.,응용SW엔지니어링; AI소프트웨어; AIOT; 파이썬,초급~중급,오프라인,국비지원(일부 자부담 가능),고용24 직업훈련(국민내일배움카드 적용 여부는 과정 상세 확인),대전 중구,"총 1,120시간",,2026-09-09~2027-04-05,K-디지털 트레이닝,수료 여부 과정별 확인,https://www.work24.go.kr/hr/a/a/3100/selectTracseDetl.do?tracseId=AIG20250000501335&tracseTme=8&crseTracseSe=C0061&trainstCstmrId=500020022702,고용24 훈련과정 상세,정부사이트,2026-09-28,현재 운영,,프로그래밍·데이터 기초 → 플랫폼 도구 → 서비스 연동 → 배포·운영 프로젝트,대시보드 원본 교육데이터(진행중)를 Skill과 연결. relevance_type=PREREQUISITE.,dashboard C.html / Work24 원천 링크
SW·AI,소프트웨어·AI·데이터·관제,DJ-084,드론 플릿관리 소프트웨어 개발자,플랫폼·데이터,IoT,IoT 관련 기술,"IoT은(는) 드론 데이터 플랫폼·지도·클라우드·앱 개발 업무에서 사용하는 도구·개념·절차입니다. 실제 직무에서는 설계, 운용, 분석 또는 의사결정 결과를 만드는 데 적용됩니다.",드론 플릿관리 소프트웨어 개발자이(가) 기체 배차·상태·정비·배터리·임무 이력 관리 업무를 수행할 때 IoT을(를) 이해하고 적용하기 위해 학습합니다.,프로그래밍과 데이터 처리 기초,초급~중급,DIRECT,국비지원 직업훈련,AIOT 기반 드론 영상 관제시스템 프로젝트 개발,AIG20250000501335,982,DW아카데미학원,직업훈련기관,응용SW엔지니어링 기반의 고용24 훈련과정입니다. IoT 학습에는 과정명과의 직접 연관성에 따라 기초·포함·선수 경로로 연결했습니다.,응용SW엔지니어링; AI소프트웨어; AIOT; 파이썬,초급~중급,오프라인,국비지원(일부 자부담 가능),고용24 직업훈련(국민내일배움카드 적용 여부는 과정 상세 확인),대전 중구,"총 1,120시간",,2026-09-09~2027-04-05,K-디지털 트레이닝,수료 여부 과정별 확인,https://www.work24.go.kr/hr/a/a/3100/selectTracseDetl.do?tracseId=AIG20250000501335&tracseTme=8&crseTracseSe=C0061&trainstCstmrId=500020022702,고용24 훈련과정 상세,정부사이트,2026-09-28,현재 운영,https://docs.arduino.cc/learn,프로그래밍·데이터 기초 → 플랫폼 도구 → 서비스 연동 → 배포·운영 프로젝트,대시보드 원본 교육데이터(진행중)를 Skill과 연결. relevance_type=DIRECT.,dashboard C.html / Work24 원천 링크
SW·AI,소프트웨어·AI·데이터·관제,DJ-084,드론 플릿관리 소프트웨어 개발자,플랫폼·데이터,IoT,IoT 관련 기술,"IoT은(는) 드론 데이터 플랫폼·지도·클라우드·앱 개발 업무에서 사용하는 도구·개념·절차입니다. 실제 직무에서는 설계, 운용, 분석 또는 의사결정 결과를 만드는 데 적용됩니다.",드론 플릿관리 소프트웨어 개발자이(가) 기체 배차·상태·정비·배터리·임무 이력 관리 업무를 수행할 때 IoT을(를) 이해하고 적용하기 위해 학습합니다.,전기 안전과 기초 회로,초급~중급,INCLUDED,공식 튜토리얼·문서,Arduino Learn,ARDUINO,,Arduino,기업 공식교육,"전자회로, 마이크로컨트롤러, 센서·모터·통신을 공식 실습 예제로 학습합니다.",Arduino; Electronics; MCU; Sensor; Motor; Serial Communication,입문~중급,온라인,무료,,온라인,자기주도 학습,상시,상시,대학생·취업준비생·재직자·일반인,없음,https://docs.arduino.cc/learn,Arduino,기업·기관 공식사이트,2026-09-28,상시 운영,,회로 기초 → 입출력 → 센서·통신 → 모터 제어 → 드론 장치 프로토타입,공식 제공기관이 운영하는 교육·튜토리얼·문서 기반 학습경로.,공식 웹사이트 직접 확인
SW·AI,소프트웨어·AI·데이터·관제,DJ-084,드론 플릿관리 소프트웨어 개발자,플랫폼·데이터,Telemetry,Telemetry 관련 기술,"Telemetry은(는) 드론 데이터 플랫폼·지도·클라우드·앱 개발 업무에서 사용하는 도구·개념·절차입니다. 실제 직무에서는 설계, 운용, 분석 또는 의사결정 결과를 만드는 데 적용됩니다.",드론 플릿관리 소프트웨어 개발자이(가) 기체 배차·상태·정비·배터리·임무 이력 관리 업무를 수행할 때 Telemetry을(를) 이해하고 적용하기 위해 학습합니다.,프로그래밍과 데이터 처리 기초,초급~중급,PREREQUISITE,국비지원 직업훈련,AIOT 기반 드론 영상 관제시스템 프로젝트 개발,AIG20250000501335,982,DW아카데미학원,직업훈련기관,응용SW엔지니어링 기반의 고용24 훈련과정입니다. Telemetry 학습에는 과정명과의 직접 연관성에 따라 기초·포함·선수 경로로 연결했습니다.,응용SW엔지니어링; AI소프트웨어; AIOT; 파이썬,초급~중급,오프라인,국비지원(일부 자부담 가능),고용24 직업훈련(국민내일배움카드 적용 여부는 과정 상세 확인),대전 중구,"총 1,120시간",,2026-09-09~2027-04-05,K-디지털 트레이닝,수료 여부 과정별 확인,https://www.work24.go.kr/hr/a/a/3100/selectTracseDetl.do?tracseId=AIG20250000501335&tracseTme=8&crseTracseSe=C0061&trainstCstmrId=500020022702,고용24 훈련과정 상세,정부사이트,2026-09-28,현재 운영,https://mavlink.io/en/,프로그래밍·데이터 기초 → 플랫폼 도구 → 서비스 연동 → 배포·운영 프로젝트,대시보드 원본 교육데이터(진행중)를 Skill과 연결. relevance_type=PREREQUISITE.,dashboard C.html / Work24 원천 링크
SW·AI,소프트웨어·AI·데이터·관제,DJ-084,드론 플릿관리 소프트웨어 개발자,플랫폼·데이터,Telemetry,Telemetry 관련 기술,"Telemetry은(는) 드론 데이터 플랫폼·지도·클라우드·앱 개발 업무에서 사용하는 도구·개념·절차입니다. 실제 직무에서는 설계, 운용, 분석 또는 의사결정 결과를 만드는 데 적용됩니다.",드론 플릿관리 소프트웨어 개발자이(가) 기체 배차·상태·정비·배터리·임무 이력 관리 업무를 수행할 때 Telemetry을(를) 이해하고 적용하기 위해 학습합니다.,네트워크와 C/C++ 또는 Python 기초,초급~중급,OFFICIAL_RESOURCE,공식 튜토리얼·문서,MAVLink Developer Guide,MAVLINK-GUIDE,,MAVLink / Dronecode,공식 오픈소스,"드론과 지상국 사이의 메시지, 마이크로서비스, 라우팅과 C·C++·Python 연동을 학습합니다.",MAVLink; Telemetry; Message; Routing; Pymavlink,중급,온라인,무료,,온라인,자기주도 학습,상시,상시,대학생·취업준비생·재직자·일반인,없음,https://mavlink.io/en/,MAVLink / Dronecode,공식 기술문서,2026-09-28,상시 운영,,Protocol Overview → Toolchain → Messages → Library Examples → Vehicle Link,공식 제공기관이 운영하는 교육·튜토리얼·문서 기반 학습경로.,공식 웹사이트 직접 확인
SW·AI,소프트웨어·AI·데이터·관제,DJ-087,드론 GIS 소프트웨어 개발자,플랫폼·데이터,GIS,지리정보시스템,"지리정보시스템은(는) 드론 데이터 플랫폼·지도·클라우드·앱 개발 업무에서 사용하는 도구·개념·절차입니다. 실제 직무에서는 설계, 운용, 분석 또는 의사결정 결과를 만드는 데 적용됩니다.",드론 GIS 소프트웨어 개발자이(가) 드론 공간정보 편집·분석·서비스 소프트웨어 개발 업무를 수행할 때 GIS을(를) 이해하고 적용하기 위해 학습합니다.,프로그래밍과 데이터 처리 기초,입문~초급,PREREQUISITE,국비지원 직업훈련,AIOT 기반 드론 영상 관제시스템 프로젝트 개발,AIG20250000501335,982,DW아카데미학원,직업훈련기관,응용SW엔지니어링 기반의 고용24 훈련과정입니다. GIS 학습에는 과정명과의 직접 연관성에 따라 기초·포함·선수 경로로 연결했습니다.,응용SW엔지니어링; AI소프트웨어; AIOT; 파이썬,입문~초급,오프라인,국비지원(일부 자부담 가능),고용24 직업훈련(국민내일배움카드 적용 여부는 과정 상세 확인),대전 중구,"총 1,120시간",,2026-09-09~2027-04-05,K-디지털 트레이닝,수료 여부 과정별 확인,https://www.work24.go.kr/hr/a/a/3100/selectTracseDetl.do?tracseId=AIG20250000501335&tracseTme=8&crseTracseSe=C0061&trainstCstmrId=500020022702,고용24 훈련과정 상세,정부사이트,2026-09-28,현재 운영,https://docs.qgis.org/latest/en/docs/training_manual/index.html,프로그래밍·데이터 기초 → 플랫폼 도구 → 서비스 연동 → 배포·운영 프로젝트,대시보드 원본 교육데이터(진행중)를 Skill과 연결. relevance_type=PREREQUISITE.,dashboard C.html / Work24 원천 링크
SW·AI,소프트웨어·AI·데이터·관제,DJ-087,드론 GIS 소프트웨어 개발자,플랫폼·데이터,GIS,지리정보시스템,"지리정보시스템은(는) 드론 데이터 플랫폼·지도·클라우드·앱 개발 업무에서 사용하는 도구·개념·절차입니다. 실제 직무에서는 설계, 운용, 분석 또는 의사결정 결과를 만드는 데 적용됩니다.",드론 GIS 소프트웨어 개발자이(가) 드론 공간정보 편집·분석·서비스 소프트웨어 개발 업무를 수행할 때 GIS을(를) 이해하고 적용하기 위해 학습합니다.,컴퓨터 파일 관리와 지도 기초,입문~초급,OFFICIAL_RESOURCE,공식 튜토리얼·문서,QGIS Training Manual,QGIS,,QGIS Project,공식 오픈소스,"GIS 인터페이스, 벡터·래스터 데이터, 좌표계, 공간분석과 지도 제작을 단계별로 실습합니다.",QGIS; GIS; CRS; Vector; Raster; Spatial Analysis,입문~중급,온라인,무료,,온라인,자기주도 학습,상시,상시,대학생·취업준비생·재직자·일반인,없음,https://docs.qgis.org/latest/en/docs/training_manual/index.html,QGIS Project,공식 기술문서,2026-09-28,상시 운영,,인터페이스 → 레이어·좌표계 → 편집 → 공간분석 → 드론 공간정보 프로젝트,공식 제공기관이 운영하는 교육·튜토리얼·문서 기반 학습경로.,공식 웹사이트 직접 확인
SW·AI,소프트웨어·AI·데이터·관제,DJ-087,드론 GIS 소프트웨어 개발자,플랫폼·데이터,Web Map,웹 지도,"웹 지도은(는) 드론 데이터 플랫폼·지도·클라우드·앱 개발 업무에서 사용하는 도구·개념·절차입니다. 실제 직무에서는 설계, 운용, 분석 또는 의사결정 결과를 만드는 데 적용됩니다.",드론 GIS 소프트웨어 개발자이(가) 드론 공간정보 편집·분석·서비스 소프트웨어 개발 업무를 수행할 때 Web Map을(를) 이해하고 적용하기 위해 학습합니다.,프로그래밍과 데이터 처리 기초,초급~중급,PREREQUISITE,국비지원 직업훈련,AIOT 기반 드론 영상 관제시스템 프로젝트 개발,AIG20250000501335,982,DW아카데미학원,직업훈련기관,응용SW엔지니어링 기반의 고용24 훈련과정입니다. Web Map 학습에는 과정명과의 직접 연관성에 따라 기초·포함·선수 경로로 연결했습니다.,응용SW엔지니어링; AI소프트웨어; AIOT; 파이썬,초급~중급,오프라인,국비지원(일부 자부담 가능),고용24 직업훈련(국민내일배움카드 적용 여부는 과정 상세 확인),대전 중구,"총 1,120시간",,2026-09-09~2027-04-05,K-디지털 트레이닝,수료 여부 과정별 확인,https://www.work24.go.kr/hr/a/a/3100/selectTracseDetl.do?tracseId=AIG20250000501335&tracseTme=8&crseTracseSe=C0061&trainstCstmrId=500020022702,고용24 훈련과정 상세,정부사이트,2026-09-28,현재 운영,https://docs.qgis.org/latest/en/docs/training_manual/index.html,프로그래밍·데이터 기초 → 플랫폼 도구 → 서비스 연동 → 배포·운영 프로젝트,대시보드 원본 교육데이터(진행중)를 Skill과 연결. relevance_type=PREREQUISITE.,dashboard C.html / Work24 원천 링크
SW·AI,소프트웨어·AI·데이터·관제,DJ-087,드론 GIS 소프트웨어 개발자,플랫폼·데이터,Web Map,웹 지도,"웹 지도은(는) 드론 데이터 플랫폼·지도·클라우드·앱 개발 업무에서 사용하는 도구·개념·절차입니다. 실제 직무에서는 설계, 운용, 분석 또는 의사결정 결과를 만드는 데 적용됩니다.",드론 GIS 소프트웨어 개발자이(가) 드론 공간정보 편집·분석·서비스 소프트웨어 개발 업무를 수행할 때 Web Map을(를) 이해하고 적용하기 위해 학습합니다.,컴퓨터 파일 관리와 지도 기초,초급~중급,OFFICIAL_RESOURCE,공식 튜토리얼·문서,QGIS Training Manual,QGIS,,QGIS Project,공식 오픈소스,"GIS 인터페이스, 벡터·래스터 데이터, 좌표계, 공간분석과 지도 제작을 단계별로 실습합니다.",QGIS; GIS; CRS; Vector; Raster; Spatial Analysis,입문~중급,온라인,무료,,온라인,자기주도 학습,상시,상시,대학생·취업준비생·재직자·일반인,없음,https://docs.qgis.org/latest/en/docs/training_manual/index.html,QGIS Project,공식 기술문서,2026-09-28,상시 운영,,인터페이스 → 레이어·좌표계 → 편집 → 공간분석 → 드론 공간정보 프로젝트,공식 제공기관이 운영하는 교육·튜토리얼·문서 기반 학습경로.,공식 웹사이트 직접 확인
SW·AI,소프트웨어·AI·데이터·관제,DJ-087,드론 GIS 소프트웨어 개발자,플랫폼·데이터,좌표계,좌표계,"좌표계은(는) 드론 데이터 플랫폼·지도·클라우드·앱 개발 업무에서 사용하는 도구·개념·절차입니다. 실제 직무에서는 설계, 운용, 분석 또는 의사결정 결과를 만드는 데 적용됩니다.",드론 GIS 소프트웨어 개발자이(가) 드론 공간정보 편집·분석·서비스 소프트웨어 개발 업무를 수행할 때 좌표계을(를) 이해하고 적용하기 위해 학습합니다.,프로그래밍과 데이터 처리 기초,초급~중급,PREREQUISITE,국비지원 직업훈련,AIOT 기반 드론 영상 관제시스템 프로젝트 개발,AIG20250000501335,982,DW아카데미학원,직업훈련기관,응용SW엔지니어링 기반의 고용24 훈련과정입니다. 좌표계 학습에는 과정명과의 직접 연관성에 따라 기초·포함·선수 경로로 연결했습니다.,응용SW엔지니어링; AI소프트웨어; AIOT; 파이썬,초급~중급,오프라인,국비지원(일부 자부담 가능),고용24 직업훈련(국민내일배움카드 적용 여부는 과정 상세 확인),대전 중구,"총 1,120시간",,2026-09-09~2027-04-05,K-디지털 트레이닝,수료 여부 과정별 확인,https://www.work24.go.kr/hr/a/a/3100/selectTracseDetl.do?tracseId=AIG20250000501335&tracseTme=8&crseTracseSe=C0061&trainstCstmrId=500020022702,고용24 훈련과정 상세,정부사이트,2026-09-28,현재 운영,https://docs.qgis.org/latest/en/docs/training_manual/index.html,프로그래밍·데이터 기초 → 플랫폼 도구 → 서비스 연동 → 배포·운영 프로젝트,대시보드 원본 교육데이터(진행중)를 Skill과 연결. relevance_type=PREREQUISITE.,dashboard C.html / Work24 원천 링크
SW·AI,소프트웨어·AI·데이터·관제,DJ-087,드론 GIS 소프트웨어 개발자,플랫폼·데이터,좌표계,좌표계,"좌표계은(는) 드론 데이터 플랫폼·지도·클라우드·앱 개발 업무에서 사용하는 도구·개념·절차입니다. 실제 직무에서는 설계, 운용, 분석 또는 의사결정 결과를 만드는 데 적용됩니다.",드론 GIS 소프트웨어 개발자이(가) 드론 공간정보 편집·분석·서비스 소프트웨어 개발 업무를 수행할 때 좌표계을(를) 이해하고 적용하기 위해 학습합니다.,컴퓨터 파일 관리와 지도 기초,초급~중급,OFFICIAL_RESOURCE,공식 튜토리얼·문서,QGIS Training Manual,QGIS,,QGIS Project,공식 오픈소스,"GIS 인터페이스, 벡터·래스터 데이터, 좌표계, 공간분석과 지도 제작을 단계별로 실습합니다.",QGIS; GIS; CRS; Vector; Raster; Spatial Analysis,입문~중급,온라인,무료,,온라인,자기주도 학습,상시,상시,대학생·취업준비생·재직자·일반인,없음,https://docs.qgis.org/latest/en/docs/training_manual/index.html,QGIS Project,공식 기술문서,2026-09-28,상시 운영,,인터페이스 → 레이어·좌표계 → 편집 → 공간분석 → 드론 공간정보 프로젝트,공식 제공기관이 운영하는 교육·튜토리얼·문서 기반 학습경로.,공식 웹사이트 직접 확인
SW·AI,소프트웨어·AI·데이터·관제,DJ-093,드론 MLOps 엔지니어,플랫폼·데이터,CI/CD,지속적 통합·배포,"지속적 통합·배포은(는) 드론 데이터 플랫폼·지도·클라우드·앱 개발 업무에서 사용하는 도구·개념·절차입니다. 실제 직무에서는 설계, 운용, 분석 또는 의사결정 결과를 만드는 데 적용됩니다.",드론 MLOps 엔지니어이(가) 드론 AI 데이터·모델 학습·배포·모니터링 파이프라인 운영 업무를 수행할 때 CI/CD을(를) 이해하고 적용하기 위해 학습합니다.,프로그래밍과 데이터 처리 기초,초급~중급,PREREQUISITE,국비지원 직업훈련,AIOT 기반 드론 영상 관제시스템 프로젝트 개발,AIG20250000501335,982,DW아카데미학원,직업훈련기관,응용SW엔지니어링 기반의 고용24 훈련과정입니다. CI/CD 학습에는 과정명과의 직접 연관성에 따라 기초·포함·선수 경로로 연결했습니다.,응용SW엔지니어링; AI소프트웨어; AIOT; 파이썬,초급~중급,오프라인,국비지원(일부 자부담 가능),고용24 직업훈련(국민내일배움카드 적용 여부는 과정 상세 확인),대전 중구,"총 1,120시간",,2026-09-09~2027-04-05,K-디지털 트레이닝,수료 여부 과정별 확인,https://www.work24.go.kr/hr/a/a/3100/selectTracseDetl.do?tracseId=AIG20250000501335&tracseTme=8&crseTracseSe=C0061&trainstCstmrId=500020022702,고용24 훈련과정 상세,정부사이트,2026-09-28,현재 운영,https://aws.amazon.com/ko/training/digital/,프로그래밍·데이터 기초 → 플랫폼 도구 → 서비스 연동 → 배포·운영 프로젝트,대시보드 원본 교육데이터(진행중)를 Skill과 연결. relevance_type=PREREQUISITE.,dashboard C.html / Work24 원천 링크
SW·AI,소프트웨어·AI·데이터·관제,DJ-093,드론 MLOps 엔지니어,플랫폼·데이터,CI/CD,지속적 통합·배포,"지속적 통합·배포은(는) 드론 데이터 플랫폼·지도·클라우드·앱 개발 업무에서 사용하는 도구·개념·절차입니다. 실제 직무에서는 설계, 운용, 분석 또는 의사결정 결과를 만드는 데 적용됩니다.",드론 MLOps 엔지니어이(가) 드론 AI 데이터·모델 학습·배포·모니터링 파이프라인 운영 업무를 수행할 때 CI/CD을(를) 이해하고 적용하기 위해 학습합니다.,컴퓨터와 네트워크 기초,초급~중급,INCLUDED,공식 튜토리얼·문서,AWS Skill Builder 디지털 교육,AWS,,Amazon Web Services,기업 공식교육,클라우드·데이터·보안·DevOps 분야의 역할별 공식 디지털 학습경로와 실습을 제공합니다.,Cloud; Database; Security; DevOps; Machine Learning,입문~고급,온라인,무료/유료 혼합,,온라인,자기주도 학습,상시,상시,대학생·취업준비생·재직자·일반인,디지털 배지·자격 준비 과정 있음,https://aws.amazon.com/ko/training/digital/,Amazon Web Services,기업·기관 공식사이트,2026-09-28,상시 운영,,클라우드 기초 → 역할별 학습계획 → 실습 → 드론 플랫폼 설계,공식 제공기관이 운영하는 교육·튜토리얼·문서 기반 학습경로.,공식 웹사이트 직접 확인
SW·AI,소프트웨어·AI·데이터·관제,DJ-093,드론 MLOps 엔지니어,플랫폼·데이터,MLOps,머신러닝 운영,"머신러닝 운영은(는) 드론 데이터 플랫폼·지도·클라우드·앱 개발 업무에서 사용하는 도구·개념·절차입니다. 실제 직무에서는 설계, 운용, 분석 또는 의사결정 결과를 만드는 데 적용됩니다.",드론 MLOps 엔지니어이(가) 드론 AI 데이터·모델 학습·배포·모니터링 파이프라인 운영 업무를 수행할 때 MLOps을(를) 이해하고 적용하기 위해 학습합니다.,프로그래밍과 데이터 처리 기초,초급~중급,PREREQUISITE,국비지원 직업훈련,AIOT 기반 드론 영상 관제시스템 프로젝트 개발,AIG20250000501335,982,DW아카데미학원,직업훈련기관,응용SW엔지니어링 기반의 고용24 훈련과정입니다. MLOps 학습에는 과정명과의 직접 연관성에 따라 기초·포함·선수 경로로 연결했습니다.,응용SW엔지니어링; AI소프트웨어; AIOT; 파이썬,초급~중급,오프라인,국비지원(일부 자부담 가능),고용24 직업훈련(국민내일배움카드 적용 여부는 과정 상세 확인),대전 중구,"총 1,120시간",,2026-09-09~2027-04-05,K-디지털 트레이닝,수료 여부 과정별 확인,https://www.work24.go.kr/hr/a/a/3100/selectTracseDetl.do?tracseId=AIG20250000501335&tracseTme=8&crseTracseSe=C0061&trainstCstmrId=500020022702,고용24 훈련과정 상세,정부사이트,2026-09-28,현재 운영,https://aws.amazon.com/ko/training/digital/,프로그래밍·데이터 기초 → 플랫폼 도구 → 서비스 연동 → 배포·운영 프로젝트,대시보드 원본 교육데이터(진행중)를 Skill과 연결. relevance_type=PREREQUISITE.,dashboard C.html / Work24 원천 링크
SW·AI,소프트웨어·AI·데이터·관제,DJ-093,드론 MLOps 엔지니어,플랫폼·데이터,MLOps,머신러닝 운영,"머신러닝 운영은(는) 드론 데이터 플랫폼·지도·클라우드·앱 개발 업무에서 사용하는 도구·개념·절차입니다. 실제 직무에서는 설계, 운용, 분석 또는 의사결정 결과를 만드는 데 적용됩니다.",드론 MLOps 엔지니어이(가) 드론 AI 데이터·모델 학습·배포·모니터링 파이프라인 운영 업무를 수행할 때 MLOps을(를) 이해하고 적용하기 위해 학습합니다.,컴퓨터와 네트워크 기초,초급~중급,INCLUDED,공식 튜토리얼·문서,AWS Skill Builder 디지털 교육,AWS,,Amazon Web Services,기업 공식교육,클라우드·데이터·보안·DevOps 분야의 역할별 공식 디지털 학습경로와 실습을 제공합니다.,Cloud; Database; Security; DevOps; Machine Learning,입문~고급,온라인,무료/유료 혼합,,온라인,자기주도 학습,상시,상시,대학생·취업준비생·재직자·일반인,디지털 배지·자격 준비 과정 있음,https://aws.amazon.com/ko/training/digital/,Amazon Web Services,기업·기관 공식사이트,2026-09-28,상시 운영,,클라우드 기초 → 역할별 학습계획 → 실습 → 드론 플랫폼 설계,공식 제공기관이 운영하는 교육·튜토리얼·문서 기반 학습경로.,공식 웹사이트 직접 확인
SW·AI,소프트웨어·AI·데이터·관제,DJ-093,드론 MLOps 엔지니어,플랫폼·데이터,Model Registry,모델 저장·버전관리,"모델 저장·버전관리은(는) 드론 데이터 플랫폼·지도·클라우드·앱 개발 업무에서 사용하는 도구·개념·절차입니다. 실제 직무에서는 설계, 운용, 분석 또는 의사결정 결과를 만드는 데 적용됩니다.",드론 MLOps 엔지니어이(가) 드론 AI 데이터·모델 학습·배포·모니터링 파이프라인 운영 업무를 수행할 때 Model Registry을(를) 이해하고 적용하기 위해 학습합니다.,프로그래밍과 데이터 처리 기초,초급~중급,PREREQUISITE,국비지원 직업훈련,AIOT 기반 드론 영상 관제시스템 프로젝트 개발,AIG20250000501335,982,DW아카데미학원,직업훈련기관,응용SW엔지니어링 기반의 고용24 훈련과정입니다. Model Registry 학습에는 과정명과의 직접 연관성에 따라 기초·포함·선수 경로로 연결했습니다.,응용SW엔지니어링; AI소프트웨어; AIOT; 파이썬,초급~중급,오프라인,국비지원(일부 자부담 가능),고용24 직업훈련(국민내일배움카드 적용 여부는 과정 상세 확인),대전 중구,"총 1,120시간",,2026-09-09~2027-04-05,K-디지털 트레이닝,수료 여부 과정별 확인,https://www.work24.go.kr/hr/a/a/3100/selectTracseDetl.do?tracseId=AIG20250000501335&tracseTme=8&crseTracseSe=C0061&trainstCstmrId=500020022702,고용24 훈련과정 상세,정부사이트,2026-09-28,현재 운영,https://aws.amazon.com/ko/training/digital/,프로그래밍·데이터 기초 → 플랫폼 도구 → 서비스 연동 → 배포·운영 프로젝트,대시보드 원본 교육데이터(진행중)를 Skill과 연결. relevance_type=PREREQUISITE.,dashboard C.html / Work24 원천 링크
SW·AI,소프트웨어·AI·데이터·관제,DJ-093,드론 MLOps 엔지니어,플랫폼·데이터,Model Registry,모델 저장·버전관리,"모델 저장·버전관리은(는) 드론 데이터 플랫폼·지도·클라우드·앱 개발 업무에서 사용하는 도구·개념·절차입니다. 실제 직무에서는 설계, 운용, 분석 또는 의사결정 결과를 만드는 데 적용됩니다.",드론 MLOps 엔지니어이(가) 드론 AI 데이터·모델 학습·배포·모니터링 파이프라인 운영 업무를 수행할 때 Model Registry을(를) 이해하고 적용하기 위해 학습합니다.,컴퓨터와 네트워크 기초,초급~중급,INCLUDED,공식 튜토리얼·문서,AWS Skill Builder 디지털 교육,AWS,,Amazon Web Services,기업 공식교육,클라우드·데이터·보안·DevOps 분야의 역할별 공식 디지털 학습경로와 실습을 제공합니다.,Cloud; Database; Security; DevOps; Machine Learning,입문~고급,온라인,무료/유료 혼합,,온라인,자기주도 학습,상시,상시,대학생·취업준비생·재직자·일반인,디지털 배지·자격 준비 과정 있음,https://aws.amazon.com/ko/training/digital/,Amazon Web Services,기업·기관 공식사이트,2026-09-28,상시 운영,,클라우드 기초 → 역할별 학습계획 → 실습 → 드론 플랫폼 설계,공식 제공기관이 운영하는 교육·튜토리얼·문서 기반 학습경로.,공식 웹사이트 직접 확인
