offering_id,course_id,session_no,course_name,institution_name,ncs_code_raw,ncs_code_standard,ncs_name,province_name,district_name,remote_mode,start_date,end_date,course_status,capacity,applicants,schedule_applicants,enrolled,completed,satisfaction_score_100,application_rate,schedule_application_rate,completion_rate,tuition_won,actual_training_cost_won,government_subsidy_won,expected_out_of_pocket_won,course_url,over_100_application_review_flag,satisfaction_missing_flag,ncs_review_flag,search_keywords
1,AVA20253001112867,16,"드론 활용실무(건설, 물류, 방제용 드론)",사단법인 한국에듀테크산업협회,09040105,09040105,소형무인기운용·조종,서울,강남구,원격,2026-01-01,2026-01-28,종료,500,0,0,,0,85.7,0.0,0.0,,62370,62370,62370,28070,https://www.work24.go.kr/hr/a/a/3100/selectTracseDetl.do?tracseId=AVA20253001112867&tracseTme=16&crseTracseSe=C0055&trainstCstmrId=500020013301,0,0,0,드론
2,AVA20253001112883,21,[국가 드론자격증] 초경량비행장치 조종자 필기반,한국이러닝협회,09040105,09040105,소형무인기운용·조종,서울,구로구,원격,2026-01-01,2026-01-28,종료,500,1,1,1,1,,0.002,0.002,1.0,65340,65340,65340,29410,https://www.work24.go.kr/hr/a/a/3100/selectTracseDetl.do?tracseId=AVA20253001112883&tracseTme=21&crseTracseSe=C0055&trainstCstmrId=500020055159,0,1,0,드론
3,ACG20253001077931,198,드론 기초기술 현장적용 가이드,러닝플러스 주식회사,20010102,20010102,정보기술컨설팅,부산,부산진구,원격,2026-01-02,2026-02-01,종료,500,0,0,,0,,0.0,0.0,,62370,62370,62370,28070,https://www.work24.go.kr/hr/a/a/3100/selectTracseDetl.do?tracseId=ACG20253001077931&tracseTme=198&crseTracseSe=C0031&trainstCstmrId=500020021711,0,1,0,드론
4,AIG20250000519317,1,드론 국가자격증1종[실기],(주)충남무인항공교육원,09040105,09040105,소형무인기운용·조종,충남,천안시,비원격,2026-01-03,2026-02-01,종료,4,1,1,1,1,93.9,0.25,0.25,1.0,572000,1600000,572000,1285400,https://www.work24.go.kr/hr/a/a/3100/selectTracseDetl.do?tracseId=AIG20250000519317&tracseTme=1&crseTracseSe=C0061&trainstCstmrId=500034750847,0,0,0,드론
6,AIG20250000529268,1,드론 조종자 1종 국가자격 취득 과정 (학과_주말반),구름무인항공교육원,09040105,09040105,소형무인기운용·조종,경기,평택시,비원격,2026-01-03,2026-01-17,종료,8,1,2,4,1,100.0,0.125,0.25,0.25,286000,450000,286000,292700,https://www.work24.go.kr/hr/a/a/3100/selectTracseDetl.do?tracseId=AIG20250000529268&tracseTme=1&crseTracseSe=C0061&trainstCstmrId=500042856540,0,0,0,드론
5,AIG20250000532017,1,초경량비행장치 (드론) 1종 국가자격취득과정(이론+실기),KDA 한국드론교육원,09040105,09040105,소형무인기운용·조종,경기,화성시,비원격,2026-01-03,2026-02-21,종료,8,1,1,1,1,96.8,0.125,0.125,1.0,858000,1980000,858000,1508100,https://www.work24.go.kr/hr/a/a/3100/selectTracseDetl.do?tracseId=AIG20250000532017&tracseTme=1&crseTracseSe=C0061&trainstCstmrId=500042774065,0,0,0,드론
7,AIG20253001093131,2,(산대특) 재난상황에 대응하기 위한 드론 활용 실무 과정,순천스카이드론교육원(미래진로직업체험센터),090401,,항공기조종운송,광주,순천시,비원격,2026-01-04,2026-02-07,종료,15,13,18,13,12,98.8,0.8666666666666667,1.2,0.9230769230769231,500500,500500,500500,50050,https://www.work24.go.kr/hr/a/a/3100/selectTracseDetl.do?tracseId=AIG20253001093131&tracseTme=2&crseTracseSe=C0061&trainstCstmrId=500038928017,1,0,1,드론
13,ACG20253001077931,199,드론 기초기술 현장적용 가이드,러닝플러스 주식회사,20010102,20010102,정보기술컨설팅,부산,부산진구,원격,2026-01-05,2026-02-04,종료,500,0,0,,0,,0.0,0.0,,62370,62370,62370,28070,https://www.work24.go.kr/hr/a/a/3100/selectTracseDetl.do?tracseId=ACG20253001077931&tracseTme=199&crseTracseSe=C0031&trainstCstmrId=500020021711,0,1,0,드론
8,AIG20250000504420,1,초경량 비행장치무인멀티콥터(드론)조종자1종과정,(주)규림,09040105,09040105,소형무인기운용·조종,경북,구미시,비원격,2026-01-05,2026-01-30,종료,8,6,6,8,6,92.5,0.75,0.75,0.75,1144000,1844000,1144000,1214800,https://www.work24.go.kr/hr/a/a/3100/selectTracseDetl.do?tracseId=AIG20250000504420&tracseTme=1&crseTracseSe=C0061&trainstCstmrId=500037029319,0,0,0,드론
19,AIG20250000509639,1,26년 드론 국가자격증 1종 실기교육,새만금항공주식회사,09040105,09040105,소형무인기운용·조종,전북,전주시,비원격,2026-01-05,2026-01-16,종료,8,1,1,1,1,100.0,0.125,0.125,1.0,572000,1700000,572000,1385400,https://www.work24.go.kr/hr/a/a/3100/selectTracseDetl.do?tracseId=AIG20250000509639&tracseTme=1&crseTracseSe=C0061&trainstCstmrId=500034120375,0,0,0,드론
20,AIG20250000509711,1,26년 드론 국가자격증 2종 실기교육,새만금항공주식회사,09040105,09040105,소형무인기운용·조종,전북,전주시,비원격,2026-01-05,2026-01-09,종료,8,0,0,,0,,0.0,0.0,,286000,1300000,286000,1142700,https://www.work24.go.kr/hr/a/a/3100/selectTracseDetl.do?tracseId=AIG20250000509711&tracseTme=1&crseTracseSe=C0061&trainstCstmrId=500034120375,0,1,0,드론
17,AIG20250000510905,1,드론 국가자격증 1종[필기+실기]무인멀티콥터,새동엔지니어링(주) 드론교육원,09040105,09040105,소형무인기운용·조종,서울,관악구,비원격,2026-01-05,2026-01-23,종료,12,5,7,5,5,92.9,0.4166666666666667,0.5833333333333334,1.0,858000,1858000,858000,1386100,https://www.work24.go.kr/hr/a/a/3100/selectTracseDetl.do?tracseId=AIG20250000510905&tracseTme=1&crseTracseSe=C0061&trainstCstmrId=500037079851,0,0,0,드론
16,AIG20250000513132,1,드론 국가자격증 1종 실기반(무인멀티콥터),새동엔지니어링(주) 드론교육원,09040105,09040105,소형무인기운용·조종,서울,관악구,비원격,2026-01-05,2026-01-16,종료,4,4,5,4,4,100.0,1.0,1.25,1.0,572000,1372000,572000,1057400,https://www.work24.go.kr/hr/a/a/3100/selectTracseDetl.do?tracseId=AIG20250000513132&tracseTme=1&crseTracseSe=C0061&trainstCstmrId=500037079851,1,0,0,드론
18,AIG20250000513160,1,드론 지도조종자(교관) 실기반(무인멀티콥터),새동엔지니어링(주) 드론교육원,09040105,09040105,소형무인기운용·조종,서울,관악구,비원격,2026-01-05,2026-02-05,종료,4,2,3,2,2,100.0,0.5,0.75,1.0,1372800,3072800,1372800,2317760,https://www.work24.go.kr/hr/a/a/3100/selectTracseDetl.do?tracseId=AIG20250000513160&tracseTme=1&crseTracseSe=C0061&trainstCstmrId=500037079851,0,0,0,드론
10,AIG20250000515467,1,드론 국가자격증1종[이론+실기],(주)충남무인항공교육원,09040105,09040105,소형무인기운용·조종,충남,천안시,비원격,2026-01-05,2026-01-23,종료,8,4,5,4,4,98.0,0.5,0.625,1.0,858000,1900000,858000,1428100,https://www.work24.go.kr/hr/a/a/3100/selectTracseDetl.do?tracseId=AIG20250000515467&tracseTme=1&crseTracseSe=C0061&trainstCstmrId=500034750847,0,0,0,드론
14,AIG20250000516351,1,초경량비행장치 무인멀티콥터(드론) 1종 자격(학과이론+모의비행),부산경상대학교산학협력단,09040105,09040105,소형무인기운용·조종,부산,연제구,비원격,2026-01-05,2026-01-09,종료,4,0,2,,0,,0.0,0.5,,286000,500000,286000,342700,https://www.work24.go.kr/hr/a/a/3100/selectTracseDetl.do?tracseId=AIG20250000516351&tracseTme=1&crseTracseSe=C0061&trainstCstmrId=500044212779,0,1,0,드론
15,AIG20250000516668,1,초경량비행장치 무인멀티콥터(드론) 1종 자격취득(이론+실기),부산경상대학교산학협력단,09040105,09040105,소형무인기운용·조종,부산,연제구,비원격,2026-01-05,2026-01-30,종료,4,0,0,,0,97.4,0.0,0.0,,1001000,2000000,1001000,1449450,https://www.work24.go.kr/hr/a/a/3100/selectTracseDetl.do?tracseId=AIG20250000516668&tracseTme=1&crseTracseSe=C0061&trainstCstmrId=500044212779,0,0,0,드론
9,AIG20250000529814,1,드론 1종 국가자격증 취득과정,(주)스마트항공,09040105,09040105,소형무인기운용·조종,부산,사상구,비원격,2026-01-05,2026-01-23,종료,8,1,1,1,1,99.5,0.125,0.125,1.0,858000,1980000,858000,1508100,https://www.work24.go.kr/hr/a/a/3100/selectTracseDetl.do?tracseId=AIG20250000529814&tracseTme=1&crseTracseSe=C0061&trainstCstmrId=500042519804,0,0,0,드론
11,AIG20250000532017,2,초경량비행장치 (드론) 1종 국가자격취득과정(이론+실기),KDA 한국드론교육원,09040105,09040105,소형무인기운용·조종,경기,화성시,비원격,2026-01-05,2026-01-23,종료,8,3,3,3,3,96.8,0.375,0.375,1.0,858000,1980000,858000,1508100,https://www.work24.go.kr/hr/a/a/3100/selectTracseDetl.do?tracseId=AIG20250000532017&tracseTme=2&crseTracseSe=C0061&trainstCstmrId=500042774065,0,0,0,드론
12,AIG20250000534362,1,초경량비행장치 무인멀티콥터 취득과정(평일),강남무인항공,09040105,09040105,소형무인기운용·조종,전북,장수군,비원격,2026-01-05,2026-01-23,종료,8,1,1,1,1,100.0,0.125,0.125,1.0,858000,1500000,858000,1028100,https://www.work24.go.kr/hr/a/a/3100/selectTracseDetl.do?tracseId=AIG20250000534362&tracseTme=1&crseTracseSe=C0061&trainstCstmrId=500034689871,0,0,0,드론
21,ACG20253001077931,200,드론 기초기술 현장적용 가이드,러닝플러스 주식회사,20010102,20010102,정보기술컨설팅,부산,부산진구,원격,2026-01-06,2026-02-05,종료,500,0,0,,0,,0.0,0.0,,62370,62370,62370,28070,https://www.work24.go.kr/hr/a/a/3100/selectTracseDetl.do?tracseId=ACG20253001077931&tracseTme=200&crseTracseSe=C0031&trainstCstmrId=500020021711,0,1,0,드론
22,AIG20250000505519,1,1종 드론 국가자격증 필기+실기_평일반,서울드론교육원,09040105,09040105,소형무인기운용·조종,서울,서초구,비원격,2026-01-06,2026-01-27,종료,12,6,7,8,6,87.4,0.5,0.5833333333333334,0.75,915200,1915200,915200,1411840,https://www.work24.go.kr/hr/a/a/3100/selectTracseDetl.do?tracseId=AIG20250000505519&tracseTme=1&crseTracseSe=C0061&trainstCstmrId=500035861333,0,0,0,드론
27,ACG20253001061519,47,[촬영용 드론] 드론을 활용한 영상촬영 및 편집기술,케이지에듀원 원격평생교육원,09040105,09040105,소형무인기운용·조종,서울,동작구,원격,2026-01-07,2026-02-06,종료,500,1,2,1,1,71.4,0.002,0.004,1.0,50490,50490,50490,22730,https://www.work24.go.kr/hr/a/a/3100/selectTracseDetl.do?tracseId=ACG20253001061519&tracseTme=47&crseTracseSe=C0031&trainstCstmrId=500020015894,0,0,0,드론
23,ACG20253001077931,201,드론 기초기술 현장적용 가이드,러닝플러스 주식회사,20010102,20010102,정보기술컨설팅,부산,부산진구,원격,2026-01-07,2026-02-06,종료,500,0,0,,0,,0.0,0.0,,62370,62370,62370,28070,https://www.work24.go.kr/hr/a/a/3100/selectTracseDetl.do?tracseId=ACG20253001077931&tracseTme=201&crseTracseSe=C0031&trainstCstmrId=500020021711,0,1,0,드론
26,ACG20253001100205,24,[촬영용 드론] 드론을 활용한 영상촬영 및 편집기술,주식회사 드림캠퍼스,09040105,09040105,소형무인기운용·조종,경남,진주시,원격,2026-01-07,2026-02-06,종료,1000,0,0,,0,85.7,0.0,0.0,,50490,50490,50490,22730,https://www.work24.go.kr/hr/a/a/3100/selectTracseDetl.do?tracseId=ACG20253001100205&tracseTme=24&crseTracseSe=C0031&trainstCstmrId=500034132476,0,0,0,드론
24,AIG20250000539903,12,파이썬으로 제어하는 AI드론,미라클평생교육원,20010202,20010202,응용SW엔지니어링,전북,전주시,원격,2026-01-07,2026-02-06,종료,200,2,2,2,2,93.6,0.01,0.01,1.0,490000,490000,0,49000,https://www.work24.go.kr/hr/a/a/3100/selectTracseDetl.do?tracseId=AIG20250000539903&tracseTme=12&crseTracseSe=C0105&trainstCstmrId=500033164282,0,0,0,드론
25,AIG20250000539926,13,"[중장년층 디지털 전환] 드론, 이론부터 코딩까지 올인원 패키지",미래디지털 원격평생교육원,20010202,20010202,응용SW엔지니어링,서울,강서구,원격,2026-01-07,2026-02-06,종료,100,81,102,81,75,78.6,0.81,1.02,0.9259259259259259,288000,288000,0,28800,https://www.work24.go.kr/hr/a/a/3100/selectTracseDetl.do?tracseId=AIG20250000539926&tracseTme=13&crseTracseSe=C0105&trainstCstmrId=500020011130,1,0,0,드론
28,ACG20253001077931,202,드론 기초기술 현장적용 가이드,러닝플러스 주식회사,20010102,20010102,정보기술컨설팅,부산,부산진구,원격,2026-01-08,2026-02-07,종료,500,0,0,,0,,0.0,0.0,,62370,62370,62370,28070,https://www.work24.go.kr/hr/a/a/3100/selectTracseDetl.do?tracseId=ACG20253001077931&tracseTme=202&crseTracseSe=C0031&trainstCstmrId=500020021711,0,1,0,드론
29,AVA20253001112867,17,"드론 활용실무(건설, 물류, 방제용 드론)",사단법인 한국에듀테크산업협회,09040105,09040105,소형무인기운용·조종,서울,강남구,원격,2026-01-08,2026-02-04,종료,500,0,0,,0,85.7,0.0,0.0,,62370,62370,62370,28070,https://www.work24.go.kr/hr/a/a/3100/selectTracseDetl.do?tracseId=AVA20253001112867&tracseTme=17&crseTracseSe=C0055&trainstCstmrId=500020013301,0,0,0,드론
30,AVA20253001112883,22,[국가 드론자격증] 초경량비행장치 조종자 필기반,한국이러닝협회,09040105,09040105,소형무인기운용·조종,서울,구로구,원격,2026-01-08,2026-02-04,종료,500,1,1,1,1,,0.002,0.002,1.0,65340,65340,65340,29410,https://www.work24.go.kr/hr/a/a/3100/selectTracseDetl.do?tracseId=AVA20253001112883&tracseTme=22&crseTracseSe=C0055&trainstCstmrId=500020055159,0,1,0,드론
33,ACG20253001077931,203,드론 기초기술 현장적용 가이드,러닝플러스 주식회사,20010102,20010102,정보기술컨설팅,부산,부산진구,원격,2026-01-09,2026-02-08,종료,500,0,0,,0,,0.0,0.0,,62370,62370,62370,28070,https://www.work24.go.kr/hr/a/a/3100/selectTracseDetl.do?tracseId=ACG20253001077931&tracseTme=203&crseTracseSe=C0031&trainstCstmrId=500020021711,0,1,0,드론
32,AIG20250000529057,1,초경량비행장치 조종자 자격 취득과정(1종),드론항공평생교육원,09040105,09040105,소형무인기운용·조종,제주,서귀포시,비원격,2026-01-09,2026-01-29,종료,8,7,7,7,7,93.3,0.875,0.875,1.0,858000,1800000,858000,1328100,https://www.work24.go.kr/hr/a/a/3100/selectTracseDetl.do?tracseId=AIG20250000529057&tracseTme=1&crseTracseSe=C0061&trainstCstmrId=500035584309,0,0,0,드론
31,AIG20253001086758,8,{산대특}드론을 활용한 제주관광 영상콘텐츠제작실무자양성과정,드론항공평생교육원,08030212,08030212,드론콘텐츠제작,제주,서귀포시,비원격,2026-01-09,2026-02-10,종료,16,15,17,15,15,92.6,0.9375,1.0625,1.0,1123200,1123200,1123200,112320,https://www.work24.go.kr/hr/a/a/3100/selectTracseDetl.do?tracseId=AIG20253001086758&tracseTme=8&crseTracseSe=C0061&trainstCstmrId=500035584309,1,0,0,드론
38,AIG20250000509639,2,26년 드론 국가자격증 1종 실기교육,새만금항공주식회사,09040105,09040105,소형무인기운용·조종,전북,전주시,비원격,2026-01-10,2026-02-08,종료,8,0,0,,0,100.0,0.0,0.0,,572000,1700000,572000,1385400,https://www.work24.go.kr/hr/a/a/3100/selectTracseDetl.do?tracseId=AIG20250000509639&tracseTme=2&crseTracseSe=C0061&trainstCstmrId=500034120375,0,0,0,드론
36,AIG20250000510905,2,드론 국가자격증 1종[필기+실기]무인멀티콥터,새동엔지니어링(주) 드론교육원,09040105,09040105,소형무인기운용·조종,서울,관악구,비원격,2026-01-10,2026-02-28,종료,12,2,4,2,1,92.9,0.16666666666666666,0.3333333333333333,0.5,858000,1858000,858000,1386100,https://www.work24.go.kr/hr/a/a/3100/selectTracseDetl.do?tracseId=AIG20250000510905&tracseTme=2&crseTracseSe=C0061&trainstCstmrId=500037079851,0,0,0,드론
35,AIG20250000513132,2,드론 국가자격증 1종 실기반(무인멀티콥터),새동엔지니어링(주) 드론교육원,09040105,09040105,소형무인기운용·조종,서울,관악구,비원격,2026-01-10,2026-02-08,종료,4,1,1,1,1,100.0,0.25,0.25,1.0,572000,1372000,572000,1057400,https://www.work24.go.kr/hr/a/a/3100/selectTracseDetl.do?tracseId=AIG20250000513132&tracseTme=2&crseTracseSe=C0061&trainstCstmrId=500037079851,0,0,0,드론
37,AIG20250000513160,2,드론 지도조종자(교관) 실기반(무인멀티콥터),새동엔지니어링(주) 드론교육원,09040105,09040105,소형무인기운용·조종,서울,관악구,비원격,2026-01-10,2026-03-29,종료,4,0,0,,0,100.0,0.0,0.0,,1372800,3072800,1372800,2317760,https://www.work24.go.kr/hr/a/a/3100/selectTracseDetl.do?tracseId=AIG20250000513160&tracseTme=2&crseTracseSe=C0061&trainstCstmrId=500037079851,0,0,0,드론
34,AIG20250000515467,2,드론 국가자격증1종[이론+실기],(주)충남무인항공교육원,09040105,09040105,소형무인기운용·조종,충남,천안시,비원격,2026-01-10,2026-03-01,종료,8,2,3,2,2,98.0,0.25,0.375,1.0,858000,1900000,858000,1428100,https://www.work24.go.kr/hr/a/a/3100/selectTracseDetl.do?tracseId=AIG20250000515467&tracseTme=2&crseTracseSe=C0061&trainstCstmrId=500034750847,0,0,0,드론
39,AIG20250000532091,1,(드론)조종자 1종 국가 자격증 취득과정,주식회사지디에이경기드론교육원,09040105,09040105,소형무인기운용·조종,서울,구로구,비원격,2026-01-10,2026-02-28,종료,8,4,4,4,4,97.3,0.5,0.5,1.0,858000,1980000,858000,1508100,https://www.work24.go.kr/hr/a/a/3100/selectTracseDetl.do?tracseId=AIG20250000532091&tracseTme=1&crseTracseSe=C0061&trainstCstmrId=500042767878,0,0,0,드론
41,AIG20250000506180,3,1종 드론국가자격증 취득과정 필기+실기 _평일반,(주)케이드론 부설 대한무인항공교육원,09040105,09040105,소형무인기운용·조종,강원,원주시,비원격,2026-01-11,2026-03-14,종료,12,0,0,,0,97.1,0.0,0.0,,915200,1915200,915200,1411840,https://www.work24.go.kr/hr/a/a/3100/selectTracseDetl.do?tracseId=AIG20250000506180&tracseTme=3&crseTracseSe=C0061&trainstCstmrId=500035879387,0,0,0,드론
40,AIG20250000514827,1,1종 드론국가자격증 취득과정 필기+실기,(주)케이드론 부설 대한무인항공교육원,09040105,09040105,소형무인기운용·조종,강원,원주시,비원격,2026-01-11,2026-03-14,종료,12,2,2,3,2,71.4,0.16666666666666666,0.16666666666666666,0.6666666666666666,915200,1915200,915200,1411840,https://www.work24.go.kr/hr/a/a/3100/selectTracseDetl.do?tracseId=AIG20250000514827&tracseTme=1&crseTracseSe=C0061&trainstCstmrId=500035879387,0,0,0,드론
45,ACG20253001077931,204,드론 기초기술 현장적용 가이드,러닝플러스 주식회사,20010102,20010102,정보기술컨설팅,부산,부산진구,원격,2026-01-12,2026-02-11,종료,500,0,0,,0,,0.0,0.0,,62370,62370,62370,28070,https://www.work24.go.kr/hr/a/a/3100/selectTracseDetl.do?tracseId=ACG20253001077931&tracseTme=204&crseTracseSe=C0031&trainstCstmrId=500020021711,0,1,0,드론
53,AIG20250000502620,1,초경량비행장치 무인멀티콥터(드론)조종자 1종 국가자격취득과정(이론+실기),중부드론교육원,09040105,09040105,소형무인기운용·조종,충북,음성군,비원격,2026-01-12,2026-01-30,종료,8,2,2,2,2,100.0,0.25,0.25,1.0,858000,2000000,858000,1442300,https://www.work24.go.kr/hr/a/a/3100/selectTracseDetl.do?tracseId=AIG20250000502620&tracseTme=1&crseTracseSe=C0061&trainstCstmrId=500039127578,0,0,0,드론
50,AIG20250000505693,1,드론(무인멀티콥터) 국가자격증 1종 학과 교육 과정,주식회사 비아이티코퍼레이션,09040105,09040105,소형무인기운용·조종,전북,전주시,비원격,2026-01-12,2026-01-16,종료,8,2,2,8,2,96.7,0.25,0.25,0.25,286000,500000,286000,342700,https://www.work24.go.kr/hr/a/a/3100/selectTracseDetl.do?tracseId=AIG20250000505693&tracseTme=1&crseTracseSe=C0061&trainstCstmrId=500042783200,0,0,0,드론
43,AIG20250000506180,1,1종 드론국가자격증 취득과정 필기+실기 _평일반,(주)케이드론 부설 대한무인항공교육원,09040105,09040105,소형무인기운용·조종,강원,원주시,비원격,2026-01-12,2026-02-02,종료,12,0,2,,0,97.1,0.0,0.16666666666666666,,915200,1915200,915200,1411840,https://www.work24.go.kr/hr/a/a/3100/selectTracseDetl.do?tracseId=AIG20250000506180&tracseTme=1&crseTracseSe=C0061&trainstCstmrId=500035879387,0,0,0,드론
48,AIG20250000509552,1,26년 드론 국가자격증 학과교육,새만금항공주식회사,09040105,09040105,소형무인기운용·조종,전북,전주시,비원격,2026-01-12,2026-01-16,종료,8,2,2,2,2,100.0,0.25,0.25,1.0,286000,300000,286000,142700,https://www.work24.go.kr/hr/a/a/3100/selectTracseDetl.do?tracseId=AIG20250000509552&tracseTme=1&crseTracseSe=C0061&trainstCstmrId=500034120375,0,0,0,드론
44,AIG20250000511659,1,초경량비행장치 무인멀티콥터 조종자 1종,경남에스케이드론주식회사,09040105,09040105,소형무인기운용·조종,경남,고성군,비원격,2026-01-12,2026-02-02,종료,8,2,2,2,2,100.0,0.25,0.25,1.0,872300,2300000,872300,1820240,https://www.work24.go.kr/hr/a/a/3100/selectTracseDetl.do?tracseId=AIG20250000511659&tracseTme=1&crseTracseSe=C0061&trainstCstmrId=500045609416,0,0,0,드론
47,AIG20250000513041,1,드론 국가자격증 3종[필기+실기]+촬영 무인멀티콥터,새동엔지니어링(주) 드론교육원,09040105,09040105,소형무인기운용·조종,서울,관악구,비원격,2026-01-12,2026-01-23,종료,8,2,2,2,2,90.5,0.25,0.25,1.0,572000,772000,572000,457400,https://www.work24.go.kr/hr/a/a/3100/selectTracseDetl.do?tracseId=AIG20250000513041&tracseTme=1&crseTracseSe=C0061&trainstCstmrId=500037079851,0,0,0,드론
46,AIG20250000516429,1,초경량비행장치 무인멀티콥터(드론) 1종 자격(실기비행),부산경상대학교산학협력단,09040105,09040105,소형무인기운용·조종,부산,연제구,비원격,2026-01-12,2026-01-29,종료,4,0,1,,0,,0.0,0.25,,715000,1500000,715000,1106750,https://www.work24.go.kr/hr/a/a/3100/selectTracseDetl.do?tracseId=AIG20250000516429&tracseTme=1&crseTracseSe=C0061&trainstCstmrId=500044212779,0,1,0,드론
42,AIG20250000519400,1,드론 지도조종자[교관],(주)충남무인항공교육원,09040105,09040105,소형무인기운용·조종,충남,천안시,비원격,2026-01-12,2026-02-11,종료,2,2,2,2,2,100.0,1.0,1.0,1.0,1315600,3200000,1315600,2476420,https://www.work24.go.kr/hr/a/a/3100/selectTracseDetl.do?tracseId=AIG20250000519400&tracseTme=1&crseTracseSe=C0061&trainstCstmrId=500034750847,0,0,0,드론
49,AIG20250000527495,1,초경량비행장치 드론 1종 국가자격증 취득 과정,알씨스카이 부설 무인기술UAV교육원,09040105,09040105,소형무인기운용·조종,경남,창원시,비원격,2026-01-12,2026-01-30,종료,8,1,2,1,1,100.0,0.125,0.25,1.0,858000,1980000,858000,1508100,https://www.work24.go.kr/hr/a/a/3100/selectTracseDetl.do?tracseId=AIG20250000527495&tracseTme=1&crseTracseSe=C0061&trainstCstmrId=500035425743,0,0,0,드론
51,AIG20250000532091,2,(드론)조종자 1종 국가 자격증 취득과정,주식회사지디에이경기드론교육원,09040105,09040105,소형무인기운용·조종,서울,구로구,비원격,2026-01-12,2026-01-30,종료,8,3,3,3,3,97.3,0.375,0.375,1.0,858000,1980000,858000,1508100,https://www.work24.go.kr/hr/a/a/3100/selectTracseDetl.do?tracseId=AIG20250000532091&tracseTme=2&crseTracseSe=C0061&trainstCstmrId=500042767878,0,0,0,드론
52,AIG20250000536325,1,초경량비행장치(드론)조종자 1종 자격증 취득과정,주식회사청주드론교육원,09040105,09040105,소형무인기운용·조종,충북,청주시,비원격,2026-01-12,2026-01-30,종료,4,0,0,,0,85.7,0.0,0.0,,858000,2500000,858000,2028100,https://www.work24.go.kr/hr/a/a/3100/selectTracseDetl.do?tracseId=AIG20250000536325&tracseTme=1&crseTracseSe=C0061&trainstCstmrId=500037069424,0,0,0,드론
54,ACG20253001077931,205,드론 기초기술 현장적용 가이드,러닝플러스 주식회사,20010102,20010102,정보기술컨설팅,부산,부산진구,원격,2026-01-13,2026-02-12,종료,500,0,0,,0,,0.0,0.0,,62370,62370,62370,28070,https://www.work24.go.kr/hr/a/a/3100/selectTracseDetl.do?tracseId=ACG20253001077931&tracseTme=205&crseTracseSe=C0031&trainstCstmrId=500020021711,0,1,0,드론
56,ACG20253001077931,206,드론 기초기술 현장적용 가이드,러닝플러스 주식회사,20010102,20010102,정보기술컨설팅,부산,부산진구,원격,2026-01-14,2026-02-13,종료,500,0,0,,0,,0.0,0.0,,62370,62370,62370,28070,https://www.work24.go.kr/hr/a/a/3100/selectTracseDetl.do?tracseId=ACG20253001077931&tracseTme=206&crseTracseSe=C0031&trainstCstmrId=500020021711,0,1,0,드론
59,ACG20253001100205,25,[촬영용 드론] 드론을 활용한 영상촬영 및 편집기술,주식회사 드림캠퍼스,09040105,09040105,소형무인기운용·조종,경남,진주시,원격,2026-01-14,2026-02-13,종료,1000,2,2,2,2,85.7,0.002,0.002,1.0,50490,50490,50490,22730,https://www.work24.go.kr/hr/a/a/3100/selectTracseDetl.do?tracseId=ACG20253001100205&tracseTme=25&crseTracseSe=C0031&trainstCstmrId=500034132476,0,0,0,드론
55,AIG20250000521919,1,초경량비행장치(드론1종) 조종자 국가자격증 취득,누리드론교육원,09040105,09040105,소형무인기운용·조종,경남,김해시,비원격,2026-01-14,2026-02-10,종료,8,5,7,7,5,100.0,0.625,0.875,0.7142857142857143,1144000,1444000,1144000,814800,https://www.work24.go.kr/hr/a/a/3100/selectTracseDetl.do?tracseId=AIG20250000521919&tracseTme=1&crseTracseSe=C0061&trainstCstmrId=500041601289,0,0,0,드론
57,AIG20250000539903,13,파이썬으로 제어하는 AI드론,미라클평생교육원,20010202,20010202,응용SW엔지니어링,전북,전주시,원격,2026-01-14,2026-02-13,종료,200,2,3,2,2,93.6,0.01,0.015,1.0,490000,490000,0,49000,https://www.work24.go.kr/hr/a/a/3100/selectTracseDetl.do?tracseId=AIG20250000539903&tracseTme=13&crseTracseSe=C0105&trainstCstmrId=500033164282,0,0,0,드론
58,AIG20250000539926,14,"[중장년층 디지털 전환] 드론, 이론부터 코딩까지 올인원 패키지",미래디지털 원격평생교육원,20010202,20010202,응용SW엔지니어링,서울,강서구,원격,2026-01-14,2026-02-13,종료,100,100,135,100,97,78.6,1.0,1.35,0.97,288000,288000,0,28800,https://www.work24.go.kr/hr/a/a/3100/selectTracseDetl.do?tracseId=AIG20250000539926&tracseTme=14&crseTracseSe=C0105&trainstCstmrId=500020011130,1,0,0,드론
60,ACG20253001077931,207,드론 기초기술 현장적용 가이드,러닝플러스 주식회사,20010102,20010102,정보기술컨설팅,부산,부산진구,원격,2026-01-15,2026-02-14,종료,500,0,0,,0,,0.0,0.0,,62370,62370,62370,28070,https://www.work24.go.kr/hr/a/a/3100/selectTracseDetl.do?tracseId=ACG20253001077931&tracseTme=207&crseTracseSe=C0031&trainstCstmrId=500020021711,0,1,0,드론
61,AVA20253001112867,18,"드론 활용실무(건설, 물류, 방제용 드론)",사단법인 한국에듀테크산업협회,09040105,09040105,소형무인기운용·조종,서울,강남구,원격,2026-01-15,2026-02-11,종료,500,0,0,,0,85.7,0.0,0.0,,62370,62370,62370,28070,https://www.work24.go.kr/hr/a/a/3100/selectTracseDetl.do?tracseId=AVA20253001112867&tracseTme=18&crseTracseSe=C0055&trainstCstmrId=500020013301,0,0,0,드론
62,AVA20253001112883,23,[국가 드론자격증] 초경량비행장치 조종자 필기반,한국이러닝협회,09040105,09040105,소형무인기운용·조종,서울,구로구,원격,2026-01-15,2026-02-11,종료,500,1,1,1,1,,0.002,0.002,1.0,65340,65340,65340,29410,https://www.work24.go.kr/hr/a/a/3100/selectTracseDetl.do?tracseId=AVA20253001112883&tracseTme=23&crseTracseSe=C0055&trainstCstmrId=500020055159,0,1,0,드론
63,ACG20253001077931,208,드론 기초기술 현장적용 가이드,러닝플러스 주식회사,20010102,20010102,정보기술컨설팅,부산,부산진구,원격,2026-01-16,2026-02-15,종료,500,0,0,,0,,0.0,0.0,,62370,62370,62370,28070,https://www.work24.go.kr/hr/a/a/3100/selectTracseDetl.do?tracseId=ACG20253001077931&tracseTme=208&crseTracseSe=C0031&trainstCstmrId=500020021711,0,1,0,드론
65,AIG20250000502445,1,드론 국가자격증 1종 취득과정(필기+실기) 주말반,미래드론아카데미,09040105,09040105,소형무인기운용·조종,경북,경주시,비원격,2026-01-17,2026-03-14,종료,8,8,10,8,8,100.0,1.0,1.25,1.0,858000,2058000,858000,1586100,https://www.work24.go.kr/hr/a/a/3100/selectTracseDetl.do?tracseId=AIG20250000502445&tracseTme=1&crseTracseSe=C0061&trainstCstmrId=500040529363,1,0,0,드론
68,AIG20250000502620,2,초경량비행장치 무인멀티콥터(드론)조종자 1종 국가자격취득과정(이론+실기),중부드론교육원,09040105,09040105,소형무인기운용·조종,충북,음성군,비원격,2026-01-17,2026-03-07,종료,8,1,1,1,1,100.0,0.125,0.125,1.0,858000,2000000,858000,1442300,https://www.work24.go.kr/hr/a/a/3100/selectTracseDetl.do?tracseId=AIG20250000502620&tracseTme=2&crseTracseSe=C0061&trainstCstmrId=500039127578,0,0,0,드론
67,AIG20250000505519,2,1종 드론 국가자격증 필기+실기_평일반,서울드론교육원,09040105,09040105,소형무인기운용·조종,서울,서초구,비원격,2026-01-17,2026-03-14,종료,12,1,2,2,1,87.4,0.08333333333333333,0.16666666666666666,0.5,915200,1915200,915200,1411840,https://www.work24.go.kr/hr/a/a/3100/selectTracseDetl.do?tracseId=AIG20250000505519&tracseTme=2&crseTracseSe=C0061&trainstCstmrId=500035861333,0,0,0,드론
66,AIG20250000509778,1,26년 드론 국가자격증 3종 실기교육,새만금항공주식회사,09040105,09040105,소형무인기운용·조종,전북,전주시,비원격,2026-01-17,2026-01-24,종료,4,1,1,1,1,,0.25,0.25,1.0,171600,350000,171600,255620,https://www.work24.go.kr/hr/a/a/3100/selectTracseDetl.do?tracseId=AIG20250000509778&tracseTme=1&crseTracseSe=C0061&trainstCstmrId=500034120375,0,1,0,드론
64,AIG20250000515436,1,초경량비행장치(드론 1종) 조종자 국가자격증 취득,누리드론교육원,09040105,09040105,소형무인기운용·조종,경남,김해시,비원격,2026-01-17,2026-03-08,종료,12,10,14,12,10,100.0,0.8333333333333334,1.1666666666666667,0.8333333333333334,915200,1215200,915200,711840,https://www.work24.go.kr/hr/a/a/3100/selectTracseDetl.do?tracseId=AIG20250000515436&tracseTme=1&crseTracseSe=C0061&trainstCstmrId=500041601289,1,0,0,드론
69,AIG20250000531843,1,초경량비행장치(드론) 무인 멀티콥터 조종자 3종 자격증 취득과정,중부드론교육원,09040105,09040105,소형무인기운용·조종,충북,음성군,비원격,2026-01-17,2026-02-07,종료,8,0,0,,0,,0.0,0.0,,357500,600000,357500,367630,https://www.work24.go.kr/hr/a/a/3100/selectTracseDetl.do?tracseId=AIG20250000531843&tracseTme=1&crseTracseSe=C0061&trainstCstmrId=500039127578,0,1,0,드론
70,AIG20250000529188,1,드론 조종자 1종 국가자격 취득 과정 (실기반_주말_오전),구름무인항공교육원,09040105,09040105,소형무인기운용·조종,경기,평택시,비원격,2026-01-18,2026-02-22,종료,4,2,2,4,2,100.0,0.5,0.5,0.5,286000,1500000,286000,1342700,https://www.work24.go.kr/hr/a/a/3100/selectTracseDetl.do?tracseId=AIG20250000529188&tracseTme=1&crseTracseSe=C0061&trainstCstmrId=500042856540,0,0,0,드론
71,ACG20253001077931,209,드론 기초기술 현장적용 가이드,러닝플러스 주식회사,20010102,20010102,정보기술컨설팅,부산,부산진구,원격,2026-01-19,2026-02-18,종료,500,0,0,,0,,0.0,0.0,,62370,62370,62370,28070,https://www.work24.go.kr/hr/a/a/3100/selectTracseDetl.do?tracseId=ACG20253001077931&tracseTme=209&crseTracseSe=C0031&trainstCstmrId=500020021711,0,1,0,드론
74,AIG20250000505532,1,항공촬영드론조종교육 + 3종,서울드론교육원,09040105,09040105,소형무인기운용·조종,서울,서초구,비원격,2026-01-19,2026-01-30,종료,12,2,3,6,2,75.0,0.16666666666666666,0.25,0.3333333333333333,572000,792000,572000,477400,https://www.work24.go.kr/hr/a/a/3100/selectTracseDetl.do?tracseId=AIG20250000505532&tracseTme=1&crseTracseSe=C0061&trainstCstmrId=500035861333,0,0,0,드론
77,AIG20250000508278,3,무인멀티콥터(드론) 국가자격증 1종 실기교육 과정,주식회사 비아이티코퍼레이션,09040105,09040105,소형무인기운용·조종,전북,전주시,비원격,2026-01-19,2026-01-30,종료,1,1,1,1,1,100.0,1.0,1.0,1.0,143000,1000000,143000,921350,https://www.work24.go.kr/hr/a/a/3100/selectTracseDetl.do?tracseId=AIG20250000508278&tracseTme=3&crseTracseSe=C0061&trainstCstmrId=500042783200,0,0,0,드론
76,AIG20250000509002,1,드론 1종 조종자 국가자격증(필기시험면제자체실기시험),이아이실용전문학원,09040105,09040105,소형무인기운용·조종,경기,시흥시,비원격,2026-01-19,2026-02-06,종료,4,4,5,4,4,97.5,1.0,1.25,1.0,858000,1958000,858000,1486100,https://www.work24.go.kr/hr/a/a/3100/selectTracseDetl.do?tracseId=AIG20250000509002&tracseTme=1&crseTracseSe=C0061&trainstCstmrId=500042912111,1,0,0,드론
72,AIG20250000509639,3,26년 드론 국가자격증 1종 실기교육,새만금항공주식회사,09040105,09040105,소형무인기운용·조종,전북,전주시,비원격,2026-01-19,2026-01-30,종료,8,4,4,4,4,100.0,0.5,0.5,1.0,572000,1700000,572000,1385400,https://www.work24.go.kr/hr/a/a/3100/selectTracseDetl.do?tracseId=AIG20250000509639&tracseTme=3&crseTracseSe=C0061&trainstCstmrId=500034120375,0,0,0,드론
73,AIG20250000509778,2,26년 드론 국가자격증 3종 실기교육,새만금항공주식회사,09040105,09040105,소형무인기운용·조종,전북,전주시,비원격,2026-01-19,2026-01-21,종료,4,1,1,1,1,,0.25,0.25,1.0,171600,350000,171600,255620,https://www.work24.go.kr/hr/a/a/3100/selectTracseDetl.do?tracseId=AIG20250000509778&tracseTme=2&crseTracseSe=C0061&trainstCstmrId=500034120375,0,1,0,드론
78,AIG20250000520984,1,드론 1종 조종자 자격증 취득과정 (이론+실기)[평일반],주식회사스카이엔터프라이즈,09040105,09040105,소형무인기운용·조종,대구,달서구,비원격,2026-01-19,2026-02-10,종료,8,3,6,4,3,96.4,0.375,0.75,0.75,972400,1990000,972400,1455180,https://www.work24.go.kr/hr/a/a/3100/selectTracseDetl.do?tracseId=AIG20250000520984&tracseTme=1&crseTracseSe=C0061&trainstCstmrId=500035342034,0,0,0,드론
79,AIG20250000531836,1,드론 (1종) 국가자격증 취득 (실기),중부드론교육원,09040105,09040105,소형무인기운용·조종,충북,음성군,비원격,2026-01-19,2026-01-30,종료,8,1,1,1,1,,0.125,0.125,1.0,572000,1500000,572000,1128200,https://www.work24.go.kr/hr/a/a/3100/selectTracseDetl.do?tracseId=AIG20250000531836&tracseTme=1&crseTracseSe=C0061&trainstCstmrId=500039127578,0,1,0,드론
75,AIG20250000536111,1,드론국가자격1종과정,영천드론자격시험교육센터,09040105,09040105,소형무인기운용·조종,대구,동구,비원격,2026-01-19,2026-02-19,종료,8,5,5,5,5,98.5,0.625,0.625,1.0,1172600,1800000,1172600,1155070,https://www.work24.go.kr/hr/a/a/3100/selectTracseDetl.do?tracseId=AIG20250000536111&tracseTme=1&crseTracseSe=C0061&trainstCstmrId=500040315040,0,0,0,드론
80,ACG20253001077931,210,드론 기초기술 현장적용 가이드,러닝플러스 주식회사,20010102,20010102,정보기술컨설팅,부산,부산진구,원격,2026-01-20,2026-02-19,종료,500,0,0,,0,,0.0,0.0,,62370,62370,62370,28070,https://www.work24.go.kr/hr/a/a/3100/selectTracseDetl.do?tracseId=ACG20253001077931&tracseTme=210&crseTracseSe=C0031&trainstCstmrId=500020021711,0,1,0,드론
81,ACG20253001077931,211,드론 기초기술 현장적용 가이드,러닝플러스 주식회사,20010102,20010102,정보기술컨설팅,부산,부산진구,원격,2026-01-21,2026-02-20,종료,500,0,0,,0,,0.0,0.0,,62370,62370,62370,28070,https://www.work24.go.kr/hr/a/a/3100/selectTracseDetl.do?tracseId=ACG20253001077931&tracseTme=211&crseTracseSe=C0031&trainstCstmrId=500020021711,0,1,0,드론
84,ACG20253001100205,26,[촬영용 드론] 드론을 활용한 영상촬영 및 편집기술,주식회사 드림캠퍼스,09040105,09040105,소형무인기운용·조종,경남,진주시,원격,2026-01-21,2026-02-20,종료,1000,1,1,1,1,85.7,0.001,0.001,1.0,50490,50490,50490,22730,https://www.work24.go.kr/hr/a/a/3100/selectTracseDetl.do?tracseId=ACG20253001100205&tracseTme=26&crseTracseSe=C0031&trainstCstmrId=500034132476,0,0,0,드론
82,AIG20250000539903,14,파이썬으로 제어하는 AI드론,미라클평생교육원,20010202,20010202,응용SW엔지니어링,전북,전주시,원격,2026-01-21,2026-02-20,종료,200,6,7,6,6,93.6,0.03,0.035,1.0,490000,490000,0,49000,https://www.work24.go.kr/hr/a/a/3100/selectTracseDetl.do?tracseId=AIG20250000539903&tracseTme=14&crseTracseSe=C0105&trainstCstmrId=500033164282,0,0,0,드론
83,AIG20250000539926,15,"[중장년층 디지털 전환] 드론, 이론부터 코딩까지 올인원 패키지",미래디지털 원격평생교육원,20010202,20010202,응용SW엔지니어링,서울,강서구,원격,2026-01-21,2026-02-25,종료,100,96,140,96,92,78.6,0.96,1.4,0.9583333333333334,288000,288000,0,28800,https://www.work24.go.kr/hr/a/a/3100/selectTracseDetl.do?tracseId=AIG20250000539926&tracseTme=15&crseTracseSe=C0105&trainstCstmrId=500020011130,1,0,0,드론
85,ACG20253001077931,212,드론 기초기술 현장적용 가이드,러닝플러스 주식회사,20010102,20010102,정보기술컨설팅,부산,부산진구,원격,2026-01-22,2026-02-21,종료,500,0,0,,0,,0.0,0.0,,62370,62370,62370,28070,https://www.work24.go.kr/hr/a/a/3100/selectTracseDetl.do?tracseId=ACG20253001077931&tracseTme=212&crseTracseSe=C0031&trainstCstmrId=500020021711,0,1,0,드론
86,AVA20253001112867,19,"드론 활용실무(건설, 물류, 방제용 드론)",사단법인 한국에듀테크산업협회,09040105,09040105,소형무인기운용·조종,서울,강남구,원격,2026-01-22,2026-02-18,종료,500,0,0,,0,85.7,0.0,0.0,,62370,62370,62370,28070,https://www.work24.go.kr/hr/a/a/3100/selectTracseDetl.do?tracseId=AVA20253001112867&tracseTme=19&crseTracseSe=C0055&trainstCstmrId=500020013301,0,0,0,드론
87,AVA20253001112883,24,[국가 드론자격증] 초경량비행장치 조종자 필기반,한국이러닝협회,09040105,09040105,소형무인기운용·조종,서울,구로구,원격,2026-01-22,2026-02-18,종료,500,0,0,,0,,0.0,0.0,,65340,65340,65340,29410,https://www.work24.go.kr/hr/a/a/3100/selectTracseDetl.do?tracseId=AVA20253001112883&tracseTme=24&crseTracseSe=C0055&trainstCstmrId=500020055159,0,1,0,드론
88,ACG20253001077931,213,드론 기초기술 현장적용 가이드,러닝플러스 주식회사,20010102,20010102,정보기술컨설팅,부산,부산진구,원격,2026-01-23,2026-02-22,종료,500,0,0,,0,,0.0,0.0,,62370,62370,62370,28070,https://www.work24.go.kr/hr/a/a/3100/selectTracseDetl.do?tracseId=ACG20253001077931&tracseTme=213&crseTracseSe=C0031&trainstCstmrId=500020021711,0,1,0,드론
89,AIG20250000503304,2,드론국가자격증 1종 취득과정(주중),여수드론교육원,09040105,09040105,소형무인기운용·조종,광주,여수시,비원격,2026-01-23,2026-02-12,종료,8,2,3,2,2,100.0,0.25,0.375,1.0,858000,2000000,858000,1528100,https://www.work24.go.kr/hr/a/a/3100/selectTracseDetl.do?tracseId=AIG20250000503304&tracseTme=2&crseTracseSe=C0061&trainstCstmrId=500036495384,0,0,0,드론
92,AIG20250000509552,3,26년 드론 국가자격증 학과교육,새만금항공주식회사,09040105,09040105,소형무인기운용·조종,전북,전주시,비원격,2026-01-25,2026-02-08,종료,8,2,2,2,2,100.0,0.25,0.25,1.0,286000,300000,286000,142700,https://www.work24.go.kr/hr/a/a/3100/selectTracseDetl.do?tracseId=AIG20250000509552&tracseTme=3&crseTracseSe=C0061&trainstCstmrId=500034120375,0,0,0,드론
91,AIG20250000513041,2,드론 국가자격증 3종[필기+실기]+촬영 무인멀티콥터,새동엔지니어링(주) 드론교육원,09040105,09040105,소형무인기운용·조종,서울,관악구,비원격,2026-01-25,2026-02-28,종료,8,4,8,4,4,90.5,0.5,1.0,1.0,572000,772000,572000,457400,https://www.work24.go.kr/hr/a/a/3100/selectTracseDetl.do?tracseId=AIG20250000513041&tracseTme=2&crseTracseSe=C0061&trainstCstmrId=500037079851,0,0,0,드론
90,AIG20250000529814,2,드론 1종 국가자격증 취득과정,(주)스마트항공,09040105,09040105,소형무인기운용·조종,부산,사상구,비원격,2026-01-25,2026-03-15,종료,8,8,8,8,8,99.5,1.0,1.0,1.0,858000,1980000,858000,1508100,https://www.work24.go.kr/hr/a/a/3100/selectTracseDetl.do?tracseId=AIG20250000529814&tracseTme=2&crseTracseSe=C0061&trainstCstmrId=500042519804,0,0,0,드론
99,ACG20253001077931,214,드론 기초기술 현장적용 가이드,러닝플러스 주식회사,20010102,20010102,정보기술컨설팅,부산,부산진구,원격,2026-01-26,2026-02-25,종료,500,0,0,,0,,0.0,0.0,,62370,62370,62370,28070,https://www.work24.go.kr/hr/a/a/3100/selectTracseDetl.do?tracseId=ACG20253001077931&tracseTme=214&crseTracseSe=C0031&trainstCstmrId=500020021711,0,1,0,드론
103,AIG20250000505519,3,1종 드론 국가자격증 필기+실기_평일반,서울드론교육원,09040105,09040105,소형무인기운용·조종,서울,서초구,비원격,2026-01-26,2026-02-19,종료,12,4,5,6,4,87.4,0.3333333333333333,0.4166666666666667,0.6666666666666666,915200,1915200,915200,1411840,https://www.work24.go.kr/hr/a/a/3100/selectTracseDetl.do?tracseId=AIG20250000505519&tracseTme=3&crseTracseSe=C0061&trainstCstmrId=500035861333,0,0,0,드론
95,AIG20250000506180,2,1종 드론국가자격증 취득과정 필기+실기 _평일반,(주)케이드론 부설 대한무인항공교육원,09040105,09040105,소형무인기운용·조종,강원,원주시,비원격,2026-01-26,2026-02-14,종료,12,1,1,1,1,97.1,0.08333333333333333,0.08333333333333333,1.0,915200,1915200,915200,1411840,https://www.work24.go.kr/hr/a/a/3100/selectTracseDetl.do?tracseId=AIG20250000506180&tracseTme=2&crseTracseSe=C0061&trainstCstmrId=500035879387,0,0,0,드론
104,AIG20250000507756,1,무인멀티콥터(드론)조종자 1종 국가자격취득 평일 (이론+실기),양주에이스원드론교육원,09040105,09040105,소형무인기운용·조종,경기,양주시,비원격,2026-01-26,2026-02-13,종료,4,1,1,4,1,100.0,0.25,0.25,0.25,858000,2300000,858000,1828100,https://www.work24.go.kr/hr/a/a/3100/selectTracseDetl.do?tracseId=AIG20250000507756&tracseTme=1&crseTracseSe=C0061&trainstCstmrId=500039022552,0,0,0,드론
102,AIG20250000509552,2,26년 드론 국가자격증 학과교육,새만금항공주식회사,09040105,09040105,소형무인기운용·조종,전북,전주시,비원격,2026-01-26,2026-01-30,종료,8,3,3,3,3,100.0,0.375,0.375,1.0,286000,300000,286000,142700,https://www.work24.go.kr/hr/a/a/3100/selectTracseDetl.do?tracseId=AIG20250000509552&tracseTme=2&crseTracseSe=C0061&trainstCstmrId=500034120375,0,0,0,드론
101,AIG20250000510905,3,드론 국가자격증 1종[필기+실기]무인멀티콥터,새동엔지니어링(주) 드론교육원,09040105,09040105,소형무인기운용·조종,서울,관악구,비원격,2026-01-26,2026-02-13,종료,12,2,3,2,2,92.9,0.16666666666666666,0.25,1.0,858000,1858000,858000,1386100,https://www.work24.go.kr/hr/a/a/3100/selectTracseDetl.do?tracseId=AIG20250000510905&tracseTme=3&crseTracseSe=C0061&trainstCstmrId=500037079851,0,0,0,드론
100,AIG20250000513132,3,드론 국가자격증 1종 실기반(무인멀티콥터),새동엔지니어링(주) 드론교육원,09040105,09040105,소형무인기운용·조종,서울,관악구,비원격,2026-01-26,2026-02-06,종료,4,2,2,2,2,100.0,0.5,0.5,1.0,572000,1372000,572000,1057400,https://www.work24.go.kr/hr/a/a/3100/selectTracseDetl.do?tracseId=AIG20250000513132&tracseTme=3&crseTracseSe=C0061&trainstCstmrId=500037079851,0,0,0,드론
94,AIG20250000515467,3,드론 국가자격증1종[이론+실기],(주)충남무인항공교육원,09040105,09040105,소형무인기운용·조종,충남,천안시,비원격,2026-01-26,2026-02-13,종료,8,4,4,4,4,98.0,0.5,0.5,1.0,858000,1900000,858000,1428100,https://www.work24.go.kr/hr/a/a/3100/selectTracseDetl.do?tracseId=AIG20250000515467&tracseTme=3&crseTracseSe=C0061&trainstCstmrId=500034750847,0,0,0,드론
93,AIG20250000529814,3,드론 1종 국가자격증 취득과정,(주)스마트항공,09040105,09040105,소형무인기운용·조종,부산,사상구,비원격,2026-01-26,2026-02-13,종료,8,1,1,1,1,99.5,0.125,0.125,1.0,858000,1980000,858000,1508100,https://www.work24.go.kr/hr/a/a/3100/selectTracseDetl.do?tracseId=AIG20250000529814&tracseTme=3&crseTracseSe=C0061&trainstCstmrId=500042519804,0,0,0,드론
97,AIG20250000532017,3,초경량비행장치 (드론) 1종 국가자격취득과정(이론+실기),KDA 한국드론교육원,09040105,09040105,소형무인기운용·조종,경기,화성시,비원격,2026-01-26,2026-02-13,종료,8,2,3,2,2,96.8,0.25,0.375,1.0,858000,1980000,858000,1508100,https://www.work24.go.kr/hr/a/a/3100/selectTracseDetl.do?tracseId=AIG20250000532017&tracseTme=3&crseTracseSe=C0061&trainstCstmrId=500042774065,0,0,0,드론
96,AIG20250000532020,1,초경량비행장치 (드론) 1종 국가자격취득과정(실기),KDA 한국드론교육원,09040105,09040105,소형무인기운용·조종,경기,화성시,비원격,2026-01-26,2026-02-06,종료,8,1,1,1,1,98.0,0.125,0.125,1.0,572000,1500000,572000,1185400,https://www.work24.go.kr/hr/a/a/3100/selectTracseDetl.do?tracseId=AIG20250000532020&tracseTme=1&crseTracseSe=C0061&trainstCstmrId=500042774065,0,0,0,드론
98,AIG20250000534362,2,초경량비행장치 무인멀티콥터 취득과정(평일),강남무인항공,09040105,09040105,소형무인기운용·조종,전북,장수군,비원격,2026-01-26,2026-02-13,종료,8,2,2,2,2,100.0,0.25,0.25,1.0,858000,1500000,858000,1028100,https://www.work24.go.kr/hr/a/a/3100/selectTracseDetl.do?tracseId=AIG20250000534362&tracseTme=2&crseTracseSe=C0061&trainstCstmrId=500034689871,0,0,0,드론
105,ACG20253001077931,215,드론 기초기술 현장적용 가이드,러닝플러스 주식회사,20010102,20010102,정보기술컨설팅,부산,부산진구,원격,2026-01-27,2026-02-26,종료,500,0,0,,0,,0.0,0.0,,62370,62370,62370,28070,https://www.work24.go.kr/hr/a/a/3100/selectTracseDetl.do?tracseId=ACG20253001077931&tracseTme=215&crseTracseSe=C0031&trainstCstmrId=500020021711,0,1,0,드론
106,ACG20253001077931,216,드론 기초기술 현장적용 가이드,러닝플러스 주식회사,20010102,20010102,정보기술컨설팅,부산,부산진구,원격,2026-01-28,2026-02-27,종료,500,0,0,,0,,0.0,0.0,,62370,62370,62370,28070,https://www.work24.go.kr/hr/a/a/3100/selectTracseDetl.do?tracseId=ACG20253001077931&tracseTme=216&crseTracseSe=C0031&trainstCstmrId=500020021711,0,1,0,드론
109,ACG20253001100205,27,[촬영용 드론] 드론을 활용한 영상촬영 및 편집기술,주식회사 드림캠퍼스,09040105,09040105,소형무인기운용·조종,경남,진주시,원격,2026-01-28,2026-02-27,종료,1000,0,0,,0,85.7,0.0,0.0,,50490,50490,50490,22730,https://www.work24.go.kr/hr/a/a/3100/selectTracseDetl.do?tracseId=ACG20253001100205&tracseTme=27&crseTracseSe=C0031&trainstCstmrId=500034132476,0,0,0,드론
110,AIG20250000508924,1,"드론 조종,항공 촬영과 기초 영상편집(4종 자격 지원)",현대평생교육원,09040105,09040105,소형무인기운용·조종,대구,달서구,비원격,2026-01-28,2026-01-30,종료,20,4,5,4,4,100.0,0.2,0.25,1.0,128700,128700,128700,57920,https://www.work24.go.kr/hr/a/a/3100/selectTracseDetl.do?tracseId=AIG20250000508924&tracseTme=1&crseTracseSe=C0061&trainstCstmrId=500020018082,0,0,0,드론
107,AIG20250000539903,15,파이썬으로 제어하는 AI드론,미라클평생교육원,20010202,20010202,응용SW엔지니어링,전북,전주시,원격,2026-01-28,2026-02-27,종료,200,12,15,12,12,93.6,0.06,0.075,1.0,490000,490000,0,49000,https://www.work24.go.kr/hr/a/a/3100/selectTracseDetl.do?tracseId=AIG20250000539903&tracseTme=15&crseTracseSe=C0105&trainstCstmrId=500033164282,0,0,0,드론
108,AIG20250000539926,16,"[중장년층 디지털 전환] 드론, 이론부터 코딩까지 올인원 패키지",미래디지털 원격평생교육원,20010202,20010202,응용SW엔지니어링,서울,강서구,원격,2026-01-28,2026-02-27,종료,100,99,138,99,91,78.6,0.99,1.38,0.9191919191919192,288000,288000,0,28800,https://www.work24.go.kr/hr/a/a/3100/selectTracseDetl.do?tracseId=AIG20250000539926&tracseTme=16&crseTracseSe=C0105&trainstCstmrId=500020011130,1,0,0,드론
111,ACG20253001077931,217,드론 기초기술 현장적용 가이드,러닝플러스 주식회사,20010102,20010102,정보기술컨설팅,부산,부산진구,원격,2026-01-29,2026-02-28,종료,500,0,0,,0,,0.0,0.0,,62370,62370,62370,28070,https://www.work24.go.kr/hr/a/a/3100/selectTracseDetl.do?tracseId=ACG20253001077931&tracseTme=217&crseTracseSe=C0031&trainstCstmrId=500020021711,0,1,0,드론
113,AIG20250000503351,1,드론국가자격증1종취득 실기,상무무인항공교육원,09040105,09040105,소형무인기운용·조종,광주,보성군,비원격,2026-01-29,2026-02-23,종료,4,1,1,1,1,100.0,0.25,0.25,1.0,858000,1900000,858000,1428100,https://www.work24.go.kr/hr/a/a/3100/selectTracseDetl.do?tracseId=AIG20250000503351&tracseTme=1&crseTracseSe=C0061&trainstCstmrId=500040134607,0,0,0,드론
112,AVA20253001112867,20,"드론 활용실무(건설, 물류, 방제용 드론)",사단법인 한국에듀테크산업협회,09040105,09040105,소형무인기운용·조종,서울,강남구,원격,2026-01-29,2026-02-25,종료,500,2,2,2,2,85.7,0.004,0.004,1.0,62370,62370,62370,28070,https://www.work24.go.kr/hr/a/a/3100/selectTracseDetl.do?tracseId=AVA20253001112867&tracseTme=20&crseTracseSe=C0055&trainstCstmrId=500020013301,0,0,0,드론
114,AVA20253001112883,25,[국가 드론자격증] 초경량비행장치 조종자 필기반,한국이러닝협회,09040105,09040105,소형무인기운용·조종,서울,구로구,원격,2026-01-29,2026-02-25,종료,500,0,0,,0,,0.0,0.0,,65340,65340,65340,29410,https://www.work24.go.kr/hr/a/a/3100/selectTracseDetl.do?tracseId=AVA20253001112883&tracseTme=25&crseTracseSe=C0055&trainstCstmrId=500020055159,0,1,0,드론
116,ACG20253001077931,218,드론 기초기술 현장적용 가이드,러닝플러스 주식회사,20010102,20010102,정보기술컨설팅,부산,부산진구,원격,2026-01-30,2026-02-28,종료,500,0,0,,0,,0.0,0.0,,62370,62370,62370,28070,https://www.work24.go.kr/hr/a/a/3100/selectTracseDetl.do?tracseId=ACG20253001077931&tracseTme=218&crseTracseSe=C0031&trainstCstmrId=500020021711,0,1,0,드론
115,AIG20250000529057,2,초경량비행장치 조종자 자격 취득과정(1종),드론항공평생교육원,09040105,09040105,소형무인기운용·조종,제주,서귀포시,비원격,2026-01-30,2026-02-22,종료,8,2,2,2,2,93.3,0.25,0.25,1.0,858000,1800000,858000,1328100,https://www.work24.go.kr/hr/a/a/3100/selectTracseDetl.do?tracseId=AIG20250000529057&tracseTme=2&crseTracseSe=C0061&trainstCstmrId=500035584309,0,0,0,드론
117,AIG20250000508865,1,무인멀티콥터(드론)자격증 취득 실기 대비반,금성직업전문학교,09040105,09040105,소형무인기운용·조종,광주,동구,비원격,2026-01-31,2026-04-12,종료,8,8,17,8,8,97.1,1.0,2.125,1.0,950950,1450950,950950,927930,https://www.work24.go.kr/hr/a/a/3100/selectTracseDetl.do?tracseId=AIG20250000508865&tracseTme=1&crseTracseSe=C0061&trainstCstmrId=500020036003,1,0,0,드론
118,AIG20250000509002,2,드론 1종 조종자 국가자격증(필기시험면제자체실기시험),이아이실용전문학원,09040105,09040105,소형무인기운용·조종,경기,시흥시,비원격,2026-01-31,2026-03-29,종료,4,4,7,4,4,97.5,1.0,1.75,1.0,858000,1958000,858000,1486100,https://www.work24.go.kr/hr/a/a/3100/selectTracseDetl.do?tracseId=AIG20250000509002&tracseTme=2&crseTracseSe=C0061&trainstCstmrId=500042912111,1,0,0,드론
119,AIG20250000531840,1,드론 지도조종자(교관) 자격취득과정,중부드론교육원,09040105,09040105,소형무인기운용·조종,충북,음성군,비원격,2026-01-31,2026-05-02,종료,2,0,0,,0,71.4,0.0,0.0,,1287000,3000000,1287000,2163450,https://www.work24.go.kr/hr/a/a/3100/selectTracseDetl.do?tracseId=AIG20250000531840&tracseTme=1&crseTracseSe=C0061&trainstCstmrId=500039127578,0,0,0,드론
120,AIG20250000505532,2,항공촬영드론조종교육 + 3종,서울드론교육원,09040105,09040105,소형무인기운용·조종,서울,서초구,비원격,2026-02-01,2026-03-08,종료,12,2,2,2,2,75.0,0.16666666666666666,0.16666666666666666,1.0,572000,792000,572000,477400,https://www.work24.go.kr/hr/a/a/3100/selectTracseDetl.do?tracseId=AIG20250000505532&tracseTme=2&crseTracseSe=C0061&trainstCstmrId=500035861333,0,0,0,드론
121,AIG20250000531836,2,드론 (1종) 국가자격증 취득 (실기),중부드론교육원,09040105,09040105,소형무인기운용·조종,충북,음성군,비원격,2026-02-01,2026-03-07,종료,8,0,0,,0,,0.0,0.0,,572000,1500000,572000,1128200,https://www.work24.go.kr/hr/a/a/3100/selectTracseDetl.do?tracseId=AIG20250000531836&tracseTme=2&crseTracseSe=C0061&trainstCstmrId=500039127578,0,1,0,드론
124,ACG20253001077931,219,드론 기초기술 현장적용 가이드,러닝플러스 주식회사,20010102,20010102,정보기술컨설팅,부산,부산진구,원격,2026-02-02,2026-03-01,종료,500,0,0,,0,,0.0,0.0,,62370,62370,62370,28070,https://www.work24.go.kr/hr/a/a/3100/selectTracseDetl.do?tracseId=ACG20253001077931&tracseTme=219&crseTracseSe=C0031&trainstCstmrId=500020021711,0,1,0,드론
132,AIG20250000502620,3,초경량비행장치 무인멀티콥터(드론)조종자 1종 국가자격취득과정(이론+실기),중부드론교육원,09040105,09040105,소형무인기운용·조종,충북,음성군,비원격,2026-02-02,2026-02-25,종료,8,0,0,,0,100.0,0.0,0.0,,858000,2000000,858000,1442300,https://www.work24.go.kr/hr/a/a/3100/selectTracseDetl.do?tracseId=AIG20250000502620&tracseTme=3&crseTracseSe=C0061&trainstCstmrId=500039127578,0,0,0,드론
122,AIG20250000504420,2,초경량 비행장치무인멀티콥터(드론)조종자1종과정,(주)규림,09040105,09040105,소형무인기운용·조종,경북,구미시,비원격,2026-02-02,2026-03-10,종료,8,1,1,8,1,92.5,0.125,0.125,0.125,1144000,1844000,1144000,1214800,https://www.work24.go.kr/hr/a/a/3100/selectTracseDetl.do?tracseId=AIG20250000504420&tracseTme=2&crseTracseSe=C0061&trainstCstmrId=500037029319,0,0,0,드론
127,AIG20250000505693,2,드론(무인멀티콥터) 국가자격증 1종 학과 교육 과정,주식회사 비아이티코퍼레이션,09040105,09040105,소형무인기운용·조종,전북,전주시,비원격,2026-02-02,2026-02-06,종료,8,2,3,5,2,96.7,0.25,0.375,0.4,286000,500000,286000,342700,https://www.work24.go.kr/hr/a/a/3100/selectTracseDetl.do?tracseId=AIG20250000505693&tracseTme=2&crseTracseSe=C0061&trainstCstmrId=500042783200,0,0,0,드론
123,AIG20250000508800,1,무인멀티콥터(드론) 1종 자격증 취득과정,금성직업전문학교,09040105,09040105,소형무인기운용·조종,광주,동구,비원격,2026-02-02,2026-04-16,종료,8,8,11,8,7,92.9,1.0,1.375,0.875,1001000,1501000,1001000,950450,https://www.work24.go.kr/hr/a/a/3100/selectTracseDetl.do?tracseId=AIG20250000508800&tracseTme=1&crseTracseSe=C0061&trainstCstmrId=500020036003,1,0,0,드론
126,AIG20250000509639,4,26년 드론 국가자격증 1종 실기교육,새만금항공주식회사,09040105,09040105,소형무인기운용·조종,전북,전주시,비원격,2026-02-02,2026-02-13,종료,8,3,3,3,3,100.0,0.375,0.375,1.0,572000,1700000,572000,1385400,https://www.work24.go.kr/hr/a/a/3100/selectTracseDetl.do?tracseId=AIG20250000509639&tracseTme=4&crseTracseSe=C0061&trainstCstmrId=500034120375,0,0,0,드론
125,AIG20250000513041,3,드론 국가자격증 3종[필기+실기]+촬영 무인멀티콥터,새동엔지니어링(주) 드론교육원,09040105,09040105,소형무인기운용·조종,서울,관악구,비원격,2026-02-02,2026-02-13,종료,8,1,3,1,1,90.5,0.125,0.375,1.0,572000,772000,572000,457400,https://www.work24.go.kr/hr/a/a/3100/selectTracseDetl.do?tracseId=AIG20250000513041&tracseTme=3&crseTracseSe=C0061&trainstCstmrId=500037079851,0,0,0,드론
131,AIG20250000531840,2,드론 지도조종자(교관) 자격취득과정,중부드론교육원,09040105,09040105,소형무인기운용·조종,충북,음성군,비원격,2026-02-02,2026-03-13,종료,2,1,1,1,1,71.4,0.5,0.5,1.0,1287000,3000000,1287000,2163450,https://www.work24.go.kr/hr/a/a/3100/selectTracseDetl.do?tracseId=AIG20250000531840&tracseTme=2&crseTracseSe=C0061&trainstCstmrId=500039127578,0,0,0,드론
133,AIG20250000531843,2,초경량비행장치(드론) 무인 멀티콥터 조종자 3종 자격증 취득과정,중부드론교육원,09040105,09040105,소형무인기운용·조종,충북,음성군,비원격,2026-02-02,2026-02-10,종료,8,0,0,,0,,0.0,0.0,,357500,600000,357500,367630,https://www.work24.go.kr/hr/a/a/3100/selectTracseDetl.do?tracseId=AIG20250000531843&tracseTme=2&crseTracseSe=C0061&trainstCstmrId=500039127578,0,1,0,드론
128,AIG20250000532091,3,(드론)조종자 1종 국가 자격증 취득과정,주식회사지디에이경기드론교육원,09040105,09040105,소형무인기운용·조종,서울,구로구,비원격,2026-02-02,2026-02-27,종료,8,2,3,2,2,97.3,0.25,0.375,1.0,858000,1980000,858000,1508100,https://www.work24.go.kr/hr/a/a/3100/selectTracseDetl.do?tracseId=AIG20250000532091&tracseTme=3&crseTracseSe=C0061&trainstCstmrId=500042767878,0,0,0,드론
129,AIG20250000532096,2,(드론)조종자 1종 국가 자격증 취득과정(실기),주식회사지디에이경기드론교육원,09040105,09040105,소형무인기운용·조종,서울,구로구,비원격,2026-02-02,2026-02-13,종료,8,1,2,1,1,88.9,0.125,0.25,1.0,572000,1500000,572000,1185400,https://www.work24.go.kr/hr/a/a/3100/selectTracseDetl.do?tracseId=AIG20250000532096&tracseTme=2&crseTracseSe=C0061&trainstCstmrId=500042767878,0,0,0,드론
130,AIG20250000536325,2,초경량비행장치(드론)조종자 1종 자격증 취득과정,주식회사청주드론교육원,09040105,09040105,소형무인기운용·조종,충북,청주시,비원격,2026-02-02,2026-02-25,종료,4,0,1,,0,85.7,0.0,0.25,,858000,2500000,858000,2028100,https://www.work24.go.kr/hr/a/a/3100/selectTracseDetl.do?tracseId=AIG20250000536325&tracseTme=2&crseTracseSe=C0061&trainstCstmrId=500037069424,0,0,0,드론
134,ACG20253001077931,220,드론 기초기술 현장적용 가이드,러닝플러스 주식회사,20010102,20010102,정보기술컨설팅,부산,부산진구,원격,2026-02-03,2026-03-02,종료,500,0,0,,0,,0.0,0.0,,62370,62370,62370,28070,https://www.work24.go.kr/hr/a/a/3100/selectTracseDetl.do?tracseId=ACG20253001077931&tracseTme=220&crseTracseSe=C0031&trainstCstmrId=500020021711,0,1,0,드론
135,AIG20250000536681,1,아두이노를 활용한 드론시스템 제어 정비(드론정비사 1급 민간자격 취득),현대평생교육원,20010203,20010203,임베디드SW엔지니어링,경남,김해시,비원격,2026-02-03,2026-03-05,종료,20,0,1,,0,,0.0,0.05,,906940,906940,906940,317430,https://www.work24.go.kr/hr/a/a/3100/selectTracseDetl.do?tracseId=AIG20250000536681&tracseTme=1&crseTracseSe=C0061&trainstCstmrId=500020036606,0,1,0,드론
137,ACG20253001077931,221,드론 기초기술 현장적용 가이드,러닝플러스 주식회사,20010102,20010102,정보기술컨설팅,부산,부산진구,원격,2026-02-04,2026-03-03,종료,500,0,0,,0,,0.0,0.0,,62370,62370,62370,28070,https://www.work24.go.kr/hr/a/a/3100/selectTracseDetl.do?tracseId=ACG20253001077931&tracseTme=221&crseTracseSe=C0031&trainstCstmrId=500020021711,0,1,0,드론
142,ACG20253001100205,28,[촬영용 드론] 드론을 활용한 영상촬영 및 편집기술,주식회사 드림캠퍼스,09040105,09040105,소형무인기운용·조종,경남,진주시,원격,2026-02-04,2026-03-03,종료,1000,0,0,,0,85.7,0.0,0.0,,50490,50490,50490,22730,https://www.work24.go.kr/hr/a/a/3100/selectTracseDetl.do?tracseId=ACG20253001100205&tracseTme=28&crseTracseSe=C0031&trainstCstmrId=500034132476,0,0,0,드론
136,AIG20250000515496,1,초경량비행장치(드론 3종) 조종자 국가자격증 취득(시험면제 무시험),누리드론교육원,09040105,09040105,소형무인기운용·조종,경남,김해시,비원격,2026-02-04,2026-02-12,종료,8,0,0,,0,,0.0,0.0,,400400,500400,400400,280180,https://www.work24.go.kr/hr/a/a/3100/selectTracseDetl.do?tracseId=AIG20250000515496&tracseTme=1&crseTracseSe=C0061&trainstCstmrId=500041601289,0,1,0,드론
140,AIG20250000516351,2,초경량비행장치 무인멀티콥터(드론) 1종 자격(학과이론+모의비행),부산경상대학교산학협력단,09040105,09040105,소형무인기운용·조종,부산,연제구,비원격,2026-02-04,2026-02-10,종료,4,0,0,,0,,0.0,0.0,,286000,500000,286000,342700,https://www.work24.go.kr/hr/a/a/3100/selectTracseDetl.do?tracseId=AIG20250000516351&tracseTme=2&crseTracseSe=C0061&trainstCstmrId=500044212779,0,1,0,드론
141,AIG20250000516668,2,초경량비행장치 무인멀티콥터(드론) 1종 자격취득(이론+실기),부산경상대학교산학협력단,09040105,09040105,소형무인기운용·조종,부산,연제구,비원격,2026-02-04,2026-03-13,종료,4,2,2,2,2,97.4,0.5,0.5,1.0,1001000,2000000,1001000,1449450,https://www.work24.go.kr/hr/a/a/3100/selectTracseDetl.do?tracseId=AIG20250000516668&tracseTme=2&crseTracseSe=C0061&trainstCstmrId=500044212779,0,0,0,드론
138,AIG20250000539903,16,파이썬으로 제어하는 AI드론,미라클평생교육원,20010202,20010202,응용SW엔지니어링,전북,전주시,원격,2026-02-04,2026-03-06,종료,200,5,5,5,5,93.6,0.025,0.025,1.0,490000,490000,0,49000,https://www.work24.go.kr/hr/a/a/3100/selectTracseDetl.do?tracseId=AIG20250000539903&tracseTme=16&crseTracseSe=C0105&trainstCstmrId=500033164282,0,0,0,드론
139,AIG20250000539926,17,"[중장년층 디지털 전환] 드론, 이론부터 코딩까지 올인원 패키지",미래디지털 원격평생교육원,20010202,20010202,응용SW엔지니어링,서울,강서구,원격,2026-02-04,2026-03-06,종료,100,80,102,80,78,78.6,0.8,1.02,0.975,288000,288000,0,28800,https://www.work24.go.kr/hr/a/a/3100/selectTracseDetl.do?tracseId=AIG20250000539926&tracseTme=17&crseTracseSe=C0105&trainstCstmrId=500020011130,1,0,0,드론
143,ACG20253001077931,222,드론 기초기술 현장적용 가이드,러닝플러스 주식회사,20010102,20010102,정보기술컨설팅,부산,부산진구,원격,2026-02-05,2026-03-04,종료,500,0,0,,0,,0.0,0.0,,62370,62370,62370,28070,https://www.work24.go.kr/hr/a/a/3100/selectTracseDetl.do?tracseId=ACG20253001077931&tracseTme=222&crseTracseSe=C0031&trainstCstmrId=500020021711,0,1,0,드론
144,AVA20253001112867,21,"드론 활용실무(건설, 물류, 방제용 드론)",사단법인 한국에듀테크산업협회,09040105,09040105,소형무인기운용·조종,서울,강남구,원격,2026-02-05,2026-03-04,종료,500,1,1,1,1,85.7,0.002,0.002,1.0,62370,62370,62370,28070,https://www.work24.go.kr/hr/a/a/3100/selectTracseDetl.do?tracseId=AVA20253001112867&tracseTme=21&crseTracseSe=C0055&trainstCstmrId=500020013301,0,0,0,드론
145,AVA20253001112883,26,[국가 드론자격증] 초경량비행장치 조종자 필기반,한국이러닝협회,09040105,09040105,소형무인기운용·조종,서울,구로구,원격,2026-02-05,2026-03-04,종료,500,1,1,1,1,,0.002,0.002,1.0,65340,65340,65340,29410,https://www.work24.go.kr/hr/a/a/3100/selectTracseDetl.do?tracseId=AVA20253001112883&tracseTme=26&crseTracseSe=C0055&trainstCstmrId=500020055159,0,1,0,드론
146,ACG20253001077931,223,드론 기초기술 현장적용 가이드,러닝플러스 주식회사,20010102,20010102,정보기술컨설팅,부산,부산진구,원격,2026-02-06,2026-03-05,종료,500,0,0,,0,,0.0,0.0,,62370,62370,62370,28070,https://www.work24.go.kr/hr/a/a/3100/selectTracseDetl.do?tracseId=ACG20253001077931&tracseTme=223&crseTracseSe=C0031&trainstCstmrId=500020021711,0,1,0,드론
149,ACG20253001077931,224,드론 기초기술 현장적용 가이드,러닝플러스 주식회사,20010102,20010102,정보기술컨설팅,부산,부산진구,원격,2026-02-09,2026-03-08,종료,500,0,0,,0,,0.0,0.0,,62370,62370,62370,28070,https://www.work24.go.kr/hr/a/a/3100/selectTracseDetl.do?tracseId=ACG20253001077931&tracseTme=224&crseTracseSe=C0031&trainstCstmrId=500020021711,0,1,0,드론
147,AIG20250000501335,3,AIOT 기반 드론 영상 관제시스템 프로젝트 개발,DW아카데미학원,20010202,20010202,응용SW엔지니어링,대전,중구,비원격,2026-02-09,2026-09-08,종료,30,30,31,30,17,82.5,1.0,1.0333333333333334,0.5666666666666667,10687040,10687040,10687040,400000,https://www.work24.go.kr/hr/a/a/3100/selectTracseDetl.do?tracseId=AIG20250000501335&tracseTme=3&crseTracseSe=C0061&trainstCstmrId=500020022702,1,0,0,드론
154,AIG20250000508278,8,무인멀티콥터(드론) 국가자격증 1종 실기교육 과정,주식회사 비아이티코퍼레이션,09040105,09040105,소형무인기운용·조종,전북,전주시,비원격,2026-02-09,2026-02-25,종료,1,1,1,1,1,100.0,1.0,1.0,1.0,143000,1000000,143000,921350,https://www.work24.go.kr/hr/a/a/3100/selectTracseDetl.do?tracseId=AIG20250000508278&tracseTme=8&crseTracseSe=C0061&trainstCstmrId=500042783200,0,0,0,드론
153,AIG20250000509002,3,드론 1종 조종자 국가자격증(필기시험면제자체실기시험),이아이실용전문학원,09040105,09040105,소형무인기운용·조종,경기,시흥시,비원격,2026-02-09,2026-03-05,종료,4,4,5,4,4,97.5,1.0,1.25,1.0,858000,1958000,858000,1486100,https://www.work24.go.kr/hr/a/a/3100/selectTracseDetl.do?tracseId=AIG20250000509002&tracseTme=3&crseTracseSe=C0061&trainstCstmrId=500042912111,1,0,0,드론
151,AIG20250000509552,4,26년 드론 국가자격증 학과교육,새만금항공주식회사,09040105,09040105,소형무인기운용·조종,전북,전주시,비원격,2026-02-09,2026-02-13,종료,8,5,5,5,5,100.0,0.625,0.625,1.0,286000,300000,286000,142700,https://www.work24.go.kr/hr/a/a/3100/selectTracseDetl.do?tracseId=AIG20250000509552&tracseTme=4&crseTracseSe=C0061&trainstCstmrId=500034120375,0,0,0,드론
150,AIG20250000513585,1,드론 국가자격증 필기과정 (이론 및 모의비행),부산직업능력교육원,09040105,09040105,소형무인기운용·조종,부산,북구,비원격,2026-02-09,2026-02-23,종료,12,3,4,3,3,100.0,0.25,0.3333333333333333,1.0,286000,300000,286000,142700,https://www.work24.go.kr/hr/a/a/3100/selectTracseDetl.do?tracseId=AIG20250000513585&tracseTme=1&crseTracseSe=C0061&trainstCstmrId=500020056246,0,0,0,드론
155,AIG20250000520984,2,드론 1종 조종자 자격증 취득과정 (이론+실기)[평일반],주식회사스카이엔터프라이즈,09040105,09040105,소형무인기운용·조종,대구,달서구,비원격,2026-02-09,2026-03-09,종료,8,3,6,5,3,96.4,0.375,0.75,0.6,972400,1990000,972400,1455180,https://www.work24.go.kr/hr/a/a/3100/selectTracseDetl.do?tracseId=AIG20250000520984&tracseTme=2&crseTracseSe=C0061&trainstCstmrId=500035342034,0,0,0,드론
156,AIG20250000531836,3,드론 (1종) 국가자격증 취득 (실기),중부드론교육원,09040105,09040105,소형무인기운용·조종,충북,음성군,비원격,2026-02-09,2026-02-25,종료,8,1,1,1,1,,0.125,0.125,1.0,572000,1500000,572000,1128200,https://www.work24.go.kr/hr/a/a/3100/selectTracseDetl.do?tracseId=AIG20250000531836&tracseTme=3&crseTracseSe=C0061&trainstCstmrId=500039127578,0,1,0,드론
148,AIG20250000532020,3,초경량비행장치 (드론) 1종 국가자격취득과정(실기),KDA 한국드론교육원,09040105,09040105,소형무인기운용·조종,경기,화성시,비원격,2026-02-09,2026-02-27,종료,8,2,4,2,2,98.0,0.25,0.5,1.0,572000,1500000,572000,1185400,https://www.work24.go.kr/hr/a/a/3100/selectTracseDetl.do?tracseId=AIG20250000532020&tracseTme=3&crseTracseSe=C0061&trainstCstmrId=500042774065,0,0,0,드론
152,AIG20253001094079,4,(산대특)_스마트농업을 위한 드론운용전문가 양성과정,순천스카이드론교육원(미래진로직업체험센터),090401,,항공기조종운송,광주,순천시,비원격,2026-02-09,2026-03-26,종료,8,8,9,8,8,100.0,1.0,1.125,1.0,1287000,1287000,1287000,128700,https://www.work24.go.kr/hr/a/a/3100/selectTracseDetl.do?tracseId=AIG20253001094079&tracseTme=4&crseTracseSe=C0061&trainstCstmrId=500038928017,1,0,1,드론
158,ACG20253001077931,225,드론 기초기술 현장적용 가이드,러닝플러스 주식회사,20010102,20010102,정보기술컨설팅,부산,부산진구,원격,2026-02-10,2026-03-09,종료,500,0,0,,0,,0.0,0.0,,62370,62370,62370,28070,https://www.work24.go.kr/hr/a/a/3100/selectTracseDetl.do?tracseId=ACG20253001077931&tracseTme=225&crseTracseSe=C0031&trainstCstmrId=500020021711,0,1,0,드론
157,AIG20250000531993,1,무인항공기 임무비행 전문가,디엠씨,09040105,09040105,소형무인기운용·조종,경남,양산시,비원격,2026-02-10,2026-04-14,종료,8,1,2,1,1,100.0,0.125,0.25,1.0,2288000,2288000,2288000,1029600,https://www.work24.go.kr/hr/a/a/3100/selectTracseDetl.do?tracseId=AIG20250000531993&tracseTme=1&crseTracseSe=C0061&trainstCstmrId=500038945686,0,0,0,드론
159,ACG20253001077931,226,드론 기초기술 현장적용 가이드,러닝플러스 주식회사,20010102,20010102,정보기술컨설팅,부산,부산진구,원격,2026-02-11,2026-03-10,종료,500,0,0,,0,,0.0,0.0,,62370,62370,62370,28070,https://www.work24.go.kr/hr/a/a/3100/selectTracseDetl.do?tracseId=ACG20253001077931&tracseTme=226&crseTracseSe=C0031&trainstCstmrId=500020021711,0,1,0,드론
163,ACG20253001100205,29,[촬영용 드론] 드론을 활용한 영상촬영 및 편집기술,주식회사 드림캠퍼스,09040105,09040105,소형무인기운용·조종,경남,진주시,원격,2026-02-11,2026-03-10,종료,1000,2,2,2,2,85.7,0.002,0.002,1.0,50490,50490,50490,22730,https://www.work24.go.kr/hr/a/a/3100/selectTracseDetl.do?tracseId=ACG20253001100205&tracseTme=29&crseTracseSe=C0031&trainstCstmrId=500034132476,0,0,0,드론
164,ACG20263001154048,1,[촬영용 드론] 드론을 활용한 영상촬영 및 편집기술,케이지에듀원 원격평생교육원,09040105,09040105,소형무인기운용·조종,서울,동작구,원격,2026-02-11,2026-03-10,종료,500,0,0,,0,100.0,0.0,0.0,,50490,50490,50490,22730,https://www.work24.go.kr/hr/a/a/3100/selectTracseDetl.do?tracseId=ACG20263001154048&tracseTme=1&crseTracseSe=C0031&trainstCstmrId=500020015894,0,0,0,드론
162,AIG20250000516429,2,초경량비행장치 무인멀티콥터(드론) 1종 자격(실기비행),부산경상대학교산학협력단,09040105,09040105,소형무인기운용·조종,부산,연제구,비원격,2026-02-11,2026-03-12,종료,4,0,1,0,0,,0.0,0.25,,715000,1500000,715000,1106750,https://www.work24.go.kr/hr/a/a/3100/selectTracseDetl.do?tracseId=AIG20250000516429&tracseTme=2&crseTracseSe=C0061&trainstCstmrId=500044212779,0,1,0,드론
160,AIG20250000539903,17,파이썬으로 제어하는 AI드론,미라클평생교육원,20010202,20010202,응용SW엔지니어링,전북,전주시,원격,2026-02-11,2026-03-13,종료,200,5,5,5,4,93.6,0.025,0.025,0.8,490000,490000,0,49000,https://www.work24.go.kr/hr/a/a/3100/selectTracseDetl.do?tracseId=AIG20250000539903&tracseTme=17&crseTracseSe=C0105&trainstCstmrId=500033164282,0,0,0,드론
161,AIG20250000539926,18,"[중장년층 디지털 전환] 드론, 이론부터 코딩까지 올인원 패키지",미래디지털 원격평생교육원,20010202,20010202,응용SW엔지니어링,서울,강서구,원격,2026-02-11,2026-03-13,종료,100,95,143,95,92,78.6,0.95,1.43,0.968421052631579,288000,288000,0,28800,https://www.work24.go.kr/hr/a/a/3100/selectTracseDetl.do?tracseId=AIG20250000539926&tracseTme=18&crseTracseSe=C0105&trainstCstmrId=500020011130,1,0,0,드론
165,AIG20253001093266,4,(산대특)식량작물재배를 위한 드론방제_전직 및 취·창업,파란직업전문학교,09040105,09040105,소형무인기운용·조종,광주,순천시,비원격,2026-02-11,2026-04-07,종료,8,8,12,8,8,93.7,1.0,1.5,1.0,1787500,1787500,1787500,178750,https://www.work24.go.kr/hr/a/a/3100/selectTracseDetl.do?tracseId=AIG20253001093266&tracseTme=4&crseTracseSe=C0061&trainstCstmrId=500020056113,1,0,0,드론
166,ACG20253001077931,227,드론 기초기술 현장적용 가이드,러닝플러스 주식회사,20010102,20010102,정보기술컨설팅,부산,부산진구,원격,2026-02-12,2026-03-11,종료,500,0,0,,0,,0.0,0.0,,62370,62370,62370,28070,https://www.work24.go.kr/hr/a/a/3100/selectTracseDetl.do?tracseId=ACG20253001077931&tracseTme=227&crseTracseSe=C0031&trainstCstmrId=500020021711,0,1,0,드론
167,AVA20253001112867,22,"드론 활용실무(건설, 물류, 방제용 드론)",사단법인 한국에듀테크산업협회,09040105,09040105,소형무인기운용·조종,서울,강남구,원격,2026-02-12,2026-03-11,종료,500,0,0,,0,85.7,0.0,0.0,,62370,62370,62370,28070,https://www.work24.go.kr/hr/a/a/3100/selectTracseDetl.do?tracseId=AVA20253001112867&tracseTme=22&crseTracseSe=C0055&trainstCstmrId=500020013301,0,0,0,드론
168,AVA20253001112883,27,[국가 드론자격증] 초경량비행장치 조종자 필기반,한국이러닝협회,09040105,09040105,소형무인기운용·조종,서울,구로구,원격,2026-02-12,2026-03-11,종료,500,1,1,1,1,,0.002,0.002,1.0,65340,65340,65340,29410,https://www.work24.go.kr/hr/a/a/3100/selectTracseDetl.do?tracseId=AVA20253001112883&tracseTme=27&crseTracseSe=C0055&trainstCstmrId=500020055159,0,1,0,드론
169,ACG20253001077931,228,드론 기초기술 현장적용 가이드,러닝플러스 주식회사,20010102,20010102,정보기술컨설팅,부산,부산진구,원격,2026-02-13,2026-03-12,종료,500,0,0,,0,,0.0,0.0,,62370,62370,62370,28070,https://www.work24.go.kr/hr/a/a/3100/selectTracseDetl.do?tracseId=ACG20253001077931&tracseTme=228&crseTracseSe=C0031&trainstCstmrId=500020021711,0,1,0,드론
170,AIG20250000509639,5,26년 드론 국가자격증 1종 실기교육,새만금항공주식회사,09040105,09040105,소형무인기운용·조종,전북,전주시,비원격,2026-02-14,2026-03-15,종료,8,2,2,2,2,100.0,0.25,0.25,1.0,572000,1700000,572000,1385400,https://www.work24.go.kr/hr/a/a/3100/selectTracseDetl.do?tracseId=AIG20250000509639&tracseTme=5&crseTracseSe=C0061&trainstCstmrId=500034120375,0,0,0,드론
171,AIG20250000534362,3,초경량비행장치 무인멀티콥터 취득과정(평일),강남무인항공,09040105,09040105,소형무인기운용·조종,전북,장수군,비원격,2026-02-16,2026-03-06,종료,8,0,1,,0,100.0,0.0,0.125,,858000,1500000,858000,1028100,https://www.work24.go.kr/hr/a/a/3100/selectTracseDetl.do?tracseId=AIG20250000534362&tracseTme=3&crseTracseSe=C0061&trainstCstmrId=500034689871,0,0,0,드론
173,ACG20263001154048,2,[촬영용 드론] 드론을 활용한 영상촬영 및 편집기술,케이지에듀원 원격평생교육원,09040105,09040105,소형무인기운용·조종,서울,동작구,원격,2026-02-18,2026-03-17,종료,500,0,0,,0,100.0,0.0,0.0,,50490,50490,50490,22730,https://www.work24.go.kr/hr/a/a/3100/selectTracseDetl.do?tracseId=ACG20263001154048&tracseTme=2&crseTracseSe=C0031&trainstCstmrId=500020015894,0,0,0,드론
172,AIG20250000539926,19,"[중장년층 디지털 전환] 드론, 이론부터 코딩까지 올인원 패키지",미래디지털 원격평생교육원,20010202,20010202,응용SW엔지니어링,서울,강서구,원격,2026-02-18,2026-03-20,종료,100,98,128,98,92,78.6,0.98,1.28,0.9387755102040817,288000,288000,0,28800,https://www.work24.go.kr/hr/a/a/3100/selectTracseDetl.do?tracseId=AIG20250000539926&tracseTme=19&crseTracseSe=C0105&trainstCstmrId=500020011130,1,0,0,드론
176,ACG20253001077931,229,드론 기초기술 현장적용 가이드,러닝플러스 주식회사,20010102,20010102,정보기술컨설팅,부산,부산진구,원격,2026-02-19,2026-03-18,종료,500,0,0,,0,,0.0,0.0,,62370,62370,62370,28070,https://www.work24.go.kr/hr/a/a/3100/selectTracseDetl.do?tracseId=ACG20253001077931&tracseTme=229&crseTracseSe=C0031&trainstCstmrId=500020021711,0,1,0,드론
178,AIG20250000510905,4,드론 국가자격증 1종[필기+실기]무인멀티콥터,새동엔지니어링(주) 드론교육원,09040105,09040105,소형무인기운용·조종,서울,관악구,비원격,2026-02-19,2026-03-12,종료,12,10,12,10,10,92.9,0.8333333333333334,1.0,1.0,858000,1858000,858000,1386100,https://www.work24.go.kr/hr/a/a/3100/selectTracseDetl.do?tracseId=AIG20250000510905&tracseTme=4&crseTracseSe=C0061&trainstCstmrId=500037079851,0,0,0,드론
177,AIG20250000513132,4,드론 국가자격증 1종 실기반(무인멀티콥터),새동엔지니어링(주) 드론교육원,09040105,09040105,소형무인기운용·조종,서울,관악구,비원격,2026-02-19,2026-03-05,종료,4,2,6,2,2,100.0,0.5,1.5,1.0,572000,1372000,572000,1057400,https://www.work24.go.kr/hr/a/a/3100/selectTracseDetl.do?tracseId=AIG20250000513132&tracseTme=4&crseTracseSe=C0061&trainstCstmrId=500037079851,1,0,0,드론
179,AIG20250000513160,3,드론 지도조종자(교관) 실기반(무인멀티콥터),새동엔지니어링(주) 드론교육원,09040105,09040105,소형무인기운용·조종,서울,관악구,비원격,2026-02-19,2026-03-25,종료,4,1,1,1,1,100.0,0.25,0.25,1.0,1372800,3072800,1372800,2317760,https://www.work24.go.kr/hr/a/a/3100/selectTracseDetl.do?tracseId=AIG20250000513160&tracseTme=3&crseTracseSe=C0061&trainstCstmrId=500037079851,0,0,0,드론
174,AIG20250000515467,5,드론 국가자격증1종[이론+실기],(주)충남무인항공교육원,09040105,09040105,소형무인기운용·조종,충남,천안시,비원격,2026-02-19,2026-03-11,종료,8,0,0,,0,98.0,0.0,0.0,,858000,1900000,858000,1428100,https://www.work24.go.kr/hr/a/a/3100/selectTracseDetl.do?tracseId=AIG20250000515467&tracseTme=5&crseTracseSe=C0061&trainstCstmrId=500034750847,0,0,0,드론
175,AIG20250000519400,3,드론 지도조종자[교관],(주)충남무인항공교육원,09040105,09040105,소형무인기운용·조종,충남,천안시,비원격,2026-02-19,2026-03-23,종료,2,1,1,1,1,100.0,0.5,0.5,1.0,1315600,3200000,1315600,2476420,https://www.work24.go.kr/hr/a/a/3100/selectTracseDetl.do?tracseId=AIG20250000519400&tracseTme=3&crseTracseSe=C0061&trainstCstmrId=500034750847,0,0,0,드론
180,ACG20253001077931,230,드론 기초기술 현장적용 가이드,러닝플러스 주식회사,20010102,20010102,정보기술컨설팅,부산,부산진구,원격,2026-02-20,2026-03-19,종료,500,0,0,,0,,0.0,0.0,,62370,62370,62370,28070,https://www.work24.go.kr/hr/a/a/3100/selectTracseDetl.do?tracseId=ACG20253001077931&tracseTme=230&crseTracseSe=C0031&trainstCstmrId=500020021711,0,1,0,드론
182,AIG20250000511898,1,드론 국가기술자격 취득과정 1종,스카이팜에듀교육원,09040105,09040105,소형무인기운용·조종,제주,제주시,비원격,2026-02-20,2026-03-13,종료,8,2,3,2,2,75.0,0.25,0.375,1.0,858000,1800000,858000,1328100,https://www.work24.go.kr/hr/a/a/3100/selectTracseDetl.do?tracseId=AIG20250000511898&tracseTme=1&crseTracseSe=C0061&trainstCstmrId=500041625803,0,0,0,드론
181,AIG20250000539903,18,파이썬으로 제어하는 AI드론,미라클평생교육원,20010202,20010202,응용SW엔지니어링,전북,전주시,원격,2026-02-20,2026-03-22,종료,200,12,14,12,12,93.6,0.06,0.07,1.0,490000,490000,0,49000,https://www.work24.go.kr/hr/a/a/3100/selectTracseDetl.do?tracseId=AIG20250000539903&tracseTme=18&crseTracseSe=C0105&trainstCstmrId=500033164282,0,0,0,드론
183,AIG20250000512274,1,드론방제 실무(방제방역 전문가 자격증),누리드론교육원,09040105,09040105,소형무인기운용·조종,경남,김해시,비원격,2026-02-21,2026-02-22,종료,12,0,1,,0,,0.0,0.08333333333333333,,114400,364400,114400,301480,https://www.work24.go.kr/hr/a/a/3100/selectTracseDetl.do?tracseId=AIG20250000512274&tracseTme=1&crseTracseSe=C0061&trainstCstmrId=500041601289,0,1,0,드론
184,AIG20250000521046,1,드론 2종 조종자 자격증 취득과정 (이론+실기)[주말반],주식회사스카이엔터프라이즈,09040105,09040105,소형무인기운용·조종,대구,달서구,비원격,2026-02-21,2026-04-11,종료,8,2,2,4,2,,0.25,0.25,0.5,643500,1490000,643500,1136080,https://www.work24.go.kr/hr/a/a/3100/selectTracseDetl.do?tracseId=AIG20250000521046&tracseTme=1&crseTracseSe=C0061&trainstCstmrId=500035342034,0,1,0,드론
185,AIG20250000536056,1,드론정비사 1급 전문가과정,현대평생교육원,15090308,15090308,소형무인기정비,경남,김해시,비원격,2026-02-21,2026-02-28,종료,20,7,10,9,7,85.7,0.35,0.5,0.7777777777777778,157440,357440,157440,270850,https://www.work24.go.kr/hr/a/a/3100/selectTracseDetl.do?tracseId=AIG20250000536056&tracseTme=1&crseTracseSe=C0061&trainstCstmrId=500020036606,0,0,0,드론
193,ACG20253001077931,231,드론 기초기술 현장적용 가이드,러닝플러스 주식회사,20010102,20010102,정보기술컨설팅,부산,부산진구,원격,2026-02-23,2026-03-22,종료,500,0,0,,0,,0.0,0.0,,62370,62370,62370,28070,https://www.work24.go.kr/hr/a/a/3100/selectTracseDetl.do?tracseId=ACG20253001077931&tracseTme=231&crseTracseSe=C0031&trainstCstmrId=500020021711,0,1,0,드론
196,AIG20250000505519,4,1종 드론 국가자격증 필기+실기_평일반,서울드론교육원,09040105,09040105,소형무인기운용·조종,서울,서초구,비원격,2026-02-23,2026-03-17,종료,12,7,8,7,7,87.4,0.5833333333333334,0.6666666666666666,1.0,915200,1915200,915200,1411840,https://www.work24.go.kr/hr/a/a/3100/selectTracseDetl.do?tracseId=AIG20250000505519&tracseTme=4&crseTracseSe=C0061&trainstCstmrId=500035861333,0,0,0,드론
197,AIG20250000507756,2,무인멀티콥터(드론)조종자 1종 국가자격취득 평일 (이론+실기),양주에이스원드론교육원,09040105,09040105,소형무인기운용·조종,경기,양주시,비원격,2026-02-23,2026-03-13,종료,4,1,1,1,1,100.0,0.25,0.25,1.0,858000,2300000,858000,1828100,https://www.work24.go.kr/hr/a/a/3100/selectTracseDetl.do?tracseId=AIG20250000507756&tracseTme=2&crseTracseSe=C0061&trainstCstmrId=500039022552,0,0,0,드론
194,AIG20250000509639,6,26년 드론 국가자격증 1종 실기교육,새만금항공주식회사,09040105,09040105,소형무인기운용·조종,전북,전주시,비원격,2026-02-23,2026-03-06,종료,8,1,1,1,1,100.0,0.125,0.125,1.0,572000,1700000,572000,1385400,https://www.work24.go.kr/hr/a/a/3100/selectTracseDetl.do?tracseId=AIG20250000509639&tracseTme=6&crseTracseSe=C0061&trainstCstmrId=500034120375,0,0,0,드론
195,AIG20250000509778,3,26년 드론 국가자격증 3종 실기교육,새만금항공주식회사,09040105,09040105,소형무인기운용·조종,전북,전주시,비원격,2026-02-23,2026-02-25,종료,4,0,0,,0,,0.0,0.0,,171600,350000,171600,255620,https://www.work24.go.kr/hr/a/a/3100/selectTracseDetl.do?tracseId=AIG20250000509778&tracseTme=3&crseTracseSe=C0061&trainstCstmrId=500034120375,0,1,0,드론
190,AIG20250000512274,2,드론방제 실무(방제방역 전문가 자격증),누리드론교육원,09040105,09040105,소형무인기운용·조종,경남,김해시,비원격,2026-02-23,2026-02-24,종료,12,0,0,,0,,0.0,0.0,,114400,364400,114400,301480,https://www.work24.go.kr/hr/a/a/3100/selectTracseDetl.do?tracseId=AIG20250000512274&tracseTme=2&crseTracseSe=C0061&trainstCstmrId=500041601289,0,1,0,드론
198,AIG20250000523342,2,드론 국가자격증 1종 취득 과정(필기+실기),코리아무인항공,09040105,09040105,소형무인기운용·조종,전북,남원시,비원격,2026-02-23,2026-03-13,종료,8,0,0,,0,,0.0,0.0,,858000,2500000,858000,2028100,https://www.work24.go.kr/hr/a/a/3100/selectTracseDetl.do?tracseId=AIG20250000523342&tracseTme=2&crseTracseSe=C0061&trainstCstmrId=500041597429,0,1,0,드론
189,AIG20250000528466,1,드론 조종자 1종 국가자격 취득과정 (학과+실기_평일반),구름무인항공교육원,09040105,09040105,소형무인기운용·조종,경기,평택시,비원격,2026-02-23,2026-03-13,종료,8,3,4,7,3,100.0,0.375,0.5,0.42857142857142855,858000,1950000,858000,1478100,https://www.work24.go.kr/hr/a/a/3100/selectTracseDetl.do?tracseId=AIG20250000528466&tracseTme=1&crseTracseSe=C0061&trainstCstmrId=500042856540,0,0,0,드론
192,AIG20250000529150,1,드론을 활용한 충해예방 방제 전문가 양성과정,드론항공평생교육원,09040105,09040105,소형무인기운용·조종,제주,서귀포시,비원격,2026-02-23,2026-03-18,종료,8,4,5,4,4,92.9,0.5,0.625,1.0,1001000,2000000,1001000,1449450,https://www.work24.go.kr/hr/a/a/3100/selectTracseDetl.do?tracseId=AIG20250000529150&tracseTme=1&crseTracseSe=C0061&trainstCstmrId=500035584309,0,0,0,드론
186,AIG20250000529814,4,드론 1종 국가자격증 취득과정,(주)스마트항공,09040105,09040105,소형무인기운용·조종,부산,사상구,비원격,2026-02-23,2026-03-13,종료,8,4,5,4,4,99.5,0.5,0.625,1.0,858000,1980000,858000,1508100,https://www.work24.go.kr/hr/a/a/3100/selectTracseDetl.do?tracseId=AIG20250000529814&tracseTme=4&crseTracseSe=C0061&trainstCstmrId=500042519804,0,0,0,드론
188,AIG20250000531939,1,초경량비행장치 무인멀티콥터 조종자 3종,경남에스케이드론주식회사,09040105,09040105,소형무인기운용·조종,경남,고성군,비원격,2026-02-23,2026-03-03,종료,4,1,2,1,1,100.0,0.25,0.5,1.0,371800,800000,371800,595510,https://www.work24.go.kr/hr/a/a/3100/selectTracseDetl.do?tracseId=AIG20250000531939&tracseTme=1&crseTracseSe=C0061&trainstCstmrId=500045609416,0,0,0,드론
187,AIG20250000532017,4,초경량비행장치 (드론) 1종 국가자격취득과정(이론+실기),KDA 한국드론교육원,09040105,09040105,소형무인기운용·조종,경기,화성시,비원격,2026-02-23,2026-03-13,종료,8,2,2,2,2,96.8,0.25,0.25,1.0,858000,1980000,858000,1508100,https://www.work24.go.kr/hr/a/a/3100/selectTracseDetl.do?tracseId=AIG20250000532017&tracseTme=4&crseTracseSe=C0061&trainstCstmrId=500042774065,0,0,0,드론
191,AIG20253001086758,9,{산대특}드론을 활용한 제주관광 영상콘텐츠제작실무자양성과정,드론항공평생교육원,08030212,08030212,드론콘텐츠제작,제주,서귀포시,비원격,2026-02-23,2026-03-25,종료,16,8,10,8,7,92.6,0.5,0.625,0.875,1123200,1123200,1123200,112320,https://www.work24.go.kr/hr/a/a/3100/selectTracseDetl.do?tracseId=AIG20253001086758&tracseTme=9&crseTracseSe=C0061&trainstCstmrId=500035584309,0,0,0,드론
201,ACG20253001077931,232,드론 기초기술 현장적용 가이드,러닝플러스 주식회사,20010102,20010102,정보기술컨설팅,부산,부산진구,원격,2026-02-24,2026-03-23,종료,500,0,0,,0,,0.0,0.0,,62370,62370,62370,28070,https://www.work24.go.kr/hr/a/a/3100/selectTracseDetl.do?tracseId=ACG20253001077931&tracseTme=232&crseTracseSe=C0031&trainstCstmrId=500020021711,0,1,0,드론
199,AIG20250000510984,1,초경량비행장치(드론) 국가자격증취득과정(3종),고창드론항공교육원,09040105,09040105,소형무인기운용·조종,전북,고창군,비원격,2026-02-24,2026-03-10,종료,4,1,1,1,1,100.0,0.25,0.25,1.0,386100,700000,386100,487650,https://www.work24.go.kr/hr/a/a/3100/selectTracseDetl.do?tracseId=AIG20250000510984&tracseTme=1&crseTracseSe=C0061&trainstCstmrId=500042809521,0,0,0,드론
200,AIG20250000515594,1,초경량비행장치(드론 1종) 조종자 국가자격증 취득(필기면제),누리드론교육원,09040105,09040105,소형무인기운용·조종,경남,김해시,비원격,2026-02-24,2026-03-19,종료,8,7,8,8,7,96.1,0.875,1.0,0.875,972400,1472400,972400,937580,https://www.work24.go.kr/hr/a/a/3100/selectTracseDetl.do?tracseId=AIG20250000515594&tracseTme=1&crseTracseSe=C0061&trainstCstmrId=500041601289,0,0,0,드론
202,ACG20253001077931,233,드론 기초기술 현장적용 가이드,러닝플러스 주식회사,20010102,20010102,정보기술컨설팅,부산,부산진구,원격,2026-02-25,2026-03-24,종료,500,0,0,,0,,0.0,0.0,,62370,62370,62370,28070,https://www.work24.go.kr/hr/a/a/3100/selectTracseDetl.do?tracseId=ACG20253001077931&tracseTme=233&crseTracseSe=C0031&trainstCstmrId=500020021711,0,1,0,드론
206,ACG20253001100205,30,[촬영용 드론] 드론을 활용한 영상촬영 및 편집기술,주식회사 드림캠퍼스,09040105,09040105,소형무인기운용·조종,경남,진주시,원격,2026-02-25,2026-03-24,종료,1000,3,3,3,2,85.7,0.003,0.003,0.6666666666666666,50490,50490,50490,22730,https://www.work24.go.kr/hr/a/a/3100/selectTracseDetl.do?tracseId=ACG20253001100205&tracseTme=30&crseTracseSe=C0031&trainstCstmrId=500034132476,0,0,0,드론
207,ACG20263001154048,3,[촬영용 드론] 드론을 활용한 영상촬영 및 편집기술,케이지에듀원 원격평생교육원,09040105,09040105,소형무인기운용·조종,서울,동작구,원격,2026-02-25,2026-03-24,종료,500,0,0,,0,100.0,0.0,0.0,,50490,50490,50490,22730,https://www.work24.go.kr/hr/a/a/3100/selectTracseDetl.do?tracseId=ACG20263001154048&tracseTme=3&crseTracseSe=C0031&trainstCstmrId=500020015894,0,0,0,드론
203,AIG20250000539903,19,파이썬으로 제어하는 AI드론,미라클평생교육원,20010202,20010202,응용SW엔지니어링,전북,전주시,원격,2026-02-25,2026-03-27,종료,200,4,4,4,3,93.6,0.02,0.02,0.75,490000,490000,0,49000,https://www.work24.go.kr/hr/a/a/3100/selectTracseDetl.do?tracseId=AIG20250000539903&tracseTme=19&crseTracseSe=C0105&trainstCstmrId=500033164282,0,0,0,드론
204,AIG20250000539926,20,"[중장년층 디지털 전환] 드론, 이론부터 코딩까지 올인원 패키지",미래디지털 원격평생교육원,20010202,20010202,응용SW엔지니어링,서울,강서구,원격,2026-02-25,2026-03-27,종료,100,99,137,99,93,78.6,0.99,1.37,0.9393939393939394,288000,288000,0,28800,https://www.work24.go.kr/hr/a/a/3100/selectTracseDetl.do?tracseId=AIG20250000539926&tracseTme=20&crseTracseSe=C0105&trainstCstmrId=500020011130,1,0,0,드론
205,AIG20253001085938,2,(산대특) 드론을 활용한 스마트 건설 안전진단&현장관리 (양성),신한글로벌인재교육원,09040105,09040105,소형무인기운용·조종,경기,의정부시,비원격,2026-02-25,2026-06-12,종료,10,6,7,6,5,90.5,0.6,0.7,0.8333333333333334,3718000,3718000,3718000,300000,https://www.work24.go.kr/hr/a/a/3100/selectTracseDetl.do?tracseId=AIG20253001085938&tracseTme=2&crseTracseSe=C0061&trainstCstmrId=500020031915,0,0,0,드론
208,ACG20253001077931,234,드론 기초기술 현장적용 가이드,러닝플러스 주식회사,20010102,20010102,정보기술컨설팅,부산,부산진구,원격,2026-02-26,2026-03-25,종료,500,0,0,,0,,0.0,0.0,,62370,62370,62370,28070,https://www.work24.go.kr/hr/a/a/3100/selectTracseDetl.do?tracseId=ACG20253001077931&tracseTme=234&crseTracseSe=C0031&trainstCstmrId=500020021711,0,1,0,드론
211,AIG20250000502620,4,초경량비행장치 무인멀티콥터(드론)조종자 1종 국가자격취득과정(이론+실기),중부드론교육원,09040105,09040105,소형무인기운용·조종,충북,음성군,비원격,2026-02-26,2026-03-18,종료,8,3,4,7,3,100.0,0.375,0.5,0.42857142857142855,858000,2000000,858000,1442300,https://www.work24.go.kr/hr/a/a/3100/selectTracseDetl.do?tracseId=AIG20250000502620&tracseTme=4&crseTracseSe=C0061&trainstCstmrId=500039127578,0,0,0,드론
210,AIG20250000513041,4,드론 국가자격증 3종[필기+실기]+촬영 무인멀티콥터,새동엔지니어링(주) 드론교육원,09040105,09040105,소형무인기운용·조종,서울,관악구,비원격,2026-02-26,2026-03-12,종료,8,0,3,,0,90.5,0.0,0.375,,572000,772000,572000,457400,https://www.work24.go.kr/hr/a/a/3100/selectTracseDetl.do?tracseId=AIG20250000513041&tracseTme=4&crseTracseSe=C0061&trainstCstmrId=500037079851,0,0,0,드론
209,AVA20253001112867,23,"드론 활용실무(건설, 물류, 방제용 드론)",사단법인 한국에듀테크산업협회,09040105,09040105,소형무인기운용·조종,서울,강남구,원격,2026-02-26,2026-03-25,종료,500,0,1,,0,85.7,0.0,0.002,,62370,62370,62370,28070,https://www.work24.go.kr/hr/a/a/3100/selectTracseDetl.do?tracseId=AVA20253001112867&tracseTme=23&crseTracseSe=C0055&trainstCstmrId=500020013301,0,0,0,드론
212,AVA20253001112883,28,[국가 드론자격증] 초경량비행장치 조종자 필기반,한국이러닝협회,09040105,09040105,소형무인기운용·조종,서울,구로구,원격,2026-02-26,2026-03-25,종료,500,0,1,,0,,0.0,0.002,,65340,65340,65340,29410,https://www.work24.go.kr/hr/a/a/3100/selectTracseDetl.do?tracseId=AVA20253001112883&tracseTme=28&crseTracseSe=C0055&trainstCstmrId=500020055159,0,1,0,드론
213,ACG20253001077931,235,드론 기초기술 현장적용 가이드,러닝플러스 주식회사,20010102,20010102,정보기술컨설팅,부산,부산진구,원격,2026-02-27,2026-03-26,종료,500,0,0,,0,,0.0,0.0,,62370,62370,62370,28070,https://www.work24.go.kr/hr/a/a/3100/selectTracseDetl.do?tracseId=ACG20253001077931&tracseTme=235&crseTracseSe=C0031&trainstCstmrId=500020021711,0,1,0,드론
214,AIG20250000504590,1,초경량 비행장치무인멀티콥터(드론)조종자1종 주말과정,(주)규림,09040105,09040105,소형무인기운용·조종,경북,구미시,비원격,2026-02-28,2026-04-26,종료,8,1,1,4,1,100.0,0.125,0.125,0.25,1029600,2229600,1029600,1663320,https://www.work24.go.kr/hr/a/a/3100/selectTracseDetl.do?tracseId=AIG20250000504590&tracseTme=1&crseTracseSe=C0061&trainstCstmrId=500037029319,0,0,0,드론
218,AIG20250000505519,5,1종 드론 국가자격증 필기+실기_평일반,서울드론교육원,09040105,09040105,소형무인기운용·조종,서울,서초구,비원격,2026-02-28,2026-04-19,종료,12,3,3,4,3,87.4,0.25,0.25,0.75,915200,1915200,915200,1411840,https://www.work24.go.kr/hr/a/a/3100/selectTracseDetl.do?tracseId=AIG20250000505519&tracseTme=5&crseTracseSe=C0061&trainstCstmrId=500035861333,0,0,0,드론
217,AIG20250000510905,5,드론 국가자격증 1종[필기+실기]무인멀티콥터,새동엔지니어링(주) 드론교육원,09040105,09040105,소형무인기운용·조종,서울,관악구,비원격,2026-02-28,2026-04-18,종료,12,4,4,4,3,92.9,0.3333333333333333,0.3333333333333333,0.75,858000,1858000,858000,1386100,https://www.work24.go.kr/hr/a/a/3100/selectTracseDetl.do?tracseId=AIG20250000510905&tracseTme=5&crseTracseSe=C0061&trainstCstmrId=500037079851,0,0,0,드론
216,AIG20250000513132,5,드론 국가자격증 1종 실기반(무인멀티콥터),새동엔지니어링(주) 드론교육원,09040105,09040105,소형무인기운용·조종,서울,관악구,비원격,2026-02-28,2026-03-29,종료,4,4,4,4,4,100.0,1.0,1.0,1.0,572000,1372000,572000,1057400,https://www.work24.go.kr/hr/a/a/3100/selectTracseDetl.do?tracseId=AIG20250000513132&tracseTme=5&crseTracseSe=C0061&trainstCstmrId=500037079851,0,0,0,드론
215,AIG20250000532017,5,초경량비행장치 (드론) 1종 국가자격취득과정(이론+실기),KDA 한국드론교육원,09040105,09040105,소형무인기운용·조종,경기,화성시,비원격,2026-02-28,2026-04-19,종료,8,3,3,3,3,96.8,0.375,0.375,1.0,858000,1980000,858000,1508100,https://www.work24.go.kr/hr/a/a/3100/selectTracseDetl.do?tracseId=AIG20250000532017&tracseTme=5&crseTracseSe=C0061&trainstCstmrId=500042774065,0,0,0,드론
219,AIG20250000509552,5,26년 드론 국가자격증 학과교육,새만금항공주식회사,09040105,09040105,소형무인기운용·조종,전북,전주시,비원격,2026-03-01,2026-03-15,종료,8,1,3,1,1,100.0,0.125,0.375,1.0,286000,300000,286000,142700,https://www.work24.go.kr/hr/a/a/3100/selectTracseDetl.do?tracseId=AIG20250000509552&tracseTme=5&crseTracseSe=C0061&trainstCstmrId=500034120375,0,0,0,드론
220,AIG20250000509552,6,26년 드론 국가자격증 학과교육,새만금항공주식회사,09040105,09040105,소형무인기운용·조종,전북,전주시,비원격,2026-03-02,2026-03-06,종료,8,0,0,,0,100.0,0.0,0.0,,286000,300000,286000,142700,https://www.work24.go.kr/hr/a/a/3100/selectTracseDetl.do?tracseId=AIG20250000509552&tracseTme=6&crseTracseSe=C0061&trainstCstmrId=500034120375,0,0,0,드론
221,AIG20250000527495,4,초경량비행장치 드론 1종 국가자격증 취득 과정,알씨스카이 부설 무인기술UAV교육원,09040105,09040105,소형무인기운용·조종,경남,창원시,비원격,2026-03-02,2026-03-20,종료,8,1,1,1,1,100.0,0.125,0.125,1.0,858000,1980000,858000,1508100,https://www.work24.go.kr/hr/a/a/3100/selectTracseDetl.do?tracseId=AIG20250000527495&tracseTme=4&crseTracseSe=C0061&trainstCstmrId=500035425743,0,0,0,드론
222,AIG20250000532091,5,(드론)조종자 1종 국가 자격증 취득과정,주식회사지디에이경기드론교육원,09040105,09040105,소형무인기운용·조종,서울,구로구,비원격,2026-03-02,2026-03-20,종료,8,4,4,4,4,97.3,0.5,0.5,1.0,858000,1980000,858000,1508100,https://www.work24.go.kr/hr/a/a/3100/selectTracseDetl.do?tracseId=AIG20250000532091&tracseTme=5&crseTracseSe=C0061&trainstCstmrId=500042767878,0,0,0,드론
223,AIG20250000532096,4,(드론)조종자 1종 국가 자격증 취득과정(실기),주식회사지디에이경기드론교육원,09040105,09040105,소형무인기운용·조종,서울,구로구,비원격,2026-03-02,2026-03-13,종료,8,0,0,,0,88.9,0.0,0.0,,572000,1500000,572000,1185400,https://www.work24.go.kr/hr/a/a/3100/selectTracseDetl.do?tracseId=AIG20250000532096&tracseTme=4&crseTracseSe=C0061&trainstCstmrId=500042767878,0,0,0,드론
225,ACG20253001077931,236,드론 기초기술 현장적용 가이드,러닝플러스 주식회사,20010102,20010102,정보기술컨설팅,부산,부산진구,원격,2026-03-03,2026-04-02,종료,500,0,0,,0,,0.0,0.0,,62370,62370,62370,28070,https://www.work24.go.kr/hr/a/a/3100/selectTracseDetl.do?tracseId=ACG20253001077931&tracseTme=236&crseTracseSe=C0031&trainstCstmrId=500020021711,0,1,0,드론
227,AIG20250000505693,3,드론(무인멀티콥터) 국가자격증 1종 학과 교육 과정,주식회사 비아이티코퍼레이션,09040105,09040105,소형무인기운용·조종,전북,전주시,비원격,2026-03-03,2026-03-09,종료,8,0,0,,0,96.7,0.0,0.0,,286000,500000,286000,342700,https://www.work24.go.kr/hr/a/a/3100/selectTracseDetl.do?tracseId=AIG20250000505693&tracseTme=3&crseTracseSe=C0061&trainstCstmrId=500042783200,0,0,0,드론
229,AIG20250000511074,1,[이론+실기]초경량비행장치 무인멀티콥터 드론 국가자격증 1종 취득과정 주중반[전문교육기관],한국항공대학교 산학협력단 (비행교육원),09040105,09040105,소형무인기운용·조종,경기,고양시,비원격,2026-03-03,2026-03-31,종료,9,3,3,8,3,94.6,0.3333333333333333,0.3333333333333333,0.375,858000,3000000,858000,2528100,https://www.work24.go.kr/hr/a/a/3100/selectTracseDetl.do?tracseId=AIG20250000511074&tracseTme=1&crseTracseSe=C0061&trainstCstmrId=500020027370,0,0,0,드론
228,AIG20250000519356,1,GEO 드론 & 드론관제 양성과정,한국연합드론전문교육원,09040105,09040105,소형무인기운용·조종,경남,양산시,비원격,2026-03-03,2026-06-22,종료,12,6,7,6,6,97.6,0.5,0.5833333333333334,1.0,3560900,3560900,3303300,300000,https://www.work24.go.kr/hr/a/a/3100/selectTracseDetl.do?tracseId=AIG20250000519356&tracseTme=1&crseTracseSe=C0061&trainstCstmrId=500034237947,0,0,0,드론
224,AIG20250000533696,1,초경량비행장치(드론) 조종자 1종 자격 실기 과정,더 드론 비행교육원,09040105,09040105,소형무인기운용·조종,충남,공주시,비원격,2026-03-03,2026-03-20,종료,12,1,2,1,1,,0.08333333333333333,0.16666666666666666,1.0,572000,1800000,572000,1485400,https://www.work24.go.kr/hr/a/a/3100/selectTracseDetl.do?tracseId=AIG20250000533696&tracseTme=1&crseTracseSe=C0061&trainstCstmrId=500038039292,0,1,0,드론
226,AIG20250000536111,2,드론국가자격1종과정,영천드론자격시험교육센터,09040105,09040105,소형무인기운용·조종,대구,동구,비원격,2026-03-03,2026-04-01,종료,8,2,3,2,1,98.5,0.25,0.375,0.5,1172600,1800000,1172600,1155070,https://www.work24.go.kr/hr/a/a/3100/selectTracseDetl.do?tracseId=AIG20250000536111&tracseTme=2&crseTracseSe=C0061&trainstCstmrId=500040315040,0,0,0,드론
231,ACG20253001077931,237,드론 기초기술 현장적용 가이드,러닝플러스 주식회사,20010102,20010102,정보기술컨설팅,부산,부산진구,원격,2026-03-04,2026-04-03,종료,500,0,0,,0,,0.0,0.0,,62370,62370,62370,28070,https://www.work24.go.kr/hr/a/a/3100/selectTracseDetl.do?tracseId=ACG20253001077931&tracseTme=237&crseTracseSe=C0031&trainstCstmrId=500020021711,0,1,0,드론
234,ACG20263001154048,4,[촬영용 드론] 드론을 활용한 영상촬영 및 편집기술,케이지에듀원 원격평생교육원,09040105,09040105,소형무인기운용·조종,서울,동작구,원격,2026-03-04,2026-04-03,종료,500,0,0,,0,100.0,0.0,0.0,,50490,50490,50490,22730,https://www.work24.go.kr/hr/a/a/3100/selectTracseDetl.do?tracseId=ACG20263001154048&tracseTme=4&crseTracseSe=C0031&trainstCstmrId=500020015894,0,0,0,드론
230,AIG20250000517356,1,"드론(소형무인기) 항공촬영, 편집, 드론방제, 드론정비 및 국가자격(드론1종) 취득과정",누리드론교육원,09040105,09040105,소형무인기운용·조종,경남,김해시,비원격,2026-03-04,2026-08-25,종료,12,5,9,5,5,97.1,0.4166666666666667,0.75,1.0,6864000,6864000,6864000,400000,https://www.work24.go.kr/hr/a/a/3100/selectTracseDetl.do?tracseId=AIG20250000517356&tracseTme=1&crseTracseSe=C0061&trainstCstmrId=500041601289,0,0,0,드론
232,AIG20250000539903,20,파이썬으로 제어하는 AI드론,미라클평생교육원,20010202,20010202,응용SW엔지니어링,전북,전주시,원격,2026-03-04,2026-04-03,종료,200,1,1,1,1,93.6,0.005,0.005,1.0,490000,490000,0,49000,https://www.work24.go.kr/hr/a/a/3100/selectTracseDetl.do?tracseId=AIG20250000539903&tracseTme=20&crseTracseSe=C0105&trainstCstmrId=500033164282,0,0,0,드론
233,AIG20250000539926,21,"[중장년층 디지털 전환] 드론, 이론부터 코딩까지 올인원 패키지",미래디지털 원격평생교육원,20010202,20010202,응용SW엔지니어링,서울,강서구,원격,2026-03-04,2026-04-03,종료,100,92,121,92,87,78.6,0.92,1.21,0.9456521739130435,288000,288000,0,28800,https://www.work24.go.kr/hr/a/a/3100/selectTracseDetl.do?tracseId=AIG20250000539926&tracseTme=21&crseTracseSe=C0105&trainstCstmrId=500020011130,1,0,0,드론
235,ACG20253001077931,238,드론 기초기술 현장적용 가이드,러닝플러스 주식회사,20010102,20010102,정보기술컨설팅,부산,부산진구,원격,2026-03-05,2026-04-04,종료,500,0,0,,0,,0.0,0.0,,62370,62370,62370,28070,https://www.work24.go.kr/hr/a/a/3100/selectTracseDetl.do?tracseId=ACG20253001077931&tracseTme=238&crseTracseSe=C0031&trainstCstmrId=500020021711,0,1,0,드론
238,ACG20263001165807,4,[국가 드론자격증] 초경량비행장치 조종자 필기반,한국이러닝협회,09040105,09040105,소형무인기운용·조종,서울,구로구,원격,2026-03-05,2026-04-01,종료,500,0,0,,0,,0.0,0.0,,65340,65340,65340,29410,https://www.work24.go.kr/hr/a/a/3100/selectTracseDetl.do?tracseId=ACG20263001165807&tracseTme=4&crseTracseSe=C0031&trainstCstmrId=500020055159,0,1,0,드론
237,AIG20250000531836,4,드론 (1종) 국가자격증 취득 (실기),중부드론교육원,09040105,09040105,소형무인기운용·조종,충북,음성군,비원격,2026-03-05,2026-03-18,종료,8,0,0,,0,,0.0,0.0,,572000,1500000,572000,1128200,https://www.work24.go.kr/hr/a/a/3100/selectTracseDetl.do?tracseId=AIG20250000531836&tracseTme=4&crseTracseSe=C0061&trainstCstmrId=500039127578,0,1,0,드론
236,AVA20253001112867,24,"드론 활용실무(건설, 물류, 방제용 드론)",사단법인 한국에듀테크산업협회,09040105,09040105,소형무인기운용·조종,서울,강남구,원격,2026-03-05,2026-04-01,종료,500,0,1,,0,85.7,0.0,0.002,,62370,62370,62370,28070,https://www.work24.go.kr/hr/a/a/3100/selectTracseDetl.do?tracseId=AVA20253001112867&tracseTme=24&crseTracseSe=C0055&trainstCstmrId=500020013301,0,0,0,드론
239,ACG20253001077931,239,드론 기초기술 현장적용 가이드,러닝플러스 주식회사,20010102,20010102,정보기술컨설팅,부산,부산진구,원격,2026-03-06,2026-04-05,종료,500,0,0,,0,,0.0,0.0,,62370,62370,62370,28070,https://www.work24.go.kr/hr/a/a/3100/selectTracseDetl.do?tracseId=ACG20253001077931&tracseTme=239&crseTracseSe=C0031&trainstCstmrId=500020021711,0,1,0,드론
244,AIG20250000505226,2,드론1종국가자격,창공드론교육원,09040105,09040105,소형무인기운용·조종,경북,칠곡군,비원격,2026-03-07,2026-05-23,종료,5,1,1,1,1,100.0,0.2,0.2,1.0,657800,2300000,657800,1938210,https://www.work24.go.kr/hr/a/a/3100/selectTracseDetl.do?tracseId=AIG20250000505226&tracseTme=2&crseTracseSe=C0061&trainstCstmrId=500040841521,0,0,0,드론
241,AIG20250000514827,2,1종 드론국가자격증 취득과정 필기+실기,(주)케이드론 부설 대한무인항공교육원,09040105,09040105,소형무인기운용·조종,강원,원주시,비원격,2026-03-07,2026-04-26,종료,12,1,1,3,1,71.4,0.08333333333333333,0.08333333333333333,0.3333333333333333,915200,1915200,915200,1411840,https://www.work24.go.kr/hr/a/a/3100/selectTracseDetl.do?tracseId=AIG20250000514827&tracseTme=2&crseTracseSe=C0061&trainstCstmrId=500035879387,0,0,0,드론
240,AIG20250000515467,4,드론 국가자격증1종[이론+실기],(주)충남무인항공교육원,09040105,09040105,소형무인기운용·조종,충남,천안시,비원격,2026-03-07,2026-04-25,종료,8,2,2,4,2,98.0,0.25,0.25,0.5,858000,1900000,858000,1428100,https://www.work24.go.kr/hr/a/a/3100/selectTracseDetl.do?tracseId=AIG20250000515467&tracseTme=4&crseTracseSe=C0061&trainstCstmrId=500034750847,0,0,0,드론
242,AIG20250000515742,2,초경량비행장치(드론) 지도조종자(교관) 자격취득과정,누리드론교육원,09040105,09040105,소형무인기운용·조종,경남,김해시,비원격,2026-03-07,2026-05-31,종료,4,4,4,4,4,100.0,1.0,1.0,1.0,1487200,1987200,1487200,1169240,https://www.work24.go.kr/hr/a/a/3100/selectTracseDetl.do?tracseId=AIG20250000515742&tracseTme=2&crseTracseSe=C0061&trainstCstmrId=500041601289,0,0,0,드론
245,AIG20250000521044,1,드론1종(국가) & 드론관제(민간) 자격취득과정,한국연합드론전문교육원,09040105,09040105,소형무인기운용·조종,경남,양산시,비원격,2026-03-07,2026-05-31,종료,4,2,2,2,2,100.0,0.5,0.5,1.0,1201200,2131200,1201200,1470540,https://www.work24.go.kr/hr/a/a/3100/selectTracseDetl.do?tracseId=AIG20250000521044&tracseTme=1&crseTracseSe=C0061&trainstCstmrId=500034237947,0,0,0,드론
243,AIG20250000532091,4,(드론)조종자 1종 국가 자격증 취득과정,주식회사지디에이경기드론교육원,09040105,09040105,소형무인기운용·조종,서울,구로구,비원격,2026-03-07,2026-04-25,종료,8,2,3,2,2,97.3,0.25,0.375,1.0,858000,1980000,858000,1508100,https://www.work24.go.kr/hr/a/a/3100/selectTracseDetl.do?tracseId=AIG20250000532091&tracseTme=4&crseTracseSe=C0061&trainstCstmrId=500042767878,0,0,0,드론
246,AIG20250000502620,5,초경량비행장치 무인멀티콥터(드론)조종자 1종 국가자격취득과정(이론+실기),중부드론교육원,09040105,09040105,소형무인기운용·조종,충북,음성군,비원격,2026-03-08,2026-04-26,종료,8,0,0,,0,100.0,0.0,0.0,,858000,2000000,858000,1442300,https://www.work24.go.kr/hr/a/a/3100/selectTracseDetl.do?tracseId=AIG20250000502620&tracseTme=5&crseTracseSe=C0061&trainstCstmrId=500039127578,0,0,0,드론
247,AIG20250000531843,4,초경량비행장치(드론) 무인 멀티콥터 조종자 3종 자격증 취득과정,중부드론교육원,09040105,09040105,소형무인기운용·조종,충북,음성군,비원격,2026-03-08,2026-03-29,종료,8,1,1,1,1,,0.125,0.125,1.0,357500,600000,357500,367630,https://www.work24.go.kr/hr/a/a/3100/selectTracseDetl.do?tracseId=AIG20250000531843&tracseTme=4&crseTracseSe=C0061&trainstCstmrId=500039127578,0,1,0,드론
250,ACG20253001077931,240,드론 기초기술 현장적용 가이드,러닝플러스 주식회사,20010102,20010102,정보기술컨설팅,부산,부산진구,원격,2026-03-09,2026-04-08,종료,500,0,0,,0,,0.0,0.0,,62370,62370,62370,28070,https://www.work24.go.kr/hr/a/a/3100/selectTracseDetl.do?tracseId=ACG20253001077931&tracseTme=240&crseTracseSe=C0031&trainstCstmrId=500020021711,0,1,0,드론
252,AIG20250000503304,3,드론국가자격증 1종 취득과정(주중),여수드론교육원,09040105,09040105,소형무인기운용·조종,광주,여수시,비원격,2026-03-09,2026-03-27,종료,8,2,2,2,2,100.0,0.25,0.25,1.0,858000,2000000,858000,1528100,https://www.work24.go.kr/hr/a/a/3100/selectTracseDetl.do?tracseId=AIG20250000503304&tracseTme=3&crseTracseSe=C0061&trainstCstmrId=500036495384,0,0,0,드론
253,AIG20250000509002,4,드론 1종 조종자 국가자격증(필기시험면제자체실기시험),이아이실용전문학원,09040105,09040105,소형무인기운용·조종,경기,시흥시,비원격,2026-03-09,2026-03-27,종료,4,4,7,4,4,97.5,1.0,1.75,1.0,858000,1958000,858000,1486100,https://www.work24.go.kr/hr/a/a/3100/selectTracseDetl.do?tracseId=AIG20250000509002&tracseTme=4&crseTracseSe=C0061&trainstCstmrId=500042912111,1,0,0,드론
251,AIG20250000509639,8,26년 드론 국가자격증 1종 실기교육,새만금항공주식회사,09040105,09040105,소형무인기운용·조종,전북,전주시,비원격,2026-03-09,2026-03-20,종료,8,1,1,1,1,100.0,0.125,0.125,1.0,572000,1700000,572000,1385400,https://www.work24.go.kr/hr/a/a/3100/selectTracseDetl.do?tracseId=AIG20250000509639&tracseTme=8&crseTracseSe=C0061&trainstCstmrId=500034120375,0,0,0,드론
254,AIG20250000520984,3,드론 1종 조종자 자격증 취득과정 (이론+실기)[평일반],주식회사스카이엔터프라이즈,09040105,09040105,소형무인기운용·조종,대구,달서구,비원격,2026-03-09,2026-03-31,종료,8,0,0,0,0,96.4,0.0,0.0,,972400,1990000,972400,1455180,https://www.work24.go.kr/hr/a/a/3100/selectTracseDetl.do?tracseId=AIG20250000520984&tracseTme=3&crseTracseSe=C0061&trainstCstmrId=500035342034,0,0,0,드론
255,AIG20250000523342,3,드론 국가자격증 1종 취득 과정(필기+실기),코리아무인항공,09040105,09040105,소형무인기운용·조종,전북,남원시,비원격,2026-03-09,2026-03-27,종료,8,0,0,,0,,0.0,0.0,,858000,2500000,858000,2028100,https://www.work24.go.kr/hr/a/a/3100/selectTracseDetl.do?tracseId=AIG20250000523342&tracseTme=3&crseTracseSe=C0061&trainstCstmrId=500041597429,0,1,0,드론
248,AIG20250000527644,2,촬영용드론 조종 + 3종 자격증,(주)케이드론 부설 대한무인항공교육원,09040105,09040105,소형무인기운용·조종,강원,원주시,비원격,2026-03-09,2026-03-20,종료,12,0,0,,0,,0.0,0.0,,572000,962000,572000,647400,https://www.work24.go.kr/hr/a/a/3100/selectTracseDetl.do?tracseId=AIG20250000527644&tracseTme=2&crseTracseSe=C0061&trainstCstmrId=500035879387,0,1,0,드론
249,AIG20250000534362,4,초경량비행장치 무인멀티콥터 취득과정(평일),강남무인항공,09040105,09040105,소형무인기운용·조종,전북,장수군,비원격,2026-03-09,2026-03-27,종료,8,3,4,3,3,100.0,0.375,0.5,1.0,858000,1500000,858000,1028100,https://www.work24.go.kr/hr/a/a/3100/selectTracseDetl.do?tracseId=AIG20250000534362&tracseTme=4&crseTracseSe=C0061&trainstCstmrId=500034689871,0,0,0,드론
257,ACG20253001077931,241,드론 기초기술 현장적용 가이드,러닝플러스 주식회사,20010102,20010102,정보기술컨설팅,부산,부산진구,원격,2026-03-10,2026-04-09,종료,500,0,0,,0,,0.0,0.0,,62370,62370,62370,28070,https://www.work24.go.kr/hr/a/a/3100/selectTracseDetl.do?tracseId=ACG20253001077931&tracseTme=241&crseTracseSe=C0031&trainstCstmrId=500020021711,0,1,0,드론
256,AIG20250000541026,1,[일반고] 초경량비행장치 조종자 자격증취득 및 영상촬영편집 과정 A,누리드론교육원,09040105,09040105,소형무인기운용·조종,경남,김해시,비원격,2026-03-10,2026-12-31,진행중,12,6,6,6,0,,0.5,0.5,,8204000,8204000,8204000,0,https://www.work24.go.kr/hr/a/a/3100/selectTracseDetl.do?tracseId=AIG20250000541026&tracseTme=1&crseTracseSe=C0061&trainstCstmrId=500041601289,0,1,0,드론
264,ACG20263001154048,5,[촬영용 드론] 드론을 활용한 영상촬영 및 편집기술,케이지에듀원 원격평생교육원,09040105,09040105,소형무인기운용·조종,서울,동작구,원격,2026-03-11,2026-04-10,종료,500,0,0,,0,100.0,0.0,0.0,,50490,50490,50490,22730,https://www.work24.go.kr/hr/a/a/3100/selectTracseDetl.do?tracseId=ACG20263001154048&tracseTme=5&crseTracseSe=C0031&trainstCstmrId=500020015894,0,0,0,드론
260,ACG20263001192049,1,드론 기초기술 현장적용 가이드,러닝플러스 주식회사,20010102,20010102,정보기술컨설팅,부산,부산진구,원격,2026-03-11,2026-04-10,종료,500,0,0,,0,,0.0,0.0,,62370,62370,62370,28070,https://www.work24.go.kr/hr/a/a/3100/selectTracseDetl.do?tracseId=ACG20263001192049&tracseTme=1&crseTracseSe=C0031&trainstCstmrId=500020021711,0,1,0,드론
258,AIG20250000504420,3,초경량 비행장치무인멀티콥터(드론)조종자1종과정,(주)규림,09040105,09040105,소형무인기운용·조종,경북,구미시,비원격,2026-03-11,2026-04-07,종료,8,3,4,7,3,92.5,0.375,0.5,0.42857142857142855,1144000,1844000,1144000,1214800,https://www.work24.go.kr/hr/a/a/3100/selectTracseDetl.do?tracseId=AIG20250000504420&tracseTme=3&crseTracseSe=C0061&trainstCstmrId=500037029319,0,0,0,드론
263,AIG20250000505519,6,1종 드론 국가자격증 필기+실기_평일반,서울드론교육원,09040105,09040105,소형무인기운용·조종,서울,서초구,비원격,2026-03-11,2026-04-01,종료,12,5,6,8,5,87.4,0.4166666666666667,0.5,0.625,915200,1915200,915200,1411840,https://www.work24.go.kr/hr/a/a/3100/selectTracseDetl.do?tracseId=AIG20250000505519&tracseTme=6&crseTracseSe=C0061&trainstCstmrId=500035861333,0,0,0,드론
259,AIG20250000510984,2,초경량비행장치(드론) 국가자격증취득과정(3종),고창드론항공교육원,09040105,09040105,소형무인기운용·조종,전북,고창군,비원격,2026-03-11,2026-03-24,종료,4,1,1,1,1,100.0,0.25,0.25,1.0,386100,700000,386100,487650,https://www.work24.go.kr/hr/a/a/3100/selectTracseDetl.do?tracseId=AIG20250000510984&tracseTme=2&crseTracseSe=C0061&trainstCstmrId=500042809521,0,0,0,드론
261,AIG20250000539903,21,파이썬으로 제어하는 AI드론,미라클평생교육원,20010202,20010202,응용SW엔지니어링,전북,전주시,원격,2026-03-11,2026-04-10,종료,200,3,4,3,2,93.6,0.015,0.02,0.6666666666666666,490000,490000,0,49000,https://www.work24.go.kr/hr/a/a/3100/selectTracseDetl.do?tracseId=AIG20250000539903&tracseTme=21&crseTracseSe=C0105&trainstCstmrId=500033164282,0,0,0,드론
262,AIG20250000539926,22,"[중장년층 디지털 전환] 드론, 이론부터 코딩까지 올인원 패키지",미래디지털 원격평생교육원,20010202,20010202,응용SW엔지니어링,서울,강서구,원격,2026-03-11,2026-04-10,종료,100,26,26,26,25,78.6,0.26,0.26,0.9615384615384616,288000,288000,0,28800,https://www.work24.go.kr/hr/a/a/3100/selectTracseDetl.do?tracseId=AIG20250000539926&tracseTme=22&crseTracseSe=C0105&trainstCstmrId=500020011130,0,0,0,드론
268,ACG20263001165807,5,[국가 드론자격증] 초경량비행장치 조종자 필기반,한국이러닝협회,09040105,09040105,소형무인기운용·조종,서울,구로구,원격,2026-03-12,2026-04-08,종료,500,0,0,,0,,0.0,0.0,,65340,65340,65340,29410,https://www.work24.go.kr/hr/a/a/3100/selectTracseDetl.do?tracseId=ACG20263001165807&tracseTme=5&crseTracseSe=C0031&trainstCstmrId=500020055159,0,1,0,드론
266,ACG20263001192049,2,드론 기초기술 현장적용 가이드,러닝플러스 주식회사,20010102,20010102,정보기술컨설팅,부산,부산진구,원격,2026-03-12,2026-04-11,종료,500,0,0,,0,,0.0,0.0,,62370,62370,62370,28070,https://www.work24.go.kr/hr/a/a/3100/selectTracseDetl.do?tracseId=ACG20263001192049&tracseTme=2&crseTracseSe=C0031&trainstCstmrId=500020021711,0,1,0,드론
265,AIG20250000515467,6,드론 국가자격증1종[이론+실기],(주)충남무인항공교육원,09040105,09040105,소형무인기운용·조종,충남,천안시,비원격,2026-03-12,2026-04-01,종료,8,1,1,4,0,98.0,0.125,0.125,0.0,858000,1900000,858000,1428100,https://www.work24.go.kr/hr/a/a/3100/selectTracseDetl.do?tracseId=AIG20250000515467&tracseTme=6&crseTracseSe=C0061&trainstCstmrId=500034750847,0,0,0,드론
267,AVA20253001112867,25,"드론 활용실무(건설, 물류, 방제용 드론)",사단법인 한국에듀테크산업협회,09040105,09040105,소형무인기운용·조종,서울,강남구,원격,2026-03-12,2026-04-08,종료,500,0,0,,0,85.7,0.0,0.0,,62370,62370,62370,28070,https://www.work24.go.kr/hr/a/a/3100/selectTracseDetl.do?tracseId=AVA20253001112867&tracseTme=25&crseTracseSe=C0055&trainstCstmrId=500020013301,0,0,0,드론
269,ACG20263001192049,3,드론 기초기술 현장적용 가이드,러닝플러스 주식회사,20010102,20010102,정보기술컨설팅,부산,부산진구,원격,2026-03-13,2026-04-12,종료,500,0,0,,0,,0.0,0.0,,62370,62370,62370,28070,https://www.work24.go.kr/hr/a/a/3100/selectTracseDetl.do?tracseId=ACG20263001192049&tracseTme=3&crseTracseSe=C0031&trainstCstmrId=500020021711,0,1,0,드론
271,AIG20250000510905,6,드론 국가자격증 1종[필기+실기]무인멀티콥터,새동엔지니어링(주) 드론교육원,09040105,09040105,소형무인기운용·조종,서울,관악구,비원격,2026-03-13,2026-04-02,종료,12,4,7,4,4,92.9,0.3333333333333333,0.5833333333333334,1.0,858000,1858000,858000,1386100,https://www.work24.go.kr/hr/a/a/3100/selectTracseDetl.do?tracseId=AIG20250000510905&tracseTme=6&crseTracseSe=C0061&trainstCstmrId=500037079851,0,0,0,드론
270,AIG20250000513132,6,드론 국가자격증 1종 실기반(무인멀티콥터),새동엔지니어링(주) 드론교육원,09040105,09040105,소형무인기운용·조종,서울,관악구,비원격,2026-03-13,2026-03-26,종료,4,2,2,2,2,100.0,0.5,0.5,1.0,572000,1372000,572000,1057400,https://www.work24.go.kr/hr/a/a/3100/selectTracseDetl.do?tracseId=AIG20250000513132&tracseTme=6&crseTracseSe=C0061&trainstCstmrId=500037079851,0,0,0,드론
272,AIG20250000508924,2,"드론 조종,항공 촬영과 기초 영상편집(4종 자격 지원)",현대평생교육원,09040105,09040105,소형무인기운용·조종,대구,달서구,비원격,2026-03-14,2026-03-28,종료,20,3,3,4,3,100.0,0.15,0.15,0.75,128700,128700,128700,57920,https://www.work24.go.kr/hr/a/a/3100/selectTracseDetl.do?tracseId=AIG20250000508924&tracseTme=2&crseTracseSe=C0061&trainstCstmrId=500020018082,0,0,0,드론
274,AIG20250000513041,5,드론 국가자격증 3종[필기+실기]+촬영 무인멀티콥터,새동엔지니어링(주) 드론교육원,09040105,09040105,소형무인기운용·조종,서울,관악구,비원격,2026-03-15,2026-04-18,종료,8,5,7,5,5,90.5,0.625,0.875,1.0,572000,772000,572000,457400,https://www.work24.go.kr/hr/a/a/3100/selectTracseDetl.do?tracseId=AIG20250000513041&tracseTme=5&crseTracseSe=C0061&trainstCstmrId=500037079851,0,0,0,드론
273,AIG20250000532020,4,초경량비행장치 (드론) 1종 국가자격취득과정(실기),KDA 한국드론교육원,09040105,09040105,소형무인기운용·조종,경기,화성시,비원격,2026-03-15,2026-04-18,종료,8,0,3,,0,98.0,0.0,0.375,,572000,1500000,572000,1185400,https://www.work24.go.kr/hr/a/a/3100/selectTracseDetl.do?tracseId=AIG20250000532020&tracseTme=4&crseTracseSe=C0061&trainstCstmrId=500042774065,0,0,0,드론
275,AIG20250000532096,5,(드론)조종자 1종 국가 자격증 취득과정(실기),주식회사지디에이경기드론교육원,09040105,09040105,소형무인기운용·조종,서울,구로구,비원격,2026-03-15,2026-04-18,종료,8,1,1,1,1,88.9,0.125,0.125,1.0,572000,1500000,572000,1185400,https://www.work24.go.kr/hr/a/a/3100/selectTracseDetl.do?tracseId=AIG20250000532096&tracseTme=5&crseTracseSe=C0061&trainstCstmrId=500042767878,0,0,0,드론
279,ACG20263001192049,4,드론 기초기술 현장적용 가이드,러닝플러스 주식회사,20010102,20010102,정보기술컨설팅,부산,부산진구,원격,2026-03-16,2026-04-15,종료,500,0,0,,0,,0.0,0.0,,62370,62370,62370,28070,https://www.work24.go.kr/hr/a/a/3100/selectTracseDetl.do?tracseId=ACG20263001192049&tracseTme=4&crseTracseSe=C0031&trainstCstmrId=500020021711,0,1,0,드론
276,AIG20250000501335,4,AIOT 기반 드론 영상 관제시스템 프로젝트 개발,DW아카데미학원,20010202,20010202,응용SW엔지니어링,대전,중구,비원격,2026-03-16,2026-10-13,진행중,30,17,25,17,0,82.5,0.5666666666666667,0.8333333333333334,,10687040,10687040,10687040,400000,https://www.work24.go.kr/hr/a/a/3100/selectTracseDetl.do?tracseId=AIG20250000501335&tracseTme=4&crseTracseSe=C0061&trainstCstmrId=500020022702,0,0,0,드론
284,AIG20250000507756,3,무인멀티콥터(드론)조종자 1종 국가자격취득 평일 (이론+실기),양주에이스원드론교육원,09040105,09040105,소형무인기운용·조종,경기,양주시,비원격,2026-03-16,2026-04-03,종료,4,4,4,4,4,100.0,1.0,1.0,1.0,858000,2300000,858000,1828100,https://www.work24.go.kr/hr/a/a/3100/selectTracseDetl.do?tracseId=AIG20250000507756&tracseTme=3&crseTracseSe=C0061&trainstCstmrId=500039022552,0,0,0,드론
282,AIG20250000509552,7,26년 드론 국가자격증 학과교육,새만금항공주식회사,09040105,09040105,소형무인기운용·조종,전북,전주시,비원격,2026-03-16,2026-03-20,종료,8,1,1,1,1,100.0,0.125,0.125,1.0,286000,300000,286000,142700,https://www.work24.go.kr/hr/a/a/3100/selectTracseDetl.do?tracseId=AIG20250000509552&tracseTme=7&crseTracseSe=C0061&trainstCstmrId=500034120375,0,0,0,드론
280,AIG20250000516351,3,초경량비행장치 무인멀티콥터(드론) 1종 자격(학과이론+모의비행),부산경상대학교산학협력단,09040105,09040105,소형무인기운용·조종,부산,연제구,비원격,2026-03-16,2026-03-20,종료,4,0,0,,0,,0.0,0.0,,286000,500000,286000,342700,https://www.work24.go.kr/hr/a/a/3100/selectTracseDetl.do?tracseId=AIG20250000516351&tracseTme=3&crseTracseSe=C0061&trainstCstmrId=500044212779,0,1,0,드론
281,AIG20250000516668,3,초경량비행장치 무인멀티콥터(드론) 1종 자격취득(이론+실기),부산경상대학교산학협력단,09040105,09040105,소형무인기운용·조종,부산,연제구,비원격,2026-03-16,2026-04-14,종료,4,3,5,3,3,97.4,0.75,1.25,1.0,1001000,2000000,1001000,1449450,https://www.work24.go.kr/hr/a/a/3100/selectTracseDetl.do?tracseId=AIG20250000516668&tracseTme=3&crseTracseSe=C0061&trainstCstmrId=500044212779,1,0,0,드론
286,AIG20250000523342,4,드론 국가자격증 1종 취득 과정(필기+실기),코리아무인항공,09040105,09040105,소형무인기운용·조종,전북,남원시,비원격,2026-03-16,2026-04-03,종료,8,0,0,,0,,0.0,0.0,,858000,2500000,858000,2028100,https://www.work24.go.kr/hr/a/a/3100/selectTracseDetl.do?tracseId=AIG20250000523342&tracseTme=4&crseTracseSe=C0061&trainstCstmrId=500041597429,0,1,0,드론
285,AIG20250000531840,3,드론 지도조종자(교관) 자격취득과정,중부드론교육원,09040105,09040105,소형무인기운용·조종,충북,음성군,비원격,2026-03-16,2026-04-20,종료,2,1,1,1,0,71.4,0.5,0.5,0.0,1287000,3000000,1287000,2163450,https://www.work24.go.kr/hr/a/a/3100/selectTracseDetl.do?tracseId=AIG20250000531840&tracseTme=3&crseTracseSe=C0061&trainstCstmrId=500039127578,0,0,0,드론
278,AIG20250000532017,6,초경량비행장치 (드론) 1종 국가자격취득과정(이론+실기),KDA 한국드론교육원,09040105,09040105,소형무인기운용·조종,경기,화성시,비원격,2026-03-16,2026-04-03,종료,8,3,6,3,3,96.8,0.375,0.75,1.0,858000,1980000,858000,1508100,https://www.work24.go.kr/hr/a/a/3100/selectTracseDetl.do?tracseId=AIG20250000532017&tracseTme=6&crseTracseSe=C0061&trainstCstmrId=500042774065,0,0,0,드론
277,AIG20250000532020,5,초경량비행장치 (드론) 1종 국가자격취득과정(실기),KDA 한국드론교육원,09040105,09040105,소형무인기운용·조종,경기,화성시,비원격,2026-03-16,2026-03-27,종료,8,0,0,,0,98.0,0.0,0.0,,572000,1500000,572000,1185400,https://www.work24.go.kr/hr/a/a/3100/selectTracseDetl.do?tracseId=AIG20250000532020&tracseTme=5&crseTracseSe=C0061&trainstCstmrId=500042774065,0,0,0,드론
283,AIG20253001086501,7,(산대특)드론정비자격 취득을 위한 유지보수 실무자 향상과정,스카이팜에듀교육원,09040105,09040105,소형무인기운용·조종,제주,제주시,비원격,2026-03-16,2026-03-25,종료,12,4,4,4,4,100.0,0.3333333333333333,0.3333333333333333,1.0,446160,446160,446160,44620,https://www.work24.go.kr/hr/a/a/3100/selectTracseDetl.do?tracseId=AIG20253001086501&tracseTme=7&crseTracseSe=C0061&trainstCstmrId=500041625803,0,0,0,드론
287,ACG20263001192049,5,드론 기초기술 현장적용 가이드,러닝플러스 주식회사,20010102,20010102,정보기술컨설팅,부산,부산진구,원격,2026-03-17,2026-04-16,종료,500,0,0,,0,,0.0,0.0,,62370,62370,62370,28070,https://www.work24.go.kr/hr/a/a/3100/selectTracseDetl.do?tracseId=ACG20263001192049&tracseTme=5&crseTracseSe=C0031&trainstCstmrId=500020021711,0,1,0,드론
292,ACG20263001154048,6,[촬영용 드론] 드론을 활용한 영상촬영 및 편집기술,케이지에듀원 원격평생교육원,09040105,09040105,소형무인기운용·조종,서울,동작구,원격,2026-03-18,2026-04-17,종료,500,0,0,,0,100.0,0.0,0.0,,50490,50490,50490,22730,https://www.work24.go.kr/hr/a/a/3100/selectTracseDetl.do?tracseId=ACG20263001154048&tracseTme=6&crseTracseSe=C0031&trainstCstmrId=500020015894,0,0,0,드론
288,ACG20263001192049,6,드론 기초기술 현장적용 가이드,러닝플러스 주식회사,20010102,20010102,정보기술컨설팅,부산,부산진구,원격,2026-03-18,2026-04-17,종료,500,0,0,,0,,0.0,0.0,,62370,62370,62370,28070,https://www.work24.go.kr/hr/a/a/3100/selectTracseDetl.do?tracseId=ACG20263001192049&tracseTme=6&crseTracseSe=C0031&trainstCstmrId=500020021711,0,1,0,드론
291,AIG20250000503351,2,드론국가자격증1종취득 실기,상무무인항공교육원,09040105,09040105,소형무인기운용·조종,광주,보성군,비원격,2026-03-18,2026-04-07,종료,4,1,1,1,1,100.0,0.25,0.25,1.0,858000,1900000,858000,1428100,https://www.work24.go.kr/hr/a/a/3100/selectTracseDetl.do?tracseId=AIG20250000503351&tracseTme=2&crseTracseSe=C0061&trainstCstmrId=500040134607,0,0,0,드론
289,AIG20250000539903,22,파이썬으로 제어하는 AI드론,미라클평생교육원,20010202,20010202,응용SW엔지니어링,전북,전주시,원격,2026-03-18,2026-04-17,종료,200,6,6,6,5,93.6,0.03,0.03,0.8333333333333334,490000,490000,0,49000,https://www.work24.go.kr/hr/a/a/3100/selectTracseDetl.do?tracseId=AIG20250000539903&tracseTme=22&crseTracseSe=C0105&trainstCstmrId=500033164282,0,0,0,드론
290,AIG20250000539926,23,"[중장년층 디지털 전환] 드론, 이론부터 코딩까지 올인원 패키지",미래디지털 원격평생교육원,20010202,20010202,응용SW엔지니어링,서울,강서구,원격,2026-03-18,2026-04-17,종료,100,3,3,3,3,78.6,0.03,0.03,1.0,288000,288000,0,28800,https://www.work24.go.kr/hr/a/a/3100/selectTracseDetl.do?tracseId=AIG20250000539926&tracseTme=23&crseTracseSe=C0105&trainstCstmrId=500020011130,0,0,0,드론
293,ACG20263001192049,7,드론 기초기술 현장적용 가이드,러닝플러스 주식회사,20010102,20010102,정보기술컨설팅,부산,부산진구,원격,2026-03-19,2026-04-18,종료,500,0,0,,0,,0.0,0.0,,62370,62370,62370,28070,https://www.work24.go.kr/hr/a/a/3100/selectTracseDetl.do?tracseId=ACG20263001192049&tracseTme=7&crseTracseSe=C0031&trainstCstmrId=500020021711,0,1,0,드론
295,AIG20250000502620,6,초경량비행장치 무인멀티콥터(드론)조종자 1종 국가자격취득과정(이론+실기),중부드론교육원,09040105,09040105,소형무인기운용·조종,충북,음성군,비원격,2026-03-19,2026-04-08,종료,8,0,0,,0,100.0,0.0,0.0,,858000,2000000,858000,1442300,https://www.work24.go.kr/hr/a/a/3100/selectTracseDetl.do?tracseId=AIG20250000502620&tracseTme=6&crseTracseSe=C0061&trainstCstmrId=500039127578,0,0,0,드론
294,AVA20253001112867,26,"드론 활용실무(건설, 물류, 방제용 드론)",사단법인 한국에듀테크산업협회,09040105,09040105,소형무인기운용·조종,서울,강남구,원격,2026-03-19,2026-04-15,종료,500,0,0,,0,85.7,0.0,0.0,,62370,62370,62370,28070,https://www.work24.go.kr/hr/a/a/3100/selectTracseDetl.do?tracseId=AVA20253001112867&tracseTme=26&crseTracseSe=C0055&trainstCstmrId=500020013301,0,0,0,드론
296,AVA20253001112883,31,[국가 드론자격증] 초경량비행장치 조종자 필기반,한국이러닝협회,09040105,09040105,소형무인기운용·조종,서울,구로구,원격,2026-03-19,2026-04-15,종료,500,0,0,,0,,0.0,0.0,,65340,65340,65340,29410,https://www.work24.go.kr/hr/a/a/3100/selectTracseDetl.do?tracseId=AVA20253001112883&tracseTme=31&crseTracseSe=C0055&trainstCstmrId=500020055159,0,1,0,드론
297,ACG20263001192049,8,드론 기초기술 현장적용 가이드,러닝플러스 주식회사,20010102,20010102,정보기술컨설팅,부산,부산진구,원격,2026-03-20,2026-04-19,종료,500,0,0,,0,,0.0,0.0,,62370,62370,62370,28070,https://www.work24.go.kr/hr/a/a/3100/selectTracseDetl.do?tracseId=ACG20263001192049&tracseTme=8&crseTracseSe=C0031&trainstCstmrId=500020021711,0,1,0,드론
298,AIG20250000513041,6,드론 국가자격증 3종[필기+실기]+촬영 무인멀티콥터,새동엔지니어링(주) 드론교육원,09040105,09040105,소형무인기운용·조종,서울,관악구,비원격,2026-03-20,2026-04-02,종료,8,0,2,,0,90.5,0.0,0.25,,572000,772000,572000,457400,https://www.work24.go.kr/hr/a/a/3100/selectTracseDetl.do?tracseId=AIG20250000513041&tracseTme=6&crseTracseSe=C0061&trainstCstmrId=500037079851,0,0,0,드론
300,AIG20250000502445,2,드론 국가자격증 1종 취득과정(필기+실기) 주말반,미래드론아카데미,09040105,09040105,소형무인기운용·조종,경북,경주시,비원격,2026-03-21,2026-05-09,종료,8,4,4,4,4,100.0,0.5,0.5,1.0,858000,2058000,858000,1586100,https://www.work24.go.kr/hr/a/a/3100/selectTracseDetl.do?tracseId=AIG20250000502445&tracseTme=2&crseTracseSe=C0061&trainstCstmrId=500040529363,0,0,0,드론
301,AIG20250000509639,7,26년 드론 국가자격증 1종 실기교육,새만금항공주식회사,09040105,09040105,소형무인기운용·조종,전북,전주시,비원격,2026-03-21,2026-04-19,종료,8,0,0,,0,100.0,0.0,0.0,,572000,1700000,572000,1385400,https://www.work24.go.kr/hr/a/a/3100/selectTracseDetl.do?tracseId=AIG20250000509639&tracseTme=7&crseTracseSe=C0061&trainstCstmrId=500034120375,0,0,0,드론
299,AIG20250000529814,6,드론 1종 국가자격증 취득과정,(주)스마트항공,09040105,09040105,소형무인기운용·조종,부산,사상구,비원격,2026-03-21,2026-05-09,종료,8,4,4,4,3,99.5,0.5,0.5,0.75,858000,1980000,858000,1508100,https://www.work24.go.kr/hr/a/a/3100/selectTracseDetl.do?tracseId=AIG20250000529814&tracseTme=6&crseTracseSe=C0061&trainstCstmrId=500042519804,0,0,0,드론
304,ACG20263001192049,9,드론 기초기술 현장적용 가이드,러닝플러스 주식회사,20010102,20010102,정보기술컨설팅,부산,부산진구,원격,2026-03-23,2026-04-22,종료,500,0,0,,0,,0.0,0.0,,62370,62370,62370,28070,https://www.work24.go.kr/hr/a/a/3100/selectTracseDetl.do?tracseId=ACG20263001192049&tracseTme=9&crseTracseSe=C0031&trainstCstmrId=500020021711,0,1,0,드론
307,AIG20250000505532,3,항공촬영드론조종교육 + 3종,서울드론교육원,09040105,09040105,소형무인기운용·조종,서울,서초구,비원격,2026-03-23,2026-04-03,종료,12,4,4,4,4,75.0,0.3333333333333333,0.3333333333333333,1.0,572000,792000,572000,477400,https://www.work24.go.kr/hr/a/a/3100/selectTracseDetl.do?tracseId=AIG20250000505532&tracseTme=3&crseTracseSe=C0061&trainstCstmrId=500035861333,0,0,0,드론
309,AIG20250000505693,4,드론(무인멀티콥터) 국가자격증 1종 학과 교육 과정,주식회사 비아이티코퍼레이션,09040105,09040105,소형무인기운용·조종,전북,전주시,비원격,2026-03-23,2026-03-27,종료,8,0,1,0,0,96.7,0.0,0.125,,286000,500000,286000,342700,https://www.work24.go.kr/hr/a/a/3100/selectTracseDetl.do?tracseId=AIG20250000505693&tracseTme=4&crseTracseSe=C0061&trainstCstmrId=500042783200,0,0,0,드론
302,AIG20250000506180,4,1종 드론국가자격증 취득과정 필기+실기 _평일반,(주)케이드론 부설 대한무인항공교육원,09040105,09040105,소형무인기운용·조종,강원,원주시,비원격,2026-03-23,2026-04-13,종료,12,2,3,3,2,97.1,0.16666666666666666,0.25,0.6666666666666666,915200,1915200,915200,1411840,https://www.work24.go.kr/hr/a/a/3100/selectTracseDetl.do?tracseId=AIG20250000506180&tracseTme=4&crseTracseSe=C0061&trainstCstmrId=500035879387,0,0,0,드론
306,AIG20250000509639,9,26년 드론 국가자격증 1종 실기교육,새만금항공주식회사,09040105,09040105,소형무인기운용·조종,전북,전주시,비원격,2026-03-23,2026-04-03,종료,8,1,1,1,1,100.0,0.125,0.125,1.0,572000,1700000,572000,1385400,https://www.work24.go.kr/hr/a/a/3100/selectTracseDetl.do?tracseId=AIG20250000509639&tracseTme=9&crseTracseSe=C0061&trainstCstmrId=500034120375,0,0,0,드론
305,AIG20250000516429,3,초경량비행장치 무인멀티콥터(드론) 1종 자격(실기비행),부산경상대학교산학협력단,09040105,09040105,소형무인기운용·조종,부산,연제구,비원격,2026-03-23,2026-04-13,종료,4,0,0,,0,,0.0,0.0,,715000,1500000,715000,1106750,https://www.work24.go.kr/hr/a/a/3100/selectTracseDetl.do?tracseId=AIG20250000516429&tracseTme=3&crseTracseSe=C0061&trainstCstmrId=500044212779,0,1,0,드론
310,AIG20250000520984,4,드론 1종 조종자 자격증 취득과정 (이론+실기)[평일반],주식회사스카이엔터프라이즈,09040105,09040105,소형무인기운용·조종,대구,달서구,비원격,2026-03-23,2026-04-14,종료,8,5,6,6,5,96.4,0.625,0.75,0.8333333333333334,972400,1990000,972400,1455180,https://www.work24.go.kr/hr/a/a/3100/selectTracseDetl.do?tracseId=AIG20250000520984&tracseTme=4&crseTracseSe=C0061&trainstCstmrId=500035342034,0,0,0,드론
308,AIG20250000527495,6,초경량비행장치 드론 1종 국가자격증 취득 과정,알씨스카이 부설 무인기술UAV교육원,09040105,09040105,소형무인기운용·조종,경남,창원시,비원격,2026-03-23,2026-04-10,종료,8,1,1,1,1,100.0,0.125,0.125,1.0,858000,1980000,858000,1508100,https://www.work24.go.kr/hr/a/a/3100/selectTracseDetl.do?tracseId=AIG20250000527495&tracseTme=6&crseTracseSe=C0061&trainstCstmrId=500035425743,0,0,0,드론
303,AIG20250000528466,2,드론 조종자 1종 국가자격 취득과정 (학과+실기_평일반),구름무인항공교육원,09040105,09040105,소형무인기운용·조종,경기,평택시,비원격,2026-03-23,2026-04-10,종료,8,4,4,6,4,100.0,0.5,0.5,0.6666666666666666,858000,1950000,858000,1478100,https://www.work24.go.kr/hr/a/a/3100/selectTracseDetl.do?tracseId=AIG20250000528466&tracseTme=2&crseTracseSe=C0061&trainstCstmrId=500042856540,0,0,0,드론
311,AIG20250000532091,6,(드론)조종자 1종 국가 자격증 취득과정,주식회사지디에이경기드론교육원,09040105,09040105,소형무인기운용·조종,서울,구로구,비원격,2026-03-23,2026-04-10,종료,8,5,6,5,5,97.3,0.625,0.75,1.0,858000,1980000,858000,1508100,https://www.work24.go.kr/hr/a/a/3100/selectTracseDetl.do?tracseId=AIG20250000532091&tracseTme=6&crseTracseSe=C0061&trainstCstmrId=500042767878,0,0,0,드론
312,AIG20250000532096,6,(드론)조종자 1종 국가 자격증 취득과정(실기),주식회사지디에이경기드론교육원,09040105,09040105,소형무인기운용·조종,서울,구로구,비원격,2026-03-23,2026-04-03,종료,8,0,0,,0,88.9,0.0,0.0,,572000,1500000,572000,1185400,https://www.work24.go.kr/hr/a/a/3100/selectTracseDetl.do?tracseId=AIG20250000532096&tracseTme=6&crseTracseSe=C0061&trainstCstmrId=500042767878,0,0,0,드론
315,ACG20263001192049,10,드론 기초기술 현장적용 가이드,러닝플러스 주식회사,20010102,20010102,정보기술컨설팅,부산,부산진구,원격,2026-03-24,2026-04-23,종료,500,0,0,,0,,0.0,0.0,,62370,62370,62370,28070,https://www.work24.go.kr/hr/a/a/3100/selectTracseDetl.do?tracseId=ACG20263001192049&tracseTme=10&crseTracseSe=C0031&trainstCstmrId=500020021711,0,1,0,드론
314,AIG20250000515594,3,초경량비행장치(드론 1종) 조종자 국가자격증 취득(필기면제),누리드론교육원,09040105,09040105,소형무인기운용·조종,경남,김해시,비원격,2026-03-24,2026-04-15,종료,8,3,4,6,3,96.1,0.375,0.5,0.5,972400,1472400,972400,937580,https://www.work24.go.kr/hr/a/a/3100/selectTracseDetl.do?tracseId=AIG20250000515594&tracseTme=3&crseTracseSe=C0061&trainstCstmrId=500041601289,0,0,0,드론
313,AIG20253001127150,5,(산대특 고용위기 선제대응) 드론을 활용한 영상촬영 및 자격증 취득과정,금성직업전문학교,09040105,09040105,소형무인기운용·조종,광주,동구,비원격,2026-03-24,2026-05-21,종료,10,10,17,10,10,100.0,1.0,1.7,1.0,1282710,1282710,1282710,128280,https://www.work24.go.kr/hr/a/a/3100/selectTracseDetl.do?tracseId=AIG20253001127150&tracseTme=5&crseTracseSe=C0061&trainstCstmrId=500020036003,1,0,0,드론
320,ACG20263001154048,7,[촬영용 드론] 드론을 활용한 영상촬영 및 편집기술,케이지에듀원 원격평생교육원,09040105,09040105,소형무인기운용·조종,서울,동작구,원격,2026-03-25,2026-04-24,종료,500,0,0,,0,100.0,0.0,0.0,,50490,50490,50490,22730,https://www.work24.go.kr/hr/a/a/3100/selectTracseDetl.do?tracseId=ACG20263001154048&tracseTme=7&crseTracseSe=C0031&trainstCstmrId=500020015894,0,0,0,드론
316,ACG20263001192049,11,드론 기초기술 현장적용 가이드,러닝플러스 주식회사,20010102,20010102,정보기술컨설팅,부산,부산진구,원격,2026-03-25,2026-04-24,종료,500,0,0,,0,,0.0,0.0,,62370,62370,62370,28070,https://www.work24.go.kr/hr/a/a/3100/selectTracseDetl.do?tracseId=ACG20263001192049&tracseTme=11&crseTracseSe=C0031&trainstCstmrId=500020021711,0,1,0,드론
317,AIG20250000539903,23,파이썬으로 제어하는 AI드론,미라클평생교육원,20010202,20010202,응용SW엔지니어링,전북,전주시,원격,2026-03-25,2026-04-24,종료,200,7,10,7,6,93.6,0.035,0.05,0.8571428571428571,490000,490000,0,49000,https://www.work24.go.kr/hr/a/a/3100/selectTracseDetl.do?tracseId=AIG20250000539903&tracseTme=23&crseTracseSe=C0105&trainstCstmrId=500033164282,0,0,0,드론
318,AIG20250000539926,24,"[중장년층 디지털 전환] 드론, 이론부터 코딩까지 올인원 패키지",미래디지털 원격평생교육원,20010202,20010202,응용SW엔지니어링,서울,강서구,원격,2026-03-25,2026-04-24,종료,100,0,0,,0,78.6,0.0,0.0,,288000,288000,0,28800,https://www.work24.go.kr/hr/a/a/3100/selectTracseDetl.do?tracseId=AIG20250000539926&tracseTme=24&crseTracseSe=C0105&trainstCstmrId=500020011130,0,0,0,드론
319,AIG20253001085939,2,(산대특)드론을 활용한 3D 모델링*디지털 트윈 (양성),신한글로벌인재교육원,09040105,09040105,소형무인기운용·조종,경기,의정부시,비원격,2026-03-25,2026-07-10,종료,10,8,14,8,8,92.9,0.8,1.4,1.0,3660800,3660800,3660800,300000,https://www.work24.go.kr/hr/a/a/3100/selectTracseDetl.do?tracseId=AIG20253001085939&tracseTme=2&crseTracseSe=C0061&trainstCstmrId=500020031915,1,0,0,드론
325,ACG20263001165807,7,[국가 드론자격증] 초경량비행장치 조종자 필기반,한국이러닝협회,09040105,09040105,소형무인기운용·조종,서울,구로구,원격,2026-03-26,2026-04-22,종료,500,0,0,,0,,0.0,0.0,,65340,65340,65340,29410,https://www.work24.go.kr/hr/a/a/3100/selectTracseDetl.do?tracseId=ACG20263001165807&tracseTme=7&crseTracseSe=C0031&trainstCstmrId=500020055159,0,1,0,드론
321,ACG20263001192049,12,드론 기초기술 현장적용 가이드,러닝플러스 주식회사,20010102,20010102,정보기술컨설팅,부산,부산진구,원격,2026-03-26,2026-04-25,종료,500,0,0,,0,,0.0,0.0,,62370,62370,62370,28070,https://www.work24.go.kr/hr/a/a/3100/selectTracseDetl.do?tracseId=ACG20263001192049&tracseTme=12&crseTracseSe=C0031&trainstCstmrId=500020021711,0,1,0,드론
323,AIG20250000511898,2,드론 국가기술자격 취득과정 1종,스카이팜에듀교육원,09040105,09040105,소형무인기운용·조종,제주,제주시,비원격,2026-03-26,2026-04-15,종료,8,1,1,1,1,75.0,0.125,0.125,1.0,858000,1800000,858000,1328100,https://www.work24.go.kr/hr/a/a/3100/selectTracseDetl.do?tracseId=AIG20250000511898&tracseTme=2&crseTracseSe=C0061&trainstCstmrId=500041625803,0,0,0,드론
324,AIG20250000531836,6,드론 (1종) 국가자격증 취득 (실기),중부드론교육원,09040105,09040105,소형무인기운용·조종,충북,음성군,비원격,2026-03-26,2026-04-08,종료,8,1,1,1,1,,0.125,0.125,1.0,572000,1500000,572000,1128200,https://www.work24.go.kr/hr/a/a/3100/selectTracseDetl.do?tracseId=AIG20250000531836&tracseTme=6&crseTracseSe=C0061&trainstCstmrId=500039127578,0,1,0,드론
322,AVA20253001112867,27,"드론 활용실무(건설, 물류, 방제용 드론)",사단법인 한국에듀테크산업협회,09040105,09040105,소형무인기운용·조종,서울,강남구,원격,2026-03-26,2026-04-22,종료,500,1,1,1,1,85.7,0.002,0.002,1.0,62370,62370,62370,28070,https://www.work24.go.kr/hr/a/a/3100/selectTracseDetl.do?tracseId=AVA20253001112867&tracseTme=27&crseTracseSe=C0055&trainstCstmrId=500020013301,0,0,0,드론
327,ACG20263001192049,13,드론 기초기술 현장적용 가이드,러닝플러스 주식회사,20010102,20010102,정보기술컨설팅,부산,부산진구,원격,2026-03-27,2026-04-26,종료,500,0,0,,0,,0.0,0.0,,62370,62370,62370,28070,https://www.work24.go.kr/hr/a/a/3100/selectTracseDetl.do?tracseId=ACG20263001192049&tracseTme=13&crseTracseSe=C0031&trainstCstmrId=500020021711,0,1,0,드론
326,AIG20240000498076,7,"자율비행 드론 설계 및 제작(솔리드웍스,카티아,3D프린터,제어)",글로벌산업기술교육원,15090105,15090105,소형무인기비행체개발,서울,금천구,비원격,2026-03-27,2026-09-29,진행중,20,7,9,7,0,96.4,0.35,0.45,,18150000,18150000,18150000,600000,https://www.work24.go.kr/hr/a/a/3100/selectTracseDetl.do?tracseId=AIG20240000498076&tracseTme=7&crseTracseSe=C0061&trainstCstmrId=500020021390,0,0,0,드론
328,AIG20250000515594,4,초경량비행장치(드론 1종) 조종자 국가자격증 취득(필기면제),누리드론교육원,09040105,09040105,소형무인기운용·조종,경남,김해시,비원격,2026-03-28,2026-05-23,종료,8,4,5,8,4,96.1,0.5,0.625,0.5,972400,1472400,972400,937580,https://www.work24.go.kr/hr/a/a/3100/selectTracseDetl.do?tracseId=AIG20250000515594&tracseTme=4&crseTracseSe=C0061&trainstCstmrId=500041601289,0,0,0,드론
331,AIG20250000525906,1,[이론+실기]초경량비행장치 무인멀티콥터 드론 국가자격증 1종 취득과정 주말반[전문교육기관],한국항공대학교 산학협력단 (비행교육원),09040105,09040105,소형무인기운용·조종,경기,고양시,비원격,2026-03-28,2026-05-31,종료,9,2,4,9,2,100.0,0.2222222222222222,0.4444444444444444,0.2222222222222222,872300,3000000,872300,2520240,https://www.work24.go.kr/hr/a/a/3100/selectTracseDetl.do?tracseId=AIG20250000525906&tracseTme=1&crseTracseSe=C0061&trainstCstmrId=500020027370,0,0,0,드론
329,AIG20250000528935,2,드론조종 3종 양성과정(주말반),드론항공평생교육원,09040105,09040105,소형무인기운용·조종,제주,서귀포시,비원격,2026-03-28,2026-04-18,종료,8,3,3,3,3,100.0,0.375,0.375,1.0,357500,560000,357500,363380,https://www.work24.go.kr/hr/a/a/3100/selectTracseDetl.do?tracseId=AIG20250000528935&tracseTme=2&crseTracseSe=C0061&trainstCstmrId=500035584309,0,0,0,드론
330,AIG20250000531836,5,드론 (1종) 국가자격증 취득 (실기),중부드론교육원,09040105,09040105,소형무인기운용·조종,충북,음성군,비원격,2026-03-28,2026-04-26,종료,8,1,1,1,1,,0.125,0.125,1.0,572000,1500000,572000,1128200,https://www.work24.go.kr/hr/a/a/3100/selectTracseDetl.do?tracseId=AIG20250000531836&tracseTme=5&crseTracseSe=C0061&trainstCstmrId=500039127578,0,1,0,드론
332,AIG20250000536056,2,드론정비사 1급 전문가과정,현대평생교육원,15090308,15090308,소형무인기정비,경남,김해시,비원격,2026-03-28,2026-04-04,종료,20,0,0,,0,85.7,0.0,0.0,,157440,357440,157440,270850,https://www.work24.go.kr/hr/a/a/3100/selectTracseDetl.do?tracseId=AIG20250000536056&tracseTme=2&crseTracseSe=C0061&trainstCstmrId=500020036606,0,0,0,드론
337,ACG20263001192049,14,드론 기초기술 현장적용 가이드,러닝플러스 주식회사,20010102,20010102,정보기술컨설팅,부산,부산진구,원격,2026-03-30,2026-04-29,종료,500,0,0,,0,,0.0,0.0,,62370,62370,62370,28070,https://www.work24.go.kr/hr/a/a/3100/selectTracseDetl.do?tracseId=ACG20263001192049&tracseTme=14&crseTracseSe=C0031&trainstCstmrId=500020021711,0,1,0,드론
339,AIG20250000505519,7,1종 드론 국가자격증 필기+실기_평일반,서울드론교육원,09040105,09040105,소형무인기운용·조종,서울,서초구,비원격,2026-03-30,2026-04-22,종료,12,10,11,11,10,87.4,0.8333333333333334,0.9166666666666666,0.9090909090909091,915200,1915200,915200,1411840,https://www.work24.go.kr/hr/a/a/3100/selectTracseDetl.do?tracseId=AIG20250000505519&tracseTme=7&crseTracseSe=C0061&trainstCstmrId=500035861333,0,0,0,드론
341,AIG20250000508278,9,무인멀티콥터(드론) 국가자격증 1종 실기교육 과정,주식회사 비아이티코퍼레이션,09040105,09040105,소형무인기운용·조종,전북,전주시,비원격,2026-03-30,2026-04-10,종료,1,1,1,1,1,100.0,1.0,1.0,1.0,143000,1000000,143000,921350,https://www.work24.go.kr/hr/a/a/3100/selectTracseDetl.do?tracseId=AIG20250000508278&tracseTme=9&crseTracseSe=C0061&trainstCstmrId=500042783200,0,0,0,드론
340,AIG20250000509002,5,드론 1종 조종자 국가자격증(필기시험면제자체실기시험),이아이실용전문학원,09040105,09040105,소형무인기운용·조종,경기,시흥시,비원격,2026-03-30,2026-04-17,종료,4,4,3,4,4,97.5,1.0,0.75,1.0,858000,1958000,858000,1486100,https://www.work24.go.kr/hr/a/a/3100/selectTracseDetl.do?tracseId=AIG20250000509002&tracseTme=5&crseTracseSe=C0061&trainstCstmrId=500042912111,0,0,0,드론
338,AIG20250000509552,8,26년 드론 국가자격증 학과교육,새만금항공주식회사,09040105,09040105,소형무인기운용·조종,전북,전주시,비원격,2026-03-30,2026-04-03,종료,8,0,0,,0,100.0,0.0,0.0,,286000,300000,286000,142700,https://www.work24.go.kr/hr/a/a/3100/selectTracseDetl.do?tracseId=AIG20250000509552&tracseTme=8&crseTracseSe=C0061&trainstCstmrId=500034120375,0,0,0,드론
336,AIG20250000529057,3,초경량비행장치 조종자 자격 취득과정(1종),드론항공평생교육원,09040105,09040105,소형무인기운용·조종,제주,서귀포시,비원격,2026-03-30,2026-04-17,종료,8,3,3,3,3,93.3,0.375,0.375,1.0,858000,1800000,858000,1328100,https://www.work24.go.kr/hr/a/a/3100/selectTracseDetl.do?tracseId=AIG20250000529057&tracseTme=3&crseTracseSe=C0061&trainstCstmrId=500035584309,0,0,0,드론
333,AIG20250000532020,6,초경량비행장치 (드론) 1종 국가자격취득과정(실기),KDA 한국드론교육원,09040105,09040105,소형무인기운용·조종,경기,화성시,비원격,2026-03-30,2026-04-10,종료,8,0,0,,0,98.0,0.0,0.0,,572000,1500000,572000,1185400,https://www.work24.go.kr/hr/a/a/3100/selectTracseDetl.do?tracseId=AIG20250000532020&tracseTme=6&crseTracseSe=C0061&trainstCstmrId=500042774065,0,0,0,드론
334,AIG20250000534362,5,초경량비행장치 무인멀티콥터 취득과정(평일),강남무인항공,09040105,09040105,소형무인기운용·조종,전북,장수군,비원격,2026-03-30,2026-04-17,종료,8,0,3,,0,100.0,0.0,0.375,,858000,1500000,858000,1028100,https://www.work24.go.kr/hr/a/a/3100/selectTracseDetl.do?tracseId=AIG20250000534362&tracseTme=5&crseTracseSe=C0061&trainstCstmrId=500034689871,0,0,0,드론
335,AIG20253001110873,2,(산대특) 드론과 3D 모델링 기술을 활용한 제주 관광자원 디지털화 향상과정,드론버스,09040105,09040105,소형무인기운용·조종,제주,제주시,비원격,2026-03-30,2026-04-05,종료,12,7,8,7,7,96.4,0.5833333333333334,0.6666666666666666,1.0,520520,520520,520520,52060,https://www.work24.go.kr/hr/a/a/3100/selectTracseDetl.do?tracseId=AIG20253001110873&tracseTme=2&crseTracseSe=C0061&trainstCstmrId=500043618700,0,0,0,드론
343,ACG20263001192049,15,드론 기초기술 현장적용 가이드,러닝플러스 주식회사,20010102,20010102,정보기술컨설팅,부산,부산진구,원격,2026-03-31,2026-04-30,종료,500,0,0,,0,,0.0,0.0,,62370,62370,62370,28070,https://www.work24.go.kr/hr/a/a/3100/selectTracseDetl.do?tracseId=ACG20263001192049&tracseTme=15&crseTracseSe=C0031&trainstCstmrId=500020021711,0,1,0,드론
342,AIG20250000533785,1,초경량비행장치 지도조종자(교관) 취득,디엠씨,09040105,09040105,소형무인기운용·조종,경남,양산시,비원격,2026-03-31,2026-06-12,종료,8,2,3,2,2,57.1,0.25,0.375,1.0,2974400,2974400,2974400,1338480,https://www.work24.go.kr/hr/a/a/3100/selectTracseDetl.do?tracseId=AIG20250000533785&tracseTme=1&crseTracseSe=C0061&trainstCstmrId=500038945686,0,0,0,드론
346,ACG20263001154048,8,[촬영용 드론] 드론을 활용한 영상촬영 및 편집기술,케이지에듀원 원격평생교육원,09040105,09040105,소형무인기운용·조종,서울,동작구,원격,2026-04-01,2026-04-30,종료,500,0,0,,0,100.0,0.0,0.0,,50490,50490,50490,22730,https://www.work24.go.kr/hr/a/a/3100/selectTracseDetl.do?tracseId=ACG20263001154048&tracseTme=8&crseTracseSe=C0031&trainstCstmrId=500020015894,0,0,0,드론
344,ACG20263001192049,16,드론 기초기술 현장적용 가이드,러닝플러스 주식회사,20010102,20010102,정보기술컨설팅,부산,부산진구,원격,2026-04-01,2026-04-30,종료,500,0,0,,0,,0.0,0.0,,62370,62370,62370,28070,https://www.work24.go.kr/hr/a/a/3100/selectTracseDetl.do?tracseId=ACG20263001192049&tracseTme=16&crseTracseSe=C0031&trainstCstmrId=500020021711,0,1,0,드론
345,AIG20250000539903,24,파이썬으로 제어하는 AI드론,미라클평생교육원,20010202,20010202,응용SW엔지니어링,전북,전주시,원격,2026-04-01,2026-04-30,종료,200,18,22,18,18,93.6,0.09,0.11,1.0,490000,490000,0,49000,https://www.work24.go.kr/hr/a/a/3100/selectTracseDetl.do?tracseId=AIG20250000539903&tracseTme=24&crseTracseSe=C0105&trainstCstmrId=500033164282,0,0,0,드론
348,ACG20263001192049,17,드론 기초기술 현장적용 가이드,러닝플러스 주식회사,20010102,20010102,정보기술컨설팅,부산,부산진구,원격,2026-04-02,2026-05-01,종료,500,0,0,,0,,0.0,0.0,,62370,62370,62370,28070,https://www.work24.go.kr/hr/a/a/3100/selectTracseDetl.do?tracseId=ACG20263001192049&tracseTme=17&crseTracseSe=C0031&trainstCstmrId=500020021711,0,1,0,드론
351,AIG20250000511074,2,[이론+실기]초경량비행장치 무인멀티콥터 드론 국가자격증 1종 취득과정 주중반[전문교육기관],한국항공대학교 산학협력단 (비행교육원),09040105,09040105,소형무인기운용·조종,경기,고양시,비원격,2026-04-02,2026-04-30,종료,9,2,4,4,2,94.6,0.2222222222222222,0.4444444444444444,0.5,858000,3000000,858000,2528100,https://www.work24.go.kr/hr/a/a/3100/selectTracseDetl.do?tracseId=AIG20250000511074&tracseTme=2&crseTracseSe=C0061&trainstCstmrId=500020027370,0,0,0,드론
347,AIG20250000515467,7,드론 국가자격증1종[이론+실기],(주)충남무인항공교육원,09040105,09040105,소형무인기운용·조종,충남,천안시,비원격,2026-04-02,2026-04-22,종료,8,4,5,4,4,98.0,0.5,0.625,1.0,858000,1900000,858000,1428100,https://www.work24.go.kr/hr/a/a/3100/selectTracseDetl.do?tracseId=AIG20250000515467&tracseTme=7&crseTracseSe=C0061&trainstCstmrId=500034750847,0,0,0,드론
349,AVA20253001112867,28,"드론 활용실무(건설, 물류, 방제용 드론)",사단법인 한국에듀테크산업협회,09040105,09040105,소형무인기운용·조종,서울,강남구,원격,2026-04-02,2026-04-29,종료,500,0,0,,0,85.7,0.0,0.0,,62370,62370,62370,28070,https://www.work24.go.kr/hr/a/a/3100/selectTracseDetl.do?tracseId=AVA20253001112867&tracseTme=28&crseTracseSe=C0055&trainstCstmrId=500020013301,0,0,0,드론
350,AVA20253001112883,33,[국가 드론자격증] 초경량비행장치 조종자 필기반,한국이러닝협회,09040105,09040105,소형무인기운용·조종,서울,구로구,원격,2026-04-02,2026-04-29,종료,500,1,2,1,0,,0.002,0.004,0.0,65340,65340,65340,29410,https://www.work24.go.kr/hr/a/a/3100/selectTracseDetl.do?tracseId=AVA20253001112883&tracseTme=33&crseTracseSe=C0055&trainstCstmrId=500020055159,0,1,0,드론
353,ACG20263001192049,18,드론 기초기술 현장적용 가이드,러닝플러스 주식회사,20010102,20010102,정보기술컨설팅,부산,부산진구,원격,2026-04-03,2026-05-02,종료,500,0,0,,0,,0.0,0.0,,62370,62370,62370,28070,https://www.work24.go.kr/hr/a/a/3100/selectTracseDetl.do?tracseId=ACG20263001192049&tracseTme=18&crseTracseSe=C0031&trainstCstmrId=500020021711,0,1,0,드론
352,AIG20250000519400,5,드론 지도조종자[교관],(주)충남무인항공교육원,09040105,09040105,소형무인기운용·조종,충남,천안시,비원격,2026-04-03,2026-05-05,종료,2,1,1,1,1,100.0,0.5,0.5,1.0,1315600,3200000,1315600,2476420,https://www.work24.go.kr/hr/a/a/3100/selectTracseDetl.do?tracseId=AIG20250000519400&tracseTme=5&crseTracseSe=C0061&trainstCstmrId=500034750847,0,0,0,드론
355,AIG20250000509002,6,드론 1종 조종자 국가자격증(필기시험면제자체실기시험),이아이실용전문학원,09040105,09040105,소형무인기운용·조종,경기,시흥시,비원격,2026-04-04,2026-05-23,종료,4,4,6,4,4,97.5,1.0,1.5,1.0,858000,1958000,858000,1486100,https://www.work24.go.kr/hr/a/a/3100/selectTracseDetl.do?tracseId=AIG20250000509002&tracseTme=6&crseTracseSe=C0061&trainstCstmrId=500042912111,1,0,0,드론
354,AIG20250000519317,2,드론 국가자격증1종[실기],(주)충남무인항공교육원,09040105,09040105,소형무인기운용·조종,충남,천안시,비원격,2026-04-04,2026-05-03,종료,4,2,2,2,2,93.9,0.5,0.5,1.0,572000,1600000,572000,1285400,https://www.work24.go.kr/hr/a/a/3100/selectTracseDetl.do?tracseId=AIG20250000519317&tracseTme=2&crseTracseSe=C0061&trainstCstmrId=500034750847,0,0,0,드론
357,AIG20250000509552,9,26년 드론 국가자격증 학과교육,새만금항공주식회사,09040105,09040105,소형무인기운용·조종,전북,전주시,비원격,2026-04-05,2026-04-19,종료,8,0,0,,0,100.0,0.0,0.0,,286000,300000,286000,142700,https://www.work24.go.kr/hr/a/a/3100/selectTracseDetl.do?tracseId=AIG20250000509552&tracseTme=9&crseTracseSe=C0061&trainstCstmrId=500034120375,0,0,0,드론
356,AIG20250000513585,2,드론 국가자격증 필기과정 (이론 및 모의비행),부산직업능력교육원,09040105,09040105,소형무인기운용·조종,부산,북구,비원격,2026-04-05,2026-04-26,종료,12,6,7,6,6,100.0,0.5,0.5833333333333334,1.0,286000,300000,286000,142700,https://www.work24.go.kr/hr/a/a/3100/selectTracseDetl.do?tracseId=AIG20250000513585&tracseTme=2&crseTracseSe=C0061&trainstCstmrId=500020056246,0,0,0,드론
360,ACG20263001192049,19,드론 기초기술 현장적용 가이드,러닝플러스 주식회사,20010102,20010102,정보기술컨설팅,부산,부산진구,원격,2026-04-06,2026-05-05,종료,500,0,0,,0,,0.0,0.0,,62370,62370,62370,28070,https://www.work24.go.kr/hr/a/a/3100/selectTracseDetl.do?tracseId=ACG20263001192049&tracseTme=19&crseTracseSe=C0031&trainstCstmrId=500020021711,0,1,0,드론
364,AIG20250000509639,10,26년 드론 국가자격증 1종 실기교육,새만금항공주식회사,09040105,09040105,소형무인기운용·조종,전북,전주시,비원격,2026-04-06,2026-04-17,종료,8,0,0,,0,100.0,0.0,0.0,,572000,1700000,572000,1385400,https://www.work24.go.kr/hr/a/a/3100/selectTracseDetl.do?tracseId=AIG20250000509639&tracseTme=10&crseTracseSe=C0061&trainstCstmrId=500034120375,0,0,0,드론
363,AIG20250000510905,7,드론 국가자격증 1종[필기+실기]무인멀티콥터,새동엔지니어링(주) 드론교육원,09040105,09040105,소형무인기운용·조종,서울,관악구,비원격,2026-04-06,2026-04-24,종료,12,5,5,5,5,92.9,0.4166666666666667,0.4166666666666667,1.0,858000,1858000,858000,1386100,https://www.work24.go.kr/hr/a/a/3100/selectTracseDetl.do?tracseId=AIG20250000510905&tracseTme=7&crseTracseSe=C0061&trainstCstmrId=500037079851,0,0,0,드론
362,AIG20250000513132,7,드론 국가자격증 1종 실기반(무인멀티콥터),새동엔지니어링(주) 드론교육원,09040105,09040105,소형무인기운용·조종,서울,관악구,비원격,2026-04-06,2026-04-17,종료,4,0,0,,0,100.0,0.0,0.0,,572000,1372000,572000,1057400,https://www.work24.go.kr/hr/a/a/3100/selectTracseDetl.do?tracseId=AIG20250000513132&tracseTme=7&crseTracseSe=C0061&trainstCstmrId=500037079851,0,0,0,드론
361,AIG20250000513278,3,드론 AI소프트웨어 개발[픽스호크+아두파일럿](무인멀티콥터),새동엔지니어링(주) 드론교육원,09040105,09040105,소형무인기운용·조종,서울,관악구,비원격,2026-04-06,2026-10-20,진행중,16,10,10,10,0,,0.625,0.625,,5577000,5577000,5577000,300000,https://www.work24.go.kr/hr/a/a/3100/selectTracseDetl.do?tracseId=AIG20250000513278&tracseTme=3&crseTracseSe=C0061&trainstCstmrId=500037079851,0,1,0,드론
358,AIG20250000529814,7,드론 1종 국가자격증 취득과정,(주)스마트항공,09040105,09040105,소형무인기운용·조종,부산,사상구,비원격,2026-04-06,2026-04-24,종료,8,1,2,1,1,99.5,0.125,0.25,1.0,858000,1980000,858000,1508100,https://www.work24.go.kr/hr/a/a/3100/selectTracseDetl.do?tracseId=AIG20250000529814&tracseTme=7&crseTracseSe=C0061&trainstCstmrId=500042519804,0,0,0,드론
359,AIG20250000532017,7,초경량비행장치 (드론) 1종 국가자격취득과정(이론+실기),KDA 한국드론교육원,09040105,09040105,소형무인기운용·조종,경기,화성시,비원격,2026-04-06,2026-04-24,종료,8,3,3,3,3,96.8,0.375,0.375,1.0,858000,1980000,858000,1508100,https://www.work24.go.kr/hr/a/a/3100/selectTracseDetl.do?tracseId=AIG20250000532017&tracseTme=7&crseTracseSe=C0061&trainstCstmrId=500042774065,0,0,0,드론
366,AIG20250000532096,7,(드론)조종자 1종 국가 자격증 취득과정(실기),주식회사지디에이경기드론교육원,09040105,09040105,소형무인기운용·조종,서울,구로구,비원격,2026-04-06,2026-04-17,종료,8,1,1,1,1,88.9,0.125,0.125,1.0,572000,1500000,572000,1185400,https://www.work24.go.kr/hr/a/a/3100/selectTracseDetl.do?tracseId=AIG20250000532096&tracseTme=7&crseTracseSe=C0061&trainstCstmrId=500042767878,0,0,0,드론
365,AIG20250000535974,1,초경량비행장치 무인멀티콥터 조종자 1종,주식회사27,09040105,09040105,소형무인기운용·조종,대구,중구,비원격,2026-04-06,2026-04-24,종료,12,0,0,,0,,0.0,0.0,,858000,2000000,858000,1528100,https://www.work24.go.kr/hr/a/a/3100/selectTracseDetl.do?tracseId=AIG20250000535974&tracseTme=1&crseTracseSe=C0061&trainstCstmrId=500045457185,0,1,0,드론
367,ACG20263001192049,20,드론 기초기술 현장적용 가이드,러닝플러스 주식회사,20010102,20010102,정보기술컨설팅,부산,부산진구,원격,2026-04-07,2026-05-06,종료,500,0,0,,0,,0.0,0.0,,62370,62370,62370,28070,https://www.work24.go.kr/hr/a/a/3100/selectTracseDetl.do?tracseId=ACG20263001192049&tracseTme=20&crseTracseSe=C0031&trainstCstmrId=500020021711,0,1,0,드론
371,ACG20263001154048,9,[촬영용 드론] 드론을 활용한 영상촬영 및 편집기술,케이지에듀원 원격평생교육원,09040105,09040105,소형무인기운용·조종,서울,동작구,원격,2026-04-08,2026-05-07,종료,500,0,0,,0,100.0,0.0,0.0,,50490,50490,50490,22730,https://www.work24.go.kr/hr/a/a/3100/selectTracseDetl.do?tracseId=ACG20263001154048&tracseTme=9&crseTracseSe=C0031&trainstCstmrId=500020015894,0,0,0,드론
368,ACG20263001192049,21,드론 기초기술 현장적용 가이드,러닝플러스 주식회사,20010102,20010102,정보기술컨설팅,부산,부산진구,원격,2026-04-08,2026-05-07,종료,500,0,0,,0,,0.0,0.0,,62370,62370,62370,28070,https://www.work24.go.kr/hr/a/a/3100/selectTracseDetl.do?tracseId=ACG20263001192049&tracseTme=21&crseTracseSe=C0031&trainstCstmrId=500020021711,0,1,0,드론
370,AIG20250000503351,3,드론국가자격증1종취득 실기,상무무인항공교육원,09040105,09040105,소형무인기운용·조종,광주,보성군,비원격,2026-04-08,2026-04-28,종료,4,1,1,1,1,100.0,0.25,0.25,1.0,858000,1900000,858000,1428100,https://www.work24.go.kr/hr/a/a/3100/selectTracseDetl.do?tracseId=AIG20250000503351&tracseTme=3&crseTracseSe=C0061&trainstCstmrId=500040134607,0,0,0,드론
369,AIG20250000539903,25,파이썬으로 제어하는 AI드론,미라클평생교육원,20010202,20010202,응용SW엔지니어링,전북,전주시,원격,2026-04-08,2026-05-07,종료,200,17,26,17,14,93.6,0.085,0.13,0.8235294117647058,490000,490000,0,49000,https://www.work24.go.kr/hr/a/a/3100/selectTracseDetl.do?tracseId=AIG20250000539903&tracseTme=25&crseTracseSe=C0105&trainstCstmrId=500033164282,0,0,0,드론
373,ACG20263001192049,22,드론 기초기술 현장적용 가이드,러닝플러스 주식회사,20010102,20010102,정보기술컨설팅,부산,부산진구,원격,2026-04-09,2026-05-08,종료,500,0,0,,0,,0.0,0.0,,62370,62370,62370,28070,https://www.work24.go.kr/hr/a/a/3100/selectTracseDetl.do?tracseId=ACG20263001192049&tracseTme=22&crseTracseSe=C0031&trainstCstmrId=500020021711,0,1,0,드론
374,ACG20263001251328,1,"드론, 새로운 차세대 아이템",미라클평생교육원,09040105,09040105,소형무인기운용·조종,전북,전주시,원격,2026-04-09,2026-05-08,종료,2500,0,0,,0,100.0,0.0,0.0,,123200,123200,123200,55440,https://www.work24.go.kr/hr/a/a/3100/selectTracseDetl.do?tracseId=ACG20263001251328&tracseTme=1&crseTracseSe=C0031&trainstCstmrId=500033164282,0,0,0,드론
376,AIG20250000502620,7,초경량비행장치 무인멀티콥터(드론)조종자 1종 국가자격취득과정(이론+실기),중부드론교육원,09040105,09040105,소형무인기운용·조종,충북,음성군,비원격,2026-04-09,2026-04-29,종료,8,1,1,1,1,100.0,0.125,0.125,1.0,858000,2000000,858000,1442300,https://www.work24.go.kr/hr/a/a/3100/selectTracseDetl.do?tracseId=AIG20250000502620&tracseTme=7&crseTracseSe=C0061&trainstCstmrId=500039127578,0,0,0,드론
377,AIG20250000531843,5,초경량비행장치(드론) 무인 멀티콥터 조종자 3종 자격증 취득과정,중부드론교육원,09040105,09040105,소형무인기운용·조종,충북,음성군,비원격,2026-04-09,2026-04-17,종료,8,0,0,,0,,0.0,0.0,,357500,600000,357500,367630,https://www.work24.go.kr/hr/a/a/3100/selectTracseDetl.do?tracseId=AIG20250000531843&tracseTme=5&crseTracseSe=C0061&trainstCstmrId=500039127578,0,1,0,드론
372,AIG20250000531939,2,초경량비행장치 무인멀티콥터 조종자 3종,경남에스케이드론주식회사,09040105,09040105,소형무인기운용·조종,경남,고성군,비원격,2026-04-09,2026-04-17,종료,4,1,1,1,1,100.0,0.25,0.25,1.0,371800,800000,371800,595510,https://www.work24.go.kr/hr/a/a/3100/selectTracseDetl.do?tracseId=AIG20250000531939&tracseTme=2&crseTracseSe=C0061&trainstCstmrId=500045609416,0,0,0,드론
375,AVA20253001112867,29,"드론 활용실무(건설, 물류, 방제용 드론)",사단법인 한국에듀테크산업협회,09040105,09040105,소형무인기운용·조종,서울,강남구,원격,2026-04-09,2026-05-06,종료,500,1,1,1,1,85.7,0.002,0.002,1.0,62370,62370,62370,28070,https://www.work24.go.kr/hr/a/a/3100/selectTracseDetl.do?tracseId=AVA20253001112867&tracseTme=29&crseTracseSe=C0055&trainstCstmrId=500020013301,0,0,0,드론
378,AVA20253001112883,34,[국가 드론자격증] 초경량비행장치 조종자 필기반,한국이러닝협회,09040105,09040105,소형무인기운용·조종,서울,구로구,원격,2026-04-09,2026-05-06,종료,500,1,1,1,1,,0.002,0.002,1.0,65340,65340,65340,29410,https://www.work24.go.kr/hr/a/a/3100/selectTracseDetl.do?tracseId=AVA20253001112883&tracseTme=34&crseTracseSe=C0055&trainstCstmrId=500020055159,0,1,0,드론
379,ACG20263001192049,23,드론 기초기술 현장적용 가이드,러닝플러스 주식회사,20010102,20010102,정보기술컨설팅,부산,부산진구,원격,2026-04-10,2026-05-09,종료,500,0,0,,0,,0.0,0.0,,62370,62370,62370,28070,https://www.work24.go.kr/hr/a/a/3100/selectTracseDetl.do?tracseId=ACG20263001192049&tracseTme=23&crseTracseSe=C0031&trainstCstmrId=500020021711,0,1,0,드론
381,AIG20250000519760,1,드론 (1종) 국가자격증 취득과정(필기+실기),신한글로벌인재교육원,09040105,09040105,소형무인기운용·조종,경기,의정부시,비원격,2026-04-11,2026-05-30,종료,8,3,5,3,3,96.4,0.375,0.625,1.0,858000,2048000,858000,1576100,https://www.work24.go.kr/hr/a/a/3100/selectTracseDetl.do?tracseId=AIG20250000519760&tracseTme=1&crseTracseSe=C0061&trainstCstmrId=500020031915,0,0,0,드론
380,AIG20253001121514,1,(산대특) 항공촬영 기술 습득을 통한 건설및 건축업 종사자들의 직무향상 교육,순천스카이드론교육원(미래진로직업체험센터),090401,,항공기조종운송,광주,순천시,비원격,2026-04-11,2026-05-10,종료,8,8,9,8,7,100.0,1.0,1.125,0.875,650650,650650,650650,65070,https://www.work24.go.kr/hr/a/a/3100/selectTracseDetl.do?tracseId=AIG20253001121514&tracseTme=1&crseTracseSe=C0061&trainstCstmrId=500038928017,1,0,1,드론
385,ACG20263001192049,24,드론 기초기술 현장적용 가이드,러닝플러스 주식회사,20010102,20010102,정보기술컨설팅,부산,부산진구,원격,2026-04-13,2026-05-12,종료,500,0,0,,0,,0.0,0.0,,62370,62370,62370,28070,https://www.work24.go.kr/hr/a/a/3100/selectTracseDetl.do?tracseId=ACG20263001192049&tracseTme=24&crseTracseSe=C0031&trainstCstmrId=500020021711,0,1,0,드론
382,AIG20250000504420,4,초경량 비행장치무인멀티콥터(드론)조종자1종과정,(주)규림,09040105,09040105,소형무인기운용·조종,경북,구미시,비원격,2026-04-13,2026-05-13,종료,8,1,1,8,1,92.5,0.125,0.125,0.125,1144000,1844000,1144000,1214800,https://www.work24.go.kr/hr/a/a/3100/selectTracseDetl.do?tracseId=AIG20250000504420&tracseTme=4&crseTracseSe=C0061&trainstCstmrId=500037029319,0,0,0,드론
391,AIG20250000505693,5,드론(무인멀티콥터) 국가자격증 1종 학과 교육 과정,주식회사 비아이티코퍼레이션,09040105,09040105,소형무인기운용·조종,전북,전주시,비원격,2026-04-13,2026-04-17,종료,8,2,2,3,2,96.7,0.25,0.25,0.6666666666666666,286000,500000,286000,342700,https://www.work24.go.kr/hr/a/a/3100/selectTracseDetl.do?tracseId=AIG20250000505693&tracseTme=5&crseTracseSe=C0061&trainstCstmrId=500042783200,0,0,0,드론
390,AIG20250000507756,4,무인멀티콥터(드론)조종자 1종 국가자격취득 평일 (이론+실기),양주에이스원드론교육원,09040105,09040105,소형무인기운용·조종,경기,양주시,비원격,2026-04-13,2026-05-01,종료,4,3,3,4,3,100.0,0.75,0.75,0.75,858000,2300000,858000,1828100,https://www.work24.go.kr/hr/a/a/3100/selectTracseDetl.do?tracseId=AIG20250000507756&tracseTme=4&crseTracseSe=C0061&trainstCstmrId=500039022552,0,0,0,드론
387,AIG20250000509552,10,26년 드론 국가자격증 학과교육,새만금항공주식회사,09040105,09040105,소형무인기운용·조종,전북,전주시,비원격,2026-04-13,2026-04-17,종료,8,2,2,2,2,100.0,0.25,0.25,1.0,286000,300000,286000,142700,https://www.work24.go.kr/hr/a/a/3100/selectTracseDetl.do?tracseId=AIG20250000509552&tracseTme=10&crseTracseSe=C0061&trainstCstmrId=500034120375,0,0,0,드론
386,AIG20250000513041,7,드론 국가자격증 3종[필기+실기]+촬영 무인멀티콥터,새동엔지니어링(주) 드론교육원,09040105,09040105,소형무인기운용·조종,서울,관악구,비원격,2026-04-13,2026-04-24,종료,8,4,7,4,4,90.5,0.5,0.875,1.0,572000,772000,572000,457400,https://www.work24.go.kr/hr/a/a/3100/selectTracseDetl.do?tracseId=AIG20250000513041&tracseTme=7&crseTracseSe=C0061&trainstCstmrId=500037079851,0,0,0,드론
392,AIG20250000520984,5,드론 1종 조종자 자격증 취득과정 (이론+실기)[평일반],주식회사스카이엔터프라이즈,09040105,09040105,소형무인기운용·조종,대구,달서구,비원격,2026-04-13,2026-05-07,종료,8,2,4,4,2,96.4,0.25,0.5,0.5,972400,1990000,972400,1455180,https://www.work24.go.kr/hr/a/a/3100/selectTracseDetl.do?tracseId=AIG20250000520984&tracseTme=5&crseTracseSe=C0061&trainstCstmrId=500035342034,0,0,0,드론
389,AIG20250000527495,7,초경량비행장치 드론 1종 국가자격증 취득 과정,알씨스카이 부설 무인기술UAV교육원,09040105,09040105,소형무인기운용·조종,경남,창원시,비원격,2026-04-13,2026-05-01,종료,8,1,1,1,1,100.0,0.125,0.125,1.0,858000,1980000,858000,1508100,https://www.work24.go.kr/hr/a/a/3100/selectTracseDetl.do?tracseId=AIG20250000527495&tracseTme=7&crseTracseSe=C0061&trainstCstmrId=500035425743,0,0,0,드론
384,AIG20250000528466,3,드론 조종자 1종 국가자격 취득과정 (학과+실기_평일반),구름무인항공교육원,09040105,09040105,소형무인기운용·조종,경기,평택시,비원격,2026-04-13,2026-05-07,종료,8,2,2,4,2,100.0,0.25,0.25,0.5,858000,1950000,858000,1478100,https://www.work24.go.kr/hr/a/a/3100/selectTracseDetl.do?tracseId=AIG20250000528466&tracseTme=3&crseTracseSe=C0061&trainstCstmrId=500042856540,0,0,0,드론
383,AIG20250000532020,7,초경량비행장치 (드론) 1종 국가자격취득과정(실기),KDA 한국드론교육원,09040105,09040105,소형무인기운용·조종,경기,화성시,비원격,2026-04-13,2026-04-24,종료,8,0,0,,0,98.0,0.0,0.0,,572000,1500000,572000,1185400,https://www.work24.go.kr/hr/a/a/3100/selectTracseDetl.do?tracseId=AIG20250000532020&tracseTme=7&crseTracseSe=C0061&trainstCstmrId=500042774065,0,0,0,드론
393,AIG20250000532091,7,(드론)조종자 1종 국가 자격증 취득과정,주식회사지디에이경기드론교육원,09040105,09040105,소형무인기운용·조종,서울,구로구,비원격,2026-04-13,2026-05-01,종료,8,4,5,4,4,97.3,0.5,0.625,1.0,858000,1980000,858000,1508100,https://www.work24.go.kr/hr/a/a/3100/selectTracseDetl.do?tracseId=AIG20250000532091&tracseTme=7&crseTracseSe=C0061&trainstCstmrId=500042767878,0,0,0,드론
388,AIG20253001094079,5,(산대특)_스마트농업을 위한 드론운용전문가 양성과정,순천스카이드론교육원(미래진로직업체험센터),090401,,항공기조종운송,광주,순천시,비원격,2026-04-13,2026-05-28,종료,8,8,9,8,8,100.0,1.0,1.125,1.0,1287000,1287000,1287000,128700,https://www.work24.go.kr/hr/a/a/3100/selectTracseDetl.do?tracseId=AIG20253001094079&tracseTme=5&crseTracseSe=C0061&trainstCstmrId=500038928017,1,0,1,드론
395,ACG20263001192049,25,드론 기초기술 현장적용 가이드,러닝플러스 주식회사,20010102,20010102,정보기술컨설팅,부산,부산진구,원격,2026-04-14,2026-05-13,종료,500,0,0,,0,,0.0,0.0,,62370,62370,62370,28070,https://www.work24.go.kr/hr/a/a/3100/selectTracseDetl.do?tracseId=ACG20263001192049&tracseTme=25&crseTracseSe=C0031&trainstCstmrId=500020021711,0,1,0,드론
394,AIG20250000515742,4,초경량비행장치(드론) 지도조종자(교관) 자격취득과정,누리드론교육원,09040105,09040105,소형무인기운용·조종,경남,김해시,비원격,2026-04-14,2026-05-21,종료,4,4,5,4,4,100.0,1.0,1.25,1.0,1487200,1987200,1487200,1169240,https://www.work24.go.kr/hr/a/a/3100/selectTracseDetl.do?tracseId=AIG20250000515742&tracseTme=4&crseTracseSe=C0061&trainstCstmrId=500041601289,1,0,0,드론
398,ACG20263001154048,10,[촬영용 드론] 드론을 활용한 영상촬영 및 편집기술,케이지에듀원 원격평생교육원,09040105,09040105,소형무인기운용·조종,서울,동작구,원격,2026-04-15,2026-05-14,종료,500,1,1,1,0,100.0,0.002,0.002,0.0,50490,50490,50490,22730,https://www.work24.go.kr/hr/a/a/3100/selectTracseDetl.do?tracseId=ACG20263001154048&tracseTme=10&crseTracseSe=C0031&trainstCstmrId=500020015894,0,0,0,드론
396,ACG20263001192049,26,드론 기초기술 현장적용 가이드,러닝플러스 주식회사,20010102,20010102,정보기술컨설팅,부산,부산진구,원격,2026-04-15,2026-05-14,종료,500,0,0,,0,,0.0,0.0,,62370,62370,62370,28070,https://www.work24.go.kr/hr/a/a/3100/selectTracseDetl.do?tracseId=ACG20263001192049&tracseTme=26&crseTracseSe=C0031&trainstCstmrId=500020021711,0,1,0,드론
397,AIG20250000539903,26,파이썬으로 제어하는 AI드론,미라클평생교육원,20010202,20010202,응용SW엔지니어링,전북,전주시,원격,2026-04-15,2026-05-14,종료,200,16,20,16,14,93.6,0.08,0.1,0.875,490000,490000,0,49000,https://www.work24.go.kr/hr/a/a/3100/selectTracseDetl.do?tracseId=AIG20250000539903&tracseTme=26&crseTracseSe=C0105&trainstCstmrId=500033164282,0,0,0,드론
399,ACG20263001192049,27,드론 기초기술 현장적용 가이드,러닝플러스 주식회사,20010102,20010102,정보기술컨설팅,부산,부산진구,원격,2026-04-16,2026-05-15,종료,500,0,0,,0,,0.0,0.0,,62370,62370,62370,28070,https://www.work24.go.kr/hr/a/a/3100/selectTracseDetl.do?tracseId=ACG20263001192049&tracseTme=27&crseTracseSe=C0031&trainstCstmrId=500020021711,0,1,0,드론
401,AIG20250000531836,7,드론 (1종) 국가자격증 취득 (실기),중부드론교육원,09040105,09040105,소형무인기운용·조종,충북,음성군,비원격,2026-04-16,2026-04-29,종료,8,0,0,,0,,0.0,0.0,,572000,1500000,572000,1128200,https://www.work24.go.kr/hr/a/a/3100/selectTracseDetl.do?tracseId=AIG20250000531836&tracseTme=7&crseTracseSe=C0061&trainstCstmrId=500039127578,0,1,0,드론
400,AVA20253001112867,30,"드론 활용실무(건설, 물류, 방제용 드론)",사단법인 한국에듀테크산업협회,09040105,09040105,소형무인기운용·조종,서울,강남구,원격,2026-04-16,2026-05-13,종료,500,0,0,,0,85.7,0.0,0.0,,62370,62370,62370,28070,https://www.work24.go.kr/hr/a/a/3100/selectTracseDetl.do?tracseId=AVA20253001112867&tracseTme=30&crseTracseSe=C0055&trainstCstmrId=500020013301,0,0,0,드론
402,AVA20253001112883,35,[국가 드론자격증] 초경량비행장치 조종자 필기반,한국이러닝협회,09040105,09040105,소형무인기운용·조종,서울,구로구,원격,2026-04-16,2026-05-13,종료,500,0,0,,0,,0.0,0.0,,65340,65340,65340,29410,https://www.work24.go.kr/hr/a/a/3100/selectTracseDetl.do?tracseId=AVA20253001112883&tracseTme=35&crseTracseSe=C0055&trainstCstmrId=500020055159,0,1,0,드론
403,ACG20263001192049,28,드론 기초기술 현장적용 가이드,러닝플러스 주식회사,20010102,20010102,정보기술컨설팅,부산,부산진구,원격,2026-04-17,2026-05-16,종료,500,0,0,,0,,0.0,0.0,,62370,62370,62370,28070,https://www.work24.go.kr/hr/a/a/3100/selectTracseDetl.do?tracseId=ACG20263001192049&tracseTme=28&crseTracseSe=C0031&trainstCstmrId=500020021711,0,1,0,드론
407,AIG20250000505519,8,1종 드론 국가자격증 필기+실기_평일반,서울드론교육원,09040105,09040105,소형무인기운용·조종,서울,서초구,비원격,2026-04-18,2026-06-07,종료,12,0,3,,0,87.4,0.0,0.25,,915200,1915200,915200,1411840,https://www.work24.go.kr/hr/a/a/3100/selectTracseDetl.do?tracseId=AIG20250000505519&tracseTme=8&crseTracseSe=C0061&trainstCstmrId=500035861333,0,0,0,드론
404,AIG20250000508865,2,무인멀티콥터(드론)자격증 취득 실기 대비반,금성직업전문학교,09040105,09040105,소형무인기운용·조종,광주,동구,비원격,2026-04-18,2026-06-21,종료,8,7,12,7,7,97.1,0.875,1.5,1.0,950950,1450950,950950,927930,https://www.work24.go.kr/hr/a/a/3100/selectTracseDetl.do?tracseId=AIG20250000508865&tracseTme=2&crseTracseSe=C0061&trainstCstmrId=500020036003,1,0,0,드론
406,AIG20250000510905,8,드론 국가자격증 1종[필기+실기]무인멀티콥터,새동엔지니어링(주) 드론교육원,09040105,09040105,소형무인기운용·조종,서울,관악구,비원격,2026-04-18,2026-06-06,종료,12,6,7,6,5,92.9,0.5,0.5833333333333334,0.8333333333333334,858000,1858000,858000,1386100,https://www.work24.go.kr/hr/a/a/3100/selectTracseDetl.do?tracseId=AIG20250000510905&tracseTme=8&crseTracseSe=C0061&trainstCstmrId=500037079851,0,0,0,드론
405,AIG20250000513132,8,드론 국가자격증 1종 실기반(무인멀티콥터),새동엔지니어링(주) 드론교육원,09040105,09040105,소형무인기운용·조종,서울,관악구,비원격,2026-04-18,2026-05-17,종료,4,1,2,1,1,100.0,0.25,0.5,1.0,572000,1372000,572000,1057400,https://www.work24.go.kr/hr/a/a/3100/selectTracseDetl.do?tracseId=AIG20250000513132&tracseTme=8&crseTracseSe=C0061&trainstCstmrId=500037079851,0,0,0,드론
408,AIG20250000521046,2,드론 2종 조종자 자격증 취득과정 (이론+실기)[주말반],주식회사스카이엔터프라이즈,09040105,09040105,소형무인기운용·조종,대구,달서구,비원격,2026-04-18,2026-06-06,종료,8,0,2,,0,,0.0,0.25,,643500,1490000,643500,1136080,https://www.work24.go.kr/hr/a/a/3100/selectTracseDetl.do?tracseId=AIG20250000521046&tracseTme=2&crseTracseSe=C0061&trainstCstmrId=500035342034,0,1,0,드론
409,AIG20250000536056,3,드론정비사 1급 전문가과정,현대평생교육원,15090308,15090308,소형무인기정비,경남,김해시,비원격,2026-04-18,2026-04-25,종료,20,2,2,4,2,85.7,0.1,0.1,0.5,157440,357440,157440,270850,https://www.work24.go.kr/hr/a/a/3100/selectTracseDetl.do?tracseId=AIG20250000536056&tracseTme=3&crseTracseSe=C0061&trainstCstmrId=500020036606,0,0,0,드론
410,AIG20250000532020,8,초경량비행장치 (드론) 1종 국가자격취득과정(실기),KDA 한국드론교육원,09040105,09040105,소형무인기운용·조종,경기,화성시,비원격,2026-04-19,2026-05-23,종료,8,1,1,1,1,98.0,0.125,0.125,1.0,572000,1500000,572000,1185400,https://www.work24.go.kr/hr/a/a/3100/selectTracseDetl.do?tracseId=AIG20250000532020&tracseTme=8&crseTracseSe=C0061&trainstCstmrId=500042774065,0,0,0,드론
411,AIG20250000532096,8,(드론)조종자 1종 국가 자격증 취득과정(실기),주식회사지디에이경기드론교육원,09040105,09040105,소형무인기운용·조종,서울,구로구,비원격,2026-04-19,2026-05-23,종료,8,1,1,1,1,88.9,0.125,0.125,1.0,572000,1500000,572000,1185400,https://www.work24.go.kr/hr/a/a/3100/selectTracseDetl.do?tracseId=AIG20250000532096&tracseTme=8&crseTracseSe=C0061&trainstCstmrId=500042767878,0,0,0,드론
416,ACG20263001192049,29,드론 기초기술 현장적용 가이드,러닝플러스 주식회사,20010102,20010102,정보기술컨설팅,부산,부산진구,원격,2026-04-20,2026-05-19,종료,500,0,0,,0,,0.0,0.0,,62370,62370,62370,28070,https://www.work24.go.kr/hr/a/a/3100/selectTracseDetl.do?tracseId=ACG20263001192049&tracseTme=29&crseTracseSe=C0031&trainstCstmrId=500020021711,0,1,0,드론
421,AIG20250000505519,9,1종 드론 국가자격증 필기+실기_평일반,서울드론교육원,09040105,09040105,소형무인기운용·조종,서울,서초구,비원격,2026-04-20,2026-05-12,종료,12,2,2,4,2,87.4,0.16666666666666666,0.16666666666666666,0.5,915200,1915200,915200,1411840,https://www.work24.go.kr/hr/a/a/3100/selectTracseDetl.do?tracseId=AIG20250000505519&tracseTme=9&crseTracseSe=C0061&trainstCstmrId=500035861333,0,0,0,드론
412,AIG20250000506180,6,1종 드론국가자격증 취득과정 필기+실기 _평일반,(주)케이드론 부설 대한무인항공교육원,09040105,09040105,소형무인기운용·조종,강원,원주시,비원격,2026-04-20,2026-05-12,종료,12,3,3,4,3,97.1,0.25,0.25,0.75,915200,1915200,915200,1411840,https://www.work24.go.kr/hr/a/a/3100/selectTracseDetl.do?tracseId=AIG20250000506180&tracseTme=6&crseTracseSe=C0061&trainstCstmrId=500035879387,0,0,0,드론
423,AIG20250000508278,10,무인멀티콥터(드론) 국가자격증 1종 실기교육 과정,주식회사 비아이티코퍼레이션,09040105,09040105,소형무인기운용·조종,전북,전주시,비원격,2026-04-20,2026-05-04,종료,1,0,0,,0,100.0,0.0,0.0,,143000,1000000,143000,921350,https://www.work24.go.kr/hr/a/a/3100/selectTracseDetl.do?tracseId=AIG20250000508278&tracseTme=10&crseTracseSe=C0061&trainstCstmrId=500042783200,0,0,0,드론
414,AIG20250000508800,2,무인멀티콥터(드론) 1종 자격증 취득과정,금성직업전문학교,09040105,09040105,소형무인기운용·조종,광주,동구,비원격,2026-04-20,2026-06-25,종료,8,7,7,7,6,92.9,0.875,0.875,0.8571428571428571,1001000,1501000,1001000,950450,https://www.work24.go.kr/hr/a/a/3100/selectTracseDetl.do?tracseId=AIG20250000508800&tracseTme=2&crseTracseSe=C0061&trainstCstmrId=500020036003,0,0,0,드론
422,AIG20250000509002,7,드론 1종 조종자 국가자격증(필기시험면제자체실기시험),이아이실용전문학원,09040105,09040105,소형무인기운용·조종,경기,시흥시,비원격,2026-04-20,2026-05-08,종료,4,4,4,4,4,97.5,1.0,1.0,1.0,858000,1958000,858000,1486100,https://www.work24.go.kr/hr/a/a/3100/selectTracseDetl.do?tracseId=AIG20250000509002&tracseTme=7&crseTracseSe=C0061&trainstCstmrId=500042912111,0,0,0,드론
419,AIG20250000509639,12,26년 드론 국가자격증 1종 실기교육,새만금항공주식회사,09040105,09040105,소형무인기운용·조종,전북,전주시,비원격,2026-04-20,2026-05-01,종료,8,1,1,1,1,100.0,0.125,0.125,1.0,572000,1700000,572000,1385400,https://www.work24.go.kr/hr/a/a/3100/selectTracseDetl.do?tracseId=AIG20250000509639&tracseTme=12&crseTracseSe=C0061&trainstCstmrId=500034120375,0,0,0,드론
420,AIG20250000509778,4,26년 드론 국가자격증 3종 실기교육,새만금항공주식회사,09040105,09040105,소형무인기운용·조종,전북,전주시,비원격,2026-04-20,2026-04-22,종료,4,2,2,2,2,,0.5,0.5,1.0,171600,350000,171600,255620,https://www.work24.go.kr/hr/a/a/3100/selectTracseDetl.do?tracseId=AIG20250000509778&tracseTme=4&crseTracseSe=C0061&trainstCstmrId=500034120375,0,1,0,드론
417,AIG20250000516351,4,초경량비행장치 무인멀티콥터(드론) 1종 자격(학과이론+모의비행),부산경상대학교산학협력단,09040105,09040105,소형무인기운용·조종,부산,연제구,비원격,2026-04-20,2026-04-28,종료,4,0,1,,0,,0.0,0.25,,286000,500000,286000,342700,https://www.work24.go.kr/hr/a/a/3100/selectTracseDetl.do?tracseId=AIG20250000516351&tracseTme=4&crseTracseSe=C0061&trainstCstmrId=500044212779,0,1,0,드론
418,AIG20250000516668,4,초경량비행장치 무인멀티콥터(드론) 1종 자격취득(이론+실기),부산경상대학교산학협력단,09040105,09040105,소형무인기운용·조종,부산,연제구,비원격,2026-04-20,2026-05-21,종료,4,0,2,0,0,97.4,0.0,0.5,,1001000,2000000,1001000,1449450,https://www.work24.go.kr/hr/a/a/3100/selectTracseDetl.do?tracseId=AIG20250000516668&tracseTme=4&crseTracseSe=C0061&trainstCstmrId=500044212779,0,0,0,드론
415,AIG20250000529057,4,초경량비행장치 조종자 자격 취득과정(1종),드론항공평생교육원,09040105,09040105,소형무인기운용·조종,제주,서귀포시,비원격,2026-04-20,2026-05-11,종료,8,3,3,3,3,93.3,0.375,0.375,1.0,858000,1800000,858000,1328100,https://www.work24.go.kr/hr/a/a/3100/selectTracseDetl.do?tracseId=AIG20250000529057&tracseTme=4&crseTracseSe=C0061&trainstCstmrId=500035584309,0,0,0,드론
424,AIG20250000532096,9,(드론)조종자 1종 국가 자격증 취득과정(실기),주식회사지디에이경기드론교육원,09040105,09040105,소형무인기운용·조종,서울,구로구,비원격,2026-04-20,2026-05-01,종료,8,1,2,1,1,88.9,0.125,0.25,1.0,572000,1500000,572000,1185400,https://www.work24.go.kr/hr/a/a/3100/selectTracseDetl.do?tracseId=AIG20250000532096&tracseTme=9&crseTracseSe=C0061&trainstCstmrId=500042767878,0,0,0,드론
413,AIG20250000534362,6,초경량비행장치 무인멀티콥터 취득과정(평일),강남무인항공,09040105,09040105,소형무인기운용·조종,전북,장수군,비원격,2026-04-20,2026-05-08,종료,8,0,1,,0,100.0,0.0,0.125,,858000,1500000,858000,1028100,https://www.work24.go.kr/hr/a/a/3100/selectTracseDetl.do?tracseId=AIG20250000534362&tracseTme=6&crseTracseSe=C0061&trainstCstmrId=500034689871,0,0,0,드론
425,AIG20250000536325,3,초경량비행장치(드론)조종자 1종 자격증 취득과정,주식회사청주드론교육원,09040105,09040105,소형무인기운용·조종,충북,청주시,비원격,2026-04-20,2026-05-08,종료,4,1,1,1,1,85.7,0.25,0.25,1.0,858000,2500000,858000,2028100,https://www.work24.go.kr/hr/a/a/3100/selectTracseDetl.do?tracseId=AIG20250000536325&tracseTme=3&crseTracseSe=C0061&trainstCstmrId=500037069424,0,0,0,드론
426,ACG20263001192049,30,드론 기초기술 현장적용 가이드,러닝플러스 주식회사,20010102,20010102,정보기술컨설팅,부산,부산진구,원격,2026-04-21,2026-05-20,종료,500,0,0,,0,,0.0,0.0,,62370,62370,62370,28070,https://www.work24.go.kr/hr/a/a/3100/selectTracseDetl.do?tracseId=ACG20263001192049&tracseTme=30&crseTracseSe=C0031&trainstCstmrId=500020021711,0,1,0,드론
427,AIG20250000511898,3,드론 국가기술자격 취득과정 1종,스카이팜에듀교육원,09040105,09040105,소형무인기운용·조종,제주,제주시,비원격,2026-04-21,2026-05-13,종료,8,2,2,2,2,75.0,0.25,0.25,1.0,858000,1800000,858000,1328100,https://www.work24.go.kr/hr/a/a/3100/selectTracseDetl.do?tracseId=AIG20250000511898&tracseTme=3&crseTracseSe=C0061&trainstCstmrId=500041625803,0,0,0,드론
428,AIG20250000531840,5,드론 지도조종자(교관) 자격취득과정,중부드론교육원,09040105,09040105,소형무인기운용·조종,충북,음성군,비원격,2026-04-21,2026-05-26,종료,2,0,0,,0,71.4,0.0,0.0,,1287000,3000000,1287000,2163450,https://www.work24.go.kr/hr/a/a/3100/selectTracseDetl.do?tracseId=AIG20250000531840&tracseTme=5&crseTracseSe=C0061&trainstCstmrId=500039127578,0,0,0,드론
429,AIG20253001093266,5,(산대특)식량작물재배를 위한 드론방제_전직 및 취·창업,파란직업전문학교,09040105,09040105,소형무인기운용·조종,광주,순천시,비원격,2026-04-21,2026-06-16,종료,8,3,4,3,3,93.7,0.375,0.5,1.0,1787500,1787500,1787500,178750,https://www.work24.go.kr/hr/a/a/3100/selectTracseDetl.do?tracseId=AIG20253001093266&tracseTme=5&crseTracseSe=C0061&trainstCstmrId=500020056113,0,0,0,드론
432,ACG20263001154048,11,[촬영용 드론] 드론을 활용한 영상촬영 및 편집기술,케이지에듀원 원격평생교육원,09040105,09040105,소형무인기운용·조종,서울,동작구,원격,2026-04-22,2026-05-21,종료,500,1,1,1,1,100.0,0.002,0.002,1.0,50490,50490,50490,22730,https://www.work24.go.kr/hr/a/a/3100/selectTracseDetl.do?tracseId=ACG20263001154048&tracseTme=11&crseTracseSe=C0031&trainstCstmrId=500020015894,0,0,0,드론
430,ACG20263001192049,31,드론 기초기술 현장적용 가이드,러닝플러스 주식회사,20010102,20010102,정보기술컨설팅,부산,부산진구,원격,2026-04-22,2026-05-21,종료,500,0,0,,0,,0.0,0.0,,62370,62370,62370,28070,https://www.work24.go.kr/hr/a/a/3100/selectTracseDetl.do?tracseId=ACG20263001192049&tracseTme=31&crseTracseSe=C0031&trainstCstmrId=500020021711,0,1,0,드론
431,AIG20250000539903,27,파이썬으로 제어하는 AI드론,미라클평생교육원,20010202,20010202,응용SW엔지니어링,전북,전주시,원격,2026-04-22,2026-05-21,종료,200,6,7,6,6,93.6,0.03,0.035,1.0,490000,490000,0,49000,https://www.work24.go.kr/hr/a/a/3100/selectTracseDetl.do?tracseId=AIG20250000539903&tracseTme=27&crseTracseSe=C0105&trainstCstmrId=500033164282,0,0,0,드론
434,ACG20263001192049,32,드론 기초기술 현장적용 가이드,러닝플러스 주식회사,20010102,20010102,정보기술컨설팅,부산,부산진구,원격,2026-04-23,2026-05-22,종료,500,0,0,,0,,0.0,0.0,,62370,62370,62370,28070,https://www.work24.go.kr/hr/a/a/3100/selectTracseDetl.do?tracseId=ACG20263001192049&tracseTme=32&crseTracseSe=C0031&trainstCstmrId=500020021711,0,1,0,드론
435,ACG20263001251328,2,"드론, 새로운 차세대 아이템",미라클평생교육원,09040105,09040105,소형무인기운용·조종,전북,전주시,원격,2026-04-23,2026-05-22,종료,2500,0,1,,0,100.0,0.0,0.0004,,123200,123200,123200,55440,https://www.work24.go.kr/hr/a/a/3100/selectTracseDetl.do?tracseId=ACG20263001251328&tracseTme=2&crseTracseSe=C0031&trainstCstmrId=500033164282,0,0,0,드론
433,AIG20250000515467,8,드론 국가자격증1종[이론+실기],(주)충남무인항공교육원,09040105,09040105,소형무인기운용·조종,충남,천안시,비원격,2026-04-23,2026-05-13,종료,8,5,5,5,5,98.0,0.625,0.625,1.0,858000,1900000,858000,1428100,https://www.work24.go.kr/hr/a/a/3100/selectTracseDetl.do?tracseId=AIG20250000515467&tracseTme=8&crseTracseSe=C0061&trainstCstmrId=500034750847,0,0,0,드론
436,AVA20253001112867,31,"드론 활용실무(건설, 물류, 방제용 드론)",사단법인 한국에듀테크산업협회,09040105,09040105,소형무인기운용·조종,서울,강남구,원격,2026-04-23,2026-05-20,종료,500,0,0,,0,85.7,0.0,0.0,,62370,62370,62370,28070,https://www.work24.go.kr/hr/a/a/3100/selectTracseDetl.do?tracseId=AVA20253001112867&tracseTme=31&crseTracseSe=C0055&trainstCstmrId=500020013301,0,0,0,드론
437,AVA20253001112883,36,[국가 드론자격증] 초경량비행장치 조종자 필기반,한국이러닝협회,09040105,09040105,소형무인기운용·조종,서울,구로구,원격,2026-04-23,2026-05-20,종료,500,0,0,,0,,0.0,0.0,,65340,65340,65340,29410,https://www.work24.go.kr/hr/a/a/3100/selectTracseDetl.do?tracseId=AVA20253001112883&tracseTme=36&crseTracseSe=C0055&trainstCstmrId=500020055159,0,1,0,드론
438,ACG20263001192049,33,드론 기초기술 현장적용 가이드,러닝플러스 주식회사,20010102,20010102,정보기술컨설팅,부산,부산진구,원격,2026-04-24,2026-05-23,종료,500,0,0,,0,,0.0,0.0,,62370,62370,62370,28070,https://www.work24.go.kr/hr/a/a/3100/selectTracseDetl.do?tracseId=ACG20263001192049&tracseTme=33&crseTracseSe=C0031&trainstCstmrId=500020021711,0,1,0,드론
442,AIG20250000505519,11,1종 드론 국가자격증 필기+실기_평일반,서울드론교육원,09040105,09040105,소형무인기운용·조종,서울,서초구,비원격,2026-04-25,2026-06-20,종료,12,3,3,3,3,87.4,0.25,0.25,1.0,915200,1915200,915200,1411840,https://www.work24.go.kr/hr/a/a/3100/selectTracseDetl.do?tracseId=AIG20250000505519&tracseTme=11&crseTracseSe=C0061&trainstCstmrId=500035861333,0,0,0,드론
443,AIG20250000505532,5,항공촬영드론조종교육 + 3종,서울드론교육원,09040105,09040105,소형무인기운용·조종,서울,서초구,비원격,2026-04-25,2026-05-24,종료,12,0,0,,0,75.0,0.0,0.0,,572000,792000,572000,477400,https://www.work24.go.kr/hr/a/a/3100/selectTracseDetl.do?tracseId=AIG20250000505532&tracseTme=5&crseTracseSe=C0061&trainstCstmrId=500035861333,0,0,0,드론
441,AIG20250000509639,11,26년 드론 국가자격증 1종 실기교육,새만금항공주식회사,09040105,09040105,소형무인기운용·조종,전북,전주시,비원격,2026-04-25,2026-05-24,종료,8,0,0,,0,100.0,0.0,0.0,,572000,1700000,572000,1385400,https://www.work24.go.kr/hr/a/a/3100/selectTracseDetl.do?tracseId=AIG20250000509639&tracseTme=11&crseTracseSe=C0061&trainstCstmrId=500034120375,0,0,0,드론
440,AIG20250000528935,3,드론조종 3종 양성과정(주말반),드론항공평생교육원,09040105,09040105,소형무인기운용·조종,제주,서귀포시,비원격,2026-04-25,2026-05-16,종료,8,4,5,4,4,100.0,0.5,0.625,1.0,357500,560000,357500,363380,https://www.work24.go.kr/hr/a/a/3100/selectTracseDetl.do?tracseId=AIG20250000528935&tracseTme=3&crseTracseSe=C0061&trainstCstmrId=500035584309,0,0,0,드론
439,AIG20250000532017,8,초경량비행장치 (드론) 1종 국가자격취득과정(이론+실기),KDA 한국드론교육원,09040105,09040105,소형무인기운용·조종,경기,화성시,비원격,2026-04-25,2026-06-14,종료,8,4,5,4,4,96.8,0.5,0.625,1.0,858000,1980000,858000,1508100,https://www.work24.go.kr/hr/a/a/3100/selectTracseDetl.do?tracseId=AIG20250000532017&tracseTme=8&crseTracseSe=C0061&trainstCstmrId=500042774065,0,0,0,드론
444,AIG20250000515467,9,드론 국가자격증1종[이론+실기],(주)충남무인항공교육원,09040105,09040105,소형무인기운용·조종,충남,천안시,비원격,2026-04-26,2026-06-14,종료,8,2,2,3,2,98.0,0.25,0.25,0.6666666666666666,858000,1900000,858000,1428100,https://www.work24.go.kr/hr/a/a/3100/selectTracseDetl.do?tracseId=AIG20250000515467&tracseTme=9&crseTracseSe=C0061&trainstCstmrId=500034750847,0,0,0,드론
449,ACG20263001192049,34,드론 기초기술 현장적용 가이드,러닝플러스 주식회사,20010102,20010102,정보기술컨설팅,부산,부산진구,원격,2026-04-27,2026-05-26,종료,500,0,0,,0,,0.0,0.0,,62370,62370,62370,28070,https://www.work24.go.kr/hr/a/a/3100/selectTracseDetl.do?tracseId=ACG20263001192049&tracseTme=34&crseTracseSe=C0031&trainstCstmrId=500020021711,0,1,0,드론
446,AIG20250000501335,5,AIOT 기반 드론 영상 관제시스템 프로젝트 개발,DW아카데미학원,20010202,20010202,응용SW엔지니어링,대전,중구,비원격,2026-04-27,2026-11-23,진행중,30,25,38,25,0,82.5,0.8333333333333334,1.2666666666666666,,10687040,10687040,10687040,400000,https://www.work24.go.kr/hr/a/a/3100/selectTracseDetl.do?tracseId=AIG20250000501335&tracseTme=5&crseTracseSe=C0061&trainstCstmrId=500020022702,1,0,0,드론
453,AIG20250000505532,4,항공촬영드론조종교육 + 3종,서울드론교육원,09040105,09040105,소형무인기운용·조종,서울,서초구,비원격,2026-04-27,2026-05-12,종료,12,2,2,2,2,75.0,0.16666666666666666,0.16666666666666666,1.0,572000,792000,572000,477400,https://www.work24.go.kr/hr/a/a/3100/selectTracseDetl.do?tracseId=AIG20250000505532&tracseTme=4&crseTracseSe=C0061&trainstCstmrId=500035861333,0,0,0,드론
452,AIG20250000509552,11,26년 드론 국가자격증 학과교육,새만금항공주식회사,09040105,09040105,소형무인기운용·조종,전북,전주시,비원격,2026-04-27,2026-05-01,종료,8,0,0,,0,100.0,0.0,0.0,,286000,300000,286000,142700,https://www.work24.go.kr/hr/a/a/3100/selectTracseDetl.do?tracseId=AIG20250000509552&tracseTme=11&crseTracseSe=C0061&trainstCstmrId=500034120375,0,0,0,드론
451,AIG20250000510905,9,드론 국가자격증 1종[필기+실기]무인멀티콥터,새동엔지니어링(주) 드론교육원,09040105,09040105,소형무인기운용·조종,서울,관악구,비원격,2026-04-27,2026-05-18,종료,12,5,8,5,5,92.9,0.4166666666666667,0.6666666666666666,1.0,858000,1858000,858000,1386100,https://www.work24.go.kr/hr/a/a/3100/selectTracseDetl.do?tracseId=AIG20250000510905&tracseTme=9&crseTracseSe=C0061&trainstCstmrId=500037079851,0,0,0,드론
450,AIG20250000513132,9,드론 국가자격증 1종 실기반(무인멀티콥터),새동엔지니어링(주) 드론교육원,09040105,09040105,소형무인기운용·조종,서울,관악구,비원격,2026-04-27,2026-05-11,종료,4,1,3,1,1,100.0,0.25,0.75,1.0,572000,1372000,572000,1057400,https://www.work24.go.kr/hr/a/a/3100/selectTracseDetl.do?tracseId=AIG20250000513132&tracseTme=9&crseTracseSe=C0061&trainstCstmrId=500037079851,0,0,0,드론
445,AIG20250000529814,8,드론 1종 국가자격증 취득과정,(주)스마트항공,09040105,09040105,소형무인기운용·조종,부산,사상구,비원격,2026-04-27,2026-05-15,종료,8,3,3,3,3,99.5,0.375,0.375,1.0,858000,1980000,858000,1508100,https://www.work24.go.kr/hr/a/a/3100/selectTracseDetl.do?tracseId=AIG20250000529814&tracseTme=8&crseTracseSe=C0061&trainstCstmrId=500042519804,0,0,0,드론
448,AIG20250000532017,9,초경량비행장치 (드론) 1종 국가자격취득과정(이론+실기),KDA 한국드론교육원,09040105,09040105,소형무인기운용·조종,경기,화성시,비원격,2026-04-27,2026-05-15,종료,8,0,0,,0,96.8,0.0,0.0,,858000,1980000,858000,1508100,https://www.work24.go.kr/hr/a/a/3100/selectTracseDetl.do?tracseId=AIG20250000532017&tracseTme=9&crseTracseSe=C0061&trainstCstmrId=500042774065,0,0,0,드론
447,AIG20250000532020,9,초경량비행장치 (드론) 1종 국가자격취득과정(실기),KDA 한국드론교육원,09040105,09040105,소형무인기운용·조종,경기,화성시,비원격,2026-04-27,2026-05-08,종료,8,1,1,1,1,98.0,0.125,0.125,1.0,572000,1500000,572000,1185400,https://www.work24.go.kr/hr/a/a/3100/selectTracseDetl.do?tracseId=AIG20250000532020&tracseTme=9&crseTracseSe=C0061&trainstCstmrId=500042774065,0,0,0,드론
455,AIG20250000536111,3,드론국가자격1종과정,영천드론자격시험교육센터,09040105,09040105,소형무인기운용·조종,대구,동구,비원격,2026-04-27,2026-05-27,종료,8,7,7,7,7,98.5,0.875,0.875,1.0,1172600,1800000,1172600,1155070,https://www.work24.go.kr/hr/a/a/3100/selectTracseDetl.do?tracseId=AIG20250000536111&tracseTme=3&crseTracseSe=C0061&trainstCstmrId=500040315040,0,0,0,드론
454,AIG20263001258359,1,(산대특) 드론 조종 및 측량&3D모델링 (육성),신한글로벌인재교육원,09040105,09040105,소형무인기운용·조종,경기,의정부시,비원격,2026-04-27,2026-08-14,종료,10,8,12,8,6,95.2,0.8,1.2,0.75,4749740,4749740,4749740,300000,https://www.work24.go.kr/hr/a/a/3100/selectTracseDetl.do?tracseId=AIG20263001258359&tracseTme=1&crseTracseSe=C0061&trainstCstmrId=500020031915,1,0,0,드론
457,ACG20263001192049,35,드론 기초기술 현장적용 가이드,러닝플러스 주식회사,20010102,20010102,정보기술컨설팅,부산,부산진구,원격,2026-04-28,2026-05-27,종료,500,0,0,,0,,0.0,0.0,,62370,62370,62370,28070,https://www.work24.go.kr/hr/a/a/3100/selectTracseDetl.do?tracseId=ACG20263001192049&tracseTme=35&crseTracseSe=C0031&trainstCstmrId=500020021711,0,1,0,드론
456,AIG20250000531993,2,무인항공기 임무비행 전문가,디엠씨,09040105,09040105,소형무인기운용·조종,경남,양산시,비원격,2026-04-28,2026-06-24,종료,8,0,0,,0,100.0,0.0,0.0,,2288000,2288000,2288000,1029600,https://www.work24.go.kr/hr/a/a/3100/selectTracseDetl.do?tracseId=AIG20250000531993&tracseTme=2&crseTracseSe=C0061&trainstCstmrId=500038945686,0,0,0,드론
461,ACG20263001154048,12,[촬영용 드론] 드론을 활용한 영상촬영 및 편집기술,케이지에듀원 원격평생교육원,09040105,09040105,소형무인기운용·조종,서울,동작구,원격,2026-04-29,2026-05-28,종료,500,0,0,,0,100.0,0.0,0.0,,50490,50490,50490,22730,https://www.work24.go.kr/hr/a/a/3100/selectTracseDetl.do?tracseId=ACG20263001154048&tracseTme=12&crseTracseSe=C0031&trainstCstmrId=500020015894,0,0,0,드론
458,ACG20263001192049,36,드론 기초기술 현장적용 가이드,러닝플러스 주식회사,20010102,20010102,정보기술컨설팅,부산,부산진구,원격,2026-04-29,2026-05-28,종료,500,0,0,,0,,0.0,0.0,,62370,62370,62370,28070,https://www.work24.go.kr/hr/a/a/3100/selectTracseDetl.do?tracseId=ACG20263001192049&tracseTme=36&crseTracseSe=C0031&trainstCstmrId=500020021711,0,1,0,드론
460,AIG20250000516429,4,초경량비행장치 무인멀티콥터(드론) 1종 자격(실기비행),부산경상대학교산학협력단,09040105,09040105,소형무인기운용·조종,부산,연제구,비원격,2026-04-29,2026-05-19,종료,4,0,0,,0,,0.0,0.0,,715000,1500000,715000,1106750,https://www.work24.go.kr/hr/a/a/3100/selectTracseDetl.do?tracseId=AIG20250000516429&tracseTme=4&crseTracseSe=C0061&trainstCstmrId=500044212779,0,1,0,드론
459,AIG20250000539903,28,파이썬으로 제어하는 AI드론,미라클평생교육원,20010202,20010202,응용SW엔지니어링,전북,전주시,원격,2026-04-29,2026-05-28,종료,200,10,11,10,10,93.6,0.05,0.055,1.0,490000,490000,0,49000,https://www.work24.go.kr/hr/a/a/3100/selectTracseDetl.do?tracseId=AIG20250000539903&tracseTme=28&crseTracseSe=C0105&trainstCstmrId=500033164282,0,0,0,드론
462,ACG20263001192049,37,드론 기초기술 현장적용 가이드,러닝플러스 주식회사,20010102,20010102,정보기술컨설팅,부산,부산진구,원격,2026-04-30,2026-05-29,종료,500,0,0,,0,,0.0,0.0,,62370,62370,62370,28070,https://www.work24.go.kr/hr/a/a/3100/selectTracseDetl.do?tracseId=ACG20263001192049&tracseTme=37&crseTracseSe=C0031&trainstCstmrId=500020021711,0,1,0,드론
464,AIG20250000502620,8,초경량비행장치 무인멀티콥터(드론)조종자 1종 국가자격취득과정(이론+실기),중부드론교육원,09040105,09040105,소형무인기운용·조종,충북,음성군,비원격,2026-04-30,2026-05-20,종료,8,1,1,1,1,100.0,0.125,0.125,1.0,858000,2000000,858000,1442300,https://www.work24.go.kr/hr/a/a/3100/selectTracseDetl.do?tracseId=AIG20250000502620&tracseTme=8&crseTracseSe=C0061&trainstCstmrId=500039127578,0,0,0,드론
465,AIG20250000531843,6,초경량비행장치(드론) 무인 멀티콥터 조종자 3종 자격증 취득과정,중부드론교육원,09040105,09040105,소형무인기운용·조종,충북,음성군,비원격,2026-04-30,2026-05-08,종료,8,1,1,1,1,,0.125,0.125,1.0,357500,600000,357500,367630,https://www.work24.go.kr/hr/a/a/3100/selectTracseDetl.do?tracseId=AIG20250000531843&tracseTme=6&crseTracseSe=C0061&trainstCstmrId=500039127578,0,1,0,드론
463,AVA20253001112867,32,"드론 활용실무(건설, 물류, 방제용 드론)",사단법인 한국에듀테크산업협회,09040105,09040105,소형무인기운용·조종,서울,강남구,원격,2026-04-30,2026-05-27,종료,500,0,0,,0,85.7,0.0,0.0,,62370,62370,62370,28070,https://www.work24.go.kr/hr/a/a/3100/selectTracseDetl.do?tracseId=AVA20253001112867&tracseTme=32&crseTracseSe=C0055&trainstCstmrId=500020013301,0,0,0,드론
466,AVA20253001112883,37,[국가 드론자격증] 초경량비행장치 조종자 필기반,한국이러닝협회,09040105,09040105,소형무인기운용·조종,서울,구로구,원격,2026-04-30,2026-05-27,종료,500,0,0,,0,,0.0,0.0,,65340,65340,65340,29410,https://www.work24.go.kr/hr/a/a/3100/selectTracseDetl.do?tracseId=AVA20253001112883&tracseTme=37&crseTracseSe=C0055&trainstCstmrId=500020055159,0,1,0,드론
470,AIG20250000502620,9,초경량비행장치 무인멀티콥터(드론)조종자 1종 국가자격취득과정(이론+실기),중부드론교육원,09040105,09040105,소형무인기운용·조종,충북,음성군,비원격,2026-05-02,2026-06-21,종료,8,1,1,1,1,100.0,0.125,0.125,1.0,858000,2000000,858000,1442300,https://www.work24.go.kr/hr/a/a/3100/selectTracseDetl.do?tracseId=AIG20250000502620&tracseTme=9&crseTracseSe=C0061&trainstCstmrId=500039127578,0,0,0,드론
467,AIG20250000514827,3,1종 드론국가자격증 취득과정 필기+실기,(주)케이드론 부설 대한무인항공교육원,09040105,09040105,소형무인기운용·조종,강원,원주시,비원격,2026-05-02,2026-06-21,종료,12,1,2,2,1,71.4,0.08333333333333333,0.16666666666666666,0.5,915200,1915200,915200,1411840,https://www.work24.go.kr/hr/a/a/3100/selectTracseDetl.do?tracseId=AIG20250000514827&tracseTme=3&crseTracseSe=C0061&trainstCstmrId=500035879387,0,0,0,드론
468,AIG20250000527495,8,초경량비행장치 드론 1종 국가자격증 취득 과정,알씨스카이 부설 무인기술UAV교육원,09040105,09040105,소형무인기운용·조종,경남,창원시,비원격,2026-05-02,2026-06-20,종료,8,1,1,1,1,100.0,0.125,0.125,1.0,858000,1980000,858000,1508100,https://www.work24.go.kr/hr/a/a/3100/selectTracseDetl.do?tracseId=AIG20250000527495&tracseTme=8&crseTracseSe=C0061&trainstCstmrId=500035425743,0,0,0,드론
471,AIG20250000531843,7,초경량비행장치(드론) 무인 멀티콥터 조종자 3종 자격증 취득과정,중부드론교육원,09040105,09040105,소형무인기운용·조종,충북,음성군,비원격,2026-05-02,2026-05-23,종료,8,0,0,,0,,0.0,0.0,,357500,600000,357500,367630,https://www.work24.go.kr/hr/a/a/3100/selectTracseDetl.do?tracseId=AIG20250000531843&tracseTme=7&crseTracseSe=C0061&trainstCstmrId=500039127578,0,1,0,드론
469,AIG20250000532091,8,(드론)조종자 1종 국가 자격증 취득과정,주식회사지디에이경기드론교육원,09040105,09040105,소형무인기운용·조종,서울,구로구,비원격,2026-05-02,2026-06-21,종료,8,1,1,1,1,97.3,0.125,0.125,1.0,858000,1980000,858000,1508100,https://www.work24.go.kr/hr/a/a/3100/selectTracseDetl.do?tracseId=AIG20250000532091&tracseTme=8&crseTracseSe=C0061&trainstCstmrId=500042767878,0,0,0,드론
472,AIG20250000513041,8,드론 국가자격증 3종[필기+실기]+촬영 무인멀티콥터,새동엔지니어링(주) 드론교육원,09040105,09040105,소형무인기운용·조종,서울,관악구,비원격,2026-05-03,2026-06-06,종료,8,0,2,,0,90.5,0.0,0.25,,572000,772000,572000,457400,https://www.work24.go.kr/hr/a/a/3100/selectTracseDetl.do?tracseId=AIG20250000513041&tracseTme=8&crseTracseSe=C0061&trainstCstmrId=500037079851,0,0,0,드론
474,ACG20263001192049,38,드론 기초기술 현장적용 가이드,러닝플러스 주식회사,20010102,20010102,정보기술컨설팅,부산,부산진구,원격,2026-05-04,2026-06-03,종료,500,0,0,,0,,0.0,0.0,,62370,62370,62370,28070,https://www.work24.go.kr/hr/a/a/3100/selectTracseDetl.do?tracseId=ACG20263001192049&tracseTme=38&crseTracseSe=C0031&trainstCstmrId=500020021711,0,1,0,드론
476,AIG20250000509639,13,26년 드론 국가자격증 1종 실기교육,새만금항공주식회사,09040105,09040105,소형무인기운용·조종,전북,전주시,비원격,2026-05-04,2026-05-15,종료,8,0,1,,0,100.0,0.0,0.125,,572000,1700000,572000,1385400,https://www.work24.go.kr/hr/a/a/3100/selectTracseDetl.do?tracseId=AIG20250000509639&tracseTme=13&crseTracseSe=C0061&trainstCstmrId=500034120375,0,0,0,드론
475,AIG20250000513041,9,드론 국가자격증 3종[필기+실기]+촬영 무인멀티콥터,새동엔지니어링(주) 드론교육원,09040105,09040105,소형무인기운용·조종,서울,관악구,비원격,2026-05-04,2026-05-18,종료,8,0,2,0,0,90.5,0.0,0.25,,572000,772000,572000,457400,https://www.work24.go.kr/hr/a/a/3100/selectTracseDetl.do?tracseId=AIG20250000513041&tracseTme=9&crseTracseSe=C0061&trainstCstmrId=500037079851,0,0,0,드론
478,AIG20250000520984,6,드론 1종 조종자 자격증 취득과정 (이론+실기)[평일반],주식회사스카이엔터프라이즈,09040105,09040105,소형무인기운용·조종,대구,달서구,비원격,2026-05-04,2026-05-28,종료,8,5,6,5,5,96.4,0.625,0.75,1.0,972400,1990000,972400,1455180,https://www.work24.go.kr/hr/a/a/3100/selectTracseDetl.do?tracseId=AIG20250000520984&tracseTme=6&crseTracseSe=C0061&trainstCstmrId=500035342034,0,0,0,드론
477,AIG20250000527495,9,초경량비행장치 드론 1종 국가자격증 취득 과정,알씨스카이 부설 무인기술UAV교육원,09040105,09040105,소형무인기운용·조종,경남,창원시,비원격,2026-05-04,2026-05-22,종료,8,0,1,,0,100.0,0.0,0.125,,858000,1980000,858000,1508100,https://www.work24.go.kr/hr/a/a/3100/selectTracseDetl.do?tracseId=AIG20250000527495&tracseTme=9&crseTracseSe=C0061&trainstCstmrId=500035425743,0,0,0,드론
473,AIG20250000531939,3,초경량비행장치 무인멀티콥터 조종자 3종,경남에스케이드론주식회사,09040105,09040105,소형무인기운용·조종,경남,고성군,비원격,2026-05-04,2026-05-12,종료,4,1,1,1,1,100.0,0.25,0.25,1.0,371800,800000,371800,595510,https://www.work24.go.kr/hr/a/a/3100/selectTracseDetl.do?tracseId=AIG20250000531939&tracseTme=3&crseTracseSe=C0061&trainstCstmrId=500045609416,0,0,0,드론
479,AIG20250000532091,9,(드론)조종자 1종 국가 자격증 취득과정,주식회사지디에이경기드론교육원,09040105,09040105,소형무인기운용·조종,서울,구로구,비원격,2026-05-04,2026-05-22,종료,8,1,3,1,1,97.3,0.125,0.375,1.0,858000,1980000,858000,1508100,https://www.work24.go.kr/hr/a/a/3100/selectTracseDetl.do?tracseId=AIG20250000532091&tracseTme=9&crseTracseSe=C0061&trainstCstmrId=500042767878,0,0,0,드론
480,AIG20250000532096,10,(드론)조종자 1종 국가 자격증 취득과정(실기),주식회사지디에이경기드론교육원,09040105,09040105,소형무인기운용·조종,서울,구로구,비원격,2026-05-04,2026-05-15,종료,8,0,1,,0,88.9,0.0,0.125,,572000,1500000,572000,1185400,https://www.work24.go.kr/hr/a/a/3100/selectTracseDetl.do?tracseId=AIG20250000532096&tracseTme=10&crseTracseSe=C0061&trainstCstmrId=500042767878,0,0,0,드론
484,ACG20263001154048,13,[촬영용 드론] 드론을 활용한 영상촬영 및 편집기술,케이지에듀원 원격평생교육원,09040105,09040105,소형무인기운용·조종,서울,동작구,원격,2026-05-06,2026-06-05,종료,500,0,0,,0,100.0,0.0,0.0,,50490,50490,50490,22730,https://www.work24.go.kr/hr/a/a/3100/selectTracseDetl.do?tracseId=ACG20263001154048&tracseTme=13&crseTracseSe=C0031&trainstCstmrId=500020015894,0,0,0,드론
482,ACG20263001192049,39,드론 기초기술 현장적용 가이드,러닝플러스 주식회사,20010102,20010102,정보기술컨설팅,부산,부산진구,원격,2026-05-06,2026-06-05,종료,500,0,0,,0,,0.0,0.0,,62370,62370,62370,28070,https://www.work24.go.kr/hr/a/a/3100/selectTracseDetl.do?tracseId=ACG20263001192049&tracseTme=39&crseTracseSe=C0031&trainstCstmrId=500020021711,0,1,0,드론
481,AIG20250000519317,3,드론 국가자격증1종[실기],(주)충남무인항공교육원,09040105,09040105,소형무인기운용·조종,충남,천안시,비원격,2026-05-06,2026-05-19,종료,4,1,1,1,1,93.9,0.25,0.25,1.0,572000,1600000,572000,1285400,https://www.work24.go.kr/hr/a/a/3100/selectTracseDetl.do?tracseId=AIG20250000519317&tracseTme=3&crseTracseSe=C0061&trainstCstmrId=500034750847,0,0,0,드론
485,AIG20250000526030,1,[실습]초경량비행장치 무인멀티콥터 드론 지도조종자(교관) 자격취득과정[전문교육기관],한국항공대학교 산학협력단 (비행교육원),09040105,09040105,소형무인기운용·조종,경기,고양시,비원격,2026-05-06,2026-06-19,종료,4,1,1,1,1,100.0,0.25,0.25,1.0,1144000,4400000,1144000,3770800,https://www.work24.go.kr/hr/a/a/3100/selectTracseDetl.do?tracseId=AIG20250000526030&tracseTme=1&crseTracseSe=C0061&trainstCstmrId=500020027370,0,0,0,드론
483,AIG20250000539903,29,파이썬으로 제어하는 AI드론,미라클평생교육원,20010202,20010202,응용SW엔지니어링,전북,전주시,원격,2026-05-06,2026-06-05,종료,200,6,8,6,6,93.6,0.03,0.04,1.0,490000,490000,0,49000,https://www.work24.go.kr/hr/a/a/3100/selectTracseDetl.do?tracseId=AIG20250000539903&tracseTme=29&crseTracseSe=C0105&trainstCstmrId=500033164282,0,0,0,드론
486,ACG20263001192049,40,드론 기초기술 현장적용 가이드,러닝플러스 주식회사,20010102,20010102,정보기술컨설팅,부산,부산진구,원격,2026-05-07,2026-06-06,종료,500,0,0,,0,,0.0,0.0,,62370,62370,62370,28070,https://www.work24.go.kr/hr/a/a/3100/selectTracseDetl.do?tracseId=ACG20263001192049&tracseTme=40&crseTracseSe=C0031&trainstCstmrId=500020021711,0,1,0,드론
487,ACG20263001251328,3,"드론, 새로운 차세대 아이템",미라클평생교육원,09040105,09040105,소형무인기운용·조종,전북,전주시,원격,2026-05-07,2026-06-06,종료,2500,0,0,,0,100.0,0.0,0.0,,123200,123200,123200,55440,https://www.work24.go.kr/hr/a/a/3100/selectTracseDetl.do?tracseId=ACG20263001251328&tracseTme=3&crseTracseSe=C0031&trainstCstmrId=500033164282,0,0,0,드론
489,AIG20250000531836,8,드론 (1종) 국가자격증 취득 (실기),중부드론교육원,09040105,09040105,소형무인기운용·조종,충북,음성군,비원격,2026-05-07,2026-05-20,종료,8,1,1,1,1,,0.125,0.125,1.0,572000,1500000,572000,1128200,https://www.work24.go.kr/hr/a/a/3100/selectTracseDetl.do?tracseId=AIG20250000531836&tracseTme=8&crseTracseSe=C0061&trainstCstmrId=500039127578,0,1,0,드론
488,AVA20253001112867,33,"드론 활용실무(건설, 물류, 방제용 드론)",사단법인 한국에듀테크산업협회,09040105,09040105,소형무인기운용·조종,서울,강남구,원격,2026-05-07,2026-06-03,종료,500,1,1,1,1,85.7,0.002,0.002,1.0,62370,62370,62370,28070,https://www.work24.go.kr/hr/a/a/3100/selectTracseDetl.do?tracseId=AVA20253001112867&tracseTme=33&crseTracseSe=C0055&trainstCstmrId=500020013301,0,0,0,드론
490,AVA20253001112883,38,[국가 드론자격증] 초경량비행장치 조종자 필기반,한국이러닝협회,09040105,09040105,소형무인기운용·조종,서울,구로구,원격,2026-05-07,2026-06-03,종료,500,2,2,2,2,,0.004,0.004,1.0,65340,65340,65340,29410,https://www.work24.go.kr/hr/a/a/3100/selectTracseDetl.do?tracseId=AVA20253001112883&tracseTme=38&crseTracseSe=C0055&trainstCstmrId=500020055159,0,1,0,드론
491,ACG20263001192049,41,드론 기초기술 현장적용 가이드,러닝플러스 주식회사,20010102,20010102,정보기술컨설팅,부산,부산진구,원격,2026-05-08,2026-06-07,종료,500,0,0,,0,,0.0,0.0,,62370,62370,62370,28070,https://www.work24.go.kr/hr/a/a/3100/selectTracseDetl.do?tracseId=ACG20263001192049&tracseTme=41&crseTracseSe=C0031&trainstCstmrId=500020021711,0,1,0,드론
492,AIG20250000529188,2,드론 조종자 1종 국가자격 취득 과정 (실기반_주말_오전),구름무인항공교육원,09040105,09040105,소형무인기운용·조종,경기,평택시,비원격,2026-05-09,2026-06-07,종료,4,1,1,4,1,100.0,0.25,0.25,0.25,286000,1500000,286000,1342700,https://www.work24.go.kr/hr/a/a/3100/selectTracseDetl.do?tracseId=AIG20250000529188&tracseTme=2&crseTracseSe=C0061&trainstCstmrId=500042856540,0,0,0,드론
493,AIG20250000531840,4,드론 지도조종자(교관) 자격취득과정,중부드론교육원,09040105,09040105,소형무인기운용·조종,충북,음성군,비원격,2026-05-09,2026-08-09,종료,2,0,0,,0,71.4,0.0,0.0,,1287000,3000000,1287000,2163450,https://www.work24.go.kr/hr/a/a/3100/selectTracseDetl.do?tracseId=AIG20250000531840&tracseTme=4&crseTracseSe=C0061&trainstCstmrId=500039127578,0,0,0,드론
495,AIG20250000509552,12,26년 드론 국가자격증 학과교육,새만금항공주식회사,09040105,09040105,소형무인기운용·조종,전북,전주시,비원격,2026-05-10,2026-05-24,종료,8,1,1,1,1,100.0,0.125,0.125,1.0,286000,300000,286000,142700,https://www.work24.go.kr/hr/a/a/3100/selectTracseDetl.do?tracseId=AIG20250000509552&tracseTme=12&crseTracseSe=C0061&trainstCstmrId=500034120375,0,0,0,드론
494,AIG20250000529814,9,드론 1종 국가자격증 취득과정,(주)스마트항공,09040105,09040105,소형무인기운용·조종,부산,사상구,비원격,2026-05-10,2026-06-28,종료,8,0,0,,0,99.5,0.0,0.0,,858000,1980000,858000,1508100,https://www.work24.go.kr/hr/a/a/3100/selectTracseDetl.do?tracseId=AIG20250000529814&tracseTme=9&crseTracseSe=C0061&trainstCstmrId=500042519804,0,0,0,드론
499,ACG20263001192049,42,드론 기초기술 현장적용 가이드,러닝플러스 주식회사,20010102,20010102,정보기술컨설팅,부산,부산진구,원격,2026-05-11,2026-06-10,종료,500,0,0,,0,,0.0,0.0,,62370,62370,62370,28070,https://www.work24.go.kr/hr/a/a/3100/selectTracseDetl.do?tracseId=ACG20263001192049&tracseTme=42&crseTracseSe=C0031&trainstCstmrId=500020021711,0,1,0,드론
502,AIG20250000503304,5,드론국가자격증 1종 취득과정(주중),여수드론교육원,09040105,09040105,소형무인기운용·조종,광주,여수시,비원격,2026-05-11,2026-06-01,종료,8,2,2,2,2,100.0,0.25,0.25,1.0,858000,2000000,858000,1528100,https://www.work24.go.kr/hr/a/a/3100/selectTracseDetl.do?tracseId=AIG20250000503304&tracseTme=5&crseTracseSe=C0061&trainstCstmrId=500036495384,0,0,0,드론
501,AIG20250000505519,10,1종 드론 국가자격증 필기+실기_평일반,서울드론교육원,09040105,09040105,소형무인기운용·조종,서울,서초구,비원격,2026-05-11,2026-06-04,종료,12,10,12,12,9,87.4,0.8333333333333334,1.0,0.75,915200,1915200,915200,1411840,https://www.work24.go.kr/hr/a/a/3100/selectTracseDetl.do?tracseId=AIG20250000505519&tracseTme=10&crseTracseSe=C0061&trainstCstmrId=500035861333,0,0,0,드론
504,AIG20250000505693,6,드론(무인멀티콥터) 국가자격증 1종 학과 교육 과정,주식회사 비아이티코퍼레이션,09040105,09040105,소형무인기운용·조종,전북,전주시,비원격,2026-05-11,2026-05-15,종료,8,0,0,0,0,96.7,0.0,0.0,,286000,500000,286000,342700,https://www.work24.go.kr/hr/a/a/3100/selectTracseDetl.do?tracseId=AIG20250000505693&tracseTme=6&crseTracseSe=C0061&trainstCstmrId=500042783200,0,0,0,드론
503,AIG20250000509002,8,드론 1종 조종자 국가자격증(필기시험면제자체실기시험),이아이실용전문학원,09040105,09040105,소형무인기운용·조종,경기,시흥시,비원격,2026-05-11,2026-05-29,종료,4,4,5,4,4,97.5,1.0,1.25,1.0,858000,1958000,858000,1486100,https://www.work24.go.kr/hr/a/a/3100/selectTracseDetl.do?tracseId=AIG20250000509002&tracseTme=8&crseTracseSe=C0061&trainstCstmrId=500042912111,1,0,0,드론
500,AIG20250000509552,13,26년 드론 국가자격증 학과교육,새만금항공주식회사,09040105,09040105,소형무인기운용·조종,전북,전주시,비원격,2026-05-11,2026-05-15,종료,8,1,1,1,1,100.0,0.125,0.125,1.0,286000,300000,286000,142700,https://www.work24.go.kr/hr/a/a/3100/selectTracseDetl.do?tracseId=AIG20250000509552&tracseTme=13&crseTracseSe=C0061&trainstCstmrId=500034120375,0,0,0,드론
497,AIG20250000532020,10,초경량비행장치 (드론) 1종 국가자격취득과정(실기),KDA 한국드론교육원,09040105,09040105,소형무인기운용·조종,경기,화성시,비원격,2026-05-11,2026-05-22,종료,8,1,1,1,1,98.0,0.125,0.125,1.0,572000,1500000,572000,1185400,https://www.work24.go.kr/hr/a/a/3100/selectTracseDetl.do?tracseId=AIG20250000532020&tracseTme=10&crseTracseSe=C0061&trainstCstmrId=500042774065,0,0,0,드론
498,AIG20250000534362,7,초경량비행장치 무인멀티콥터 취득과정(평일),강남무인항공,09040105,09040105,소형무인기운용·조종,전북,장수군,비원격,2026-05-11,2026-05-29,종료,8,0,0,,0,100.0,0.0,0.0,,858000,1500000,858000,1028100,https://www.work24.go.kr/hr/a/a/3100/selectTracseDetl.do?tracseId=AIG20250000534362&tracseTme=7&crseTracseSe=C0061&trainstCstmrId=500034689871,0,0,0,드론
496,AIG20250000536277,1,초경량비행장치 무인멀티콥터(드론) 지도조종자 자격증 취득과정,(주)플라이존드론,09040105,09040105,소형무인기운용·조종,경기,안산시,비원격,2026-05-11,2026-06-18,종료,8,0,0,,0,,0.0,0.0,,1158300,4000000,1158300,3362940,https://www.work24.go.kr/hr/a/a/3100/selectTracseDetl.do?tracseId=AIG20250000536277&tracseTme=1&crseTracseSe=C0061&trainstCstmrId=500034250157,0,1,0,드론
505,AIG20250000536325,4,초경량비행장치(드론)조종자 1종 자격증 취득과정,주식회사청주드론교육원,09040105,09040105,소형무인기운용·조종,충북,청주시,비원격,2026-05-11,2026-05-29,종료,4,1,2,1,0,85.7,0.25,0.5,0.0,858000,2500000,858000,2028100,https://www.work24.go.kr/hr/a/a/3100/selectTracseDetl.do?tracseId=AIG20250000536325&tracseTme=4&crseTracseSe=C0061&trainstCstmrId=500037069424,0,0,0,드론
506,ACG20263001192049,43,드론 기초기술 현장적용 가이드,러닝플러스 주식회사,20010102,20010102,정보기술컨설팅,부산,부산진구,원격,2026-05-12,2026-06-11,종료,500,0,0,,0,,0.0,0.0,,62370,62370,62370,28070,https://www.work24.go.kr/hr/a/a/3100/selectTracseDetl.do?tracseId=ACG20263001192049&tracseTme=43&crseTracseSe=C0031&trainstCstmrId=500020021711,0,1,0,드론
510,ACG20263001154048,14,[촬영용 드론] 드론을 활용한 영상촬영 및 편집기술,케이지에듀원 원격평생교육원,09040105,09040105,소형무인기운용·조종,서울,동작구,원격,2026-05-13,2026-06-12,종료,500,0,0,,0,100.0,0.0,0.0,,50490,50490,50490,22730,https://www.work24.go.kr/hr/a/a/3100/selectTracseDetl.do?tracseId=ACG20263001154048&tracseTme=14&crseTracseSe=C0031&trainstCstmrId=500020015894,0,0,0,드론
507,ACG20263001192049,44,드론 기초기술 현장적용 가이드,러닝플러스 주식회사,20010102,20010102,정보기술컨설팅,부산,부산진구,원격,2026-05-13,2026-06-12,종료,500,0,0,,0,,0.0,0.0,,62370,62370,62370,28070,https://www.work24.go.kr/hr/a/a/3100/selectTracseDetl.do?tracseId=ACG20263001192049&tracseTme=44&crseTracseSe=C0031&trainstCstmrId=500020021711,0,1,0,드론
508,AIG20250000539903,30,파이썬으로 제어하는 AI드론,미라클평생교육원,20010202,20010202,응용SW엔지니어링,전북,전주시,원격,2026-05-13,2026-06-12,종료,200,7,11,7,7,93.6,0.035,0.055,1.0,490000,490000,0,49000,https://www.work24.go.kr/hr/a/a/3100/selectTracseDetl.do?tracseId=AIG20250000539903&tracseTme=30&crseTracseSe=C0105&trainstCstmrId=500033164282,0,0,0,드론
509,AIG20250000539926,25,"[중장년층 디지털 전환] 드론, 이론부터 코딩까지 올인원 패키지",미래디지털 원격평생교육원,20010202,20010202,응용SW엔지니어링,서울,강서구,원격,2026-05-13,2026-06-12,종료,100,58,68,58,58,78.6,0.58,0.68,1.0,288000,288000,0,28800,https://www.work24.go.kr/hr/a/a/3100/selectTracseDetl.do?tracseId=AIG20250000539926&tracseTme=25&crseTracseSe=C0105&trainstCstmrId=500020011130,0,0,0,드론
515,ACG20263001165807,14,[국가 드론자격증] 초경량비행장치 조종자 필기반,한국이러닝협회,09040105,09040105,소형무인기운용·조종,서울,구로구,원격,2026-05-14,2026-06-10,종료,500,0,0,,0,,0.0,0.0,,65340,65340,65340,29410,https://www.work24.go.kr/hr/a/a/3100/selectTracseDetl.do?tracseId=ACG20263001165807&tracseTme=14&crseTracseSe=C0031&trainstCstmrId=500020055159,0,1,0,드론
512,ACG20263001192049,45,드론 기초기술 현장적용 가이드,러닝플러스 주식회사,20010102,20010102,정보기술컨설팅,부산,부산진구,원격,2026-05-14,2026-06-13,종료,500,0,0,,0,,0.0,0.0,,62370,62370,62370,28070,https://www.work24.go.kr/hr/a/a/3100/selectTracseDetl.do?tracseId=ACG20263001192049&tracseTme=45&crseTracseSe=C0031&trainstCstmrId=500020021711,0,1,0,드론
513,AIG20250000513585,3,드론 국가자격증 필기과정 (이론 및 모의비행),부산직업능력교육원,09040105,09040105,소형무인기운용·조종,부산,북구,비원격,2026-05-14,2026-05-21,종료,12,3,3,3,3,100.0,0.25,0.25,1.0,286000,300000,286000,142700,https://www.work24.go.kr/hr/a/a/3100/selectTracseDetl.do?tracseId=AIG20250000513585&tracseTme=3&crseTracseSe=C0061&trainstCstmrId=500020056246,0,0,0,드론
511,AIG20250000515467,10,드론 국가자격증1종[이론+실기],(주)충남무인항공교육원,09040105,09040105,소형무인기운용·조종,충남,천안시,비원격,2026-05-14,2026-06-03,종료,8,1,2,1,1,98.0,0.125,0.25,1.0,858000,1900000,858000,1428100,https://www.work24.go.kr/hr/a/a/3100/selectTracseDetl.do?tracseId=AIG20250000515467&tracseTme=10&crseTracseSe=C0061&trainstCstmrId=500034750847,0,0,0,드론
514,AVA20253001112867,34,"드론 활용실무(건설, 물류, 방제용 드론)",사단법인 한국에듀테크산업협회,09040105,09040105,소형무인기운용·조종,서울,강남구,원격,2026-05-14,2026-06-10,종료,500,0,0,,0,85.7,0.0,0.0,,62370,62370,62370,28070,https://www.work24.go.kr/hr/a/a/3100/selectTracseDetl.do?tracseId=AVA20253001112867&tracseTme=34&crseTracseSe=C0055&trainstCstmrId=500020013301,0,0,0,드론
516,ACG20263001192049,46,드론 기초기술 현장적용 가이드,러닝플러스 주식회사,20010102,20010102,정보기술컨설팅,부산,부산진구,원격,2026-05-15,2026-06-14,종료,500,0,0,,0,,0.0,0.0,,62370,62370,62370,28070,https://www.work24.go.kr/hr/a/a/3100/selectTracseDetl.do?tracseId=ACG20263001192049&tracseTme=46&crseTracseSe=C0031&trainstCstmrId=500020021711,0,1,0,드론
518,AIG20250000502445,3,드론 국가자격증 1종 취득과정(필기+실기) 주말반,미래드론아카데미,09040105,09040105,소형무인기운용·조종,경북,경주시,비원격,2026-05-16,2026-07-04,종료,8,6,8,6,6,100.0,0.75,1.0,1.0,858000,2058000,858000,1586100,https://www.work24.go.kr/hr/a/a/3100/selectTracseDetl.do?tracseId=AIG20250000502445&tracseTme=3&crseTracseSe=C0061&trainstCstmrId=500040529363,0,0,0,드론
517,AIG20250000504590,2,초경량 비행장치무인멀티콥터(드론)조종자1종 주말과정,(주)규림,09040105,09040105,소형무인기운용·조종,경북,구미시,비원격,2026-05-16,2026-07-12,종료,8,3,3,6,3,100.0,0.375,0.375,0.5,1029600,2229600,1029600,1663320,https://www.work24.go.kr/hr/a/a/3100/selectTracseDetl.do?tracseId=AIG20250000504590&tracseTme=2&crseTracseSe=C0061&trainstCstmrId=500037029319,0,0,0,드론
525,ACG20263001192049,47,드론 기초기술 현장적용 가이드,러닝플러스 주식회사,20010102,20010102,정보기술컨설팅,부산,부산진구,원격,2026-05-18,2026-06-17,종료,500,0,0,,0,,0.0,0.0,,62370,62370,62370,28070,https://www.work24.go.kr/hr/a/a/3100/selectTracseDetl.do?tracseId=ACG20263001192049&tracseTme=47&crseTracseSe=C0031&trainstCstmrId=500020021711,0,1,0,드론
519,AIG20250000504420,5,초경량 비행장치무인멀티콥터(드론)조종자1종과정,(주)규림,09040105,09040105,소형무인기운용·조종,경북,구미시,비원격,2026-05-18,2026-06-17,종료,8,4,5,8,3,92.5,0.5,0.625,0.375,1144000,1844000,1144000,1214800,https://www.work24.go.kr/hr/a/a/3100/selectTracseDetl.do?tracseId=AIG20250000504420&tracseTme=5&crseTracseSe=C0061&trainstCstmrId=500037029319,0,0,0,드론
529,AIG20250000509639,15,26년 드론 국가자격증 1종 실기교육,새만금항공주식회사,09040105,09040105,소형무인기운용·조종,전북,전주시,비원격,2026-05-18,2026-05-29,종료,8,1,1,1,1,100.0,0.125,0.125,1.0,572000,1700000,572000,1385400,https://www.work24.go.kr/hr/a/a/3100/selectTracseDetl.do?tracseId=AIG20250000509639&tracseTme=15&crseTracseSe=C0061&trainstCstmrId=500034120375,0,0,0,드론
527,AIG20250000510905,10,드론 국가자격증 1종[필기+실기]무인멀티콥터,새동엔지니어링(주) 드론교육원,09040105,09040105,소형무인기운용·조종,서울,관악구,비원격,2026-05-18,2026-06-08,종료,12,4,5,4,4,92.9,0.3333333333333333,0.4166666666666667,1.0,858000,1858000,858000,1386100,https://www.work24.go.kr/hr/a/a/3100/selectTracseDetl.do?tracseId=AIG20250000510905&tracseTme=10&crseTracseSe=C0061&trainstCstmrId=500037079851,0,0,0,드론
526,AIG20250000513132,10,드론 국가자격증 1종 실기반(무인멀티콥터),새동엔지니어링(주) 드론교육원,09040105,09040105,소형무인기운용·조종,서울,관악구,비원격,2026-05-18,2026-06-01,종료,4,1,2,1,1,100.0,0.25,0.5,1.0,572000,1372000,572000,1057400,https://www.work24.go.kr/hr/a/a/3100/selectTracseDetl.do?tracseId=AIG20250000513132&tracseTme=10&crseTracseSe=C0061&trainstCstmrId=500037079851,0,0,0,드론
528,AIG20250000513160,9,드론 지도조종자(교관) 실기반(무인멀티콥터),새동엔지니어링(주) 드론교육원,09040105,09040105,소형무인기운용·조종,서울,관악구,비원격,2026-05-18,2026-06-19,종료,4,1,1,1,1,100.0,0.25,0.25,1.0,1372800,3072800,1372800,2317760,https://www.work24.go.kr/hr/a/a/3100/selectTracseDetl.do?tracseId=AIG20250000513160&tracseTme=9&crseTracseSe=C0061&trainstCstmrId=500037079851,0,0,0,드론
521,AIG20250000518065,1,초경량비행장치 무인멀티콥터(드론) 1종 조종자 자격증 취득과정,(주)플라이존드론,09040105,09040105,소형무인기운용·조종,경기,안산시,비원격,2026-05-18,2026-06-05,종료,8,0,0,,0,,0.0,0.0,,858000,2500000,858000,2028100,https://www.work24.go.kr/hr/a/a/3100/selectTracseDetl.do?tracseId=AIG20250000518065&tracseTme=1&crseTracseSe=C0061&trainstCstmrId=500034250157,0,1,0,드론
520,AIG20250000529814,10,드론 1종 국가자격증 취득과정,(주)스마트항공,09040105,09040105,소형무인기운용·조종,부산,사상구,비원격,2026-05-18,2026-06-05,종료,8,1,1,1,1,99.5,0.125,0.125,1.0,858000,1980000,858000,1508100,https://www.work24.go.kr/hr/a/a/3100/selectTracseDetl.do?tracseId=AIG20250000529814&tracseTme=10&crseTracseSe=C0061&trainstCstmrId=500042519804,0,0,0,드론
523,AIG20250000531939,4,초경량비행장치 무인멀티콥터 조종자 3종,경남에스케이드론주식회사,09040105,09040105,소형무인기운용·조종,경남,고성군,비원격,2026-05-18,2026-05-26,종료,4,1,2,2,1,100.0,0.25,0.5,0.5,371800,800000,371800,595510,https://www.work24.go.kr/hr/a/a/3100/selectTracseDetl.do?tracseId=AIG20250000531939&tracseTme=4&crseTracseSe=C0061&trainstCstmrId=500045609416,0,0,0,드론
522,AIG20250000532017,10,초경량비행장치 (드론) 1종 국가자격취득과정(이론+실기),KDA 한국드론교육원,09040105,09040105,소형무인기운용·조종,경기,화성시,비원격,2026-05-18,2026-06-05,종료,8,0,0,,0,96.8,0.0,0.0,,858000,1980000,858000,1508100,https://www.work24.go.kr/hr/a/a/3100/selectTracseDetl.do?tracseId=AIG20250000532017&tracseTme=10&crseTracseSe=C0061&trainstCstmrId=500042774065,0,0,0,드론
530,AIG20250000532096,12,(드론)조종자 1종 국가 자격증 취득과정(실기),주식회사지디에이경기드론교육원,09040105,09040105,소형무인기운용·조종,서울,구로구,비원격,2026-05-18,2026-05-29,종료,8,0,0,,0,88.9,0.0,0.0,,572000,1500000,572000,1185400,https://www.work24.go.kr/hr/a/a/3100/selectTracseDetl.do?tracseId=AIG20250000532096&tracseTme=12&crseTracseSe=C0061&trainstCstmrId=500042767878,0,0,0,드론
524,AIG20263001247924,1,드론을 활용한 제주관광영상콘텐츠제작 실무자양성과정,드론항공평생교육원,08030212,08030212,드론콘텐츠제작,제주,서귀포시,비원격,2026-05-18,2026-06-17,종료,16,14,15,14,14,94.4,0.875,0.9375,1.0,1123200,1123200,1123200,112320,https://www.work24.go.kr/hr/a/a/3100/selectTracseDetl.do?tracseId=AIG20263001247924&tracseTme=1&crseTracseSe=C0061&trainstCstmrId=500035584309,0,0,0,드론
532,ACG20263001192049,48,드론 기초기술 현장적용 가이드,러닝플러스 주식회사,20010102,20010102,정보기술컨설팅,부산,부산진구,원격,2026-05-19,2026-06-18,종료,500,0,0,,0,,0.0,0.0,,62370,62370,62370,28070,https://www.work24.go.kr/hr/a/a/3100/selectTracseDetl.do?tracseId=ACG20263001192049&tracseTme=48&crseTracseSe=C0031&trainstCstmrId=500020021711,0,1,0,드론
533,AIG20250000511898,4,드론 국가기술자격 취득과정 1종,스카이팜에듀교육원,09040105,09040105,소형무인기운용·조종,제주,제주시,비원격,2026-05-19,2026-06-10,종료,8,3,3,3,3,75.0,0.375,0.375,1.0,858000,1800000,858000,1328100,https://www.work24.go.kr/hr/a/a/3100/selectTracseDetl.do?tracseId=AIG20250000511898&tracseTme=4&crseTracseSe=C0061&trainstCstmrId=500041625803,0,0,0,드론
531,AIG20250000515594,5,초경량비행장치(드론 1종) 조종자 국가자격증 취득(필기면제),누리드론교육원,09040105,09040105,소형무인기운용·조종,경남,김해시,비원격,2026-05-19,2026-06-15,종료,8,6,6,8,6,96.1,0.75,0.75,0.75,972400,1472400,972400,937580,https://www.work24.go.kr/hr/a/a/3100/selectTracseDetl.do?tracseId=AIG20250000515594&tracseTme=5&crseTracseSe=C0061&trainstCstmrId=500041601289,0,0,0,드론
537,ACG20263001154048,15,[촬영용 드론] 드론을 활용한 영상촬영 및 편집기술,케이지에듀원 원격평생교육원,09040105,09040105,소형무인기운용·조종,서울,동작구,원격,2026-05-20,2026-06-19,종료,500,0,0,,0,100.0,0.0,0.0,,50490,50490,50490,22730,https://www.work24.go.kr/hr/a/a/3100/selectTracseDetl.do?tracseId=ACG20263001154048&tracseTme=15&crseTracseSe=C0031&trainstCstmrId=500020015894,0,0,0,드론
534,ACG20263001192049,49,드론 기초기술 현장적용 가이드,러닝플러스 주식회사,20010102,20010102,정보기술컨설팅,부산,부산진구,원격,2026-05-20,2026-06-19,종료,500,0,0,,0,,0.0,0.0,,62370,62370,62370,28070,https://www.work24.go.kr/hr/a/a/3100/selectTracseDetl.do?tracseId=ACG20263001192049&tracseTme=49&crseTracseSe=C0031&trainstCstmrId=500020021711,0,1,0,드론
535,AIG20250000539903,31,파이썬으로 제어하는 AI드론,미라클평생교육원,20010202,20010202,응용SW엔지니어링,전북,전주시,원격,2026-05-20,2026-06-19,종료,200,8,9,8,7,93.6,0.04,0.045,0.875,490000,490000,0,49000,https://www.work24.go.kr/hr/a/a/3100/selectTracseDetl.do?tracseId=AIG20250000539903&tracseTme=31&crseTracseSe=C0105&trainstCstmrId=500033164282,0,0,0,드론
536,AIG20250000539926,26,"[중장년층 디지털 전환] 드론, 이론부터 코딩까지 올인원 패키지",미래디지털 원격평생교육원,20010202,20010202,응용SW엔지니어링,서울,강서구,원격,2026-05-20,2026-06-19,종료,100,46,67,46,43,78.6,0.46,0.67,0.9347826086956522,288000,288000,0,28800,https://www.work24.go.kr/hr/a/a/3100/selectTracseDetl.do?tracseId=AIG20250000539926&tracseTme=26&crseTracseSe=C0105&trainstCstmrId=500020011130,0,0,0,드론
538,ACG20263001192049,50,드론 기초기술 현장적용 가이드,러닝플러스 주식회사,20010102,20010102,정보기술컨설팅,부산,부산진구,원격,2026-05-21,2026-06-20,종료,500,0,0,,0,,0.0,0.0,,62370,62370,62370,28070,https://www.work24.go.kr/hr/a/a/3100/selectTracseDetl.do?tracseId=ACG20263001192049&tracseTme=50&crseTracseSe=C0031&trainstCstmrId=500020021711,0,1,0,드론
539,ACG20263001251328,4,"드론, 새로운 차세대 아이템",미라클평생교육원,09040105,09040105,소형무인기운용·조종,전북,전주시,원격,2026-05-21,2026-06-20,종료,2500,1,1,1,1,100.0,0.0004,0.0004,1.0,123200,123200,123200,55440,https://www.work24.go.kr/hr/a/a/3100/selectTracseDetl.do?tracseId=ACG20263001251328&tracseTme=4&crseTracseSe=C0031&trainstCstmrId=500033164282,0,0,0,드론
541,AIG20250000502620,10,초경량비행장치 무인멀티콥터(드론)조종자 1종 국가자격취득과정(이론+실기),중부드론교육원,09040105,09040105,소형무인기운용·조종,충북,음성군,비원격,2026-05-21,2026-06-10,종료,8,2,2,4,2,100.0,0.25,0.25,0.5,858000,2000000,858000,1442300,https://www.work24.go.kr/hr/a/a/3100/selectTracseDetl.do?tracseId=AIG20250000502620&tracseTme=10&crseTracseSe=C0061&trainstCstmrId=500039127578,0,0,0,드론
540,AVA20253001112867,35,"드론 활용실무(건설, 물류, 방제용 드론)",사단법인 한국에듀테크산업협회,09040105,09040105,소형무인기운용·조종,서울,강남구,원격,2026-05-21,2026-06-17,종료,500,1,2,1,1,85.7,0.002,0.004,1.0,62370,62370,62370,28070,https://www.work24.go.kr/hr/a/a/3100/selectTracseDetl.do?tracseId=AVA20253001112867&tracseTme=35&crseTracseSe=C0055&trainstCstmrId=500020013301,0,0,0,드론
542,ACG20263001192049,51,드론 기초기술 현장적용 가이드,러닝플러스 주식회사,20010102,20010102,정보기술컨설팅,부산,부산진구,원격,2026-05-22,2026-06-21,종료,500,0,0,,0,,0.0,0.0,,62370,62370,62370,28070,https://www.work24.go.kr/hr/a/a/3100/selectTracseDetl.do?tracseId=ACG20263001192049&tracseTme=51&crseTracseSe=C0031&trainstCstmrId=500020021711,0,1,0,드론
543,AIG20250000503351,4,드론국가자격증1종취득 실기,상무무인항공교육원,09040105,09040105,소형무인기운용·조종,광주,보성군,비원격,2026-05-22,2026-06-15,종료,4,0,1,,0,100.0,0.0,0.25,,858000,1900000,858000,1428100,https://www.work24.go.kr/hr/a/a/3100/selectTracseDetl.do?tracseId=AIG20250000503351&tracseTme=4&crseTracseSe=C0061&trainstCstmrId=500040134607,0,0,0,드론
544,AIG20250000515594,6,초경량비행장치(드론 1종) 조종자 국가자격증 취득(필기면제),누리드론교육원,09040105,09040105,소형무인기운용·조종,경남,김해시,비원격,2026-05-23,2026-07-18,종료,8,2,3,5,2,96.1,0.25,0.375,0.4,972400,1472400,972400,937580,https://www.work24.go.kr/hr/a/a/3100/selectTracseDetl.do?tracseId=AIG20250000515594&tracseTme=6&crseTracseSe=C0061&trainstCstmrId=500041601289,0,0,0,드론
545,AIG20250000515742,6,초경량비행장치(드론) 지도조종자(교관) 자격취득과정,누리드론교육원,09040105,09040105,소형무인기운용·조종,경남,김해시,비원격,2026-05-23,2026-08-16,종료,4,4,4,4,4,100.0,1.0,1.0,1.0,1487200,1987200,1487200,1169240,https://www.work24.go.kr/hr/a/a/3100/selectTracseDetl.do?tracseId=AIG20250000515742&tracseTme=6&crseTracseSe=C0061&trainstCstmrId=500041601289,0,0,0,드론
546,AIG20250000532020,11,초경량비행장치 (드론) 1종 국가자격취득과정(실기),KDA 한국드론교육원,09040105,09040105,소형무인기운용·조종,경기,화성시,비원격,2026-05-24,2026-06-28,종료,8,0,0,,0,98.0,0.0,0.0,,572000,1500000,572000,1185400,https://www.work24.go.kr/hr/a/a/3100/selectTracseDetl.do?tracseId=AIG20250000532020&tracseTme=11&crseTracseSe=C0061&trainstCstmrId=500042774065,0,0,0,드론
547,AIG20250000532096,13,(드론)조종자 1종 국가 자격증 취득과정(실기),주식회사지디에이경기드론교육원,09040105,09040105,소형무인기운용·조종,서울,구로구,비원격,2026-05-24,2026-06-28,종료,8,0,1,,0,88.9,0.0,0.125,,572000,1500000,572000,1185400,https://www.work24.go.kr/hr/a/a/3100/selectTracseDetl.do?tracseId=AIG20250000532096&tracseTme=13&crseTracseSe=C0061&trainstCstmrId=500042767878,0,0,0,드론
550,AIG20250000509552,14,26년 드론 국가자격증 학과교육,새만금항공주식회사,09040105,09040105,소형무인기운용·조종,전북,전주시,비원격,2026-05-25,2026-05-29,종료,8,4,4,4,4,100.0,0.5,0.5,1.0,286000,300000,286000,142700,https://www.work24.go.kr/hr/a/a/3100/selectTracseDetl.do?tracseId=AIG20250000509552&tracseTme=14&crseTracseSe=C0061&trainstCstmrId=500034120375,0,0,0,드론
549,AIG20250000511659,2,초경량비행장치 무인멀티콥터 조종자 1종,경남에스케이드론주식회사,09040105,09040105,소형무인기운용·조종,경남,고성군,비원격,2026-05-25,2026-06-15,종료,8,1,1,1,1,100.0,0.125,0.125,1.0,872300,2300000,872300,1820240,https://www.work24.go.kr/hr/a/a/3100/selectTracseDetl.do?tracseId=AIG20250000511659&tracseTme=2&crseTracseSe=C0061&trainstCstmrId=500045609416,0,0,0,드론
551,AIG20250000527495,10,초경량비행장치 드론 1종 국가자격증 취득 과정,알씨스카이 부설 무인기술UAV교육원,09040105,09040105,소형무인기운용·조종,경남,창원시,비원격,2026-05-25,2026-06-12,종료,8,1,3,1,1,100.0,0.125,0.375,1.0,858000,1980000,858000,1508100,https://www.work24.go.kr/hr/a/a/3100/selectTracseDetl.do?tracseId=AIG20250000527495&tracseTme=10&crseTracseSe=C0061&trainstCstmrId=500035425743,0,0,0,드론
548,AIG20250000532020,12,초경량비행장치 (드론) 1종 국가자격취득과정(실기),KDA 한국드론교육원,09040105,09040105,소형무인기운용·조종,경기,화성시,비원격,2026-05-25,2026-06-05,종료,8,0,0,,0,98.0,0.0,0.0,,572000,1500000,572000,1185400,https://www.work24.go.kr/hr/a/a/3100/selectTracseDetl.do?tracseId=AIG20250000532020&tracseTme=12&crseTracseSe=C0061&trainstCstmrId=500042774065,0,0,0,드론
552,AIG20250000532091,10,(드론)조종자 1종 국가 자격증 취득과정,주식회사지디에이경기드론교육원,09040105,09040105,소형무인기운용·조종,서울,구로구,비원격,2026-05-25,2026-06-12,종료,8,3,3,3,3,97.3,0.375,0.375,1.0,858000,1980000,858000,1508100,https://www.work24.go.kr/hr/a/a/3100/selectTracseDetl.do?tracseId=AIG20250000532091&tracseTme=10&crseTracseSe=C0061&trainstCstmrId=500042767878,0,0,0,드론
553,ACG20263001192049,52,드론 기초기술 현장적용 가이드,러닝플러스 주식회사,20010102,20010102,정보기술컨설팅,부산,부산진구,원격,2026-05-26,2026-06-25,종료,500,0,0,,0,,0.0,0.0,,62370,62370,62370,28070,https://www.work24.go.kr/hr/a/a/3100/selectTracseDetl.do?tracseId=ACG20263001192049&tracseTme=52&crseTracseSe=C0031&trainstCstmrId=500020021711,0,1,0,드론
557,AIG20250000505532,6,항공촬영드론조종교육 + 3종,서울드론교육원,09040105,09040105,소형무인기운용·조종,서울,서초구,비원격,2026-05-26,2026-06-10,종료,12,0,2,,0,75.0,0.0,0.16666666666666666,,572000,792000,572000,477400,https://www.work24.go.kr/hr/a/a/3100/selectTracseDetl.do?tracseId=AIG20250000505532&tracseTme=6&crseTracseSe=C0061&trainstCstmrId=500035861333,0,0,0,드론
556,AIG20250000513041,10,드론 국가자격증 3종[필기+실기]+촬영 무인멀티콥터,새동엔지니어링(주) 드론교육원,09040105,09040105,소형무인기운용·조종,서울,관악구,비원격,2026-05-26,2026-06-12,종료,8,7,9,7,7,90.5,0.875,1.125,1.0,572000,772000,572000,457400,https://www.work24.go.kr/hr/a/a/3100/selectTracseDetl.do?tracseId=AIG20250000513041&tracseTme=10&crseTracseSe=C0061&trainstCstmrId=500037079851,1,0,0,드론
554,AIG20250000516351,5,초경량비행장치 무인멀티콥터(드론) 1종 자격(학과이론+모의비행),부산경상대학교산학협력단,09040105,09040105,소형무인기운용·조종,부산,연제구,비원격,2026-05-26,2026-06-01,종료,4,0,0,,0,,0.0,0.0,,286000,500000,286000,342700,https://www.work24.go.kr/hr/a/a/3100/selectTracseDetl.do?tracseId=AIG20250000516351&tracseTme=5&crseTracseSe=C0061&trainstCstmrId=500044212779,0,1,0,드론
555,AIG20250000516668,5,초경량비행장치 무인멀티콥터(드론) 1종 자격취득(이론+실기),부산경상대학교산학협력단,09040105,09040105,소형무인기운용·조종,부산,연제구,비원격,2026-05-26,2026-06-25,종료,4,2,6,2,2,97.4,0.5,1.5,1.0,1001000,2000000,1001000,1449450,https://www.work24.go.kr/hr/a/a/3100/selectTracseDetl.do?tracseId=AIG20250000516668&tracseTme=5&crseTracseSe=C0061&trainstCstmrId=500044212779,1,0,0,드론
558,AIG20250000520984,7,드론 1종 조종자 자격증 취득과정 (이론+실기)[평일반],주식회사스카이엔터프라이즈,09040105,09040105,소형무인기운용·조종,대구,달서구,비원격,2026-05-26,2026-06-18,종료,8,1,2,2,1,96.4,0.125,0.25,0.5,972400,1990000,972400,1455180,https://www.work24.go.kr/hr/a/a/3100/selectTracseDetl.do?tracseId=AIG20250000520984&tracseTme=7&crseTracseSe=C0061&trainstCstmrId=500035342034,0,0,0,드론
562,ACG20263001154048,16,[촬영용 드론] 드론을 활용한 영상촬영 및 편집기술,케이지에듀원 원격평생교육원,09040105,09040105,소형무인기운용·조종,서울,동작구,원격,2026-05-27,2026-06-26,종료,500,1,1,1,1,100.0,0.002,0.002,1.0,50490,50490,50490,22730,https://www.work24.go.kr/hr/a/a/3100/selectTracseDetl.do?tracseId=ACG20263001154048&tracseTme=16&crseTracseSe=C0031&trainstCstmrId=500020015894,0,0,0,드론
559,ACG20263001192049,53,드론 기초기술 현장적용 가이드,러닝플러스 주식회사,20010102,20010102,정보기술컨설팅,부산,부산진구,원격,2026-05-27,2026-06-26,종료,500,1,1,1,0,,0.002,0.002,0.0,62370,62370,62370,28070,https://www.work24.go.kr/hr/a/a/3100/selectTracseDetl.do?tracseId=ACG20263001192049&tracseTme=53&crseTracseSe=C0031&trainstCstmrId=500020021711,0,1,0,드론
560,AIG20250000539903,32,파이썬으로 제어하는 AI드론,미라클평생교육원,20010202,20010202,응용SW엔지니어링,전북,전주시,원격,2026-05-27,2026-06-26,종료,200,21,23,21,21,93.6,0.105,0.115,1.0,490000,490000,0,49000,https://www.work24.go.kr/hr/a/a/3100/selectTracseDetl.do?tracseId=AIG20250000539903&tracseTme=32&crseTracseSe=C0105&trainstCstmrId=500033164282,0,0,0,드론
561,AIG20250000539926,27,"[중장년층 디지털 전환] 드론, 이론부터 코딩까지 올인원 패키지",미래디지털 원격평생교육원,20010202,20010202,응용SW엔지니어링,서울,강서구,원격,2026-05-27,2026-06-26,종료,100,74,105,74,71,78.6,0.74,1.05,0.9594594594594594,288000,288000,0,28800,https://www.work24.go.kr/hr/a/a/3100/selectTracseDetl.do?tracseId=AIG20250000539926&tracseTme=27&crseTracseSe=C0105&trainstCstmrId=500020011130,1,0,0,드론
563,ACG20263001192049,54,드론 기초기술 현장적용 가이드,러닝플러스 주식회사,20010102,20010102,정보기술컨설팅,부산,부산진구,원격,2026-05-28,2026-06-27,종료,500,0,0,,0,,0.0,0.0,,62370,62370,62370,28070,https://www.work24.go.kr/hr/a/a/3100/selectTracseDetl.do?tracseId=ACG20263001192049&tracseTme=54&crseTracseSe=C0031&trainstCstmrId=500020021711,0,1,0,드론
565,AIG20250000531836,10,드론 (1종) 국가자격증 취득 (실기),중부드론교육원,09040105,09040105,소형무인기운용·조종,충북,음성군,비원격,2026-05-28,2026-06-10,종료,8,0,0,,0,,0.0,0.0,,572000,1500000,572000,1128200,https://www.work24.go.kr/hr/a/a/3100/selectTracseDetl.do?tracseId=AIG20250000531836&tracseTme=10&crseTracseSe=C0061&trainstCstmrId=500039127578,0,1,0,드론
564,AVA20253001112867,36,"드론 활용실무(건설, 물류, 방제용 드론)",사단법인 한국에듀테크산업협회,09040105,09040105,소형무인기운용·조종,서울,강남구,원격,2026-05-28,2026-06-24,종료,500,1,1,1,1,85.7,0.002,0.002,1.0,62370,62370,62370,28070,https://www.work24.go.kr/hr/a/a/3100/selectTracseDetl.do?tracseId=AVA20253001112867&tracseTme=36&crseTracseSe=C0055&trainstCstmrId=500020013301,0,0,0,드론
566,ACG20263001192049,55,드론 기초기술 현장적용 가이드,러닝플러스 주식회사,20010102,20010102,정보기술컨설팅,부산,부산진구,원격,2026-05-29,2026-06-28,종료,500,0,0,,0,,0.0,0.0,,62370,62370,62370,28070,https://www.work24.go.kr/hr/a/a/3100/selectTracseDetl.do?tracseId=ACG20263001192049&tracseTme=55&crseTracseSe=C0031&trainstCstmrId=500020021711,0,1,0,드론
568,AIG20250000505519,12,1종 드론 국가자격증 필기+실기_평일반,서울드론교육원,09040105,09040105,소형무인기운용·조종,서울,서초구,비원격,2026-05-30,2026-07-26,종료,12,2,2,2,2,87.4,0.16666666666666666,0.16666666666666666,1.0,915200,1915200,915200,1411840,https://www.work24.go.kr/hr/a/a/3100/selectTracseDetl.do?tracseId=AIG20250000505519&tracseTme=12&crseTracseSe=C0061&trainstCstmrId=500035861333,0,0,0,드론
569,AIG20250000509002,9,드론 1종 조종자 국가자격증(필기시험면제자체실기시험),이아이실용전문학원,09040105,09040105,소형무인기운용·조종,경기,시흥시,비원격,2026-05-30,2026-07-19,종료,4,4,5,4,4,97.5,1.0,1.25,1.0,858000,1958000,858000,1486100,https://www.work24.go.kr/hr/a/a/3100/selectTracseDetl.do?tracseId=AIG20250000509002&tracseTme=9&crseTracseSe=C0061&trainstCstmrId=500042912111,1,0,0,드론
567,AIG20250000509639,14,26년 드론 국가자격증 1종 실기교육,새만금항공주식회사,09040105,09040105,소형무인기운용·조종,전북,전주시,비원격,2026-05-30,2026-06-28,종료,8,2,2,2,2,100.0,0.25,0.25,1.0,572000,1700000,572000,1385400,https://www.work24.go.kr/hr/a/a/3100/selectTracseDetl.do?tracseId=AIG20250000509639&tracseTme=14&crseTracseSe=C0061&trainstCstmrId=500034120375,0,0,0,드론
572,ACG20263001192049,56,드론 기초기술 현장적용 가이드,러닝플러스 주식회사,20010102,20010102,정보기술컨설팅,부산,부산진구,원격,2026-06-01,2026-06-30,종료,500,0,0,,0,,0.0,0.0,,62370,62370,62370,28070,https://www.work24.go.kr/hr/a/a/3100/selectTracseDetl.do?tracseId=ACG20263001192049&tracseTme=56&crseTracseSe=C0031&trainstCstmrId=500020021711,0,1,0,드론
574,AIG20250000505519,13,1종 드론 국가자격증 필기+실기_평일반,서울드론교육원,09040105,09040105,소형무인기운용·조종,서울,서초구,비원격,2026-06-01,2026-06-23,종료,12,7,8,7,7,87.4,0.5833333333333334,0.6666666666666666,1.0,915200,1915200,915200,1411840,https://www.work24.go.kr/hr/a/a/3100/selectTracseDetl.do?tracseId=AIG20250000505519&tracseTme=13&crseTracseSe=C0061&trainstCstmrId=500035861333,0,0,0,드론
577,AIG20250000509002,10,드론 1종 조종자 국가자격증(필기시험면제자체실기시험),이아이실용전문학원,09040105,09040105,소형무인기운용·조종,경기,시흥시,비원격,2026-06-01,2026-06-19,종료,4,4,5,4,4,97.5,1.0,1.25,1.0,858000,1958000,858000,1486100,https://www.work24.go.kr/hr/a/a/3100/selectTracseDetl.do?tracseId=AIG20250000509002&tracseTme=10&crseTracseSe=C0061&trainstCstmrId=500042912111,1,0,0,드론
573,AIG20250000509639,16,26년 드론 국가자격증 1종 실기교육,새만금항공주식회사,09040105,09040105,소형무인기운용·조종,전북,전주시,비원격,2026-06-01,2026-06-12,종료,8,3,3,3,3,100.0,0.375,0.375,1.0,572000,1700000,572000,1385400,https://www.work24.go.kr/hr/a/a/3100/selectTracseDetl.do?tracseId=AIG20250000509639&tracseTme=16&crseTracseSe=C0061&trainstCstmrId=500034120375,0,0,0,드론
571,AIG20250000528466,4,드론 조종자 1종 국가자격 취득과정 (학과+실기_평일반),구름무인항공교육원,09040105,09040105,소형무인기운용·조종,경기,평택시,비원격,2026-06-01,2026-06-19,종료,8,3,4,4,2,100.0,0.375,0.5,0.5,858000,1950000,858000,1478100,https://www.work24.go.kr/hr/a/a/3100/selectTracseDetl.do?tracseId=AIG20250000528466&tracseTme=4&crseTracseSe=C0061&trainstCstmrId=500042856540,0,0,0,드론
578,AIG20250000532096,15,(드론)조종자 1종 국가 자격증 취득과정(실기),주식회사지디에이경기드론교육원,09040105,09040105,소형무인기운용·조종,서울,구로구,비원격,2026-06-01,2026-06-12,종료,8,0,0,,0,88.9,0.0,0.0,,572000,1500000,572000,1185400,https://www.work24.go.kr/hr/a/a/3100/selectTracseDetl.do?tracseId=AIG20250000532096&tracseTme=15&crseTracseSe=C0061&trainstCstmrId=500042767878,0,0,0,드론
570,AIG20250000534362,8,초경량비행장치 무인멀티콥터 취득과정(평일),강남무인항공,09040105,09040105,소형무인기운용·조종,전북,장수군,비원격,2026-06-01,2026-06-19,종료,8,0,1,,0,100.0,0.0,0.125,,858000,1500000,858000,1028100,https://www.work24.go.kr/hr/a/a/3100/selectTracseDetl.do?tracseId=AIG20250000534362&tracseTme=8&crseTracseSe=C0061&trainstCstmrId=500034689871,0,0,0,드론
575,AIG20250000535466,1,드론 국가자격증 1종 취득과정,순천스카이드론교육원(미래진로직업체험센터),09040105,09040105,소형무인기운용·조종,광주,순천시,비원격,2026-06-01,2026-06-22,종료,8,3,3,3,3,100.0,0.375,0.375,1.0,858000,1600000,858000,1128100,https://www.work24.go.kr/hr/a/a/3100/selectTracseDetl.do?tracseId=AIG20250000535466&tracseTme=1&crseTracseSe=C0061&trainstCstmrId=500038928017,0,0,0,드론
576,AIG20250000536111,4,드론국가자격1종과정,영천드론자격시험교육센터,09040105,09040105,소형무인기운용·조종,대구,동구,비원격,2026-06-01,2026-07-01,종료,8,5,5,5,5,98.5,0.625,0.625,1.0,1172600,1800000,1172600,1155070,https://www.work24.go.kr/hr/a/a/3100/selectTracseDetl.do?tracseId=AIG20250000536111&tracseTme=4&crseTracseSe=C0061&trainstCstmrId=500040315040,0,0,0,드론
580,ACG20263001192049,57,드론 기초기술 현장적용 가이드,러닝플러스 주식회사,20010102,20010102,정보기술컨설팅,부산,부산진구,원격,2026-06-02,2026-07-01,종료,500,0,0,,0,,0.0,0.0,,62370,62370,62370,28070,https://www.work24.go.kr/hr/a/a/3100/selectTracseDetl.do?tracseId=ACG20263001192049&tracseTme=57&crseTracseSe=C0031&trainstCstmrId=500020021711,0,1,0,드론
581,AIG20250000516429,5,초경량비행장치 무인멀티콥터(드론) 1종 자격(실기비행),부산경상대학교산학협력단,09040105,09040105,소형무인기운용·조종,부산,연제구,비원격,2026-06-02,2026-06-24,종료,4,0,1,,0,,0.0,0.25,,715000,1500000,715000,1106750,https://www.work24.go.kr/hr/a/a/3100/selectTracseDetl.do?tracseId=AIG20250000516429&tracseTme=5&crseTracseSe=C0061&trainstCstmrId=500044212779,0,1,0,드론
579,AIG20250000531939,5,초경량비행장치 무인멀티콥터 조종자 3종,경남에스케이드론주식회사,09040105,09040105,소형무인기운용·조종,경남,고성군,비원격,2026-06-02,2026-06-10,종료,4,2,2,2,2,100.0,0.5,0.5,1.0,371800,800000,371800,595510,https://www.work24.go.kr/hr/a/a/3100/selectTracseDetl.do?tracseId=AIG20250000531939&tracseTme=5&crseTracseSe=C0061&trainstCstmrId=500045609416,0,0,0,드론
583,ACG20263001154048,17,[촬영용 드론] 드론을 활용한 영상촬영 및 편집기술,케이지에듀원 원격평생교육원,09040105,09040105,소형무인기운용·조종,서울,동작구,원격,2026-06-03,2026-07-02,종료,500,0,0,,0,100.0,0.0,0.0,,50490,50490,50490,22730,https://www.work24.go.kr/hr/a/a/3100/selectTracseDetl.do?tracseId=ACG20263001154048&tracseTme=17&crseTracseSe=C0031&trainstCstmrId=500020015894,0,0,0,드론
582,AIG20250000539926,28,"[중장년층 디지털 전환] 드론, 이론부터 코딩까지 올인원 패키지",미래디지털 원격평생교육원,20010202,20010202,응용SW엔지니어링,서울,강서구,원격,2026-06-03,2026-07-02,종료,100,48,69,48,45,78.6,0.48,0.69,0.9375,288000,288000,0,28800,https://www.work24.go.kr/hr/a/a/3100/selectTracseDetl.do?tracseId=AIG20250000539926&tracseTme=28&crseTracseSe=C0105&trainstCstmrId=500020011130,0,0,0,드론
586,ACG20263001192049,58,드론 기초기술 현장적용 가이드,러닝플러스 주식회사,20010102,20010102,정보기술컨설팅,부산,부산진구,원격,2026-06-04,2026-07-03,종료,500,0,0,,0,,0.0,0.0,,62370,62370,62370,28070,https://www.work24.go.kr/hr/a/a/3100/selectTracseDetl.do?tracseId=ACG20263001192049&tracseTme=58&crseTracseSe=C0031&trainstCstmrId=500020021711,0,1,0,드론
584,AIG20250000515467,12,드론 국가자격증1종[이론+실기],(주)충남무인항공교육원,09040105,09040105,소형무인기운용·조종,충남,천안시,비원격,2026-06-04,2026-06-24,종료,8,1,3,1,1,98.0,0.125,0.375,1.0,858000,1900000,858000,1428100,https://www.work24.go.kr/hr/a/a/3100/selectTracseDetl.do?tracseId=AIG20250000515467&tracseTme=12&crseTracseSe=C0061&trainstCstmrId=500034750847,0,0,0,드론
589,AIG20250000519996,1,드론 (1종) 국가자격증 취득과정(실기),신한글로벌인재교육원,09040105,09040105,소형무인기운용·조종,경기,의정부시,비원격,2026-06-04,2026-06-19,종료,2,1,1,1,1,,0.5,0.5,1.0,400400,1590400,400400,1370180,https://www.work24.go.kr/hr/a/a/3100/selectTracseDetl.do?tracseId=AIG20250000519996&tracseTme=1&crseTracseSe=C0061&trainstCstmrId=500020031915,0,1,0,드론
587,AIG20250000539903,33,파이썬으로 제어하는 AI드론,미라클평생교육원,20010202,20010202,응용SW엔지니어링,전북,전주시,원격,2026-06-04,2026-07-03,종료,200,12,13,12,10,93.6,0.06,0.065,0.8333333333333334,490000,490000,0,49000,https://www.work24.go.kr/hr/a/a/3100/selectTracseDetl.do?tracseId=AIG20250000539903&tracseTme=33&crseTracseSe=C0105&trainstCstmrId=500033164282,0,0,0,드론
585,AIG20253001127150,6,(산대특 고용위기 선제대응) 드론을 활용한 영상촬영 및 자격증 취득과정,금성직업전문학교,09040105,09040105,소형무인기운용·조종,광주,동구,비원격,2026-06-04,2026-08-13,종료,10,10,15,10,9,100.0,1.0,1.5,0.9,1282710,1282710,1282710,128280,https://www.work24.go.kr/hr/a/a/3100/selectTracseDetl.do?tracseId=AIG20253001127150&tracseTme=6&crseTracseSe=C0061&trainstCstmrId=500020036003,1,0,0,드론
588,AVA20253001112867,37,"드론 활용실무(건설, 물류, 방제용 드론)",사단법인 한국에듀테크산업협회,09040105,09040105,소형무인기운용·조종,서울,강남구,원격,2026-06-04,2026-07-01,종료,500,0,1,,0,85.7,0.0,0.002,,62370,62370,62370,28070,https://www.work24.go.kr/hr/a/a/3100/selectTracseDetl.do?tracseId=AVA20253001112867&tracseTme=37&crseTracseSe=C0055&trainstCstmrId=500020013301,0,0,0,드론
590,ACG20263001192049,59,드론 기초기술 현장적용 가이드,러닝플러스 주식회사,20010102,20010102,정보기술컨설팅,부산,부산진구,원격,2026-06-05,2026-07-04,종료,500,0,0,,0,,0.0,0.0,,62370,62370,62370,28070,https://www.work24.go.kr/hr/a/a/3100/selectTracseDetl.do?tracseId=ACG20263001192049&tracseTme=59&crseTracseSe=C0031&trainstCstmrId=500020021711,0,1,0,드론
592,AIG20250000510905,11,드론 국가자격증 1종[필기+실기]무인멀티콥터,새동엔지니어링(주) 드론교육원,09040105,09040105,소형무인기운용·조종,서울,관악구,비원격,2026-06-06,2026-07-25,종료,12,2,5,2,2,92.9,0.16666666666666666,0.4166666666666667,1.0,858000,1858000,858000,1386100,https://www.work24.go.kr/hr/a/a/3100/selectTracseDetl.do?tracseId=AIG20250000510905&tracseTme=11&crseTracseSe=C0061&trainstCstmrId=500037079851,0,0,0,드론
591,AIG20250000513132,11,드론 국가자격증 1종 실기반(무인멀티콥터),새동엔지니어링(주) 드론교육원,09040105,09040105,소형무인기운용·조종,서울,관악구,비원격,2026-06-06,2026-07-05,종료,4,2,4,2,2,100.0,0.5,1.0,1.0,572000,1372000,572000,1057400,https://www.work24.go.kr/hr/a/a/3100/selectTracseDetl.do?tracseId=AIG20250000513132&tracseTme=11&crseTracseSe=C0061&trainstCstmrId=500037079851,0,0,0,드론
593,AIG20250000519760,2,드론 (1종) 국가자격증 취득과정(필기+실기),신한글로벌인재교육원,09040105,09040105,소형무인기운용·조종,경기,의정부시,비원격,2026-06-07,2026-07-26,종료,8,4,4,4,4,96.4,0.5,0.5,1.0,858000,2048000,858000,1576100,https://www.work24.go.kr/hr/a/a/3100/selectTracseDetl.do?tracseId=AIG20250000519760&tracseTme=2&crseTracseSe=C0061&trainstCstmrId=500020031915,0,0,0,드론
597,ACG20263001192049,60,드론 기초기술 현장적용 가이드,러닝플러스 주식회사,20010102,20010102,정보기술컨설팅,부산,부산진구,원격,2026-06-08,2026-07-07,종료,500,0,0,,0,,0.0,0.0,,62370,62370,62370,28070,https://www.work24.go.kr/hr/a/a/3100/selectTracseDetl.do?tracseId=ACG20263001192049&tracseTme=60&crseTracseSe=C0031&trainstCstmrId=500020021711,0,1,0,드론
599,AIG20250000510905,12,드론 국가자격증 1종[필기+실기]무인멀티콥터,새동엔지니어링(주) 드론교육원,09040105,09040105,소형무인기운용·조종,서울,관악구,비원격,2026-06-08,2026-06-26,종료,12,4,6,4,4,92.9,0.3333333333333333,0.5,1.0,858000,1858000,858000,1386100,https://www.work24.go.kr/hr/a/a/3100/selectTracseDetl.do?tracseId=AIG20250000510905&tracseTme=12&crseTracseSe=C0061&trainstCstmrId=500037079851,0,0,0,드론
600,AIG20250000511074,3,[이론+실기]초경량비행장치 무인멀티콥터 드론 국가자격증 1종 취득과정 주중반[전문교육기관],한국항공대학교 산학협력단 (비행교육원),09040105,09040105,소형무인기운용·조종,경기,고양시,비원격,2026-06-08,2026-07-08,종료,9,3,3,6,3,94.6,0.3333333333333333,0.3333333333333333,0.5,858000,3000000,858000,2528100,https://www.work24.go.kr/hr/a/a/3100/selectTracseDetl.do?tracseId=AIG20250000511074&tracseTme=3&crseTracseSe=C0061&trainstCstmrId=500020027370,0,0,0,드론
598,AIG20250000513132,12,드론 국가자격증 1종 실기반(무인멀티콥터),새동엔지니어링(주) 드론교육원,09040105,09040105,소형무인기운용·조종,서울,관악구,비원격,2026-06-08,2026-06-19,종료,4,2,2,2,2,100.0,0.5,0.5,1.0,572000,1372000,572000,1057400,https://www.work24.go.kr/hr/a/a/3100/selectTracseDetl.do?tracseId=AIG20250000513132&tracseTme=12&crseTracseSe=C0061&trainstCstmrId=500037079851,0,0,0,드론
594,AIG20250000529814,11,드론 1종 국가자격증 취득과정,(주)스마트항공,09040105,09040105,소형무인기운용·조종,부산,사상구,비원격,2026-06-08,2026-06-26,종료,8,3,6,3,3,99.5,0.375,0.75,1.0,858000,1980000,858000,1508100,https://www.work24.go.kr/hr/a/a/3100/selectTracseDetl.do?tracseId=AIG20250000529814&tracseTme=11&crseTracseSe=C0061&trainstCstmrId=500042519804,0,0,0,드론
596,AIG20250000532017,11,초경량비행장치 (드론) 1종 국가자격취득과정(이론+실기),KDA 한국드론교육원,09040105,09040105,소형무인기운용·조종,경기,화성시,비원격,2026-06-08,2026-06-26,종료,8,1,1,1,1,96.8,0.125,0.125,1.0,858000,1980000,858000,1508100,https://www.work24.go.kr/hr/a/a/3100/selectTracseDetl.do?tracseId=AIG20250000532017&tracseTme=11&crseTracseSe=C0061&trainstCstmrId=500042774065,0,0,0,드론
595,AIG20250000532020,13,초경량비행장치 (드론) 1종 국가자격취득과정(실기),KDA 한국드론교육원,09040105,09040105,소형무인기운용·조종,경기,화성시,비원격,2026-06-08,2026-06-19,종료,8,0,0,,0,98.0,0.0,0.0,,572000,1500000,572000,1185400,https://www.work24.go.kr/hr/a/a/3100/selectTracseDetl.do?tracseId=AIG20250000532020&tracseTme=13&crseTracseSe=C0061&trainstCstmrId=500042774065,0,0,0,드론
601,ACG20263001192049,61,드론 기초기술 현장적용 가이드,러닝플러스 주식회사,20010102,20010102,정보기술컨설팅,부산,부산진구,원격,2026-06-09,2026-07-08,종료,500,0,0,,0,,0.0,0.0,,62370,62370,62370,28070,https://www.work24.go.kr/hr/a/a/3100/selectTracseDetl.do?tracseId=ACG20263001192049&tracseTme=61&crseTracseSe=C0031&trainstCstmrId=500020021711,0,1,0,드론
605,ACG20263001154048,18,[촬영용 드론] 드론을 활용한 영상촬영 및 편집기술,케이지에듀원 원격평생교육원,09040105,09040105,소형무인기운용·조종,서울,동작구,원격,2026-06-10,2026-07-09,종료,500,1,2,1,0,100.0,0.002,0.004,0.0,50490,50490,50490,22730,https://www.work24.go.kr/hr/a/a/3100/selectTracseDetl.do?tracseId=ACG20263001154048&tracseTme=18&crseTracseSe=C0031&trainstCstmrId=500020015894,0,0,0,드론
602,ACG20263001192049,62,드론 기초기술 현장적용 가이드,러닝플러스 주식회사,20010102,20010102,정보기술컨설팅,부산,부산진구,원격,2026-06-10,2026-07-09,종료,500,0,0,,0,,0.0,0.0,,62370,62370,62370,28070,https://www.work24.go.kr/hr/a/a/3100/selectTracseDetl.do?tracseId=ACG20263001192049&tracseTme=62&crseTracseSe=C0031&trainstCstmrId=500020021711,0,1,0,드론
603,AIG20250000539903,34,파이썬으로 제어하는 AI드론,미라클평생교육원,20010202,20010202,응용SW엔지니어링,전북,전주시,원격,2026-06-10,2026-07-09,종료,200,11,13,11,10,93.6,0.055,0.065,0.9090909090909091,490000,490000,0,49000,https://www.work24.go.kr/hr/a/a/3100/selectTracseDetl.do?tracseId=AIG20250000539903&tracseTme=34&crseTracseSe=C0105&trainstCstmrId=500033164282,0,0,0,드론
604,AIG20250000539926,29,"[중장년층 디지털 전환] 드론, 이론부터 코딩까지 올인원 패키지",미래디지털 원격평생교육원,20010202,20010202,응용SW엔지니어링,서울,강서구,원격,2026-06-10,2026-07-09,종료,100,58,81,58,57,78.6,0.58,0.81,0.9827586206896551,288000,288000,0,28800,https://www.work24.go.kr/hr/a/a/3100/selectTracseDetl.do?tracseId=AIG20250000539926&tracseTme=29&crseTracseSe=C0105&trainstCstmrId=500020011130,0,0,0,드론
606,ACG20263001192049,63,드론 기초기술 현장적용 가이드,러닝플러스 주식회사,20010102,20010102,정보기술컨설팅,부산,부산진구,원격,2026-06-11,2026-07-10,종료,500,0,0,,0,,0.0,0.0,,62370,62370,62370,28070,https://www.work24.go.kr/hr/a/a/3100/selectTracseDetl.do?tracseId=ACG20263001192049&tracseTme=63&crseTracseSe=C0031&trainstCstmrId=500020021711,0,1,0,드론
607,ACG20263001251328,5,"드론, 새로운 차세대 아이템",미라클평생교육원,09040105,09040105,소형무인기운용·조종,전북,전주시,원격,2026-06-11,2026-07-10,종료,2500,0,0,,0,100.0,0.0,0.0,,123200,123200,123200,55440,https://www.work24.go.kr/hr/a/a/3100/selectTracseDetl.do?tracseId=ACG20263001251328&tracseTme=5&crseTracseSe=C0031&trainstCstmrId=500033164282,0,0,0,드론
609,AIG20250000502620,11,초경량비행장치 무인멀티콥터(드론)조종자 1종 국가자격취득과정(이론+실기),중부드론교육원,09040105,09040105,소형무인기운용·조종,충북,음성군,비원격,2026-06-11,2026-07-01,종료,8,1,1,3,1,100.0,0.125,0.125,0.3333333333333333,858000,2000000,858000,1442300,https://www.work24.go.kr/hr/a/a/3100/selectTracseDetl.do?tracseId=AIG20250000502620&tracseTme=11&crseTracseSe=C0061&trainstCstmrId=500039127578,0,0,0,드론
610,AIG20250000531843,9,초경량비행장치(드론) 무인 멀티콥터 조종자 3종 자격증 취득과정,중부드론교육원,09040105,09040105,소형무인기운용·조종,충북,음성군,비원격,2026-06-11,2026-06-19,종료,8,0,0,,0,,0.0,0.0,,357500,600000,357500,367630,https://www.work24.go.kr/hr/a/a/3100/selectTracseDetl.do?tracseId=AIG20250000531843&tracseTme=9&crseTracseSe=C0061&trainstCstmrId=500039127578,0,1,0,드론
608,AVA20253001112867,38,"드론 활용실무(건설, 물류, 방제용 드론)",사단법인 한국에듀테크산업협회,09040105,09040105,소형무인기운용·조종,서울,강남구,원격,2026-06-11,2026-07-08,종료,500,0,0,,0,85.7,0.0,0.0,,62370,62370,62370,28070,https://www.work24.go.kr/hr/a/a/3100/selectTracseDetl.do?tracseId=AVA20253001112867&tracseTme=38&crseTracseSe=C0055&trainstCstmrId=500020013301,0,0,0,드론
611,ACG20263001192049,64,드론 기초기술 현장적용 가이드,러닝플러스 주식회사,20010102,20010102,정보기술컨설팅,부산,부산진구,원격,2026-06-12,2026-07-11,종료,500,0,0,,0,,0.0,0.0,,62370,62370,62370,28070,https://www.work24.go.kr/hr/a/a/3100/selectTracseDetl.do?tracseId=ACG20263001192049&tracseTme=64&crseTracseSe=C0031&trainstCstmrId=500020021711,0,1,0,드론
612,AIG20250000514827,4,1종 드론국가자격증 취득과정 필기+실기,(주)케이드론 부설 대한무인항공교육원,09040105,09040105,소형무인기운용·조종,강원,원주시,비원격,2026-06-13,2026-08-08,종료,12,4,4,7,4,71.4,0.3333333333333333,0.3333333333333333,0.5714285714285714,915200,1915200,915200,1411840,https://www.work24.go.kr/hr/a/a/3100/selectTracseDetl.do?tracseId=AIG20250000514827&tracseTme=4&crseTracseSe=C0061&trainstCstmrId=500035879387,0,0,0,드론
613,AIG20250000529268,2,드론 조종자 1종 국가자격 취득 과정 (학과_주말반),구름무인항공교육원,09040105,09040105,소형무인기운용·조종,경기,평택시,비원격,2026-06-13,2026-06-27,종료,8,0,2,2,0,100.0,0.0,0.25,0.0,286000,450000,286000,292700,https://www.work24.go.kr/hr/a/a/3100/selectTracseDetl.do?tracseId=AIG20250000529268&tracseTme=2&crseTracseSe=C0061&trainstCstmrId=500042856540,0,0,0,드론
614,AIG20260000547151,1,초경량비행장치(드론 vtol 3종) 조종자 국가자격증 취득,누리드론교육원,09040105,09040105,소형무인기운용·조종,경남,김해시,비원격,2026-06-13,2026-07-05,종료,4,0,0,,0,,0.0,0.0,,457600,1357600,457600,1105920,https://www.work24.go.kr/hr/a/a/3100/selectTracseDetl.do?tracseId=AIG20260000547151&tracseTme=1&crseTracseSe=C0061&trainstCstmrId=500041601289,0,1,0,드론
615,AIG20250000509552,16,26년 드론 국가자격증 학과교육,새만금항공주식회사,09040105,09040105,소형무인기운용·조종,전북,전주시,비원격,2026-06-14,2026-06-28,종료,8,0,0,,0,100.0,0.0,0.0,,286000,300000,286000,142700,https://www.work24.go.kr/hr/a/a/3100/selectTracseDetl.do?tracseId=AIG20250000509552&tracseTme=16&crseTracseSe=C0061&trainstCstmrId=500034120375,0,0,0,드론
619,ACG20263001192049,65,드론 기초기술 현장적용 가이드,러닝플러스 주식회사,20010102,20010102,정보기술컨설팅,부산,부산진구,원격,2026-06-15,2026-07-14,종료,500,0,0,,0,,0.0,0.0,,62370,62370,62370,28070,https://www.work24.go.kr/hr/a/a/3100/selectTracseDetl.do?tracseId=ACG20263001192049&tracseTme=65&crseTracseSe=C0031&trainstCstmrId=500020021711,0,1,0,드론
617,AIG20250000501335,6,AIOT 기반 드론 영상 관제시스템 프로젝트 개발,DW아카데미학원,20010202,20010202,응용SW엔지니어링,대전,중구,비원격,2026-06-15,2027-01-07,진행중,30,17,23,17,0,82.5,0.5666666666666667,0.7666666666666667,,10687040,10687040,10687040,400000,https://www.work24.go.kr/hr/a/a/3100/selectTracseDetl.do?tracseId=AIG20250000501335&tracseTme=6&crseTracseSe=C0061&trainstCstmrId=500020022702,0,0,0,드론
621,AIG20250000505532,7,항공촬영드론조종교육 + 3종,서울드론교육원,09040105,09040105,소형무인기운용·조종,서울,서초구,비원격,2026-06-15,2026-06-26,종료,12,4,4,5,4,75.0,0.3333333333333333,0.3333333333333333,0.8,572000,792000,572000,477400,https://www.work24.go.kr/hr/a/a/3100/selectTracseDetl.do?tracseId=AIG20250000505532&tracseTme=7&crseTracseSe=C0061&trainstCstmrId=500035861333,0,0,0,드론
616,AIG20250000506180,7,1종 드론국가자격증 취득과정 필기+실기 _평일반,(주)케이드론 부설 대한무인항공교육원,09040105,09040105,소형무인기운용·조종,강원,원주시,비원격,2026-06-15,2026-07-06,종료,12,0,3,,0,97.1,0.0,0.25,,915200,1915200,915200,1411840,https://www.work24.go.kr/hr/a/a/3100/selectTracseDetl.do?tracseId=AIG20250000506180&tracseTme=7&crseTracseSe=C0061&trainstCstmrId=500035879387,0,0,0,드론
625,AIG20250000509002,11,드론 1종 조종자 국가자격증(필기시험면제자체실기시험),이아이실용전문학원,09040105,09040105,소형무인기운용·조종,경기,시흥시,비원격,2026-06-15,2026-07-03,종료,4,4,8,4,4,97.5,1.0,2.0,1.0,858000,1958000,858000,1486100,https://www.work24.go.kr/hr/a/a/3100/selectTracseDetl.do?tracseId=AIG20250000509002&tracseTme=11&crseTracseSe=C0061&trainstCstmrId=500042912111,1,0,0,드론
620,AIG20250000509639,17,26년 드론 국가자격증 1종 실기교육,새만금항공주식회사,09040105,09040105,소형무인기운용·조종,전북,전주시,비원격,2026-06-15,2026-06-26,종료,8,0,0,,0,100.0,0.0,0.0,,572000,1700000,572000,1385400,https://www.work24.go.kr/hr/a/a/3100/selectTracseDetl.do?tracseId=AIG20250000509639&tracseTme=17&crseTracseSe=C0061&trainstCstmrId=500034120375,0,0,0,드론
618,AIG20250000511659,3,초경량비행장치 무인멀티콥터 조종자 1종,경남에스케이드론주식회사,09040105,09040105,소형무인기운용·조종,경남,고성군,비원격,2026-06-15,2026-07-06,종료,8,2,2,2,2,100.0,0.25,0.25,1.0,872300,2300000,872300,1820240,https://www.work24.go.kr/hr/a/a/3100/selectTracseDetl.do?tracseId=AIG20250000511659&tracseTme=3&crseTracseSe=C0061&trainstCstmrId=500045609416,0,0,0,드론
623,AIG20250000516588,1,드론 조립 및 분해(유지보수),신한글로벌인재교육원,09040105,09040105,소형무인기운용·조종,경기,의정부시,비원격,2026-06-15,2026-06-25,종료,8,5,9,5,5,97.6,0.625,1.125,1.0,257400,357400,257400,215830,https://www.work24.go.kr/hr/a/a/3100/selectTracseDetl.do?tracseId=AIG20250000516588&tracseTme=1&crseTracseSe=C0061&trainstCstmrId=500020031915,1,0,0,드론
626,AIG20250000520984,8,드론 1종 조종자 자격증 취득과정 (이론+실기)[평일반],주식회사스카이엔터프라이즈,09040105,09040105,소형무인기운용·조종,대구,달서구,비원격,2026-06-15,2026-07-07,종료,8,2,5,6,2,96.4,0.25,0.625,0.3333333333333333,972400,1990000,972400,1455180,https://www.work24.go.kr/hr/a/a/3100/selectTracseDetl.do?tracseId=AIG20250000520984&tracseTme=8&crseTracseSe=C0061&trainstCstmrId=500035342034,0,0,0,드론
624,AIG20250000527495,11,초경량비행장치 드론 1종 국가자격증 취득 과정,알씨스카이 부설 무인기술UAV교육원,09040105,09040105,소형무인기운용·조종,경남,창원시,비원격,2026-06-15,2026-07-03,종료,8,1,1,1,1,100.0,0.125,0.125,1.0,858000,1980000,858000,1508100,https://www.work24.go.kr/hr/a/a/3100/selectTracseDetl.do?tracseId=AIG20250000527495&tracseTme=11&crseTracseSe=C0061&trainstCstmrId=500035425743,0,0,0,드론
627,AIG20250000532091,11,(드론)조종자 1종 국가 자격증 취득과정,주식회사지디에이경기드론교육원,09040105,09040105,소형무인기운용·조종,서울,구로구,비원격,2026-06-15,2026-07-03,종료,8,5,6,5,5,97.3,0.625,0.75,1.0,858000,1980000,858000,1508100,https://www.work24.go.kr/hr/a/a/3100/selectTracseDetl.do?tracseId=AIG20250000532091&tracseTme=11&crseTracseSe=C0061&trainstCstmrId=500042767878,0,0,0,드론
628,AIG20250000532096,16,(드론)조종자 1종 국가 자격증 취득과정(실기),주식회사지디에이경기드론교육원,09040105,09040105,소형무인기운용·조종,서울,구로구,비원격,2026-06-15,2026-06-26,종료,8,0,0,,0,88.9,0.0,0.0,,572000,1500000,572000,1185400,https://www.work24.go.kr/hr/a/a/3100/selectTracseDetl.do?tracseId=AIG20250000532096&tracseTme=16&crseTracseSe=C0061&trainstCstmrId=500042767878,0,0,0,드론
629,AIG20260000545210,1,초경량비행장치 (드론) 1종 국가자격취득과정(필기 실기),코리아무인항공,09040105,09040105,소형무인기운용·조종,전북,남원시,비원격,2026-06-15,2026-07-03,종료,8,0,0,,0,,0.0,0.0,,858000,2000000,858000,1528100,https://www.work24.go.kr/hr/a/a/3100/selectTracseDetl.do?tracseId=AIG20260000545210&tracseTme=1&crseTracseSe=C0061&trainstCstmrId=500041597429,0,1,0,드론
622,AIG20263001258359,2,(산대특) 드론 조종 및 측량&3D모델링 (육성),신한글로벌인재교육원,09040105,09040105,소형무인기운용·조종,경기,의정부시,비원격,2026-06-15,2026-09-22,진행중,10,5,9,5,0,95.2,0.5,0.9,,4749740,4749740,4749740,300000,https://www.work24.go.kr/hr/a/a/3100/selectTracseDetl.do?tracseId=AIG20263001258359&tracseTme=2&crseTracseSe=C0061&trainstCstmrId=500020031915,0,0,0,드론
631,ACG20263001192049,66,드론 기초기술 현장적용 가이드,러닝플러스 주식회사,20010102,20010102,정보기술컨설팅,부산,부산진구,원격,2026-06-16,2026-07-15,종료,500,0,0,,0,,0.0,0.0,,62370,62370,62370,28070,https://www.work24.go.kr/hr/a/a/3100/selectTracseDetl.do?tracseId=ACG20263001192049&tracseTme=66&crseTracseSe=C0031&trainstCstmrId=500020021711,0,1,0,드론
632,AIG20250000503351,5,드론국가자격증1종취득 실기,상무무인항공교육원,09040105,09040105,소형무인기운용·조종,광주,보성군,비원격,2026-06-16,2026-07-06,종료,4,2,2,2,2,100.0,0.5,0.5,1.0,858000,1900000,858000,1428100,https://www.work24.go.kr/hr/a/a/3100/selectTracseDetl.do?tracseId=AIG20250000503351&tracseTme=5&crseTracseSe=C0061&trainstCstmrId=500040134607,0,0,0,드론
630,AIG20260000547151,2,초경량비행장치(드론 vtol 3종) 조종자 국가자격증 취득,누리드론교육원,09040105,09040105,소형무인기운용·조종,경남,김해시,비원격,2026-06-16,2026-06-25,종료,4,0,0,,0,,0.0,0.0,,457600,1357600,457600,1105920,https://www.work24.go.kr/hr/a/a/3100/selectTracseDetl.do?tracseId=AIG20260000547151&tracseTme=2&crseTracseSe=C0061&trainstCstmrId=500041601289,0,1,0,드론
636,ACG20263001154048,19,[촬영용 드론] 드론을 활용한 영상촬영 및 편집기술,케이지에듀원 원격평생교육원,09040105,09040105,소형무인기운용·조종,서울,동작구,원격,2026-06-17,2026-07-16,종료,500,0,0,,0,100.0,0.0,0.0,,50490,50490,50490,22730,https://www.work24.go.kr/hr/a/a/3100/selectTracseDetl.do?tracseId=ACG20263001154048&tracseTme=19&crseTracseSe=C0031&trainstCstmrId=500020015894,0,0,0,드론
633,ACG20263001192049,67,드론 기초기술 현장적용 가이드,러닝플러스 주식회사,20010102,20010102,정보기술컨설팅,부산,부산진구,원격,2026-06-17,2026-07-16,종료,500,0,0,,0,,0.0,0.0,,62370,62370,62370,28070,https://www.work24.go.kr/hr/a/a/3100/selectTracseDetl.do?tracseId=ACG20263001192049&tracseTme=67&crseTracseSe=C0031&trainstCstmrId=500020021711,0,1,0,드론
634,AIG20250000539903,35,파이썬으로 제어하는 AI드론,미라클평생교육원,20010202,20010202,응용SW엔지니어링,전북,전주시,원격,2026-06-17,2026-07-16,종료,200,7,10,7,7,93.6,0.035,0.05,1.0,490000,490000,0,49000,https://www.work24.go.kr/hr/a/a/3100/selectTracseDetl.do?tracseId=AIG20250000539903&tracseTme=35&crseTracseSe=C0105&trainstCstmrId=500033164282,0,0,0,드론
635,AIG20250000539926,30,"[중장년층 디지털 전환] 드론, 이론부터 코딩까지 올인원 패키지",미래디지털 원격평생교육원,20010202,20010202,응용SW엔지니어링,서울,강서구,원격,2026-06-17,2026-07-16,종료,100,44,69,44,40,78.6,0.44,0.69,0.9090909090909091,288000,288000,0,28800,https://www.work24.go.kr/hr/a/a/3100/selectTracseDetl.do?tracseId=AIG20250000539926&tracseTme=30&crseTracseSe=C0105&trainstCstmrId=500020011130,0,0,0,드론
639,ACG20263001192049,68,드론 기초기술 현장적용 가이드,러닝플러스 주식회사,20010102,20010102,정보기술컨설팅,부산,부산진구,원격,2026-06-18,2026-07-17,종료,500,0,0,,0,,0.0,0.0,,62370,62370,62370,28070,https://www.work24.go.kr/hr/a/a/3100/selectTracseDetl.do?tracseId=ACG20263001192049&tracseTme=68&crseTracseSe=C0031&trainstCstmrId=500020021711,0,1,0,드론
638,AIG20250000529150,2,드론을 활용한 충해예방 방제 전문가 양성과정,드론항공평생교육원,09040105,09040105,소형무인기운용·조종,제주,서귀포시,비원격,2026-06-18,2026-07-13,종료,8,4,7,4,4,92.9,0.5,0.875,1.0,1001000,2000000,1001000,1449450,https://www.work24.go.kr/hr/a/a/3100/selectTracseDetl.do?tracseId=AIG20250000529150&tracseTme=2&crseTracseSe=C0061&trainstCstmrId=500035584309,0,0,0,드론
641,AIG20250000531836,11,드론 (1종) 국가자격증 취득 (실기),중부드론교육원,09040105,09040105,소형무인기운용·조종,충북,음성군,비원격,2026-06-18,2026-07-01,종료,8,0,0,,0,,0.0,0.0,,572000,1500000,572000,1128200,https://www.work24.go.kr/hr/a/a/3100/selectTracseDetl.do?tracseId=AIG20250000531836&tracseTme=11&crseTracseSe=C0061&trainstCstmrId=500039127578,0,1,0,드론
637,AIG20263001247924,2,드론을 활용한 제주관광영상콘텐츠제작 실무자양성과정,드론항공평생교육원,08030212,08030212,드론콘텐츠제작,제주,서귀포시,비원격,2026-06-18,2026-07-16,종료,16,14,15,15,14,94.4,0.875,0.9375,0.9333333333333333,1123200,1123200,1123200,112320,https://www.work24.go.kr/hr/a/a/3100/selectTracseDetl.do?tracseId=AIG20263001247924&tracseTme=2&crseTracseSe=C0061&trainstCstmrId=500035584309,0,0,0,드론
640,AVA20253001112867,39,"드론 활용실무(건설, 물류, 방제용 드론)",사단법인 한국에듀테크산업협회,09040105,09040105,소형무인기운용·조종,서울,강남구,원격,2026-06-18,2026-07-15,종료,500,0,0,,0,85.7,0.0,0.0,,62370,62370,62370,28070,https://www.work24.go.kr/hr/a/a/3100/selectTracseDetl.do?tracseId=AVA20253001112867&tracseTme=39&crseTracseSe=C0055&trainstCstmrId=500020013301,0,0,0,드론
642,ACG20263001192049,69,드론 기초기술 현장적용 가이드,러닝플러스 주식회사,20010102,20010102,정보기술컨설팅,부산,부산진구,원격,2026-06-19,2026-07-18,종료,500,0,0,,0,,0.0,0.0,,62370,62370,62370,28070,https://www.work24.go.kr/hr/a/a/3100/selectTracseDetl.do?tracseId=ACG20263001192049&tracseTme=69&crseTracseSe=C0031&trainstCstmrId=500020021711,0,1,0,드론
646,AIG20250000509002,12,드론 1종 조종자 국가자격증(필기시험면제자체실기시험),이아이실용전문학원,09040105,09040105,소형무인기운용·조종,경기,시흥시,비원격,2026-06-20,2026-08-08,종료,4,4,6,4,4,97.5,1.0,1.5,1.0,858000,1958000,858000,1486100,https://www.work24.go.kr/hr/a/a/3100/selectTracseDetl.do?tracseId=AIG20250000509002&tracseTme=12&crseTracseSe=C0061&trainstCstmrId=500042912111,1,0,0,드론
643,AIG20250000515467,11,드론 국가자격증1종[이론+실기],(주)충남무인항공교육원,09040105,09040105,소형무인기운용·조종,충남,천안시,비원격,2026-06-20,2026-08-08,종료,8,1,3,1,1,98.0,0.125,0.375,1.0,858000,1900000,858000,1428100,https://www.work24.go.kr/hr/a/a/3100/selectTracseDetl.do?tracseId=AIG20250000515467&tracseTme=11&crseTracseSe=C0061&trainstCstmrId=500034750847,0,0,0,드론
645,AIG20250000532017,12,초경량비행장치 (드론) 1종 국가자격취득과정(이론+실기),KDA 한국드론교육원,09040105,09040105,소형무인기운용·조종,경기,화성시,비원격,2026-06-20,2026-08-08,종료,8,1,2,1,1,96.8,0.125,0.25,1.0,858000,1980000,858000,1508100,https://www.work24.go.kr/hr/a/a/3100/selectTracseDetl.do?tracseId=AIG20250000532017&tracseTme=12&crseTracseSe=C0061&trainstCstmrId=500042774065,0,0,0,드론
644,AIG20250000536479,1,초경량비행장치 무인멀티콥터(드론) 3종 조종자 자격증 취득과정,(주)플라이존드론,09040105,09040105,소형무인기운용·조종,경기,안산시,비원격,2026-06-20,2026-07-04,종료,8,0,0,,0,,0.0,0.0,,286000,1000000,286000,842700,https://www.work24.go.kr/hr/a/a/3100/selectTracseDetl.do?tracseId=AIG20250000536479&tracseTme=1&crseTracseSe=C0061&trainstCstmrId=500034250157,0,1,0,드론
647,AIG20250000527495,12,초경량비행장치 드론 1종 국가자격증 취득 과정,알씨스카이 부설 무인기술UAV교육원,09040105,09040105,소형무인기운용·조종,경남,창원시,비원격,2026-06-21,2026-08-09,종료,8,0,0,,0,100.0,0.0,0.0,,858000,1980000,858000,1508100,https://www.work24.go.kr/hr/a/a/3100/selectTracseDetl.do?tracseId=AIG20250000527495&tracseTme=12&crseTracseSe=C0061&trainstCstmrId=500035425743,0,0,0,드론
651,ACG20263001192049,70,드론 기초기술 현장적용 가이드,러닝플러스 주식회사,20010102,20010102,정보기술컨설팅,부산,부산진구,원격,2026-06-22,2026-07-21,종료,500,0,0,,0,,0.0,0.0,,62370,62370,62370,28070,https://www.work24.go.kr/hr/a/a/3100/selectTracseDetl.do?tracseId=ACG20263001192049&tracseTme=70&crseTracseSe=C0031&trainstCstmrId=500020021711,0,1,0,드론
648,AIG20250000504420,6,초경량 비행장치무인멀티콥터(드론)조종자1종과정,(주)규림,09040105,09040105,소형무인기운용·조종,경북,구미시,비원격,2026-06-22,2026-07-17,종료,8,3,5,7,3,92.5,0.375,0.625,0.42857142857142855,1144000,1844000,1144000,1214800,https://www.work24.go.kr/hr/a/a/3100/selectTracseDetl.do?tracseId=AIG20250000504420&tracseTme=6&crseTracseSe=C0061&trainstCstmrId=500037029319,0,0,0,드론
653,AIG20250000505519,14,1종 드론 국가자격증 필기+실기_평일반,서울드론교육원,09040105,09040105,소형무인기운용·조종,서울,서초구,비원격,2026-06-22,2026-07-13,종료,12,9,12,9,9,87.4,0.75,1.0,1.0,915200,1915200,915200,1411840,https://www.work24.go.kr/hr/a/a/3100/selectTracseDetl.do?tracseId=AIG20250000505519&tracseTme=14&crseTracseSe=C0061&trainstCstmrId=500035861333,0,0,0,드론
654,AIG20250000505693,8,드론(무인멀티콥터) 국가자격증 1종 학과 교육 과정,주식회사 비아이티코퍼레이션,09040105,09040105,소형무인기운용·조종,전북,전주시,비원격,2026-06-22,2026-06-26,종료,8,4,4,5,0,96.7,0.5,0.5,0.0,286000,500000,286000,342700,https://www.work24.go.kr/hr/a/a/3100/selectTracseDetl.do?tracseId=AIG20250000505693&tracseTme=8&crseTracseSe=C0061&trainstCstmrId=500042783200,0,0,0,드론
652,AIG20250000509552,17,26년 드론 국가자격증 학과교육,새만금항공주식회사,09040105,09040105,소형무인기운용·조종,전북,전주시,비원격,2026-06-22,2026-06-26,종료,8,0,0,,0,100.0,0.0,0.0,,286000,300000,286000,142700,https://www.work24.go.kr/hr/a/a/3100/selectTracseDetl.do?tracseId=AIG20250000509552&tracseTme=17&crseTracseSe=C0061&trainstCstmrId=500034120375,0,0,0,드론
656,AIG20250000531840,6,드론 지도조종자(교관) 자격취득과정,중부드론교육원,09040105,09040105,소형무인기운용·조종,충북,음성군,비원격,2026-06-22,2026-07-28,종료,2,0,0,,0,71.4,0.0,0.0,,1287000,3000000,1287000,2163450,https://www.work24.go.kr/hr/a/a/3100/selectTracseDetl.do?tracseId=AIG20250000531840&tracseTme=6&crseTracseSe=C0061&trainstCstmrId=500039127578,0,0,0,드론
649,AIG20250000532020,14,초경량비행장치 (드론) 1종 국가자격취득과정(실기),KDA 한국드론교육원,09040105,09040105,소형무인기운용·조종,경기,화성시,비원격,2026-06-22,2026-07-03,종료,8,1,1,1,1,98.0,0.125,0.125,1.0,572000,1500000,572000,1185400,https://www.work24.go.kr/hr/a/a/3100/selectTracseDetl.do?tracseId=AIG20250000532020&tracseTme=14&crseTracseSe=C0061&trainstCstmrId=500042774065,0,0,0,드론
650,AIG20250000534362,9,초경량비행장치 무인멀티콥터 취득과정(평일),강남무인항공,09040105,09040105,소형무인기운용·조종,전북,장수군,비원격,2026-06-22,2026-07-10,종료,8,8,8,8,8,100.0,1.0,1.0,1.0,858000,1500000,858000,1028100,https://www.work24.go.kr/hr/a/a/3100/selectTracseDetl.do?tracseId=AIG20250000534362&tracseTme=9&crseTracseSe=C0061&trainstCstmrId=500034689871,0,0,0,드론
655,AIG20263001303135,1,(산대특) 제주 스마트물류산업 분야 드론배송 실무자 양성과정,주식회사제주도드론,09040105,09040105,소형무인기운용·조종,제주,서귀포시,비원격,2026-06-22,2026-07-10,종료,8,6,8,6,6,97.1,0.75,1.0,1.0,1115400,1115400,1115400,111540,https://www.work24.go.kr/hr/a/a/3100/selectTracseDetl.do?tracseId=AIG20263001303135&tracseTme=1&crseTracseSe=C0061&trainstCstmrId=500037083746,0,0,0,드론
659,ACG20263001192049,71,드론 기초기술 현장적용 가이드,러닝플러스 주식회사,20010102,20010102,정보기술컨설팅,부산,부산진구,원격,2026-06-23,2026-07-22,종료,500,0,0,,0,,0.0,0.0,,62370,62370,62370,28070,https://www.work24.go.kr/hr/a/a/3100/selectTracseDetl.do?tracseId=ACG20263001192049&tracseTme=71&crseTracseSe=C0031&trainstCstmrId=500020021711,0,1,0,드론
658,AIG20240000498076,8,"자율비행 드론 설계 및 제작(솔리드웍스,카티아,3D프린터,제어)",글로벌산업기술교육원,15090105,15090105,소형무인기비행체개발,서울,금천구,비원격,2026-06-23,2026-12-22,진행중,20,11,16,11,0,96.4,0.55,0.8,,18150000,18150000,18150000,600000,https://www.work24.go.kr/hr/a/a/3100/selectTracseDetl.do?tracseId=AIG20240000498076&tracseTme=8&crseTracseSe=C0061&trainstCstmrId=500020021390,0,0,0,드론
657,AIG20250000531939,6,초경량비행장치 무인멀티콥터 조종자 3종,경남에스케이드론주식회사,09040105,09040105,소형무인기운용·조종,경남,고성군,비원격,2026-06-23,2026-07-01,종료,4,1,1,1,1,100.0,0.25,0.25,1.0,371800,800000,371800,595510,https://www.work24.go.kr/hr/a/a/3100/selectTracseDetl.do?tracseId=AIG20250000531939&tracseTme=6&crseTracseSe=C0061&trainstCstmrId=500045609416,0,0,0,드론
663,ACG20263001154048,20,[촬영용 드론] 드론을 활용한 영상촬영 및 편집기술,케이지에듀원 원격평생교육원,09040105,09040105,소형무인기운용·조종,서울,동작구,원격,2026-06-24,2026-07-23,종료,500,1,2,1,1,100.0,0.002,0.004,1.0,50490,50490,50490,22730,https://www.work24.go.kr/hr/a/a/3100/selectTracseDetl.do?tracseId=ACG20263001154048&tracseTme=20&crseTracseSe=C0031&trainstCstmrId=500020015894,0,0,0,드론
660,ACG20263001192049,72,드론 기초기술 현장적용 가이드,러닝플러스 주식회사,20010102,20010102,정보기술컨설팅,부산,부산진구,원격,2026-06-24,2026-07-23,종료,500,0,0,,0,,0.0,0.0,,62370,62370,62370,28070,https://www.work24.go.kr/hr/a/a/3100/selectTracseDetl.do?tracseId=ACG20263001192049&tracseTme=72&crseTracseSe=C0031&trainstCstmrId=500020021711,0,1,0,드론
664,AIG20250000520283,1,파워 드론 / 영상 전문가 양성과정,한국연합드론전문교육원,09040105,09040105,소형무인기운용·조종,경남,양산시,비원격,2026-06-24,2026-10-13,진행중,12,7,9,7,0,,0.5833333333333334,0.75,,3646700,3646700,3389100,300000,https://www.work24.go.kr/hr/a/a/3100/selectTracseDetl.do?tracseId=AIG20250000520283&tracseTme=1&crseTracseSe=C0061&trainstCstmrId=500034237947,0,1,0,드론
661,AIG20250000539903,36,파이썬으로 제어하는 AI드론,미라클평생교육원,20010202,20010202,응용SW엔지니어링,전북,전주시,원격,2026-06-24,2026-07-23,종료,200,19,22,19,19,93.6,0.095,0.11,1.0,490000,490000,0,49000,https://www.work24.go.kr/hr/a/a/3100/selectTracseDetl.do?tracseId=AIG20250000539903&tracseTme=36&crseTracseSe=C0105&trainstCstmrId=500033164282,0,0,0,드론
662,AIG20250000539926,31,"[중장년층 디지털 전환] 드론, 이론부터 코딩까지 올인원 패키지",미래디지털 원격평생교육원,20010202,20010202,응용SW엔지니어링,서울,강서구,원격,2026-06-24,2026-07-23,종료,100,4,6,4,4,78.6,0.04,0.06,1.0,288000,288000,0,28800,https://www.work24.go.kr/hr/a/a/3100/selectTracseDetl.do?tracseId=AIG20250000539926&tracseTme=31&crseTracseSe=C0105&trainstCstmrId=500020011130,0,0,0,드론
666,ACG20263001192049,73,드론 기초기술 현장적용 가이드,러닝플러스 주식회사,20010102,20010102,정보기술컨설팅,부산,부산진구,원격,2026-06-25,2026-07-24,종료,500,0,0,,0,,0.0,0.0,,62370,62370,62370,28070,https://www.work24.go.kr/hr/a/a/3100/selectTracseDetl.do?tracseId=ACG20263001192049&tracseTme=73&crseTracseSe=C0031&trainstCstmrId=500020021711,0,1,0,드론
667,ACG20263001251328,6,"드론, 새로운 차세대 아이템",미라클평생교육원,09040105,09040105,소형무인기운용·조종,전북,전주시,원격,2026-06-25,2026-07-24,종료,2500,0,0,,0,100.0,0.0,0.0,,123200,123200,123200,55440,https://www.work24.go.kr/hr/a/a/3100/selectTracseDetl.do?tracseId=ACG20263001251328&tracseTme=6&crseTracseSe=C0031&trainstCstmrId=500033164282,0,0,0,드론
665,AIG20250000515467,13,드론 국가자격증1종[이론+실기],(주)충남무인항공교육원,09040105,09040105,소형무인기운용·조종,충남,천안시,비원격,2026-06-25,2026-07-15,종료,8,2,3,8,2,98.0,0.25,0.375,0.25,858000,1900000,858000,1428100,https://www.work24.go.kr/hr/a/a/3100/selectTracseDetl.do?tracseId=AIG20250000515467&tracseTme=13&crseTracseSe=C0061&trainstCstmrId=500034750847,0,0,0,드론
668,AVA20253001112867,40,"드론 활용실무(건설, 물류, 방제용 드론)",사단법인 한국에듀테크산업협회,09040105,09040105,소형무인기운용·조종,서울,강남구,원격,2026-06-25,2026-07-22,종료,500,0,0,,0,85.7,0.0,0.0,,62370,62370,62370,28070,https://www.work24.go.kr/hr/a/a/3100/selectTracseDetl.do?tracseId=AVA20253001112867&tracseTme=40&crseTracseSe=C0055&trainstCstmrId=500020013301,0,0,0,드론
669,ACG20263001192049,74,드론 기초기술 현장적용 가이드,러닝플러스 주식회사,20010102,20010102,정보기술컨설팅,부산,부산진구,원격,2026-06-26,2026-07-25,종료,500,0,0,,0,,0.0,0.0,,62370,62370,62370,28070,https://www.work24.go.kr/hr/a/a/3100/selectTracseDetl.do?tracseId=ACG20263001192049&tracseTme=74&crseTracseSe=C0031&trainstCstmrId=500020021711,0,1,0,드론
673,AIG20250000502620,12,초경량비행장치 무인멀티콥터(드론)조종자 1종 국가자격취득과정(이론+실기),중부드론교육원,09040105,09040105,소형무인기운용·조종,충북,음성군,비원격,2026-06-27,2026-08-16,종료,8,1,1,1,0,100.0,0.125,0.125,0.0,858000,2000000,858000,1442300,https://www.work24.go.kr/hr/a/a/3100/selectTracseDetl.do?tracseId=AIG20250000502620&tracseTme=12&crseTracseSe=C0061&trainstCstmrId=500039127578,0,0,0,드론
670,AIG20250000508865,3,무인멀티콥터(드론)자격증 취득 실기 대비반,금성직업전문학교,09040105,09040105,소형무인기운용·조종,광주,동구,비원격,2026-06-27,2026-09-04,종료,8,6,12,6,6,97.1,0.75,1.5,1.0,950950,1450950,950950,927930,https://www.work24.go.kr/hr/a/a/3100/selectTracseDetl.do?tracseId=AIG20250000508865&tracseTme=3&crseTracseSe=C0061&trainstCstmrId=500020036003,1,0,0,드론
671,AIG20250000513585,5,드론 국가자격증 필기과정 (이론 및 모의비행),부산직업능력교육원,09040105,09040105,소형무인기운용·조종,부산,북구,비원격,2026-06-27,2026-07-11,종료,12,5,6,6,5,100.0,0.4166666666666667,0.5,0.8333333333333334,286000,300000,286000,142700,https://www.work24.go.kr/hr/a/a/3100/selectTracseDetl.do?tracseId=AIG20250000513585&tracseTme=5&crseTracseSe=C0061&trainstCstmrId=500020056246,0,0,0,드론
674,AIG20250000531843,10,초경량비행장치(드론) 무인 멀티콥터 조종자 3종 자격증 취득과정,중부드론교육원,09040105,09040105,소형무인기운용·조종,충북,음성군,비원격,2026-06-27,2026-07-18,종료,8,0,1,,0,,0.0,0.125,,357500,600000,357500,367630,https://www.work24.go.kr/hr/a/a/3100/selectTracseDetl.do?tracseId=AIG20250000531843&tracseTme=10&crseTracseSe=C0061&trainstCstmrId=500039127578,0,1,0,드론
672,AIG20250000532091,12,(드론)조종자 1종 국가 자격증 취득과정,주식회사지디에이경기드론교육원,09040105,09040105,소형무인기운용·조종,서울,구로구,비원격,2026-06-27,2026-08-16,종료,8,3,5,3,3,97.3,0.375,0.625,1.0,858000,1980000,858000,1508100,https://www.work24.go.kr/hr/a/a/3100/selectTracseDetl.do?tracseId=AIG20250000532091&tracseTme=12&crseTracseSe=C0061&trainstCstmrId=500042767878,0,0,0,드론
675,AIG20250000529188,3,드론 조종자 1종 국가자격 취득 과정 (실기반_주말_오전),구름무인항공교육원,09040105,09040105,소형무인기운용·조종,경기,평택시,비원격,2026-06-28,2026-08-01,종료,4,3,4,4,3,100.0,0.75,1.0,0.75,286000,1500000,286000,1342700,https://www.work24.go.kr/hr/a/a/3100/selectTracseDetl.do?tracseId=AIG20250000529188&tracseTme=3&crseTracseSe=C0061&trainstCstmrId=500042856540,0,0,0,드론
680,ACG20263001192049,75,드론 기초기술 현장적용 가이드,러닝플러스 주식회사,20010102,20010102,정보기술컨설팅,부산,부산진구,원격,2026-06-29,2026-07-28,종료,500,0,0,,0,,0.0,0.0,,62370,62370,62370,28070,https://www.work24.go.kr/hr/a/a/3100/selectTracseDetl.do?tracseId=ACG20263001192049&tracseTme=75&crseTracseSe=C0031&trainstCstmrId=500020021711,0,1,0,드론
677,AIG20250000506180,8,1종 드론국가자격증 취득과정 필기+실기 _평일반,(주)케이드론 부설 대한무인항공교육원,09040105,09040105,소형무인기운용·조종,강원,원주시,비원격,2026-06-29,2026-07-21,종료,12,0,0,,0,97.1,0.0,0.0,,915200,1915200,915200,1411840,https://www.work24.go.kr/hr/a/a/3100/selectTracseDetl.do?tracseId=AIG20250000506180&tracseTme=8&crseTracseSe=C0061&trainstCstmrId=500035879387,0,0,0,드론
689,AIG20250000508278,12,무인멀티콥터(드론) 국가자격증 1종 실기교육 과정,주식회사 비아이티코퍼레이션,09040105,09040105,소형무인기운용·조종,전북,전주시,비원격,2026-06-29,2026-07-10,종료,1,0,0,,0,100.0,0.0,0.0,,143000,1000000,143000,921350,https://www.work24.go.kr/hr/a/a/3100/selectTracseDetl.do?tracseId=AIG20250000508278&tracseTme=12&crseTracseSe=C0061&trainstCstmrId=500042783200,0,0,0,드론
679,AIG20250000508800,3,무인멀티콥터(드론) 1종 자격증 취득과정,금성직업전문학교,09040105,09040105,소형무인기운용·조종,광주,동구,비원격,2026-06-29,2026-09-08,종료,8,6,9,6,6,92.9,0.75,1.125,1.0,1001000,1501000,1001000,950450,https://www.work24.go.kr/hr/a/a/3100/selectTracseDetl.do?tracseId=AIG20250000508800&tracseTme=3&crseTracseSe=C0061&trainstCstmrId=500020036003,1,0,0,드론
688,AIG20250000509002,13,드론 1종 조종자 국가자격증(필기시험면제자체실기시험),이아이실용전문학원,09040105,09040105,소형무인기운용·조종,경기,시흥시,비원격,2026-06-29,2026-07-20,종료,4,4,4,4,4,97.5,1.0,1.0,1.0,858000,1958000,858000,1486100,https://www.work24.go.kr/hr/a/a/3100/selectTracseDetl.do?tracseId=AIG20250000509002&tracseTme=13&crseTracseSe=C0061&trainstCstmrId=500042912111,0,0,0,드론
686,AIG20250000509639,19,26년 드론 국가자격증 1종 실기교육,새만금항공주식회사,09040105,09040105,소형무인기운용·조종,전북,전주시,비원격,2026-06-29,2026-07-10,종료,8,0,0,,0,100.0,0.0,0.0,,572000,1700000,572000,1385400,https://www.work24.go.kr/hr/a/a/3100/selectTracseDetl.do?tracseId=AIG20250000509639&tracseTme=19&crseTracseSe=C0061&trainstCstmrId=500034120375,0,0,0,드론
684,AIG20250000510905,13,드론 국가자격증 1종[필기+실기]무인멀티콥터,새동엔지니어링(주) 드론교육원,09040105,09040105,소형무인기운용·조종,서울,관악구,비원격,2026-06-29,2026-07-17,종료,12,5,8,5,5,92.9,0.4166666666666667,0.6666666666666666,1.0,858000,1858000,858000,1386100,https://www.work24.go.kr/hr/a/a/3100/selectTracseDetl.do?tracseId=AIG20250000510905&tracseTme=13&crseTracseSe=C0061&trainstCstmrId=500037079851,0,0,0,드론
683,AIG20250000513132,13,드론 국가자격증 1종 실기반(무인멀티콥터),새동엔지니어링(주) 드론교육원,09040105,09040105,소형무인기운용·조종,서울,관악구,비원격,2026-06-29,2026-07-10,종료,4,1,1,1,1,100.0,0.25,0.25,1.0,572000,1372000,572000,1057400,https://www.work24.go.kr/hr/a/a/3100/selectTracseDetl.do?tracseId=AIG20250000513132&tracseTme=13&crseTracseSe=C0061&trainstCstmrId=500037079851,0,0,0,드론
685,AIG20250000513160,10,드론 지도조종자(교관) 실기반(무인멀티콥터),새동엔지니어링(주) 드론교육원,09040105,09040105,소형무인기운용·조종,서울,관악구,비원격,2026-06-29,2026-07-30,종료,4,2,3,2,2,100.0,0.5,0.75,1.0,1372800,3072800,1372800,2317760,https://www.work24.go.kr/hr/a/a/3100/selectTracseDetl.do?tracseId=AIG20250000513160&tracseTme=10&crseTracseSe=C0061&trainstCstmrId=500037079851,0,0,0,드론
681,AIG20250000516351,6,초경량비행장치 무인멀티콥터(드론) 1종 자격(학과이론+모의비행),부산경상대학교산학협력단,09040105,09040105,소형무인기운용·조종,부산,연제구,비원격,2026-06-29,2026-07-03,종료,4,0,0,,0,,0.0,0.0,,286000,500000,286000,342700,https://www.work24.go.kr/hr/a/a/3100/selectTracseDetl.do?tracseId=AIG20250000516351&tracseTme=6&crseTracseSe=C0061&trainstCstmrId=500044212779,0,1,0,드론
682,AIG20250000516668,6,초경량비행장치 무인멀티콥터(드론) 1종 자격취득(이론+실기),부산경상대학교산학협력단,09040105,09040105,소형무인기운용·조종,부산,연제구,비원격,2026-06-29,2026-07-29,종료,4,1,2,1,1,97.4,0.25,0.5,1.0,1001000,2000000,1001000,1449450,https://www.work24.go.kr/hr/a/a/3100/selectTracseDetl.do?tracseId=AIG20250000516668&tracseTme=6&crseTracseSe=C0061&trainstCstmrId=500044212779,0,0,0,드론
676,AIG20250000529814,12,드론 1종 국가자격증 취득과정,(주)스마트항공,09040105,09040105,소형무인기운용·조종,부산,사상구,비원격,2026-06-29,2026-07-17,종료,8,4,6,4,4,99.5,0.5,0.75,1.0,858000,1980000,858000,1508100,https://www.work24.go.kr/hr/a/a/3100/selectTracseDetl.do?tracseId=AIG20250000529814&tracseTme=12&crseTracseSe=C0061&trainstCstmrId=500042519804,0,0,0,드론
678,AIG20250000532017,13,초경량비행장치 (드론) 1종 국가자격취득과정(이론+실기),KDA 한국드론교육원,09040105,09040105,소형무인기운용·조종,경기,화성시,비원격,2026-06-29,2026-07-17,종료,8,2,2,2,2,96.8,0.25,0.25,1.0,858000,1980000,858000,1508100,https://www.work24.go.kr/hr/a/a/3100/selectTracseDetl.do?tracseId=AIG20250000532017&tracseTme=13&crseTracseSe=C0061&trainstCstmrId=500042774065,0,0,0,드론
690,AIG20250000532096,17,(드론)조종자 1종 국가 자격증 취득과정(실기),주식회사지디에이경기드론교육원,09040105,09040105,소형무인기운용·조종,서울,구로구,비원격,2026-06-29,2026-07-10,종료,8,2,3,2,2,88.9,0.25,0.375,1.0,572000,1500000,572000,1185400,https://www.work24.go.kr/hr/a/a/3100/selectTracseDetl.do?tracseId=AIG20250000532096&tracseTme=17&crseTracseSe=C0061&trainstCstmrId=500042767878,0,0,0,드론
687,AIG20250000536111,5,드론국가자격1종과정,영천드론자격시험교육센터,09040105,09040105,소형무인기운용·조종,대구,동구,비원격,2026-06-29,2026-07-28,종료,8,6,6,6,6,98.5,0.75,0.75,1.0,1172600,1800000,1172600,1155070,https://www.work24.go.kr/hr/a/a/3100/selectTracseDetl.do?tracseId=AIG20250000536111&tracseTme=5&crseTracseSe=C0061&trainstCstmrId=500040315040,0,0,0,드론
691,ACG20263001192049,76,드론 기초기술 현장적용 가이드,러닝플러스 주식회사,20010102,20010102,정보기술컨설팅,부산,부산진구,원격,2026-06-30,2026-07-29,종료,500,0,0,,0,,0.0,0.0,,62370,62370,62370,28070,https://www.work24.go.kr/hr/a/a/3100/selectTracseDetl.do?tracseId=ACG20263001192049&tracseTme=76&crseTracseSe=C0031&trainstCstmrId=500020021711,0,1,0,드론
692,AIG20250000535769,2,드론제어를 활용한 드론정비기술인력 양성(아두이노 활용),현대평생교육원,20010203,20010203,임베디드SW엔지니어링,경남,김해시,비원격,2026-06-30,2026-10-20,진행중,20,0,1,,0,,0.0,0.05,,4344840,4344840,4344840,300000,https://www.work24.go.kr/hr/a/a/3100/selectTracseDetl.do?tracseId=AIG20250000535769&tracseTme=2&crseTracseSe=C0061&trainstCstmrId=500020036606,0,1,0,드론
697,ACG20263001154048,21,[촬영용 드론] 드론을 활용한 영상촬영 및 편집기술,케이지에듀원 원격평생교육원,09040105,09040105,소형무인기운용·조종,서울,동작구,원격,2026-07-01,2026-07-31,종료,500,0,1,,0,100.0,0.0,0.002,,50490,50490,50490,22730,https://www.work24.go.kr/hr/a/a/3100/selectTracseDetl.do?tracseId=ACG20263001154048&tracseTme=21&crseTracseSe=C0031&trainstCstmrId=500020015894,0,0,0,드론
694,ACG20263001192049,77,드론 기초기술 현장적용 가이드,러닝플러스 주식회사,20010102,20010102,정보기술컨설팅,부산,부산진구,원격,2026-07-01,2026-07-31,종료,500,0,0,,0,,0.0,0.0,,62370,62370,62370,28070,https://www.work24.go.kr/hr/a/a/3100/selectTracseDetl.do?tracseId=ACG20263001192049&tracseTme=77&crseTracseSe=C0031&trainstCstmrId=500020021711,0,1,0,드론
696,AIG20250000503304,6,드론국가자격증 1종 취득과정(주중),여수드론교육원,09040105,09040105,소형무인기운용·조종,광주,여수시,비원격,2026-07-01,2026-07-22,종료,8,3,4,3,3,100.0,0.375,0.5,1.0,858000,2000000,858000,1528100,https://www.work24.go.kr/hr/a/a/3100/selectTracseDetl.do?tracseId=AIG20250000503304&tracseTme=6&crseTracseSe=C0061&trainstCstmrId=500036495384,0,0,0,드론
693,AIG20250000519400,7,드론 지도조종자[교관],(주)충남무인항공교육원,09040105,09040105,소형무인기운용·조종,충남,천안시,비원격,2026-07-01,2026-07-31,종료,2,1,1,1,1,100.0,0.5,0.5,1.0,1315600,3200000,1315600,2476420,https://www.work24.go.kr/hr/a/a/3100/selectTracseDetl.do?tracseId=AIG20250000519400&tracseTme=7&crseTracseSe=C0061&trainstCstmrId=500034750847,0,0,0,드론
695,AIG20250000539903,37,파이썬으로 제어하는 AI드론,미라클평생교육원,20010202,20010202,응용SW엔지니어링,전북,전주시,원격,2026-07-01,2026-07-31,종료,200,14,15,14,14,93.6,0.07,0.075,1.0,490000,490000,0,49000,https://www.work24.go.kr/hr/a/a/3100/selectTracseDetl.do?tracseId=AIG20250000539903&tracseTme=37&crseTracseSe=C0105&trainstCstmrId=500033164282,0,0,0,드론
699,ACG20263001192049,78,드론 기초기술 현장적용 가이드,러닝플러스 주식회사,20010102,20010102,정보기술컨설팅,부산,부산진구,원격,2026-07-02,2026-08-01,종료,500,0,0,,0,,0.0,0.0,,62370,62370,62370,28070,https://www.work24.go.kr/hr/a/a/3100/selectTracseDetl.do?tracseId=ACG20263001192049&tracseTme=78&crseTracseSe=C0031&trainstCstmrId=500020021711,0,1,0,드론
701,AIG20250000502620,13,초경량비행장치 무인멀티콥터(드론)조종자 1종 국가자격취득과정(이론+실기),중부드론교육원,09040105,09040105,소형무인기운용·조종,충북,음성군,비원격,2026-07-02,2026-07-22,종료,8,0,0,,0,100.0,0.0,0.0,,858000,2000000,858000,1442300,https://www.work24.go.kr/hr/a/a/3100/selectTracseDetl.do?tracseId=AIG20250000502620&tracseTme=13&crseTracseSe=C0061&trainstCstmrId=500039127578,0,0,0,드론
698,AIG20250000531993,3,무인항공기 임무비행 전문가,디엠씨,09040105,09040105,소형무인기운용·조종,경남,양산시,비원격,2026-07-02,2026-08-27,종료,8,6,6,6,6,100.0,0.75,0.75,1.0,2288000,2288000,2288000,1029600,https://www.work24.go.kr/hr/a/a/3100/selectTracseDetl.do?tracseId=AIG20250000531993&tracseTme=3&crseTracseSe=C0061&trainstCstmrId=500038945686,0,0,0,드론
700,AVA20253001112867,41,"드론 활용실무(건설, 물류, 방제용 드론)",사단법인 한국에듀테크산업협회,09040105,09040105,소형무인기운용·조종,서울,강남구,원격,2026-07-02,2026-07-29,종료,500,1,1,1,1,85.7,0.002,0.002,1.0,62370,62370,62370,28070,https://www.work24.go.kr/hr/a/a/3100/selectTracseDetl.do?tracseId=AVA20253001112867&tracseTme=41&crseTracseSe=C0055&trainstCstmrId=500020013301,0,0,0,드론
702,ACG20263001192049,79,드론 기초기술 현장적용 가이드,러닝플러스 주식회사,20010102,20010102,정보기술컨설팅,부산,부산진구,원격,2026-07-03,2026-08-02,종료,500,0,0,,0,,0.0,0.0,,62370,62370,62370,28070,https://www.work24.go.kr/hr/a/a/3100/selectTracseDetl.do?tracseId=ACG20263001192049&tracseTme=79&crseTracseSe=C0031&trainstCstmrId=500020021711,0,1,0,드론
705,AIG20250000503304,7,드론국가자격증 1종 취득과정(주중),여수드론교육원,09040105,09040105,소형무인기운용·조종,광주,여수시,비원격,2026-07-04,2026-08-29,종료,8,7,7,7,7,100.0,0.875,0.875,1.0,858000,2000000,858000,1528100,https://www.work24.go.kr/hr/a/a/3100/selectTracseDetl.do?tracseId=AIG20250000503304&tracseTme=7&crseTracseSe=C0061&trainstCstmrId=500036495384,0,0,0,드론
704,AIG20250000509639,18,26년 드론 국가자격증 1종 실기교육,새만금항공주식회사,09040105,09040105,소형무인기운용·조종,전북,전주시,비원격,2026-07-04,2026-08-02,종료,8,0,0,,0,100.0,0.0,0.0,,572000,1700000,572000,1385400,https://www.work24.go.kr/hr/a/a/3100/selectTracseDetl.do?tracseId=AIG20250000509639&tracseTme=18&crseTracseSe=C0061&trainstCstmrId=500034120375,0,0,0,드론
703,AIG20250000529814,13,드론 1종 국가자격증 취득과정,(주)스마트항공,09040105,09040105,소형무인기운용·조종,부산,사상구,비원격,2026-07-04,2026-08-22,종료,8,0,0,,0,99.5,0.0,0.0,,858000,1980000,858000,1508100,https://www.work24.go.kr/hr/a/a/3100/selectTracseDetl.do?tracseId=AIG20250000529814&tracseTme=13&crseTracseSe=C0061&trainstCstmrId=500042519804,0,0,0,드론
708,ACG20263001192049,80,드론 기초기술 현장적용 가이드,러닝플러스 주식회사,20010102,20010102,정보기술컨설팅,부산,부산진구,원격,2026-07-06,2026-08-05,종료,500,0,0,,0,,0.0,0.0,,62370,62370,62370,28070,https://www.work24.go.kr/hr/a/a/3100/selectTracseDetl.do?tracseId=ACG20263001192049&tracseTme=80&crseTracseSe=C0031&trainstCstmrId=500020021711,0,1,0,드론
711,AIG20250000509552,18,26년 드론 국가자격증 학과교육,새만금항공주식회사,09040105,09040105,소형무인기운용·조종,전북,전주시,비원격,2026-07-06,2026-07-10,종료,8,2,2,2,2,100.0,0.25,0.25,1.0,286000,300000,286000,142700,https://www.work24.go.kr/hr/a/a/3100/selectTracseDetl.do?tracseId=AIG20250000509552&tracseTme=18&crseTracseSe=C0061&trainstCstmrId=500034120375,0,0,0,드론
709,AIG20250000516429,6,초경량비행장치 무인멀티콥터(드론) 1종 자격(실기비행),부산경상대학교산학협력단,09040105,09040105,소형무인기운용·조종,부산,연제구,비원격,2026-07-06,2026-07-27,종료,4,0,1,,0,,0.0,0.25,,715000,1500000,715000,1106750,https://www.work24.go.kr/hr/a/a/3100/selectTracseDetl.do?tracseId=AIG20250000516429&tracseTme=6&crseTracseSe=C0061&trainstCstmrId=500044212779,0,1,0,드론
714,AIG20250000520984,9,드론 1종 조종자 자격증 취득과정 (이론+실기)[평일반],주식회사스카이엔터프라이즈,09040105,09040105,소형무인기운용·조종,대구,달서구,비원격,2026-07-06,2026-07-29,종료,8,3,3,7,3,96.4,0.375,0.375,0.42857142857142855,972400,1990000,972400,1455180,https://www.work24.go.kr/hr/a/a/3100/selectTracseDetl.do?tracseId=AIG20250000520984&tracseTme=9&crseTracseSe=C0061&trainstCstmrId=500035342034,0,0,0,드론
713,AIG20250000527495,13,초경량비행장치 드론 1종 국가자격증 취득 과정,알씨스카이 부설 무인기술UAV교육원,09040105,09040105,소형무인기운용·조종,경남,창원시,비원격,2026-07-06,2026-07-24,종료,8,2,3,2,2,100.0,0.25,0.375,1.0,858000,1980000,858000,1508100,https://www.work24.go.kr/hr/a/a/3100/selectTracseDetl.do?tracseId=AIG20250000527495&tracseTme=13&crseTracseSe=C0061&trainstCstmrId=500035425743,0,0,0,드론
707,AIG20250000528466,5,드론 조종자 1종 국가자격 취득과정 (학과+실기_평일반),구름무인항공교육원,09040105,09040105,소형무인기운용·조종,경기,평택시,비원격,2026-07-06,2026-07-24,종료,8,3,3,6,3,100.0,0.375,0.375,0.5,858000,1950000,858000,1478100,https://www.work24.go.kr/hr/a/a/3100/selectTracseDetl.do?tracseId=AIG20250000528466&tracseTme=5&crseTracseSe=C0061&trainstCstmrId=500042856540,0,0,0,드론
706,AIG20250000531939,7,초경량비행장치 무인멀티콥터 조종자 3종,경남에스케이드론주식회사,09040105,09040105,소형무인기운용·조종,경남,고성군,비원격,2026-07-06,2026-07-14,종료,4,1,1,1,1,100.0,0.25,0.25,1.0,371800,800000,371800,595510,https://www.work24.go.kr/hr/a/a/3100/selectTracseDetl.do?tracseId=AIG20250000531939&tracseTme=7&crseTracseSe=C0061&trainstCstmrId=500045609416,0,0,0,드론
712,AIG20253001121476,2,(산대특) 농업생산성 향상을 위한 스마트 드론 활용 실무,순천스카이드론교육원(미래진로직업체험센터),090401,,항공기조종운송,광주,순천시,비원격,2026-07-06,2026-08-12,종료,8,3,8,3,3,96.4,0.375,1.0,1.0,1287000,1287000,1287000,128700,https://www.work24.go.kr/hr/a/a/3100/selectTracseDetl.do?tracseId=AIG20253001121476&tracseTme=2&crseTracseSe=C0061&trainstCstmrId=500038928017,0,0,1,드론
710,AIG20260000543299,2,드론촬영 3D모델링 정사영상,새동엔지니어링(주) 드론교육원,09040105,09040105,소형무인기운용·조종,서울,관악구,비원격,2026-07-06,2026-07-10,종료,12,0,1,,0,,0.0,0.08333333333333333,,286000,486000,286000,328700,https://www.work24.go.kr/hr/a/a/3100/selectTracseDetl.do?tracseId=AIG20260000543299&tracseTme=2&crseTracseSe=C0061&trainstCstmrId=500037079851,0,1,0,드론
715,AIG20260000545759,1,(드론) 초경량비행장치 무인멀티콥터 1종 국가자격증 (이론 실기) 평일반,주식회사지디에이경기드론교육원,09040105,09040105,소형무인기운용·조종,서울,구로구,비원격,2026-07-06,2026-07-24,종료,8,4,5,4,4,97.6,0.5,0.625,1.0,858000,1980000,858000,1508100,https://www.work24.go.kr/hr/a/a/3100/selectTracseDetl.do?tracseId=AIG20260000545759&tracseTme=1&crseTracseSe=C0061&trainstCstmrId=500042767878,0,0,0,드론
716,AIG20263001361326,1,드론 비행 공간/시설물 모델링 및 모니터링 전문인력 양성,한밭대학교,09040105,09040105,소형무인기운용·조종,대전,유성구,비원격,2026-07-06,2026-07-31,종료,8,8,11,8,8,100.0,1.0,1.375,1.0,1115400,1115400,1115400,111540,https://www.work24.go.kr/hr/a/a/3100/selectTracseDetl.do?tracseId=AIG20263001361326&tracseTme=1&crseTracseSe=C0061&trainstCstmrId=500020047057,1,0,0,드론
717,ACG20263001192049,81,드론 기초기술 현장적용 가이드,러닝플러스 주식회사,20010102,20010102,정보기술컨설팅,부산,부산진구,원격,2026-07-07,2026-08-06,종료,500,0,0,,0,,0.0,0.0,,62370,62370,62370,28070,https://www.work24.go.kr/hr/a/a/3100/selectTracseDetl.do?tracseId=ACG20263001192049&tracseTme=81&crseTracseSe=C0031&trainstCstmrId=500020021711,0,1,0,드론
721,ACG20263001154048,22,[촬영용 드론] 드론을 활용한 영상촬영 및 편집기술,케이지에듀원 원격평생교육원,09040105,09040105,소형무인기운용·조종,서울,동작구,원격,2026-07-08,2026-08-07,종료,500,0,0,,0,100.0,0.0,0.0,,50490,50490,50490,22730,https://www.work24.go.kr/hr/a/a/3100/selectTracseDetl.do?tracseId=ACG20263001154048&tracseTme=22&crseTracseSe=C0031&trainstCstmrId=500020015894,0,0,0,드론
718,ACG20263001192049,82,드론 기초기술 현장적용 가이드,러닝플러스 주식회사,20010102,20010102,정보기술컨설팅,부산,부산진구,원격,2026-07-08,2026-08-07,종료,500,0,0,,0,,0.0,0.0,,62370,62370,62370,28070,https://www.work24.go.kr/hr/a/a/3100/selectTracseDetl.do?tracseId=ACG20263001192049&tracseTme=82&crseTracseSe=C0031&trainstCstmrId=500020021711,0,1,0,드론
719,AIG20250000539903,38,파이썬으로 제어하는 AI드론,미라클평생교육원,20010202,20010202,응용SW엔지니어링,전북,전주시,원격,2026-07-08,2026-08-07,종료,200,6,6,6,6,93.6,0.03,0.03,1.0,490000,490000,0,49000,https://www.work24.go.kr/hr/a/a/3100/selectTracseDetl.do?tracseId=AIG20250000539903&tracseTme=38&crseTracseSe=C0105&trainstCstmrId=500033164282,0,0,0,드론
720,AIG20263001344721,1,(산대특)드론맵핑을 이용한 자율비행 항공방제 전문가 양성과정,순천스카이드론교육원(미래진로직업체험센터),090401,,항공기조종운송,광주,순천시,비원격,2026-07-08,2026-08-21,종료,8,5,5,5,5,94.3,0.625,0.625,1.0,1859000,1859000,1859000,185900,https://www.work24.go.kr/hr/a/a/3100/selectTracseDetl.do?tracseId=AIG20263001344721&tracseTme=1&crseTracseSe=C0061&trainstCstmrId=500038928017,0,0,1,드론
722,ACG20263001192049,83,드론 기초기술 현장적용 가이드,러닝플러스 주식회사,20010102,20010102,정보기술컨설팅,부산,부산진구,원격,2026-07-09,2026-08-08,종료,500,0,0,,0,,0.0,0.0,,62370,62370,62370,28070,https://www.work24.go.kr/hr/a/a/3100/selectTracseDetl.do?tracseId=ACG20263001192049&tracseTme=83&crseTracseSe=C0031&trainstCstmrId=500020021711,0,1,0,드론
724,AIG20250000531836,12,드론 (1종) 국가자격증 취득 (실기),중부드론교육원,09040105,09040105,소형무인기운용·조종,충북,음성군,비원격,2026-07-09,2026-07-22,종료,8,0,0,,0,,0.0,0.0,,572000,1500000,572000,1128200,https://www.work24.go.kr/hr/a/a/3100/selectTracseDetl.do?tracseId=AIG20250000531836&tracseTme=12&crseTracseSe=C0061&trainstCstmrId=500039127578,0,1,0,드론
723,AVA20253001112867,42,"드론 활용실무(건설, 물류, 방제용 드론)",사단법인 한국에듀테크산업협회,09040105,09040105,소형무인기운용·조종,서울,강남구,원격,2026-07-09,2026-08-05,종료,500,0,0,,0,85.7,0.0,0.0,,62370,62370,62370,28070,https://www.work24.go.kr/hr/a/a/3100/selectTracseDetl.do?tracseId=AVA20253001112867&tracseTme=42&crseTracseSe=C0055&trainstCstmrId=500020013301,0,0,0,드론
725,ACG20263001192049,84,드론 기초기술 현장적용 가이드,러닝플러스 주식회사,20010102,20010102,정보기술컨설팅,부산,부산진구,원격,2026-07-10,2026-08-09,종료,500,0,0,,0,,0.0,0.0,,62370,62370,62370,28070,https://www.work24.go.kr/hr/a/a/3100/selectTracseDetl.do?tracseId=ACG20263001192049&tracseTme=84&crseTracseSe=C0031&trainstCstmrId=500020021711,0,1,0,드론
727,AIG20250000502445,4,드론 국가자격증 1종 취득과정(필기+실기) 주말반,미래드론아카데미,09040105,09040105,소형무인기운용·조종,경북,경주시,비원격,2026-07-11,2026-08-29,종료,8,8,10,8,8,100.0,1.0,1.25,1.0,858000,2058000,858000,1586100,https://www.work24.go.kr/hr/a/a/3100/selectTracseDetl.do?tracseId=AIG20250000502445&tracseTme=4&crseTracseSe=C0061&trainstCstmrId=500040529363,1,0,0,드론
726,AIG20250000532020,15,초경량비행장치 (드론) 1종 국가자격취득과정(실기),KDA 한국드론교육원,09040105,09040105,소형무인기운용·조종,경기,화성시,비원격,2026-07-11,2026-08-09,종료,8,0,1,,0,98.0,0.0,0.125,,572000,1500000,572000,1185400,https://www.work24.go.kr/hr/a/a/3100/selectTracseDetl.do?tracseId=AIG20250000532020&tracseTme=15&crseTracseSe=C0061&trainstCstmrId=500042774065,0,0,0,드론
728,AIG20250000531836,13,드론 (1종) 국가자격증 취득 (실기),중부드론교육원,09040105,09040105,소형무인기운용·조종,충북,음성군,비원격,2026-07-12,2026-08-16,종료,8,0,0,,0,,0.0,0.0,,572000,1500000,572000,1128200,https://www.work24.go.kr/hr/a/a/3100/selectTracseDetl.do?tracseId=AIG20250000531836&tracseTme=13&crseTracseSe=C0061&trainstCstmrId=500039127578,0,1,0,드론
732,ACG20263001192049,85,드론 기초기술 현장적용 가이드,러닝플러스 주식회사,20010102,20010102,정보기술컨설팅,부산,부산진구,원격,2026-07-13,2026-08-12,종료,500,0,0,,0,,0.0,0.0,,62370,62370,62370,28070,https://www.work24.go.kr/hr/a/a/3100/selectTracseDetl.do?tracseId=ACG20263001192049&tracseTme=85&crseTracseSe=C0031&trainstCstmrId=500020021711,0,1,0,드론
734,AIG20250000505519,15,1종 드론 국가자격증 필기+실기_평일반,서울드론교육원,09040105,09040105,소형무인기운용·조종,서울,서초구,비원격,2026-07-13,2026-08-05,종료,12,7,8,7,7,87.4,0.5833333333333334,0.6666666666666666,1.0,915200,1915200,915200,1411840,https://www.work24.go.kr/hr/a/a/3100/selectTracseDetl.do?tracseId=AIG20250000505519&tracseTme=15&crseTracseSe=C0061&trainstCstmrId=500035861333,0,0,0,드론
737,AIG20250000505693,9,드론(무인멀티콥터) 국가자격증 1종 학과 교육 과정,주식회사 비아이티코퍼레이션,09040105,09040105,소형무인기운용·조종,전북,전주시,비원격,2026-07-13,2026-07-20,종료,8,0,5,2,0,96.7,0.0,0.625,0.0,286000,500000,286000,342700,https://www.work24.go.kr/hr/a/a/3100/selectTracseDetl.do?tracseId=AIG20250000505693&tracseTme=9&crseTracseSe=C0061&trainstCstmrId=500042783200,0,0,0,드론
729,AIG20250000506180,9,1종 드론국가자격증 취득과정 필기+실기 _평일반,(주)케이드론 부설 대한무인항공교육원,09040105,09040105,소형무인기운용·조종,강원,원주시,비원격,2026-07-13,2026-08-03,종료,12,0,1,,0,97.1,0.0,0.08333333333333333,,915200,1915200,915200,1411840,https://www.work24.go.kr/hr/a/a/3100/selectTracseDetl.do?tracseId=AIG20250000506180&tracseTme=9&crseTracseSe=C0061&trainstCstmrId=500035879387,0,0,0,드론
736,AIG20250000509002,14,드론 1종 조종자 국가자격증(필기시험면제자체실기시험),이아이실용전문학원,09040105,09040105,소형무인기운용·조종,경기,시흥시,비원격,2026-07-13,2026-08-03,종료,4,4,7,4,4,97.5,1.0,1.75,1.0,858000,1958000,858000,1486100,https://www.work24.go.kr/hr/a/a/3100/selectTracseDetl.do?tracseId=AIG20250000509002&tracseTme=14&crseTracseSe=C0061&trainstCstmrId=500042912111,1,0,0,드론
733,AIG20250000509639,20,26년 드론 국가자격증 1종 실기교육,새만금항공주식회사,09040105,09040105,소형무인기운용·조종,전북,전주시,비원격,2026-07-13,2026-07-24,종료,8,1,1,1,1,100.0,0.125,0.125,1.0,572000,1700000,572000,1385400,https://www.work24.go.kr/hr/a/a/3100/selectTracseDetl.do?tracseId=AIG20250000509639&tracseTme=20&crseTracseSe=C0061&trainstCstmrId=500034120375,0,0,0,드론
735,AIG20250000519760,5,드론 (1종) 국가자격증 취득과정(필기+실기),신한글로벌인재교육원,09040105,09040105,소형무인기운용·조종,경기,의정부시,비원격,2026-07-13,2026-08-11,종료,4,4,5,4,4,96.4,1.0,1.25,1.0,858000,2048000,858000,1576100,https://www.work24.go.kr/hr/a/a/3100/selectTracseDetl.do?tracseId=AIG20250000519760&tracseTme=5&crseTracseSe=C0061&trainstCstmrId=500020031915,1,0,0,드론
730,AIG20250000532020,16,초경량비행장치 (드론) 1종 국가자격취득과정(실기),KDA 한국드론교육원,09040105,09040105,소형무인기운용·조종,경기,화성시,비원격,2026-07-13,2026-07-24,종료,8,0,0,,0,98.0,0.0,0.0,,572000,1500000,572000,1185400,https://www.work24.go.kr/hr/a/a/3100/selectTracseDetl.do?tracseId=AIG20250000532020&tracseTme=16&crseTracseSe=C0061&trainstCstmrId=500042774065,0,0,0,드론
738,AIG20250000532096,18,(드론)조종자 1종 국가 자격증 취득과정(실기),주식회사지디에이경기드론교육원,09040105,09040105,소형무인기운용·조종,서울,구로구,비원격,2026-07-13,2026-07-24,종료,8,2,2,2,2,88.9,0.25,0.25,1.0,572000,1500000,572000,1185400,https://www.work24.go.kr/hr/a/a/3100/selectTracseDetl.do?tracseId=AIG20250000532096&tracseTme=18&crseTracseSe=C0061&trainstCstmrId=500042767878,0,0,0,드론
731,AIG20250000534362,10,초경량비행장치 무인멀티콥터 취득과정(평일),강남무인항공,09040105,09040105,소형무인기운용·조종,전북,장수군,비원격,2026-07-13,2026-07-31,종료,8,0,3,,0,100.0,0.0,0.375,,858000,1500000,858000,1028100,https://www.work24.go.kr/hr/a/a/3100/selectTracseDetl.do?tracseId=AIG20250000534362&tracseTme=10&crseTracseSe=C0061&trainstCstmrId=500034689871,0,0,0,드론
739,ACG20263001192049,86,드론 기초기술 현장적용 가이드,러닝플러스 주식회사,20010102,20010102,정보기술컨설팅,부산,부산진구,원격,2026-07-14,2026-08-13,종료,500,0,0,,0,,0.0,0.0,,62370,62370,62370,28070,https://www.work24.go.kr/hr/a/a/3100/selectTracseDetl.do?tracseId=ACG20263001192049&tracseTme=86&crseTracseSe=C0031&trainstCstmrId=500020021711,0,1,0,드론
742,ACG20263001154048,23,[촬영용 드론] 드론을 활용한 영상촬영 및 편집기술,케이지에듀원 원격평생교육원,09040105,09040105,소형무인기운용·조종,서울,동작구,원격,2026-07-15,2026-08-14,종료,500,1,1,1,0,100.0,0.002,0.002,0.0,50490,50490,50490,22730,https://www.work24.go.kr/hr/a/a/3100/selectTracseDetl.do?tracseId=ACG20263001154048&tracseTme=23&crseTracseSe=C0031&trainstCstmrId=500020015894,0,0,0,드론
740,ACG20263001192049,87,드론 기초기술 현장적용 가이드,러닝플러스 주식회사,20010102,20010102,정보기술컨설팅,부산,부산진구,원격,2026-07-15,2026-08-14,종료,500,0,0,,0,,0.0,0.0,,62370,62370,62370,28070,https://www.work24.go.kr/hr/a/a/3100/selectTracseDetl.do?tracseId=ACG20263001192049&tracseTme=87&crseTracseSe=C0031&trainstCstmrId=500020021711,0,1,0,드론
741,AIG20250000539903,39,파이썬으로 제어하는 AI드론,미라클평생교육원,20010202,20010202,응용SW엔지니어링,전북,전주시,원격,2026-07-15,2026-08-14,종료,200,7,11,7,7,93.6,0.035,0.055,1.0,490000,490000,0,49000,https://www.work24.go.kr/hr/a/a/3100/selectTracseDetl.do?tracseId=AIG20250000539903&tracseTme=39&crseTracseSe=C0105&trainstCstmrId=500033164282,0,0,0,드론
744,ACG20263001192049,88,드론 기초기술 현장적용 가이드,러닝플러스 주식회사,20010102,20010102,정보기술컨설팅,부산,부산진구,원격,2026-07-16,2026-08-15,종료,500,0,0,,0,,0.0,0.0,,62370,62370,62370,28070,https://www.work24.go.kr/hr/a/a/3100/selectTracseDetl.do?tracseId=ACG20263001192049&tracseTme=88&crseTracseSe=C0031&trainstCstmrId=500020021711,0,1,0,드론
743,AIG20250000515467,14,드론 국가자격증1종[이론+실기],(주)충남무인항공교육원,09040105,09040105,소형무인기운용·조종,충남,천안시,비원격,2026-07-16,2026-08-05,종료,8,1,1,6,1,98.0,0.125,0.125,0.16666666666666666,858000,1900000,858000,1428100,https://www.work24.go.kr/hr/a/a/3100/selectTracseDetl.do?tracseId=AIG20250000515467&tracseTme=14&crseTracseSe=C0061&trainstCstmrId=500034750847,0,0,0,드론
745,AVA20253001112867,43,"드론 활용실무(건설, 물류, 방제용 드론)",사단법인 한국에듀테크산업협회,09040105,09040105,소형무인기운용·조종,서울,강남구,원격,2026-07-16,2026-08-12,종료,500,0,0,,0,85.7,0.0,0.0,,62370,62370,62370,28070,https://www.work24.go.kr/hr/a/a/3100/selectTracseDetl.do?tracseId=AVA20253001112867&tracseTme=43&crseTracseSe=C0055&trainstCstmrId=500020013301,0,0,0,드론
746,AIG20250000509552,19,26년 드론 국가자격증 학과교육,새만금항공주식회사,09040105,09040105,소형무인기운용·조종,전북,전주시,비원격,2026-07-19,2026-08-02,종료,8,0,0,,0,100.0,0.0,0.0,,286000,300000,286000,142700,https://www.work24.go.kr/hr/a/a/3100/selectTracseDetl.do?tracseId=AIG20250000509552&tracseTme=19&crseTracseSe=C0061&trainstCstmrId=500034120375,0,0,0,드론
749,ACG20263001192049,89,드론 기초기술 현장적용 가이드,러닝플러스 주식회사,20010102,20010102,정보기술컨설팅,부산,부산진구,원격,2026-07-20,2026-08-19,종료,500,0,0,,0,,0.0,0.0,,62370,62370,62370,28070,https://www.work24.go.kr/hr/a/a/3100/selectTracseDetl.do?tracseId=ACG20263001192049&tracseTme=89&crseTracseSe=C0031&trainstCstmrId=500020021711,0,1,0,드론
754,AIG20250000508278,13,무인멀티콥터(드론) 국가자격증 1종 실기교육 과정,주식회사 비아이티코퍼레이션,09040105,09040105,소형무인기운용·조종,전북,전주시,비원격,2026-07-20,2026-07-31,종료,1,1,1,1,0,100.0,1.0,1.0,0.0,143000,1000000,143000,921350,https://www.work24.go.kr/hr/a/a/3100/selectTracseDetl.do?tracseId=AIG20250000508278&tracseTme=13&crseTracseSe=C0061&trainstCstmrId=500042783200,0,0,0,드론
752,AIG20250000509552,20,26년 드론 국가자격증 학과교육,새만금항공주식회사,09040105,09040105,소형무인기운용·조종,전북,전주시,비원격,2026-07-20,2026-07-24,종료,8,1,1,1,1,100.0,0.125,0.125,1.0,286000,300000,286000,142700,https://www.work24.go.kr/hr/a/a/3100/selectTracseDetl.do?tracseId=AIG20250000509552&tracseTme=20&crseTracseSe=C0061&trainstCstmrId=500034120375,0,0,0,드론
751,AIG20250000510905,14,드론 국가자격증 1종[필기+실기]무인멀티콥터,새동엔지니어링(주) 드론교육원,09040105,09040105,소형무인기운용·조종,서울,관악구,비원격,2026-07-20,2026-08-12,종료,12,4,6,4,4,92.9,0.3333333333333333,0.5,1.0,858000,1858000,858000,1386100,https://www.work24.go.kr/hr/a/a/3100/selectTracseDetl.do?tracseId=AIG20250000510905&tracseTme=14&crseTracseSe=C0061&trainstCstmrId=500037079851,0,0,0,드론
750,AIG20250000513132,14,드론 국가자격증 1종 실기반(무인멀티콥터),새동엔지니어링(주) 드론교육원,09040105,09040105,소형무인기운용·조종,서울,관악구,비원격,2026-07-20,2026-07-31,종료,4,3,4,3,3,100.0,0.75,1.0,1.0,572000,1372000,572000,1057400,https://www.work24.go.kr/hr/a/a/3100/selectTracseDetl.do?tracseId=AIG20250000513132&tracseTme=14&crseTracseSe=C0061&trainstCstmrId=500037079851,0,0,0,드론
747,AIG20250000529814,14,드론 1종 국가자격증 취득과정,(주)스마트항공,09040105,09040105,소형무인기운용·조종,부산,사상구,비원격,2026-07-20,2026-08-07,종료,8,5,5,5,5,99.5,0.625,0.625,1.0,858000,1980000,858000,1508100,https://www.work24.go.kr/hr/a/a/3100/selectTracseDetl.do?tracseId=AIG20250000529814&tracseTme=14&crseTracseSe=C0061&trainstCstmrId=500042519804,0,0,0,드론
748,AIG20250000532017,14,초경량비행장치 (드론) 1종 국가자격취득과정(이론+실기),KDA 한국드론교육원,09040105,09040105,소형무인기운용·조종,경기,화성시,비원격,2026-07-20,2026-08-07,종료,8,1,3,1,1,96.8,0.125,0.375,1.0,858000,1980000,858000,1508100,https://www.work24.go.kr/hr/a/a/3100/selectTracseDetl.do?tracseId=AIG20250000532017&tracseTme=14&crseTracseSe=C0061&trainstCstmrId=500042774065,0,0,0,드론
753,AIG20263001384394,1,(산대특)드론정비자격 취득을 위한 유지보수 실무자 향상과정,스카이팜에듀교육원,09040105,09040105,소형무인기운용·조종,제주,제주시,비원격,2026-07-20,2026-07-31,종료,12,5,5,5,5,100.0,0.4166666666666667,0.4166666666666667,1.0,557700,557700,557700,55770,https://www.work24.go.kr/hr/a/a/3100/selectTracseDetl.do?tracseId=AIG20263001384394&tracseTme=1&crseTracseSe=C0061&trainstCstmrId=500041625803,0,0,0,드론
756,ACG20263001192049,90,드론 기초기술 현장적용 가이드,러닝플러스 주식회사,20010102,20010102,정보기술컨설팅,부산,부산진구,원격,2026-07-21,2026-08-20,종료,500,0,0,,0,,0.0,0.0,,62370,62370,62370,28070,https://www.work24.go.kr/hr/a/a/3100/selectTracseDetl.do?tracseId=ACG20263001192049&tracseTme=90&crseTracseSe=C0031&trainstCstmrId=500020021711,0,1,0,드론
755,AIG20250000517356,2,"드론(소형무인기) 항공촬영, 편집, 드론방제, 드론정비 및 국가자격(드론1종) 취득과정",누리드론교육원,09040105,09040105,소형무인기운용·조종,경남,김해시,비원격,2026-07-21,2027-01-13,진행중,12,7,8,7,0,97.1,0.5833333333333334,0.6666666666666666,,6864000,6864000,6864000,400000,https://www.work24.go.kr/hr/a/a/3100/selectTracseDetl.do?tracseId=AIG20250000517356&tracseTme=2&crseTracseSe=C0061&trainstCstmrId=500041601289,0,0,0,드론
757,AIG20250000520098,2,드론 (3종) 국가자격증 취득 (실기),신한글로벌인재교육원,09040105,09040105,소형무인기운용·조종,경기,의정부시,비원격,2026-07-21,2026-07-31,종료,4,0,1,,0,,0.0,0.25,,228800,428800,228800,302960,https://www.work24.go.kr/hr/a/a/3100/selectTracseDetl.do?tracseId=AIG20250000520098&tracseTme=2&crseTracseSe=C0061&trainstCstmrId=500020031915,0,1,0,드론
760,ACG20263001154048,24,[촬영용 드론] 드론을 활용한 영상촬영 및 편집기술,케이지에듀원 원격평생교육원,09040105,09040105,소형무인기운용·조종,서울,동작구,원격,2026-07-22,2026-08-21,종료,500,0,0,,0,100.0,0.0,0.0,,50490,50490,50490,22730,https://www.work24.go.kr/hr/a/a/3100/selectTracseDetl.do?tracseId=ACG20263001154048&tracseTme=24&crseTracseSe=C0031&trainstCstmrId=500020015894,0,0,0,드론
758,ACG20263001192049,91,드론 기초기술 현장적용 가이드,러닝플러스 주식회사,20010102,20010102,정보기술컨설팅,부산,부산진구,원격,2026-07-22,2026-08-21,종료,500,0,0,,0,,0.0,0.0,,62370,62370,62370,28070,https://www.work24.go.kr/hr/a/a/3100/selectTracseDetl.do?tracseId=ACG20263001192049&tracseTme=91&crseTracseSe=C0031&trainstCstmrId=500020021711,0,1,0,드론
759,AIG20250000539903,40,파이썬으로 제어하는 AI드론,미라클평생교육원,20010202,20010202,응용SW엔지니어링,전북,전주시,원격,2026-07-22,2026-08-21,종료,200,30,34,30,30,93.6,0.15,0.17,1.0,490000,490000,0,49000,https://www.work24.go.kr/hr/a/a/3100/selectTracseDetl.do?tracseId=AIG20250000539903&tracseTme=40&crseTracseSe=C0105&trainstCstmrId=500033164282,0,0,0,드론
761,ACG20263001192049,92,드론 기초기술 현장적용 가이드,러닝플러스 주식회사,20010102,20010102,정보기술컨설팅,부산,부산진구,원격,2026-07-23,2026-08-22,종료,500,0,0,,0,,0.0,0.0,,62370,62370,62370,28070,https://www.work24.go.kr/hr/a/a/3100/selectTracseDetl.do?tracseId=ACG20263001192049&tracseTme=92&crseTracseSe=C0031&trainstCstmrId=500020021711,0,1,0,드론
763,AIG20250000502620,14,초경량비행장치 무인멀티콥터(드론)조종자 1종 국가자격취득과정(이론+실기),중부드론교육원,09040105,09040105,소형무인기운용·조종,충북,음성군,비원격,2026-07-23,2026-08-12,종료,8,2,2,2,2,100.0,0.25,0.25,1.0,858000,2000000,858000,1442300,https://www.work24.go.kr/hr/a/a/3100/selectTracseDetl.do?tracseId=AIG20250000502620&tracseTme=14&crseTracseSe=C0061&trainstCstmrId=500039127578,0,0,0,드론
764,AIG20250000531843,12,초경량비행장치(드론) 무인 멀티콥터 조종자 3종 자격증 취득과정,중부드론교육원,09040105,09040105,소형무인기운용·조종,충북,음성군,비원격,2026-07-23,2026-07-31,종료,8,0,0,,0,,0.0,0.0,,357500,600000,357500,367630,https://www.work24.go.kr/hr/a/a/3100/selectTracseDetl.do?tracseId=AIG20250000531843&tracseTme=12&crseTracseSe=C0061&trainstCstmrId=500039127578,0,1,0,드론
762,AVA20253001112867,44,"드론 활용실무(건설, 물류, 방제용 드론)",사단법인 한국에듀테크산업협회,09040105,09040105,소형무인기운용·조종,서울,강남구,원격,2026-07-23,2026-08-19,종료,500,0,1,,0,85.7,0.0,0.002,,62370,62370,62370,28070,https://www.work24.go.kr/hr/a/a/3100/selectTracseDetl.do?tracseId=AVA20253001112867&tracseTme=44&crseTracseSe=C0055&trainstCstmrId=500020013301,0,0,0,드론
765,ACG20263001192049,93,드론 기초기술 현장적용 가이드,러닝플러스 주식회사,20010102,20010102,정보기술컨설팅,부산,부산진구,원격,2026-07-24,2026-08-23,종료,500,0,0,,0,,0.0,0.0,,62370,62370,62370,28070,https://www.work24.go.kr/hr/a/a/3100/selectTracseDetl.do?tracseId=ACG20263001192049&tracseTme=93&crseTracseSe=C0031&trainstCstmrId=500020021711,0,1,0,드론
769,AIG20250000509002,15,드론 1종 조종자 국가자격증(필기시험면제자체실기시험),이아이실용전문학원,09040105,09040105,소형무인기운용·조종,경기,시흥시,비원격,2026-07-25,2026-09-19,진행중,4,4,5,4,0,97.5,1.0,1.25,,858000,1958000,858000,1486100,https://www.work24.go.kr/hr/a/a/3100/selectTracseDetl.do?tracseId=AIG20250000509002&tracseTme=15&crseTracseSe=C0061&trainstCstmrId=500042912111,1,0,0,드론
768,AIG20250000510905,15,드론 국가자격증 1종[필기+실기]무인멀티콥터,새동엔지니어링(주) 드론교육원,09040105,09040105,소형무인기운용·조종,서울,관악구,비원격,2026-07-25,2026-09-12,종료,12,2,4,2,2,92.9,0.16666666666666666,0.3333333333333333,1.0,858000,1858000,858000,1386100,https://www.work24.go.kr/hr/a/a/3100/selectTracseDetl.do?tracseId=AIG20250000510905&tracseTme=15&crseTracseSe=C0061&trainstCstmrId=500037079851,0,0,0,드론
767,AIG20250000513132,15,드론 국가자격증 1종 실기반(무인멀티콥터),새동엔지니어링(주) 드론교육원,09040105,09040105,소형무인기운용·조종,서울,관악구,비원격,2026-07-25,2026-08-23,종료,4,2,4,2,2,100.0,0.5,1.0,1.0,572000,1372000,572000,1057400,https://www.work24.go.kr/hr/a/a/3100/selectTracseDetl.do?tracseId=AIG20250000513132&tracseTme=15&crseTracseSe=C0061&trainstCstmrId=500037079851,0,0,0,드론
766,AIG20250000515594,8,초경량비행장치(드론 1종) 조종자 국가자격증 취득(필기면제),누리드론교육원,09040105,09040105,소형무인기운용·조종,경남,김해시,비원격,2026-07-25,2026-09-19,진행중,8,6,9,8,0,96.1,0.75,1.125,,972400,1472400,972400,937580,https://www.work24.go.kr/hr/a/a/3100/selectTracseDetl.do?tracseId=AIG20250000515594&tracseTme=8&crseTracseSe=C0061&trainstCstmrId=500041601289,1,0,0,드론
776,ACG20263001192049,94,드론 기초기술 현장적용 가이드,러닝플러스 주식회사,20010102,20010102,정보기술컨설팅,부산,부산진구,원격,2026-07-27,2026-08-26,종료,500,0,0,,0,,0.0,0.0,,62370,62370,62370,28070,https://www.work24.go.kr/hr/a/a/3100/selectTracseDetl.do?tracseId=ACG20263001192049&tracseTme=94&crseTracseSe=C0031&trainstCstmrId=500020021711,0,1,0,드론
771,AIG20250000501335,7,AIOT 기반 드론 영상 관제시스템 프로젝트 개발,DW아카데미학원,20010202,20010202,응용SW엔지니어링,대전,중구,비원격,2026-07-27,2027-02-22,진행중,30,17,24,17,0,82.5,0.5666666666666667,0.8,,10687040,10687040,10687040,400000,https://www.work24.go.kr/hr/a/a/3100/selectTracseDetl.do?tracseId=AIG20250000501335&tracseTme=7&crseTracseSe=C0061&trainstCstmrId=500020022702,0,0,0,드론
770,AIG20250000504420,7,초경량 비행장치무인멀티콥터(드론)조종자1종과정,(주)규림,09040105,09040105,소형무인기운용·조종,경북,구미시,비원격,2026-07-27,2026-08-26,종료,8,4,5,8,4,92.5,0.5,0.625,0.5,1144000,1844000,1144000,1214800,https://www.work24.go.kr/hr/a/a/3100/selectTracseDetl.do?tracseId=AIG20250000504420&tracseTme=7&crseTracseSe=C0061&trainstCstmrId=500037029319,0,0,0,드론
781,AIG20250000507756,5,무인멀티콥터(드론)조종자 1종 국가자격취득 평일 (이론+실기),양주에이스원드론교육원,09040105,09040105,소형무인기운용·조종,경기,양주시,비원격,2026-07-27,2026-08-14,종료,4,1,1,2,1,100.0,0.25,0.25,0.5,858000,2300000,858000,1828100,https://www.work24.go.kr/hr/a/a/3100/selectTracseDetl.do?tracseId=AIG20250000507756&tracseTme=5&crseTracseSe=C0061&trainstCstmrId=500039022552,0,0,0,드론
782,AIG20250000509002,16,드론 1종 조종자 국가자격증(필기시험면제자체실기시험),이아이실용전문학원,09040105,09040105,소형무인기운용·조종,경기,시흥시,비원격,2026-07-27,2026-08-14,종료,4,4,6,4,4,97.5,1.0,1.5,1.0,858000,1958000,858000,1486100,https://www.work24.go.kr/hr/a/a/3100/selectTracseDetl.do?tracseId=AIG20250000509002&tracseTme=16&crseTracseSe=C0061&trainstCstmrId=500042912111,1,0,0,드론
778,AIG20250000509639,22,26년 드론 국가자격증 1종 실기교육,새만금항공주식회사,09040105,09040105,소형무인기운용·조종,전북,전주시,비원격,2026-07-27,2026-08-07,종료,8,2,2,2,2,100.0,0.25,0.25,1.0,572000,1700000,572000,1385400,https://www.work24.go.kr/hr/a/a/3100/selectTracseDetl.do?tracseId=AIG20250000509639&tracseTme=22&crseTracseSe=C0061&trainstCstmrId=500034120375,0,0,0,드론
773,AIG20250000511659,4,초경량비행장치 무인멀티콥터 조종자 1종,경남에스케이드론주식회사,09040105,09040105,소형무인기운용·조종,경남,고성군,비원격,2026-07-27,2026-08-17,종료,8,1,1,1,1,100.0,0.125,0.125,1.0,872300,2300000,872300,1820240,https://www.work24.go.kr/hr/a/a/3100/selectTracseDetl.do?tracseId=AIG20250000511659&tracseTme=4&crseTracseSe=C0061&trainstCstmrId=500045609416,0,0,0,드론
777,AIG20250000513041,14,드론 국가자격증 3종[필기+실기]+촬영 무인멀티콥터,새동엔지니어링(주) 드론교육원,09040105,09040105,소형무인기운용·조종,서울,관악구,비원격,2026-07-27,2026-08-12,종료,8,0,3,,0,90.5,0.0,0.375,,572000,772000,572000,457400,https://www.work24.go.kr/hr/a/a/3100/selectTracseDetl.do?tracseId=AIG20250000513041&tracseTme=14&crseTracseSe=C0061&trainstCstmrId=500037079851,0,0,0,드론
779,AIG20250000520214,1,특화드론운용 및 2D/3D공간정보 촬영 편집(A반),신한글로벌인재교육원,09040105,09040105,소형무인기운용·조종,경기,의정부시,비원격,2026-07-27,2026-11-24,진행중,10,6,14,6,0,,0.6,1.4,,4611750,4611750,4611750,300000,https://www.work24.go.kr/hr/a/a/3100/selectTracseDetl.do?tracseId=AIG20250000520214&tracseTme=1&crseTracseSe=C0061&trainstCstmrId=500020031915,1,1,0,드론
780,AIG20250000527495,14,초경량비행장치 드론 1종 국가자격증 취득 과정,알씨스카이 부설 무인기술UAV교육원,09040105,09040105,소형무인기운용·조종,경남,창원시,비원격,2026-07-27,2026-08-14,종료,8,0,0,,0,100.0,0.0,0.0,,858000,1980000,858000,1508100,https://www.work24.go.kr/hr/a/a/3100/selectTracseDetl.do?tracseId=AIG20250000527495&tracseTme=14&crseTracseSe=C0061&trainstCstmrId=500035425743,0,0,0,드론
774,AIG20250000528466,6,드론 조종자 1종 국가자격 취득과정 (학과+실기_평일반),구름무인항공교육원,09040105,09040105,소형무인기운용·조종,경기,평택시,비원격,2026-07-27,2026-08-14,종료,8,1,2,5,1,100.0,0.125,0.25,0.2,858000,1950000,858000,1478100,https://www.work24.go.kr/hr/a/a/3100/selectTracseDetl.do?tracseId=AIG20250000528466&tracseTme=6&crseTracseSe=C0061&trainstCstmrId=500042856540,0,0,0,드론
772,AIG20250000532020,17,초경량비행장치 (드론) 1종 국가자격취득과정(실기),KDA 한국드론교육원,09040105,09040105,소형무인기운용·조종,경기,화성시,비원격,2026-07-27,2026-08-07,종료,8,1,1,1,0,98.0,0.125,0.125,0.0,572000,1500000,572000,1185400,https://www.work24.go.kr/hr/a/a/3100/selectTracseDetl.do?tracseId=AIG20250000532020&tracseTme=17&crseTracseSe=C0061&trainstCstmrId=500042774065,0,0,0,드론
783,AIG20260000545759,2,(드론) 초경량비행장치 무인멀티콥터 1종 국가자격증 (이론 실기) 평일반,주식회사지디에이경기드론교육원,09040105,09040105,소형무인기운용·조종,서울,구로구,비원격,2026-07-27,2026-08-14,종료,8,2,3,2,2,97.6,0.25,0.375,1.0,858000,1980000,858000,1508100,https://www.work24.go.kr/hr/a/a/3100/selectTracseDetl.do?tracseId=AIG20260000545759&tracseTme=2&crseTracseSe=C0061&trainstCstmrId=500042767878,0,0,0,드론
775,AIG20263001247924,3,드론을 활용한 제주관광영상콘텐츠제작 실무자양성과정,드론항공평생교육원,08030212,08030212,드론콘텐츠제작,제주,서귀포시,비원격,2026-07-27,2026-08-26,종료,16,15,16,15,13,94.4,0.9375,1.0,0.8666666666666667,1123200,1123200,1123200,112320,https://www.work24.go.kr/hr/a/a/3100/selectTracseDetl.do?tracseId=AIG20263001247924&tracseTme=3&crseTracseSe=C0061&trainstCstmrId=500035584309,0,0,0,드론
784,ACG20263001192049,95,드론 기초기술 현장적용 가이드,러닝플러스 주식회사,20010102,20010102,정보기술컨설팅,부산,부산진구,원격,2026-07-28,2026-08-27,종료,500,0,0,,0,,0.0,0.0,,62370,62370,62370,28070,https://www.work24.go.kr/hr/a/a/3100/selectTracseDetl.do?tracseId=ACG20263001192049&tracseTme=95&crseTracseSe=C0031&trainstCstmrId=500020021711,0,1,0,드론
785,AIG20250000531840,7,드론 지도조종자(교관) 자격취득과정,중부드론교육원,09040105,09040105,소형무인기운용·조종,충북,음성군,비원격,2026-07-28,2026-09-02,종료,2,1,1,1,0,71.4,0.5,0.5,0.0,1287000,3000000,1287000,2163450,https://www.work24.go.kr/hr/a/a/3100/selectTracseDetl.do?tracseId=AIG20250000531840&tracseTme=7&crseTracseSe=C0061&trainstCstmrId=500039127578,0,0,0,드론
788,ACG20263001154048,25,[촬영용 드론] 드론을 활용한 영상촬영 및 편집기술,케이지에듀원 원격평생교육원,09040105,09040105,소형무인기운용·조종,서울,동작구,원격,2026-07-29,2026-08-28,종료,500,2,3,2,0,100.0,0.004,0.006,0.0,50490,50490,50490,22730,https://www.work24.go.kr/hr/a/a/3100/selectTracseDetl.do?tracseId=ACG20263001154048&tracseTme=25&crseTracseSe=C0031&trainstCstmrId=500020015894,0,0,0,드론
786,ACG20263001192049,96,드론 기초기술 현장적용 가이드,러닝플러스 주식회사,20010102,20010102,정보기술컨설팅,부산,부산진구,원격,2026-07-29,2026-08-28,종료,500,0,0,,0,,0.0,0.0,,62370,62370,62370,28070,https://www.work24.go.kr/hr/a/a/3100/selectTracseDetl.do?tracseId=ACG20263001192049&tracseTme=96&crseTracseSe=C0031&trainstCstmrId=500020021711,0,1,0,드론
787,AIG20250000539903,41,파이썬으로 제어하는 AI드론,미라클평생교육원,20010202,20010202,응용SW엔지니어링,전북,전주시,원격,2026-07-29,2026-08-28,종료,200,23,27,23,22,93.6,0.115,0.135,0.9565217391304348,490000,490000,0,49000,https://www.work24.go.kr/hr/a/a/3100/selectTracseDetl.do?tracseId=AIG20250000539903&tracseTme=41&crseTracseSe=C0105&trainstCstmrId=500033164282,0,0,0,드론
789,ACG20263001192049,97,드론 기초기술 현장적용 가이드,러닝플러스 주식회사,20010102,20010102,정보기술컨설팅,부산,부산진구,원격,2026-07-30,2026-08-29,종료,500,0,0,,0,,0.0,0.0,,62370,62370,62370,28070,https://www.work24.go.kr/hr/a/a/3100/selectTracseDetl.do?tracseId=ACG20263001192049&tracseTme=97&crseTracseSe=C0031&trainstCstmrId=500020021711,0,1,0,드론
791,AIG20250000531836,14,드론 (1종) 국가자격증 취득 (실기),중부드론교육원,09040105,09040105,소형무인기운용·조종,충북,음성군,비원격,2026-07-30,2026-08-12,종료,8,1,1,1,1,,0.125,0.125,1.0,572000,1500000,572000,1128200,https://www.work24.go.kr/hr/a/a/3100/selectTracseDetl.do?tracseId=AIG20250000531836&tracseTme=14&crseTracseSe=C0061&trainstCstmrId=500039127578,0,1,0,드론
790,AVA20263001321903,1,"드론 활용실무(건설, 물류, 방제용 드론)",사단법인 한국에듀테크산업협회,09040105,09040105,소형무인기운용·조종,서울,강남구,원격,2026-07-30,2026-08-26,종료,500,2,3,2,2,,0.004,0.006,1.0,62370,62370,62370,28070,https://www.work24.go.kr/hr/a/a/3100/selectTracseDetl.do?tracseId=AVA20263001321903&tracseTme=1&crseTracseSe=C0055&trainstCstmrId=500020013301,0,1,0,드론
792,ACG20263001192049,98,드론 기초기술 현장적용 가이드,러닝플러스 주식회사,20010102,20010102,정보기술컨설팅,부산,부산진구,원격,2026-07-31,2026-08-30,종료,500,0,0,,0,,0.0,0.0,,62370,62370,62370,28070,https://www.work24.go.kr/hr/a/a/3100/selectTracseDetl.do?tracseId=ACG20263001192049&tracseTme=98&crseTracseSe=C0031&trainstCstmrId=500020021711,0,1,0,드론
793,AIG20250000505519,16,1종 드론 국가자격증 필기+실기_평일반,서울드론교육원,09040105,09040105,소형무인기운용·조종,서울,서초구,비원격,2026-08-01,2026-09-27,진행중,12,1,3,4,0,87.4,0.08333333333333333,0.25,,915200,1915200,915200,1411840,https://www.work24.go.kr/hr/a/a/3100/selectTracseDetl.do?tracseId=AIG20250000505519&tracseTme=16&crseTracseSe=C0061&trainstCstmrId=500035861333,0,0,0,드론
794,AIG20250000532096,19,(드론)조종자 1종 국가 자격증 취득과정(실기),주식회사지디에이경기드론교육원,09040105,09040105,소형무인기운용·조종,서울,구로구,비원격,2026-08-01,2026-08-30,종료,8,2,4,2,2,88.9,0.25,0.5,1.0,572000,1500000,572000,1185400,https://www.work24.go.kr/hr/a/a/3100/selectTracseDetl.do?tracseId=AIG20250000532096&tracseTme=19&crseTracseSe=C0061&trainstCstmrId=500042767878,0,0,0,드론
795,AIG20250000519760,3,드론 (1종) 국가자격증 취득과정(필기+실기),신한글로벌인재교육원,09040105,09040105,소형무인기운용·조종,경기,의정부시,비원격,2026-08-02,2026-09-20,진행중,4,4,12,4,0,96.4,1.0,3.0,,858000,2048000,858000,1576100,https://www.work24.go.kr/hr/a/a/3100/selectTracseDetl.do?tracseId=AIG20250000519760&tracseTme=3&crseTracseSe=C0061&trainstCstmrId=500020031915,1,0,0,드론
799,ACG20263001192049,99,드론 기초기술 현장적용 가이드,러닝플러스 주식회사,20010102,20010102,정보기술컨설팅,부산,부산진구,원격,2026-08-03,2026-09-02,종료,500,0,0,,0,,0.0,0.0,,62370,62370,62370,28070,https://www.work24.go.kr/hr/a/a/3100/selectTracseDetl.do?tracseId=ACG20263001192049&tracseTme=99&crseTracseSe=C0031&trainstCstmrId=500020021711,0,1,0,드론
803,AIG20250000505519,17,1종 드론 국가자격증 필기+실기_평일반,서울드론교육원,09040105,09040105,소형무인기운용·조종,서울,서초구,비원격,2026-08-03,2026-08-25,종료,12,6,9,10,6,87.4,0.5,0.75,0.6,915200,1915200,915200,1411840,https://www.work24.go.kr/hr/a/a/3100/selectTracseDetl.do?tracseId=AIG20250000505519&tracseTme=17&crseTracseSe=C0061&trainstCstmrId=500035861333,0,0,0,드론
806,AIG20250000505693,10,드론(무인멀티콥터) 국가자격증 1종 학과 교육 과정,주식회사 비아이티코퍼레이션,09040105,09040105,소형무인기운용·조종,전북,전주시,비원격,2026-08-03,2026-08-07,종료,8,5,5,5,0,96.7,0.625,0.625,0.0,286000,500000,286000,342700,https://www.work24.go.kr/hr/a/a/3100/selectTracseDetl.do?tracseId=AIG20250000505693&tracseTme=10&crseTracseSe=C0061&trainstCstmrId=500042783200,0,0,0,드론
797,AIG20250000506180,10,1종 드론국가자격증 취득과정 필기+실기 _평일반,(주)케이드론 부설 대한무인항공교육원,09040105,09040105,소형무인기운용·조종,강원,원주시,비원격,2026-08-03,2026-08-25,종료,12,4,5,9,4,97.1,0.3333333333333333,0.4166666666666667,0.4444444444444444,915200,1915200,915200,1411840,https://www.work24.go.kr/hr/a/a/3100/selectTracseDetl.do?tracseId=AIG20250000506180&tracseTme=10&crseTracseSe=C0061&trainstCstmrId=500035879387,0,0,0,드론
802,AIG20250000509552,21,26년 드론 국가자격증 학과교육,새만금항공주식회사,09040105,09040105,소형무인기운용·조종,전북,전주시,비원격,2026-08-03,2026-08-07,종료,8,3,3,3,3,100.0,0.375,0.375,1.0,286000,300000,286000,142700,https://www.work24.go.kr/hr/a/a/3100/selectTracseDetl.do?tracseId=AIG20250000509552&tracseTme=21&crseTracseSe=C0061&trainstCstmrId=500034120375,0,0,0,드론
804,AIG20250000511898,5,드론 국가기술자격 취득과정 1종,스카이팜에듀교육원,09040105,09040105,소형무인기운용·조종,제주,제주시,비원격,2026-08-03,2026-08-24,종료,8,2,3,2,1,75.0,0.25,0.375,0.5,858000,1800000,858000,1328100,https://www.work24.go.kr/hr/a/a/3100/selectTracseDetl.do?tracseId=AIG20250000511898&tracseTme=5&crseTracseSe=C0061&trainstCstmrId=500041625803,0,0,0,드론
800,AIG20250000516351,7,초경량비행장치 무인멀티콥터(드론) 1종 자격(학과이론+모의비행),부산경상대학교산학협력단,09040105,09040105,소형무인기운용·조종,부산,연제구,비원격,2026-08-03,2026-08-07,종료,4,0,1,,0,,0.0,0.25,,286000,500000,286000,342700,https://www.work24.go.kr/hr/a/a/3100/selectTracseDetl.do?tracseId=AIG20250000516351&tracseTme=7&crseTracseSe=C0061&trainstCstmrId=500044212779,0,1,0,드론
801,AIG20250000516668,7,초경량비행장치 무인멀티콥터(드론) 1종 자격취득(이론+실기),부산경상대학교산학협력단,09040105,09040105,소형무인기운용·조종,부산,연제구,비원격,2026-08-03,2026-09-02,종료,4,3,3,3,3,97.4,0.75,0.75,1.0,1001000,2000000,1001000,1449450,https://www.work24.go.kr/hr/a/a/3100/selectTracseDetl.do?tracseId=AIG20250000516668&tracseTme=7&crseTracseSe=C0061&trainstCstmrId=500044212779,0,0,0,드론
796,AIG20250000519317,5,드론 국가자격증1종[실기],(주)충남무인항공교육원,09040105,09040105,소형무인기운용·조종,충남,천안시,비원격,2026-08-03,2026-08-14,종료,4,3,3,3,3,93.9,0.75,0.75,1.0,572000,1600000,572000,1285400,https://www.work24.go.kr/hr/a/a/3100/selectTracseDetl.do?tracseId=AIG20250000519317&tracseTme=5&crseTracseSe=C0061&trainstCstmrId=500034750847,0,0,0,드론
798,AIG20250000534362,11,초경량비행장치 무인멀티콥터 취득과정(평일),강남무인항공,09040105,09040105,소형무인기운용·조종,전북,장수군,비원격,2026-08-03,2026-08-21,종료,8,4,5,4,4,100.0,0.5,0.625,1.0,858000,1500000,858000,1028100,https://www.work24.go.kr/hr/a/a/3100/selectTracseDetl.do?tracseId=AIG20250000534362&tracseTme=11&crseTracseSe=C0061&trainstCstmrId=500034689871,0,0,0,드론
805,AIG20250000536111,6,드론국가자격1종과정,영천드론자격시험교육센터,09040105,09040105,소형무인기운용·조종,대구,동구,비원격,2026-08-03,2026-09-02,종료,8,6,6,6,5,98.5,0.75,0.75,0.8333333333333334,1172600,1800000,1172600,1155070,https://www.work24.go.kr/hr/a/a/3100/selectTracseDetl.do?tracseId=AIG20250000536111&tracseTme=6&crseTracseSe=C0061&trainstCstmrId=500040315040,0,0,0,드론
807,AIG20263001361326,2,드론 비행 공간/시설물 모델링 및 모니터링 전문인력 양성,한밭대학교,09040105,09040105,소형무인기운용·조종,대전,유성구,비원격,2026-08-03,2026-08-28,종료,8,6,7,6,6,100.0,0.75,0.875,1.0,1115400,1115400,1115400,111540,https://www.work24.go.kr/hr/a/a/3100/selectTracseDetl.do?tracseId=AIG20263001361326&tracseTme=2&crseTracseSe=C0061&trainstCstmrId=500020047057,0,0,0,드론
809,ACG20263001192049,100,드론 기초기술 현장적용 가이드,러닝플러스 주식회사,20010102,20010102,정보기술컨설팅,부산,부산진구,원격,2026-08-04,2026-09-03,종료,500,0,0,,0,,0.0,0.0,,62370,62370,62370,28070,https://www.work24.go.kr/hr/a/a/3100/selectTracseDetl.do?tracseId=ACG20263001192049&tracseTme=100&crseTracseSe=C0031&trainstCstmrId=500020021711,0,1,0,드론
808,AIG20250000529057,5,초경량비행장치 조종자 자격 취득과정(1종),드론항공평생교육원,09040105,09040105,소형무인기운용·조종,제주,서귀포시,비원격,2026-08-04,2026-08-25,종료,8,4,4,4,4,93.3,0.5,0.5,1.0,858000,1800000,858000,1328100,https://www.work24.go.kr/hr/a/a/3100/selectTracseDetl.do?tracseId=AIG20250000529057&tracseTme=5&crseTracseSe=C0061&trainstCstmrId=500035584309,0,0,0,드론
813,ACG20263001154048,26,[촬영용 드론] 드론을 활용한 영상촬영 및 편집기술,케이지에듀원 원격평생교육원,09040105,09040105,소형무인기운용·조종,서울,동작구,원격,2026-08-05,2026-09-04,종료,500,0,0,,0,100.0,0.0,0.0,,50490,50490,50490,22730,https://www.work24.go.kr/hr/a/a/3100/selectTracseDetl.do?tracseId=ACG20263001154048&tracseTme=26&crseTracseSe=C0031&trainstCstmrId=500020015894,0,0,0,드론
810,ACG20263001192049,101,드론 기초기술 현장적용 가이드,러닝플러스 주식회사,20010102,20010102,정보기술컨설팅,부산,부산진구,원격,2026-08-05,2026-09-04,종료,500,0,0,,0,,0.0,0.0,,62370,62370,62370,28070,https://www.work24.go.kr/hr/a/a/3100/selectTracseDetl.do?tracseId=ACG20263001192049&tracseTme=101&crseTracseSe=C0031&trainstCstmrId=500020021711,0,1,0,드론
811,AIG20250000539903,42,파이썬으로 제어하는 AI드론,미라클평생교육원,20010202,20010202,응용SW엔지니어링,전북,전주시,원격,2026-08-05,2026-09-04,종료,200,29,31,29,28,93.6,0.145,0.155,0.9655172413793104,490000,490000,0,49000,https://www.work24.go.kr/hr/a/a/3100/selectTracseDetl.do?tracseId=AIG20250000539903&tracseTme=42&crseTracseSe=C0105&trainstCstmrId=500033164282,0,0,0,드론
812,AIG20250000539926,32,"[중장년층 디지털 전환] 드론, 이론부터 코딩까지 올인원 패키지",미래디지털 원격평생교육원,20010202,20010202,응용SW엔지니어링,서울,강서구,원격,2026-08-05,2026-09-04,종료,100,17,21,17,16,78.6,0.17,0.21,0.9411764705882353,288000,288000,0,28800,https://www.work24.go.kr/hr/a/a/3100/selectTracseDetl.do?tracseId=AIG20250000539926&tracseTme=32&crseTracseSe=C0105&trainstCstmrId=500020011130,0,0,0,드론
815,ACG20263001192049,102,드론 기초기술 현장적용 가이드,러닝플러스 주식회사,20010102,20010102,정보기술컨설팅,부산,부산진구,원격,2026-08-06,2026-09-05,종료,500,0,0,,0,,0.0,0.0,,62370,62370,62370,28070,https://www.work24.go.kr/hr/a/a/3100/selectTracseDetl.do?tracseId=ACG20263001192049&tracseTme=102&crseTracseSe=C0031&trainstCstmrId=500020021711,0,1,0,드론
817,AIG20250000513278,4,드론 AI소프트웨어 개발[픽스호크+아두파일럿](무인멀티콥터),새동엔지니어링(주) 드론교육원,09040105,09040105,소형무인기운용·조종,서울,관악구,비원격,2026-08-06,2027-02-16,진행중,16,6,11,6,0,,0.375,0.6875,,5577000,5577000,5577000,300000,https://www.work24.go.kr/hr/a/a/3100/selectTracseDetl.do?tracseId=AIG20250000513278&tracseTme=4&crseTracseSe=C0061&trainstCstmrId=500037079851,0,1,0,드론
814,AIG20250000515467,15,드론 국가자격증1종[이론+실기],(주)충남무인항공교육원,09040105,09040105,소형무인기운용·조종,충남,천안시,비원격,2026-08-06,2026-08-26,종료,8,0,1,,0,98.0,0.0,0.125,,858000,1900000,858000,1428100,https://www.work24.go.kr/hr/a/a/3100/selectTracseDetl.do?tracseId=AIG20250000515467&tracseTme=15&crseTracseSe=C0061&trainstCstmrId=500034750847,0,0,0,드론
818,AIG20260000543299,3,드론촬영 3D모델링 정사영상,새동엔지니어링(주) 드론교육원,09040105,09040105,소형무인기운용·조종,서울,관악구,비원격,2026-08-06,2026-08-12,종료,12,0,0,,0,,0.0,0.0,,286000,486000,286000,328700,https://www.work24.go.kr/hr/a/a/3100/selectTracseDetl.do?tracseId=AIG20260000543299&tracseTme=3&crseTracseSe=C0061&trainstCstmrId=500037079851,0,1,0,드론
816,AVA20263001321903,2,"드론 활용실무(건설, 물류, 방제용 드론)",사단법인 한국에듀테크산업협회,09040105,09040105,소형무인기운용·조종,서울,강남구,원격,2026-08-06,2026-09-02,종료,500,0,0,,0,,0.0,0.0,,62370,62370,62370,28070,https://www.work24.go.kr/hr/a/a/3100/selectTracseDetl.do?tracseId=AVA20263001321903&tracseTme=2&crseTracseSe=C0055&trainstCstmrId=500020013301,0,1,0,드론
819,ACG20263001192049,103,드론 기초기술 현장적용 가이드,러닝플러스 주식회사,20010102,20010102,정보기술컨설팅,부산,부산진구,원격,2026-08-07,2026-09-06,종료,500,0,0,,0,,0.0,0.0,,62370,62370,62370,28070,https://www.work24.go.kr/hr/a/a/3100/selectTracseDetl.do?tracseId=ACG20263001192049&tracseTme=103&crseTracseSe=C0031&trainstCstmrId=500020021711,0,1,0,드론
820,ACG20263001414787,1,[촬영용 드론] 드론을 활용한 영상촬영 및 편집기술,(1st)인비원 평생교육원,09040105,09040105,소형무인기운용·조종,경기,고양시,원격,2026-08-08,2026-09-07,종료,500,0,0,,0,,0.0,0.0,,50490,50490,50490,22730,https://www.work24.go.kr/hr/a/a/3100/selectTracseDetl.do?tracseId=ACG20263001414787&tracseTme=1&crseTracseSe=C0031&trainstCstmrId=500044312625,0,1,0,드론
822,AIG20250000509639,21,26년 드론 국가자격증 1종 실기교육,새만금항공주식회사,09040105,09040105,소형무인기운용·조종,전북,전주시,비원격,2026-08-08,2026-09-06,종료,8,0,0,,0,100.0,0.0,0.0,,572000,1700000,572000,1385400,https://www.work24.go.kr/hr/a/a/3100/selectTracseDetl.do?tracseId=AIG20250000509639&tracseTme=21&crseTracseSe=C0061&trainstCstmrId=500034120375,0,0,0,드론
821,AIG20250000528935,4,드론조종 3종 양성과정(주말반),드론항공평생교육원,09040105,09040105,소형무인기운용·조종,제주,서귀포시,비원격,2026-08-08,2026-08-30,종료,8,2,4,2,1,100.0,0.25,0.5,0.5,357500,560000,357500,363380,https://www.work24.go.kr/hr/a/a/3100/selectTracseDetl.do?tracseId=AIG20250000528935&tracseTme=4&crseTracseSe=C0061&trainstCstmrId=500035584309,0,0,0,드론
823,AIG20250000531840,8,드론 지도조종자(교관) 자격취득과정,중부드론교육원,09040105,09040105,소형무인기운용·조종,충북,음성군,비원격,2026-08-08,2026-11-07,진행중,2,0,0,,0,71.4,0.0,0.0,,1287000,3000000,1287000,2163450,https://www.work24.go.kr/hr/a/a/3100/selectTracseDetl.do?tracseId=AIG20250000531840&tracseTme=8&crseTracseSe=C0061&trainstCstmrId=500039127578,0,0,0,드론
824,ACG20263001414787,2,[촬영용 드론] 드론을 활용한 영상촬영 및 편집기술,(1st)인비원 평생교육원,09040105,09040105,소형무인기운용·조종,경기,고양시,원격,2026-08-09,2026-09-08,종료,500,0,0,,0,,0.0,0.0,,50490,50490,50490,22730,https://www.work24.go.kr/hr/a/a/3100/selectTracseDetl.do?tracseId=ACG20263001414787&tracseTme=2&crseTracseSe=C0031&trainstCstmrId=500044312625,0,1,0,드론
826,AIG20250000513041,15,드론 국가자격증 3종[필기+실기]+촬영 무인멀티콥터,새동엔지니어링(주) 드론교육원,09040105,09040105,소형무인기운용·조종,서울,관악구,비원격,2026-08-09,2026-09-12,종료,8,2,3,2,2,90.5,0.25,0.375,1.0,572000,772000,572000,457400,https://www.work24.go.kr/hr/a/a/3100/selectTracseDetl.do?tracseId=AIG20250000513041&tracseTme=15&crseTracseSe=C0061&trainstCstmrId=500037079851,0,0,0,드론
825,AIG20250000532017,15,초경량비행장치 (드론) 1종 국가자격취득과정(이론+실기),KDA 한국드론교육원,09040105,09040105,소형무인기운용·조종,경기,화성시,비원격,2026-08-09,2026-10-04,진행중,8,2,2,2,0,96.8,0.25,0.25,,858000,1980000,858000,1508100,https://www.work24.go.kr/hr/a/a/3100/selectTracseDetl.do?tracseId=AIG20250000532017&tracseTme=15&crseTracseSe=C0061&trainstCstmrId=500042774065,0,0,0,드론
831,ACG20263001192049,104,드론 기초기술 현장적용 가이드,러닝플러스 주식회사,20010102,20010102,정보기술컨설팅,부산,부산진구,원격,2026-08-10,2026-09-09,종료,500,0,0,,0,,0.0,0.0,,62370,62370,62370,28070,https://www.work24.go.kr/hr/a/a/3100/selectTracseDetl.do?tracseId=ACG20263001192049&tracseTme=104&crseTracseSe=C0031&trainstCstmrId=500020021711,0,1,0,드론
827,ACG20263001414787,3,[촬영용 드론] 드론을 활용한 영상촬영 및 편집기술,(1st)인비원 평생교육원,09040105,09040105,소형무인기운용·조종,경기,고양시,원격,2026-08-10,2026-09-09,종료,500,0,0,,0,,0.0,0.0,,50490,50490,50490,22730,https://www.work24.go.kr/hr/a/a/3100/selectTracseDetl.do?tracseId=ACG20263001414787&tracseTme=3&crseTracseSe=C0031&trainstCstmrId=500044312625,0,1,0,드론
835,AIG20250000508278,24,무인멀티콥터(드론) 국가자격증 1종 실기교육 과정,주식회사 비아이티코퍼레이션,09040105,09040105,소형무인기운용·조종,전북,전주시,비원격,2026-08-10,2026-08-24,종료,1,1,1,1,0,100.0,1.0,1.0,0.0,143000,1000000,143000,921350,https://www.work24.go.kr/hr/a/a/3100/selectTracseDetl.do?tracseId=AIG20250000508278&tracseTme=24&crseTracseSe=C0061&trainstCstmrId=500042783200,0,0,0,드론
834,AIG20250000509002,17,드론 1종 조종자 국가자격증(필기시험면제자체실기시험),이아이실용전문학원,09040105,09040105,소형무인기운용·조종,경기,시흥시,비원격,2026-08-10,2026-08-31,종료,4,4,6,4,4,97.5,1.0,1.5,1.0,858000,1958000,858000,1486100,https://www.work24.go.kr/hr/a/a/3100/selectTracseDetl.do?tracseId=AIG20250000509002&tracseTme=17&crseTracseSe=C0061&trainstCstmrId=500042912111,1,0,0,드론
833,AIG20250000509639,23,26년 드론 국가자격증 1종 실기교육,새만금항공주식회사,09040105,09040105,소형무인기운용·조종,전북,전주시,비원격,2026-08-10,2026-08-21,종료,8,3,3,3,3,100.0,0.375,0.375,1.0,572000,1700000,572000,1385400,https://www.work24.go.kr/hr/a/a/3100/selectTracseDetl.do?tracseId=AIG20250000509639&tracseTme=23&crseTracseSe=C0061&trainstCstmrId=500034120375,0,0,0,드론
832,AIG20250000516429,7,초경량비행장치 무인멀티콥터(드론) 1종 자격(실기비행),부산경상대학교산학협력단,09040105,09040105,소형무인기운용·조종,부산,연제구,비원격,2026-08-10,2026-09-01,종료,4,0,1,,0,,0.0,0.25,,715000,1500000,715000,1106750,https://www.work24.go.kr/hr/a/a/3100/selectTracseDetl.do?tracseId=AIG20250000516429&tracseTme=7&crseTracseSe=C0061&trainstCstmrId=500044212779,0,1,0,드론
828,AIG20250000529814,15,드론 1종 국가자격증 취득과정,(주)스마트항공,09040105,09040105,소형무인기운용·조종,부산,사상구,비원격,2026-08-10,2026-08-28,종료,8,2,3,2,2,99.5,0.25,0.375,1.0,858000,1980000,858000,1508100,https://www.work24.go.kr/hr/a/a/3100/selectTracseDetl.do?tracseId=AIG20250000529814&tracseTme=15&crseTracseSe=C0061&trainstCstmrId=500042519804,0,0,0,드론
830,AIG20250000532017,16,초경량비행장치 (드론) 1종 국가자격취득과정(이론+실기),KDA 한국드론교육원,09040105,09040105,소형무인기운용·조종,경기,화성시,비원격,2026-08-10,2026-08-28,종료,8,2,2,2,2,96.8,0.25,0.25,1.0,858000,1980000,858000,1508100,https://www.work24.go.kr/hr/a/a/3100/selectTracseDetl.do?tracseId=AIG20250000532017&tracseTme=16&crseTracseSe=C0061&trainstCstmrId=500042774065,0,0,0,드론
829,AIG20250000532020,19,초경량비행장치 (드론) 1종 국가자격취득과정(실기),KDA 한국드론교육원,09040105,09040105,소형무인기운용·조종,경기,화성시,비원격,2026-08-10,2026-08-21,종료,8,0,0,,0,98.0,0.0,0.0,,572000,1500000,572000,1185400,https://www.work24.go.kr/hr/a/a/3100/selectTracseDetl.do?tracseId=AIG20250000532020&tracseTme=19&crseTracseSe=C0061&trainstCstmrId=500042774065,0,0,0,드론
836,AIG20250000532096,20,(드론)조종자 1종 국가 자격증 취득과정(실기),주식회사지디에이경기드론교육원,09040105,09040105,소형무인기운용·조종,서울,구로구,비원격,2026-08-10,2026-08-21,종료,8,1,1,1,1,88.9,0.125,0.125,1.0,572000,1500000,572000,1185400,https://www.work24.go.kr/hr/a/a/3100/selectTracseDetl.do?tracseId=AIG20250000532096&tracseTme=20&crseTracseSe=C0061&trainstCstmrId=500042767878,0,0,0,드론
838,ACG20263001192049,105,드론 기초기술 현장적용 가이드,러닝플러스 주식회사,20010102,20010102,정보기술컨설팅,부산,부산진구,원격,2026-08-11,2026-09-10,종료,500,0,0,,0,,0.0,0.0,,62370,62370,62370,28070,https://www.work24.go.kr/hr/a/a/3100/selectTracseDetl.do?tracseId=ACG20263001192049&tracseTme=105&crseTracseSe=C0031&trainstCstmrId=500020021711,0,1,0,드론
837,ACG20263001414787,4,[촬영용 드론] 드론을 활용한 영상촬영 및 편집기술,(1st)인비원 평생교육원,09040105,09040105,소형무인기운용·조종,경기,고양시,원격,2026-08-11,2026-09-10,종료,500,0,0,,0,,0.0,0.0,,50490,50490,50490,22730,https://www.work24.go.kr/hr/a/a/3100/selectTracseDetl.do?tracseId=ACG20263001414787&tracseTme=4&crseTracseSe=C0031&trainstCstmrId=500044312625,0,1,0,드론
843,ACG20263001154048,27,[촬영용 드론] 드론을 활용한 영상촬영 및 편집기술,케이지에듀원 원격평생교육원,09040105,09040105,소형무인기운용·조종,서울,동작구,원격,2026-08-12,2026-09-11,종료,500,0,0,,0,100.0,0.0,0.0,,50490,50490,50490,22730,https://www.work24.go.kr/hr/a/a/3100/selectTracseDetl.do?tracseId=ACG20263001154048&tracseTme=27&crseTracseSe=C0031&trainstCstmrId=500020015894,0,0,0,드론
840,ACG20263001192049,106,드론 기초기술 현장적용 가이드,러닝플러스 주식회사,20010102,20010102,정보기술컨설팅,부산,부산진구,원격,2026-08-12,2026-09-11,종료,500,0,0,,0,,0.0,0.0,,62370,62370,62370,28070,https://www.work24.go.kr/hr/a/a/3100/selectTracseDetl.do?tracseId=ACG20263001192049&tracseTme=106&crseTracseSe=C0031&trainstCstmrId=500020021711,0,1,0,드론
839,ACG20263001414787,5,[촬영용 드론] 드론을 활용한 영상촬영 및 편집기술,(1st)인비원 평생교육원,09040105,09040105,소형무인기운용·조종,경기,고양시,원격,2026-08-12,2026-09-11,종료,500,0,0,,0,,0.0,0.0,,50490,50490,50490,22730,https://www.work24.go.kr/hr/a/a/3100/selectTracseDetl.do?tracseId=ACG20263001414787&tracseTme=5&crseTracseSe=C0031&trainstCstmrId=500044312625,0,1,0,드론
841,AIG20250000539903,43,파이썬으로 제어하는 AI드론,미라클평생교육원,20010202,20010202,응용SW엔지니어링,전북,전주시,원격,2026-08-12,2026-09-11,종료,200,45,48,45,44,93.6,0.225,0.24,0.9777777777777777,490000,490000,0,49000,https://www.work24.go.kr/hr/a/a/3100/selectTracseDetl.do?tracseId=AIG20250000539903&tracseTme=43&crseTracseSe=C0105&trainstCstmrId=500033164282,0,0,0,드론
842,AIG20250000539926,33,"[중장년층 디지털 전환] 드론, 이론부터 코딩까지 올인원 패키지",미래디지털 원격평생교육원,20010202,20010202,응용SW엔지니어링,서울,강서구,원격,2026-08-12,2026-09-11,종료,100,18,20,18,17,78.6,0.18,0.2,0.9444444444444444,288000,288000,0,28800,https://www.work24.go.kr/hr/a/a/3100/selectTracseDetl.do?tracseId=AIG20250000539926&tracseTme=33&crseTracseSe=C0105&trainstCstmrId=500020011130,0,0,0,드론
845,ACG20263001192049,107,드론 기초기술 현장적용 가이드,러닝플러스 주식회사,20010102,20010102,정보기술컨설팅,부산,부산진구,원격,2026-08-13,2026-09-12,종료,500,0,0,,0,,0.0,0.0,,62370,62370,62370,28070,https://www.work24.go.kr/hr/a/a/3100/selectTracseDetl.do?tracseId=ACG20263001192049&tracseTme=107&crseTracseSe=C0031&trainstCstmrId=500020021711,0,1,0,드론
844,ACG20263001414787,6,[촬영용 드론] 드론을 활용한 영상촬영 및 편집기술,(1st)인비원 평생교육원,09040105,09040105,소형무인기운용·조종,경기,고양시,원격,2026-08-13,2026-09-12,종료,500,0,0,,0,,0.0,0.0,,50490,50490,50490,22730,https://www.work24.go.kr/hr/a/a/3100/selectTracseDetl.do?tracseId=ACG20263001414787&tracseTme=6&crseTracseSe=C0031&trainstCstmrId=500044312625,0,1,0,드론
850,AIG20250000502620,15,초경량비행장치 무인멀티콥터(드론)조종자 1종 국가자격취득과정(이론+실기),중부드론교육원,09040105,09040105,소형무인기운용·조종,충북,음성군,비원격,2026-08-13,2026-09-02,종료,8,3,3,3,0,100.0,0.375,0.375,0.0,858000,2000000,858000,1442300,https://www.work24.go.kr/hr/a/a/3100/selectTracseDetl.do?tracseId=AIG20250000502620&tracseTme=15&crseTracseSe=C0061&trainstCstmrId=500039127578,0,0,0,드론
848,AIG20250000510905,16,드론 국가자격증 1종[필기+실기]무인멀티콥터,새동엔지니어링(주) 드론교육원,09040105,09040105,소형무인기운용·조종,서울,관악구,비원격,2026-08-13,2026-09-03,종료,12,7,10,7,7,92.9,0.5833333333333334,0.8333333333333334,1.0,858000,1858000,858000,1386100,https://www.work24.go.kr/hr/a/a/3100/selectTracseDetl.do?tracseId=AIG20250000510905&tracseTme=16&crseTracseSe=C0061&trainstCstmrId=500037079851,0,0,0,드론
847,AIG20250000513132,16,드론 국가자격증 1종 실기반(무인멀티콥터),새동엔지니어링(주) 드론교육원,09040105,09040105,소형무인기운용·조종,서울,관악구,비원격,2026-08-13,2026-08-27,종료,4,4,4,4,4,100.0,1.0,1.0,1.0,572000,1372000,572000,1057400,https://www.work24.go.kr/hr/a/a/3100/selectTracseDetl.do?tracseId=AIG20250000513132&tracseTme=16&crseTracseSe=C0061&trainstCstmrId=500037079851,0,0,0,드론
849,AIG20250000513160,12,드론 지도조종자(교관) 실기반(무인멀티콥터),새동엔지니어링(주) 드론교육원,09040105,09040105,소형무인기운용·조종,서울,관악구,비원격,2026-08-13,2026-09-16,진행중,4,0,0,,0,100.0,0.0,0.0,,1372800,3072800,1372800,2317760,https://www.work24.go.kr/hr/a/a/3100/selectTracseDetl.do?tracseId=AIG20250000513160&tracseTme=12&crseTracseSe=C0061&trainstCstmrId=500037079851,0,0,0,드론
851,AIG20250000531843,13,초경량비행장치(드론) 무인 멀티콥터 조종자 3종 자격증 취득과정,중부드론교육원,09040105,09040105,소형무인기운용·조종,충북,음성군,비원격,2026-08-13,2026-08-21,종료,8,0,0,,0,,0.0,0.0,,357500,600000,357500,367630,https://www.work24.go.kr/hr/a/a/3100/selectTracseDetl.do?tracseId=AIG20250000531843&tracseTme=13&crseTracseSe=C0061&trainstCstmrId=500039127578,0,1,0,드론
846,AVA20263001321903,3,"드론 활용실무(건설, 물류, 방제용 드론)",사단법인 한국에듀테크산업협회,09040105,09040105,소형무인기운용·조종,서울,강남구,원격,2026-08-13,2026-09-09,종료,500,1,1,1,1,,0.002,0.002,1.0,62370,62370,62370,28070,https://www.work24.go.kr/hr/a/a/3100/selectTracseDetl.do?tracseId=AVA20263001321903&tracseTme=3&crseTracseSe=C0055&trainstCstmrId=500020013301,0,1,0,드론
854,ACG20263001192049,108,드론 기초기술 현장적용 가이드,러닝플러스 주식회사,20010102,20010102,정보기술컨설팅,부산,부산진구,원격,2026-08-14,2026-09-13,종료,500,0,0,,0,,0.0,0.0,,62370,62370,62370,28070,https://www.work24.go.kr/hr/a/a/3100/selectTracseDetl.do?tracseId=ACG20263001192049&tracseTme=108&crseTracseSe=C0031&trainstCstmrId=500020021711,0,1,0,드론
852,ACG20263001414787,7,[촬영용 드론] 드론을 활용한 영상촬영 및 편집기술,(1st)인비원 평생교육원,09040105,09040105,소형무인기운용·조종,경기,고양시,원격,2026-08-14,2026-09-13,종료,500,0,0,,0,,0.0,0.0,,50490,50490,50490,22730,https://www.work24.go.kr/hr/a/a/3100/selectTracseDetl.do?tracseId=ACG20263001414787&tracseTme=7&crseTracseSe=C0031&trainstCstmrId=500044312625,0,1,0,드론
856,AIG20250000519760,6,드론 (1종) 국가자격증 취득과정(필기+실기),신한글로벌인재교육원,09040105,09040105,소형무인기운용·조종,경기,의정부시,비원격,2026-08-14,2026-09-18,진행중,4,4,5,4,0,96.4,1.0,1.25,,858000,2048000,858000,1576100,https://www.work24.go.kr/hr/a/a/3100/selectTracseDetl.do?tracseId=AIG20250000519760&tracseTme=6&crseTracseSe=C0061&trainstCstmrId=500020031915,1,0,0,드론
853,AIG20250000531993,4,무인항공기 임무비행 전문가,디엠씨,09040105,09040105,소형무인기운용·조종,경남,양산시,비원격,2026-08-14,2026-10-15,진행중,8,5,5,5,0,100.0,0.625,0.625,,2288000,2288000,2288000,1029600,https://www.work24.go.kr/hr/a/a/3100/selectTracseDetl.do?tracseId=AIG20250000531993&tracseTme=4&crseTracseSe=C0061&trainstCstmrId=500038945686,0,0,0,드론
855,AIG20263001359663,1,(산대특) AI 기반 드론·로봇 영상관제 시스템 운영 및 데이터 분석 실무과정,비젼직업전문학교,20010202,20010202,응용SW엔지니어링,대전,중구,비원격,2026-08-14,2027-02-10,진행중,20,8,8,8,0,,0.4,0.4,,5163600,5163600,5163600,300000,https://www.work24.go.kr/hr/a/a/3100/selectTracseDetl.do?tracseId=AIG20263001359663&tracseTme=1&crseTracseSe=C0061&trainstCstmrId=500020031480,0,1,0,드론
857,ACG20263001414787,8,[촬영용 드론] 드론을 활용한 영상촬영 및 편집기술,(1st)인비원 평생교육원,09040105,09040105,소형무인기운용·조종,경기,고양시,원격,2026-08-15,2026-09-14,종료,500,0,0,,0,,0.0,0.0,,50490,50490,50490,22730,https://www.work24.go.kr/hr/a/a/3100/selectTracseDetl.do?tracseId=ACG20263001414787&tracseTme=8&crseTracseSe=C0031&trainstCstmrId=500044312625,0,1,0,드론
860,AIG20250000527495,15,초경량비행장치 드론 1종 국가자격증 취득 과정,알씨스카이 부설 무인기술UAV교육원,09040105,09040105,소형무인기운용·조종,경남,창원시,비원격,2026-08-15,2026-10-04,진행중,8,0,0,,0,100.0,0.0,0.0,,858000,1980000,858000,1508100,https://www.work24.go.kr/hr/a/a/3100/selectTracseDetl.do?tracseId=AIG20250000527495&tracseTme=15&crseTracseSe=C0061&trainstCstmrId=500035425743,0,0,0,드론
858,AIG20250000532020,18,초경량비행장치 (드론) 1종 국가자격취득과정(실기),KDA 한국드론교육원,09040105,09040105,소형무인기운용·조종,경기,화성시,비원격,2026-08-15,2026-09-13,종료,8,1,1,1,0,98.0,0.125,0.125,0.0,572000,1500000,572000,1185400,https://www.work24.go.kr/hr/a/a/3100/selectTracseDetl.do?tracseId=AIG20250000532020&tracseTme=18&crseTracseSe=C0061&trainstCstmrId=500042774065,0,0,0,드론
859,AIG20253001121514,2,(산대특) 항공촬영 기술 습득을 통한 건설및 건축업 종사자들의 직무향상 교육,순천스카이드론교육원(미래진로직업체험센터),090401,,항공기조종운송,광주,순천시,비원격,2026-08-15,2026-09-13,종료,8,6,8,6,5,100.0,0.75,1.0,0.8333333333333334,650650,650650,650650,65070,https://www.work24.go.kr/hr/a/a/3100/selectTracseDetl.do?tracseId=AIG20253001121514&tracseTme=2&crseTracseSe=C0061&trainstCstmrId=500038928017,0,0,1,드론
861,ACG20263001414787,9,[촬영용 드론] 드론을 활용한 영상촬영 및 편집기술,(1st)인비원 평생교육원,09040105,09040105,소형무인기운용·조종,경기,고양시,원격,2026-08-16,2026-09-15,종료,500,0,0,,0,,0.0,0.0,,50490,50490,50490,22730,https://www.work24.go.kr/hr/a/a/3100/selectTracseDetl.do?tracseId=ACG20263001414787&tracseTme=9&crseTracseSe=C0031&trainstCstmrId=500044312625,0,1,0,드론
862,ACG20263001414787,10,[촬영용 드론] 드론을 활용한 영상촬영 및 편집기술,(1st)인비원 평생교육원,09040105,09040105,소형무인기운용·조종,경기,고양시,원격,2026-08-17,2026-09-16,진행중,500,0,0,,0,,0.0,0.0,,50490,50490,50490,22730,https://www.work24.go.kr/hr/a/a/3100/selectTracseDetl.do?tracseId=ACG20263001414787&tracseTme=10&crseTracseSe=C0031&trainstCstmrId=500044312625,0,1,0,드론
865,AIG20250000509552,22,26년 드론 국가자격증 학과교육,새만금항공주식회사,09040105,09040105,소형무인기운용·조종,전북,전주시,비원격,2026-08-17,2026-08-21,종료,8,0,2,0,0,100.0,0.0,0.25,,286000,300000,286000,142700,https://www.work24.go.kr/hr/a/a/3100/selectTracseDetl.do?tracseId=AIG20250000509552&tracseTme=22&crseTracseSe=C0061&trainstCstmrId=500034120375,0,0,0,드론
863,AIG20250000511659,5,초경량비행장치 무인멀티콥터 조종자 1종,경남에스케이드론주식회사,09040105,09040105,소형무인기운용·조종,경남,고성군,비원격,2026-08-17,2026-09-07,종료,8,2,2,2,2,100.0,0.25,0.25,1.0,872300,2300000,872300,1820240,https://www.work24.go.kr/hr/a/a/3100/selectTracseDetl.do?tracseId=AIG20250000511659&tracseTme=5&crseTracseSe=C0061&trainstCstmrId=500045609416,0,0,0,드론
866,AIG20250000527495,16,초경량비행장치 드론 1종 국가자격증 취득 과정,알씨스카이 부설 무인기술UAV교육원,09040105,09040105,소형무인기운용·조종,경남,창원시,비원격,2026-08-17,2026-09-04,종료,8,0,0,,0,100.0,0.0,0.0,,858000,1980000,858000,1508100,https://www.work24.go.kr/hr/a/a/3100/selectTracseDetl.do?tracseId=AIG20250000527495&tracseTme=16&crseTracseSe=C0061&trainstCstmrId=500035425743,0,0,0,드론
864,AIG20250000528466,7,드론 조종자 1종 국가자격 취득과정 (학과+실기_평일반),구름무인항공교육원,09040105,09040105,소형무인기운용·조종,경기,평택시,비원격,2026-08-17,2026-09-04,종료,8,2,2,4,2,100.0,0.25,0.25,0.5,858000,1950000,858000,1478100,https://www.work24.go.kr/hr/a/a/3100/selectTracseDetl.do?tracseId=AIG20250000528466&tracseTme=7&crseTracseSe=C0061&trainstCstmrId=500042856540,0,0,0,드론
867,AIG20260000545759,3,(드론) 초경량비행장치 무인멀티콥터 1종 국가자격증 (이론 실기) 평일반,주식회사지디에이경기드론교육원,09040105,09040105,소형무인기운용·조종,서울,구로구,비원격,2026-08-17,2026-09-04,종료,8,1,2,1,0,97.6,0.125,0.25,0.0,858000,1980000,858000,1508100,https://www.work24.go.kr/hr/a/a/3100/selectTracseDetl.do?tracseId=AIG20260000545759&tracseTme=3&crseTracseSe=C0061&trainstCstmrId=500042767878,0,0,0,드론
870,ACG20263001192049,109,드론 기초기술 현장적용 가이드,러닝플러스 주식회사,20010102,20010102,정보기술컨설팅,부산,부산진구,원격,2026-08-18,2026-09-17,진행중,500,0,0,,0,,0.0,0.0,,62370,62370,62370,28070,https://www.work24.go.kr/hr/a/a/3100/selectTracseDetl.do?tracseId=ACG20263001192049&tracseTme=109&crseTracseSe=C0031&trainstCstmrId=500020021711,0,1,0,드론
868,ACG20263001414787,11,[촬영용 드론] 드론을 활용한 영상촬영 및 편집기술,(1st)인비원 평생교육원,09040105,09040105,소형무인기운용·조종,경기,고양시,원격,2026-08-18,2026-09-17,진행중,500,0,0,,0,,0.0,0.0,,50490,50490,50490,22730,https://www.work24.go.kr/hr/a/a/3100/selectTracseDetl.do?tracseId=ACG20263001414787&tracseTme=11&crseTracseSe=C0031&trainstCstmrId=500044312625,0,1,0,드론
871,AIG20250000515012,1,무인멀티콥터(드론) 조종자 3종 국가자격취득 평일 (이론+실기),양주에이스원드론교육원,09040105,09040105,소형무인기운용·조종,경기,양주시,비원격,2026-08-18,2026-08-27,종료,4,0,0,,0,,0.0,0.0,,357500,800000,357500,603380,https://www.work24.go.kr/hr/a/a/3100/selectTracseDetl.do?tracseId=AIG20250000515012&tracseTme=1&crseTracseSe=C0061&trainstCstmrId=500039022552,0,1,0,드론
872,AIG20250000520984,10,드론 1종 조종자 자격증 취득과정 (이론+실기)[평일반],주식회사스카이엔터프라이즈,09040105,09040105,소형무인기운용·조종,대구,달서구,비원격,2026-08-18,2026-09-09,종료,8,1,1,6,1,96.4,0.125,0.125,0.16666666666666666,972400,1990000,972400,1455180,https://www.work24.go.kr/hr/a/a/3100/selectTracseDetl.do?tracseId=AIG20250000520984&tracseTme=10&crseTracseSe=C0061&trainstCstmrId=500035342034,0,0,0,드론
869,AIG20253001127150,7,(산대특 고용위기 선제대응) 드론을 활용한 영상촬영 및 자격증 취득과정,금성직업전문학교,09040105,09040105,소형무인기운용·조종,광주,동구,비원격,2026-08-18,2026-10-15,진행중,10,9,16,9,0,100.0,0.9,1.6,,1282710,1282710,1282710,128280,https://www.work24.go.kr/hr/a/a/3100/selectTracseDetl.do?tracseId=AIG20253001127150&tracseTme=7&crseTracseSe=C0061&trainstCstmrId=500020036003,1,0,0,드론
877,ACG20263001154048,28,[촬영용 드론] 드론을 활용한 영상촬영 및 편집기술,케이지에듀원 원격평생교육원,09040105,09040105,소형무인기운용·조종,서울,동작구,원격,2026-08-19,2026-09-18,진행중,500,0,0,,0,100.0,0.0,0.0,,50490,50490,50490,22730,https://www.work24.go.kr/hr/a/a/3100/selectTracseDetl.do?tracseId=ACG20263001154048&tracseTme=28&crseTracseSe=C0031&trainstCstmrId=500020015894,0,0,0,드론
874,ACG20263001192049,110,드론 기초기술 현장적용 가이드,러닝플러스 주식회사,20010102,20010102,정보기술컨설팅,부산,부산진구,원격,2026-08-19,2026-09-18,진행중,500,0,0,,0,,0.0,0.0,,62370,62370,62370,28070,https://www.work24.go.kr/hr/a/a/3100/selectTracseDetl.do?tracseId=ACG20263001192049&tracseTme=110&crseTracseSe=C0031&trainstCstmrId=500020021711,0,1,0,드론
873,ACG20263001414787,12,[촬영용 드론] 드론을 활용한 영상촬영 및 편집기술,(1st)인비원 평생교육원,09040105,09040105,소형무인기운용·조종,경기,고양시,원격,2026-08-19,2026-09-18,진행중,500,0,0,,0,,0.0,0.0,,50490,50490,50490,22730,https://www.work24.go.kr/hr/a/a/3100/selectTracseDetl.do?tracseId=ACG20263001414787&tracseTme=12&crseTracseSe=C0031&trainstCstmrId=500044312625,0,1,0,드론
875,AIG20250000539903,44,파이썬으로 제어하는 AI드론,미라클평생교육원,20010202,20010202,응용SW엔지니어링,전북,전주시,원격,2026-08-19,2026-09-18,진행중,200,21,39,21,0,93.6,0.105,0.195,,490000,490000,0,49000,https://www.work24.go.kr/hr/a/a/3100/selectTracseDetl.do?tracseId=AIG20250000539903&tracseTme=44&crseTracseSe=C0105&trainstCstmrId=500033164282,0,0,0,드론
876,AIG20250000539926,34,"[중장년층 디지털 전환] 드론, 이론부터 코딩까지 올인원 패키지",미래디지털 원격평생교육원,20010202,20010202,응용SW엔지니어링,서울,강서구,원격,2026-08-19,2026-09-18,진행중,100,29,40,29,0,78.6,0.29,0.4,,288000,288000,0,28800,https://www.work24.go.kr/hr/a/a/3100/selectTracseDetl.do?tracseId=AIG20250000539926&tracseTme=34&crseTracseSe=C0105&trainstCstmrId=500020011130,0,0,0,드론
879,ACG20263001192049,111,드론 기초기술 현장적용 가이드,러닝플러스 주식회사,20010102,20010102,정보기술컨설팅,부산,부산진구,원격,2026-08-20,2026-09-19,진행중,500,0,0,,0,,0.0,0.0,,62370,62370,62370,28070,https://www.work24.go.kr/hr/a/a/3100/selectTracseDetl.do?tracseId=ACG20263001192049&tracseTme=111&crseTracseSe=C0031&trainstCstmrId=500020021711,0,1,0,드론
878,ACG20263001414787,13,[촬영용 드론] 드론을 활용한 영상촬영 및 편집기술,(1st)인비원 평생교육원,09040105,09040105,소형무인기운용·조종,경기,고양시,원격,2026-08-20,2026-09-19,진행중,500,0,0,,0,,0.0,0.0,,50490,50490,50490,22730,https://www.work24.go.kr/hr/a/a/3100/selectTracseDetl.do?tracseId=ACG20263001414787&tracseTme=13&crseTracseSe=C0031&trainstCstmrId=500044312625,0,1,0,드론
881,AIG20250000531836,15,드론 (1종) 국가자격증 취득 (실기),중부드론교육원,09040105,09040105,소형무인기운용·조종,충북,음성군,비원격,2026-08-20,2026-09-02,종료,8,0,0,,0,,0.0,0.0,,572000,1500000,572000,1128200,https://www.work24.go.kr/hr/a/a/3100/selectTracseDetl.do?tracseId=AIG20250000531836&tracseTme=15&crseTracseSe=C0061&trainstCstmrId=500039127578,0,1,0,드론
880,AVA20263001321903,4,"드론 활용실무(건설, 물류, 방제용 드론)",사단법인 한국에듀테크산업협회,09040105,09040105,소형무인기운용·조종,서울,강남구,원격,2026-08-20,2026-09-16,진행중,500,0,0,,0,,0.0,0.0,,62370,62370,62370,28070,https://www.work24.go.kr/hr/a/a/3100/selectTracseDetl.do?tracseId=AVA20263001321903&tracseTme=4&crseTracseSe=C0055&trainstCstmrId=500020013301,0,1,0,드론
883,ACG20263001192049,112,드론 기초기술 현장적용 가이드,러닝플러스 주식회사,20010102,20010102,정보기술컨설팅,부산,부산진구,원격,2026-08-21,2026-09-20,진행중,500,0,0,,0,,0.0,0.0,,62370,62370,62370,28070,https://www.work24.go.kr/hr/a/a/3100/selectTracseDetl.do?tracseId=ACG20263001192049&tracseTme=112&crseTracseSe=C0031&trainstCstmrId=500020021711,0,1,0,드론
882,ACG20263001414787,14,[촬영용 드론] 드론을 활용한 영상촬영 및 편집기술,(1st)인비원 평생교육원,09040105,09040105,소형무인기운용·조종,경기,고양시,원격,2026-08-21,2026-09-20,진행중,500,0,0,,0,,0.0,0.0,,50490,50490,50490,22730,https://www.work24.go.kr/hr/a/a/3100/selectTracseDetl.do?tracseId=ACG20263001414787&tracseTme=14&crseTracseSe=C0031&trainstCstmrId=500044312625,0,1,0,드론
884,AIG20250000513041,16,드론 국가자격증 3종[필기+실기]+촬영 무인멀티콥터,새동엔지니어링(주) 드론교육원,09040105,09040105,소형무인기운용·조종,서울,관악구,비원격,2026-08-21,2026-09-03,종료,8,0,0,,0,90.5,0.0,0.0,,572000,772000,572000,457400,https://www.work24.go.kr/hr/a/a/3100/selectTracseDetl.do?tracseId=AIG20250000513041&tracseTme=16&crseTracseSe=C0061&trainstCstmrId=500037079851,0,0,0,드론
885,ACG20263001414787,15,[촬영용 드론] 드론을 활용한 영상촬영 및 편집기술,(1st)인비원 평생교육원,09040105,09040105,소형무인기운용·조종,경기,고양시,원격,2026-08-22,2026-09-21,진행중,500,0,0,,0,,0.0,0.0,,50490,50490,50490,22730,https://www.work24.go.kr/hr/a/a/3100/selectTracseDetl.do?tracseId=ACG20263001414787&tracseTme=15&crseTracseSe=C0031&trainstCstmrId=500044312625,0,1,0,드론
891,AIG20250000502620,16,초경량비행장치 무인멀티콥터(드론)조종자 1종 국가자격취득과정(이론+실기),중부드론교육원,09040105,09040105,소형무인기운용·조종,충북,음성군,비원격,2026-08-22,2026-10-11,진행중,8,0,1,,0,100.0,0.0,0.125,,858000,2000000,858000,1442300,https://www.work24.go.kr/hr/a/a/3100/selectTracseDetl.do?tracseId=AIG20250000502620&tracseTme=16&crseTracseSe=C0061&trainstCstmrId=500039127578,0,0,0,드론
894,AIG20250000508924,3,"드론 조종,항공 촬영과 기초 영상편집(4종 자격 지원)",현대평생교육원,09040105,09040105,소형무인기운용·조종,대구,달서구,비원격,2026-08-22,2026-09-05,종료,20,7,8,7,7,100.0,0.35,0.4,1.0,128700,128700,128700,57920,https://www.work24.go.kr/hr/a/a/3100/selectTracseDetl.do?tracseId=AIG20250000508924&tracseTme=3&crseTracseSe=C0061&trainstCstmrId=500020018082,0,0,0,드론
888,AIG20250000509002,18,드론 1종 조종자 국가자격증(필기시험면제자체실기시험),이아이실용전문학원,09040105,09040105,소형무인기운용·조종,경기,시흥시,비원격,2026-08-22,2026-10-24,진행중,4,4,4,4,0,97.5,1.0,1.0,,858000,1958000,858000,1486100,https://www.work24.go.kr/hr/a/a/3100/selectTracseDetl.do?tracseId=AIG20250000509002&tracseTme=18&crseTracseSe=C0061&trainstCstmrId=500042912111,0,0,0,드론
887,AIG20250000515742,7,초경량비행장치(드론) 지도조종자(교관) 자격취득과정,누리드론교육원,09040105,09040105,소형무인기운용·조종,경남,김해시,비원격,2026-08-22,2026-11-22,진행중,4,3,3,4,0,100.0,0.75,0.75,,1487200,1987200,1487200,1169240,https://www.work24.go.kr/hr/a/a/3100/selectTracseDetl.do?tracseId=AIG20250000515742&tracseTme=7&crseTracseSe=C0061&trainstCstmrId=500041601289,0,0,0,드론
889,AIG20250000521046,3,드론 2종 조종자 자격증 취득과정 (이론+실기)[주말반],주식회사스카이엔터프라이즈,09040105,09040105,소형무인기운용·조종,대구,달서구,비원격,2026-08-22,2026-10-18,진행중,8,2,5,4,0,,0.25,0.625,,643500,1490000,643500,1136080,https://www.work24.go.kr/hr/a/a/3100/selectTracseDetl.do?tracseId=AIG20250000521046&tracseTme=3&crseTracseSe=C0061&trainstCstmrId=500035342034,0,1,0,드론
893,AIG20250000525906,2,[이론+실기]초경량비행장치 무인멀티콥터 드론 국가자격증 1종 취득과정 주말반[전문교육기관],한국항공대학교 산학협력단 (비행교육원),09040105,09040105,소형무인기운용·조종,경기,고양시,비원격,2026-08-22,2026-10-25,진행중,9,1,2,9,0,100.0,0.1111111111111111,0.2222222222222222,,872300,3000000,872300,2520240,https://www.work24.go.kr/hr/a/a/3100/selectTracseDetl.do?tracseId=AIG20250000525906&tracseTme=2&crseTracseSe=C0061&trainstCstmrId=500020027370,0,0,0,드론
886,AIG20250000529188,4,드론 조종자 1종 국가자격 취득 과정 (실기반_주말_오전),구름무인항공교육원,09040105,09040105,소형무인기운용·조종,경기,평택시,비원격,2026-08-22,2026-09-20,진행중,4,2,2,2,0,100.0,0.5,0.5,,286000,1500000,286000,1342700,https://www.work24.go.kr/hr/a/a/3100/selectTracseDetl.do?tracseId=AIG20250000529188&tracseTme=4&crseTracseSe=C0061&trainstCstmrId=500042856540,0,0,0,드론
892,AIG20250000531843,14,초경량비행장치(드론) 무인 멀티콥터 조종자 3종 자격증 취득과정,중부드론교육원,09040105,09040105,소형무인기운용·조종,충북,음성군,비원격,2026-08-22,2026-09-12,종료,8,0,0,,0,,0.0,0.0,,357500,600000,357500,367630,https://www.work24.go.kr/hr/a/a/3100/selectTracseDetl.do?tracseId=AIG20250000531843&tracseTme=14&crseTracseSe=C0061&trainstCstmrId=500039127578,0,1,0,드론
890,AIG20260000545764,1,(드론) 초경량비행장치 무인멀티콥터 1종 국가자격증 (이론 실기) 주말반,주식회사지디에이경기드론교육원,09040105,09040105,소형무인기운용·조종,서울,구로구,비원격,2026-08-22,2026-10-17,진행중,8,7,7,7,0,,0.875,0.875,,858000,1980000,858000,1508100,https://www.work24.go.kr/hr/a/a/3100/selectTracseDetl.do?tracseId=AIG20260000545764&tracseTme=1&crseTracseSe=C0061&trainstCstmrId=500042767878,0,1,0,드론
895,ACG20263001414787,16,[촬영용 드론] 드론을 활용한 영상촬영 및 편집기술,(1st)인비원 평생교육원,09040105,09040105,소형무인기운용·조종,경기,고양시,원격,2026-08-23,2026-09-22,진행중,500,0,0,,0,,0.0,0.0,,50490,50490,50490,22730,https://www.work24.go.kr/hr/a/a/3100/selectTracseDetl.do?tracseId=ACG20263001414787&tracseTme=16&crseTracseSe=C0031&trainstCstmrId=500044312625,0,1,0,드론
897,AIG20250000509552,23,26년 드론 국가자격증 학과교육,새만금항공주식회사,09040105,09040105,소형무인기운용·조종,전북,전주시,비원격,2026-08-23,2026-09-06,종료,8,1,4,1,0,100.0,0.125,0.5,0.0,286000,300000,286000,142700,https://www.work24.go.kr/hr/a/a/3100/selectTracseDetl.do?tracseId=AIG20250000509552&tracseTme=23&crseTracseSe=C0061&trainstCstmrId=500034120375,0,0,0,드론
896,AIG20250000529814,16,드론 1종 국가자격증 취득과정,(주)스마트항공,09040105,09040105,소형무인기운용·조종,부산,사상구,비원격,2026-08-23,2026-10-17,진행중,8,1,1,1,0,99.5,0.125,0.125,,858000,1980000,858000,1508100,https://www.work24.go.kr/hr/a/a/3100/selectTracseDetl.do?tracseId=AIG20250000529814&tracseTme=16&crseTracseSe=C0061&trainstCstmrId=500042519804,0,0,0,드론
907,ACG20263001192049,113,드론 기초기술 현장적용 가이드,러닝플러스 주식회사,20010102,20010102,정보기술컨설팅,부산,부산진구,원격,2026-08-24,2026-09-23,진행중,500,0,0,,0,,0.0,0.0,,62370,62370,62370,28070,https://www.work24.go.kr/hr/a/a/3100/selectTracseDetl.do?tracseId=ACG20263001192049&tracseTme=113&crseTracseSe=C0031&trainstCstmrId=500020021711,0,1,0,드론
898,ACG20263001414787,17,[촬영용 드론] 드론을 활용한 영상촬영 및 편집기술,(1st)인비원 평생교육원,09040105,09040105,소형무인기운용·조종,경기,고양시,원격,2026-08-24,2026-09-23,진행중,500,0,0,,0,,0.0,0.0,,50490,50490,50490,22730,https://www.work24.go.kr/hr/a/a/3100/selectTracseDetl.do?tracseId=ACG20263001414787&tracseTme=17&crseTracseSe=C0031&trainstCstmrId=500044312625,0,1,0,드론
910,AIG20250000505693,11,드론(무인멀티콥터) 국가자격증 1종 학과 교육 과정,주식회사 비아이티코퍼레이션,09040105,09040105,소형무인기운용·조종,전북,전주시,비원격,2026-08-24,2026-08-28,종료,8,0,0,,0,96.7,0.0,0.0,,286000,500000,286000,342700,https://www.work24.go.kr/hr/a/a/3100/selectTracseDetl.do?tracseId=AIG20250000505693&tracseTme=11&crseTracseSe=C0061&trainstCstmrId=500042783200,0,0,0,드론
899,AIG20250000506180,11,1종 드론국가자격증 취득과정 필기+실기 _평일반,(주)케이드론 부설 대한무인항공교육원,09040105,09040105,소형무인기운용·조종,강원,원주시,비원격,2026-08-24,2026-09-14,종료,12,0,0,,0,97.1,0.0,0.0,,915200,1915200,915200,1411840,https://www.work24.go.kr/hr/a/a/3100/selectTracseDetl.do?tracseId=AIG20250000506180&tracseTme=11&crseTracseSe=C0061&trainstCstmrId=500035879387,0,0,0,드론
909,AIG20250000509002,19,드론 1종 조종자 국가자격증(필기시험면제자체실기시험),이아이실용전문학원,09040105,09040105,소형무인기운용·조종,경기,시흥시,비원격,2026-08-24,2026-09-11,종료,4,4,7,4,4,97.5,1.0,1.75,1.0,858000,1958000,858000,1486100,https://www.work24.go.kr/hr/a/a/3100/selectTracseDetl.do?tracseId=AIG20250000509002&tracseTme=19&crseTracseSe=C0061&trainstCstmrId=500042912111,1,0,0,드론
908,AIG20250000509639,24,26년 드론 국가자격증 1종 실기교육,새만금항공주식회사,09040105,09040105,소형무인기운용·조종,전북,전주시,비원격,2026-08-24,2026-09-04,종료,8,1,2,1,1,100.0,0.125,0.25,1.0,572000,1700000,572000,1385400,https://www.work24.go.kr/hr/a/a/3100/selectTracseDetl.do?tracseId=AIG20250000509639&tracseTme=24&crseTracseSe=C0061&trainstCstmrId=500034120375,0,0,0,드론
902,AIG20250000510984,3,초경량비행장치(드론) 국가자격증취득과정(3종),고창드론항공교육원,09040105,09040105,소형무인기운용·조종,전북,고창군,비원격,2026-08-24,2026-09-04,종료,4,1,1,1,1,100.0,0.25,0.25,1.0,386100,700000,386100,487650,https://www.work24.go.kr/hr/a/a/3100/selectTracseDetl.do?tracseId=AIG20250000510984&tracseTme=3&crseTracseSe=C0061&trainstCstmrId=500042809521,0,0,0,드론
900,AIG20250000532020,20,초경량비행장치 (드론) 1종 국가자격취득과정(실기),KDA 한국드론교육원,09040105,09040105,소형무인기운용·조종,경기,화성시,비원격,2026-08-24,2026-09-04,종료,8,0,0,,0,98.0,0.0,0.0,,572000,1500000,572000,1185400,https://www.work24.go.kr/hr/a/a/3100/selectTracseDetl.do?tracseId=AIG20250000532020&tracseTme=20&crseTracseSe=C0061&trainstCstmrId=500042774065,0,0,0,드론
911,AIG20250000532096,21,(드론)조종자 1종 국가 자격증 취득과정(실기),주식회사지디에이경기드론교육원,09040105,09040105,소형무인기운용·조종,서울,구로구,비원격,2026-08-24,2026-09-04,종료,8,0,0,,0,88.9,0.0,0.0,,572000,1500000,572000,1185400,https://www.work24.go.kr/hr/a/a/3100/selectTracseDetl.do?tracseId=AIG20250000532096&tracseTme=21&crseTracseSe=C0061&trainstCstmrId=500042767878,0,0,0,드론
905,AIG20250000533696,2,초경량비행장치(드론) 조종자 1종 자격 실기 과정,더 드론 비행교육원,09040105,09040105,소형무인기운용·조종,충남,공주시,비원격,2026-08-24,2026-09-11,종료,12,0,1,,0,,0.0,0.08333333333333333,,572000,1800000,572000,1485400,https://www.work24.go.kr/hr/a/a/3100/selectTracseDetl.do?tracseId=AIG20250000533696&tracseTme=2&crseTracseSe=C0061&trainstCstmrId=500038039292,0,1,0,드론
906,AIG20250000533755,1,초경량비행장치(드론) 조종자 3종 자격 실기 과정,더 드론 비행교육원,09040105,09040105,소형무인기운용·조종,충남,공주시,비원격,2026-08-24,2026-08-28,종료,12,0,0,,0,,0.0,0.0,,171600,500000,171600,405620,https://www.work24.go.kr/hr/a/a/3100/selectTracseDetl.do?tracseId=AIG20250000533755&tracseTme=1&crseTracseSe=C0061&trainstCstmrId=500038039292,0,1,0,드론
904,AIG20250000533818,1,초경량비행장치 무인멀티콥터(드론) 항공 측량 과정,더 드론 비행교육원,09040105,09040105,소형무인기운용·조종,충남,공주시,비원격,2026-08-24,2026-09-04,종료,8,0,1,,0,,0.0,0.125,,572000,1600000,572000,1285400,https://www.work24.go.kr/hr/a/a/3100/selectTracseDetl.do?tracseId=AIG20250000533818&tracseTme=1&crseTracseSe=C0061&trainstCstmrId=500038039292,0,1,0,드론
903,AIG20250000533871,1,초경량비행장치 무인멀티콥터(드론) 항공 촬영 과정,더 드론 비행교육원,09040105,09040105,소형무인기운용·조종,충남,공주시,비원격,2026-08-24,2026-09-04,종료,8,0,0,,0,,0.0,0.0,,572000,1600000,572000,1285400,https://www.work24.go.kr/hr/a/a/3100/selectTracseDetl.do?tracseId=AIG20250000533871&tracseTme=1&crseTracseSe=C0061&trainstCstmrId=500038039292,0,1,0,드론
901,AIG20250000534362,12,초경량비행장치 무인멀티콥터 취득과정(평일),강남무인항공,09040105,09040105,소형무인기운용·조종,전북,장수군,비원격,2026-08-24,2026-09-11,종료,8,0,1,,0,100.0,0.0,0.125,,858000,1500000,858000,1028100,https://www.work24.go.kr/hr/a/a/3100/selectTracseDetl.do?tracseId=AIG20250000534362&tracseTme=12&crseTracseSe=C0061&trainstCstmrId=500034689871,0,0,0,드론
913,ACG20263001192049,114,드론 기초기술 현장적용 가이드,러닝플러스 주식회사,20010102,20010102,정보기술컨설팅,부산,부산진구,원격,2026-08-25,2026-09-24,진행중,500,0,0,,0,,0.0,0.0,,62370,62370,62370,28070,https://www.work24.go.kr/hr/a/a/3100/selectTracseDetl.do?tracseId=ACG20263001192049&tracseTme=114&crseTracseSe=C0031&trainstCstmrId=500020021711,0,1,0,드론
912,ACG20263001414787,18,[촬영용 드론] 드론을 활용한 영상촬영 및 편집기술,(1st)인비원 평생교육원,09040105,09040105,소형무인기운용·조종,경기,고양시,원격,2026-08-25,2026-09-24,진행중,500,0,0,,0,,0.0,0.0,,50490,50490,50490,22730,https://www.work24.go.kr/hr/a/a/3100/selectTracseDetl.do?tracseId=ACG20263001414787&tracseTme=18&crseTracseSe=C0031&trainstCstmrId=500044312625,0,1,0,드론
919,ACG20263001154048,29,[촬영용 드론] 드론을 활용한 영상촬영 및 편집기술,케이지에듀원 원격평생교육원,09040105,09040105,소형무인기운용·조종,서울,동작구,원격,2026-08-26,2026-09-25,진행중,500,0,0,,0,100.0,0.0,0.0,,50490,50490,50490,22730,https://www.work24.go.kr/hr/a/a/3100/selectTracseDetl.do?tracseId=ACG20263001154048&tracseTme=29&crseTracseSe=C0031&trainstCstmrId=500020015894,0,0,0,드론
916,ACG20263001192049,115,드론 기초기술 현장적용 가이드,러닝플러스 주식회사,20010102,20010102,정보기술컨설팅,부산,부산진구,원격,2026-08-26,2026-09-25,진행중,500,0,0,,0,,0.0,0.0,,62370,62370,62370,28070,https://www.work24.go.kr/hr/a/a/3100/selectTracseDetl.do?tracseId=ACG20263001192049&tracseTme=115&crseTracseSe=C0031&trainstCstmrId=500020021711,0,1,0,드론
914,ACG20263001414787,19,[촬영용 드론] 드론을 활용한 영상촬영 및 편집기술,(1st)인비원 평생교육원,09040105,09040105,소형무인기운용·조종,경기,고양시,원격,2026-08-26,2026-09-25,진행중,500,0,1,,0,,0.0,0.002,,50490,50490,50490,22730,https://www.work24.go.kr/hr/a/a/3100/selectTracseDetl.do?tracseId=ACG20263001414787&tracseTme=19&crseTracseSe=C0031&trainstCstmrId=500044312625,0,1,0,드론
918,AIG20250000505519,18,1종 드론 국가자격증 필기+실기_평일반,서울드론교육원,09040105,09040105,소형무인기운용·조종,서울,서초구,비원격,2026-08-26,2026-09-22,진행중,12,5,6,6,0,87.4,0.4166666666666667,0.5,,915200,1915200,915200,1411840,https://www.work24.go.kr/hr/a/a/3100/selectTracseDetl.do?tracseId=AIG20250000505519&tracseTme=18&crseTracseSe=C0061&trainstCstmrId=500035861333,0,0,0,드론
917,AIG20250000539903,45,파이썬으로 제어하는 AI드론,미라클평생교육원,20010202,20010202,응용SW엔지니어링,전북,전주시,원격,2026-08-26,2026-09-25,진행중,200,8,11,8,0,93.6,0.04,0.055,,490000,490000,0,49000,https://www.work24.go.kr/hr/a/a/3100/selectTracseDetl.do?tracseId=AIG20250000539903&tracseTme=45&crseTracseSe=C0105&trainstCstmrId=500033164282,0,0,0,드론
915,AIG20260000547213,1,초경량비행장치(드론 vtol 1종) 조종자 국가자격증 취득,누리드론교육원,09040105,09040105,소형무인기운용·조종,경남,김해시,비원격,2026-08-26,2026-09-18,진행중,4,0,0,,0,,0.0,0.0,,1029600,5529600,1029600,4963320,https://www.work24.go.kr/hr/a/a/3100/selectTracseDetl.do?tracseId=AIG20260000547213&tracseTme=1&crseTracseSe=C0061&trainstCstmrId=500041601289,0,1,0,드론
921,ACG20263001192049,116,드론 기초기술 현장적용 가이드,러닝플러스 주식회사,20010102,20010102,정보기술컨설팅,부산,부산진구,원격,2026-08-27,2026-09-26,진행중,500,0,0,,0,,0.0,0.0,,62370,62370,62370,28070,https://www.work24.go.kr/hr/a/a/3100/selectTracseDetl.do?tracseId=ACG20263001192049&tracseTme=116&crseTracseSe=C0031&trainstCstmrId=500020021711,0,1,0,드론
920,ACG20263001414787,20,[촬영용 드론] 드론을 활용한 영상촬영 및 편집기술,(1st)인비원 평생교육원,09040105,09040105,소형무인기운용·조종,경기,고양시,원격,2026-08-27,2026-09-26,진행중,500,1,1,1,0,,0.002,0.002,,50490,50490,50490,22730,https://www.work24.go.kr/hr/a/a/3100/selectTracseDetl.do?tracseId=ACG20263001414787&tracseTme=20&crseTracseSe=C0031&trainstCstmrId=500044312625,0,1,0,드론
923,AIG20250000516588,2,드론 조립 및 분해(유지보수),신한글로벌인재교육원,09040105,09040105,소형무인기운용·조종,경기,의정부시,비원격,2026-08-27,2026-09-04,종료,8,3,4,4,3,97.6,0.375,0.5,0.75,257400,357400,257400,215830,https://www.work24.go.kr/hr/a/a/3100/selectTracseDetl.do?tracseId=AIG20250000516588&tracseTme=2&crseTracseSe=C0061&trainstCstmrId=500020031915,0,0,0,드론
922,AVA20263001321903,5,"드론 활용실무(건설, 물류, 방제용 드론)",사단법인 한국에듀테크산업협회,09040105,09040105,소형무인기운용·조종,서울,강남구,원격,2026-08-27,2026-09-23,진행중,500,0,0,,0,,0.0,0.0,,62370,62370,62370,28070,https://www.work24.go.kr/hr/a/a/3100/selectTracseDetl.do?tracseId=AVA20263001321903&tracseTme=5&crseTracseSe=C0055&trainstCstmrId=500020013301,0,1,0,드론
925,ACG20263001192049,117,드론 기초기술 현장적용 가이드,러닝플러스 주식회사,20010102,20010102,정보기술컨설팅,부산,부산진구,원격,2026-08-28,2026-09-27,진행중,500,0,0,,0,,0.0,0.0,,62370,62370,62370,28070,https://www.work24.go.kr/hr/a/a/3100/selectTracseDetl.do?tracseId=ACG20263001192049&tracseTme=117&crseTracseSe=C0031&trainstCstmrId=500020021711,0,1,0,드론
924,ACG20263001414787,21,[촬영용 드론] 드론을 활용한 영상촬영 및 편집기술,(1st)인비원 평생교육원,09040105,09040105,소형무인기운용·조종,경기,고양시,원격,2026-08-28,2026-09-27,진행중,500,0,0,,0,,0.0,0.0,,50490,50490,50490,22730,https://www.work24.go.kr/hr/a/a/3100/selectTracseDetl.do?tracseId=ACG20263001414787&tracseTme=21&crseTracseSe=C0031&trainstCstmrId=500044312625,0,1,0,드론
926,AIG20260000543299,4,드론촬영 3D모델링 정사영상,새동엔지니어링(주) 드론교육원,09040105,09040105,소형무인기운용·조종,서울,관악구,비원격,2026-08-28,2026-09-03,종료,12,0,0,,0,,0.0,0.0,,286000,486000,286000,328700,https://www.work24.go.kr/hr/a/a/3100/selectTracseDetl.do?tracseId=AIG20260000543299&tracseTme=4&crseTracseSe=C0061&trainstCstmrId=500037079851,0,1,0,드론
927,ACG20263001414787,22,[촬영용 드론] 드론을 활용한 영상촬영 및 편집기술,(1st)인비원 평생교육원,09040105,09040105,소형무인기운용·조종,경기,고양시,원격,2026-08-29,2026-09-28,진행중,500,0,0,,0,,0.0,0.0,,50490,50490,50490,22730,https://www.work24.go.kr/hr/a/a/3100/selectTracseDetl.do?tracseId=ACG20263001414787&tracseTme=22&crseTracseSe=C0031&trainstCstmrId=500044312625,0,1,0,드론
928,AIG20250000533925,1,초경량비행장치 무인수직이착륙기 2종 자격 실기 과정,더 드론 비행교육원,09040105,09040105,소형무인기운용·조종,충남,공주시,비원격,2026-08-29,2026-12-19,진행중,4,0,0,,0,,0.0,0.0,,286000,4000000,286000,3842700,https://www.work24.go.kr/hr/a/a/3100/selectTracseDetl.do?tracseId=AIG20250000533925&tracseTme=1&crseTracseSe=C0061&trainstCstmrId=500038039292,0,1,0,드론
929,AIG20250000533939,1,초경량비행장치 무인수직이착륙기 3종 자격 실기 과정,더 드론 비행교육원,09040105,09040105,소형무인기운용·조종,충남,공주시,비원격,2026-08-29,2026-11-21,진행중,4,0,0,,0,,0.0,0.0,,214500,2000000,214500,1882030,https://www.work24.go.kr/hr/a/a/3100/selectTracseDetl.do?tracseId=AIG20250000533939&tracseTme=1&crseTracseSe=C0061&trainstCstmrId=500038039292,0,1,0,드론
930,ACG20263001414787,23,[촬영용 드론] 드론을 활용한 영상촬영 및 편집기술,(1st)인비원 평생교육원,09040105,09040105,소형무인기운용·조종,경기,고양시,원격,2026-08-30,2026-09-29,진행중,500,0,0,,0,,0.0,0.0,,50490,50490,50490,22730,https://www.work24.go.kr/hr/a/a/3100/selectTracseDetl.do?tracseId=ACG20263001414787&tracseTme=23&crseTracseSe=C0031&trainstCstmrId=500044312625,0,1,0,드론
937,ACG20263001192049,118,드론 기초기술 현장적용 가이드,러닝플러스 주식회사,20010102,20010102,정보기술컨설팅,부산,부산진구,원격,2026-08-31,2026-09-30,진행중,500,0,0,,0,,0.0,0.0,,62370,62370,62370,28070,https://www.work24.go.kr/hr/a/a/3100/selectTracseDetl.do?tracseId=ACG20263001192049&tracseTme=118&crseTracseSe=C0031&trainstCstmrId=500020021711,0,1,0,드론
931,ACG20263001414787,24,[촬영용 드론] 드론을 활용한 영상촬영 및 편집기술,(1st)인비원 평생교육원,09040105,09040105,소형무인기운용·조종,경기,고양시,원격,2026-08-31,2026-09-30,진행중,500,0,0,,0,,0.0,0.0,,50490,50490,50490,22730,https://www.work24.go.kr/hr/a/a/3100/selectTracseDetl.do?tracseId=ACG20263001414787&tracseTme=24&crseTracseSe=C0031&trainstCstmrId=500044312625,0,1,0,드론
933,AIG20250000506180,12,1종 드론국가자격증 취득과정 필기+실기 _평일반,(주)케이드론 부설 대한무인항공교육원,09040105,09040105,소형무인기운용·조종,강원,원주시,비원격,2026-08-31,2026-09-21,진행중,12,3,3,9,0,97.1,0.25,0.25,,915200,1915200,915200,1411840,https://www.work24.go.kr/hr/a/a/3100/selectTracseDetl.do?tracseId=AIG20250000506180&tracseTme=12&crseTracseSe=C0061&trainstCstmrId=500035879387,0,0,0,드론
940,AIG20250000508278,15,무인멀티콥터(드론) 국가자격증 1종 실기교육 과정,주식회사 비아이티코퍼레이션,09040105,09040105,소형무인기운용·조종,전북,전주시,비원격,2026-08-31,2026-09-11,종료,1,0,0,,0,100.0,0.0,0.0,,143000,1000000,143000,921350,https://www.work24.go.kr/hr/a/a/3100/selectTracseDetl.do?tracseId=AIG20250000508278&tracseTme=15&crseTracseSe=C0061&trainstCstmrId=500042783200,0,0,0,드론
938,AIG20250000509552,24,26년 드론 국가자격증 학과교육,새만금항공주식회사,09040105,09040105,소형무인기운용·조종,전북,전주시,비원격,2026-08-31,2026-09-04,종료,8,0,0,,0,100.0,0.0,0.0,,286000,300000,286000,142700,https://www.work24.go.kr/hr/a/a/3100/selectTracseDetl.do?tracseId=AIG20250000509552&tracseTme=24&crseTracseSe=C0061&trainstCstmrId=500034120375,0,0,0,드론
936,AIG20250000529057,6,초경량비행장치 조종자 자격 취득과정(1종),드론항공평생교육원,09040105,09040105,소형무인기운용·조종,제주,서귀포시,비원격,2026-08-31,2026-09-21,진행중,8,3,3,3,0,93.3,0.375,0.375,,858000,1800000,858000,1328100,https://www.work24.go.kr/hr/a/a/3100/selectTracseDetl.do?tracseId=AIG20250000529057&tracseTme=6&crseTracseSe=C0061&trainstCstmrId=500035584309,0,0,0,드론
932,AIG20250000529814,17,드론 1종 국가자격증 취득과정,(주)스마트항공,09040105,09040105,소형무인기운용·조종,부산,사상구,비원격,2026-08-31,2026-09-18,진행중,8,1,1,1,0,99.5,0.125,0.125,,858000,1980000,858000,1508100,https://www.work24.go.kr/hr/a/a/3100/selectTracseDetl.do?tracseId=AIG20250000529814&tracseTme=17&crseTracseSe=C0061&trainstCstmrId=500042519804,0,0,0,드론
934,AIG20250000532017,17,초경량비행장치 (드론) 1종 국가자격취득과정(이론+실기),KDA 한국드론교육원,09040105,09040105,소형무인기운용·조종,경기,화성시,비원격,2026-08-31,2026-09-18,진행중,8,2,3,2,0,96.8,0.25,0.375,,858000,1980000,858000,1508100,https://www.work24.go.kr/hr/a/a/3100/selectTracseDetl.do?tracseId=AIG20250000532017&tracseTme=17&crseTracseSe=C0061&trainstCstmrId=500042774065,0,0,0,드론
939,AIG20250000536111,7,드론국가자격1종과정,영천드론자격시험교육센터,09040105,09040105,소형무인기운용·조종,대구,동구,비원격,2026-08-31,2026-10-01,진행중,8,5,5,5,0,98.5,0.625,0.625,,1172600,1800000,1172600,1155070,https://www.work24.go.kr/hr/a/a/3100/selectTracseDetl.do?tracseId=AIG20250000536111&tracseTme=7&crseTracseSe=C0061&trainstCstmrId=500040315040,0,0,0,드론
935,AIG20263001247924,4,드론을 활용한 제주관광영상콘텐츠제작 실무자양성과정,드론항공평생교육원,08030212,08030212,드론콘텐츠제작,제주,서귀포시,비원격,2026-08-31,2026-10-02,진행중,16,15,20,15,0,94.4,0.9375,1.25,,1123200,1123200,1123200,112320,https://www.work24.go.kr/hr/a/a/3100/selectTracseDetl.do?tracseId=AIG20263001247924&tracseTme=4&crseTracseSe=C0061&trainstCstmrId=500035584309,1,0,0,드론
944,ACG20263001192049,119,드론 기초기술 현장적용 가이드,러닝플러스 주식회사,20010102,20010102,정보기술컨설팅,부산,부산진구,원격,2026-09-01,2026-09-30,진행중,500,0,0,,0,,0.0,0.0,,62370,62370,62370,28070,https://www.work24.go.kr/hr/a/a/3100/selectTracseDetl.do?tracseId=ACG20263001192049&tracseTme=119&crseTracseSe=C0031&trainstCstmrId=500020021711,0,1,0,드론
941,ACG20263001414787,25,[촬영용 드론] 드론을 활용한 영상촬영 및 편집기술,(1st)인비원 평생교육원,09040105,09040105,소형무인기운용·조종,경기,고양시,원격,2026-09-01,2026-10-01,진행중,500,0,0,,0,,0.0,0.0,,50490,50490,50490,22730,https://www.work24.go.kr/hr/a/a/3100/selectTracseDetl.do?tracseId=ACG20263001414787&tracseTme=25&crseTracseSe=C0031&trainstCstmrId=500044312625,0,1,0,드론
942,AIG20250000504420,8,초경량 비행장치무인멀티콥터(드론)조종자1종과정,(주)규림,09040105,09040105,소형무인기운용·조종,경북,구미시,비원격,2026-09-01,2026-10-02,진행중,8,5,5,8,0,92.5,0.625,0.625,,1144000,1844000,1144000,1214800,https://www.work24.go.kr/hr/a/a/3100/selectTracseDetl.do?tracseId=AIG20250000504420&tracseTme=8&crseTracseSe=C0061&trainstCstmrId=500037029319,0,0,0,드론
945,AIG20250000511898,6,드론 국가기술자격 취득과정 1종,스카이팜에듀교육원,09040105,09040105,소형무인기운용·조종,제주,제주시,비원격,2026-09-01,2026-09-21,진행중,8,1,1,1,0,75.0,0.125,0.125,,858000,1800000,858000,1328100,https://www.work24.go.kr/hr/a/a/3100/selectTracseDetl.do?tracseId=AIG20250000511898&tracseTme=6&crseTracseSe=C0061&trainstCstmrId=500041625803,0,0,0,드론
943,AIG20250000515594,9,초경량비행장치(드론 1종) 조종자 국가자격증 취득(필기면제),누리드론교육원,09040105,09040105,소형무인기운용·조종,경남,김해시,비원격,2026-09-01,2026-09-23,진행중,8,5,6,8,0,96.1,0.625,0.75,,972400,1472400,972400,937580,https://www.work24.go.kr/hr/a/a/3100/selectTracseDetl.do?tracseId=AIG20250000515594&tracseTme=9&crseTracseSe=C0061&trainstCstmrId=500041601289,0,0,0,드론
949,ACG20263001154048,30,[촬영용 드론] 드론을 활용한 영상촬영 및 편집기술,케이지에듀원 원격평생교육원,09040105,09040105,소형무인기운용·조종,서울,동작구,원격,2026-09-02,2026-10-01,진행중,500,0,0,,0,100.0,0.0,0.0,,50490,50490,50490,22730,https://www.work24.go.kr/hr/a/a/3100/selectTracseDetl.do?tracseId=ACG20263001154048&tracseTme=30&crseTracseSe=C0031&trainstCstmrId=500020015894,0,0,0,드론
947,ACG20263001192049,120,드론 기초기술 현장적용 가이드,러닝플러스 주식회사,20010102,20010102,정보기술컨설팅,부산,부산진구,원격,2026-09-02,2026-10-01,진행중,500,0,0,,0,,0.0,0.0,,62370,62370,62370,28070,https://www.work24.go.kr/hr/a/a/3100/selectTracseDetl.do?tracseId=ACG20263001192049&tracseTme=120&crseTracseSe=C0031&trainstCstmrId=500020021711,0,1,0,드론
946,ACG20263001414787,26,[촬영용 드론] 드론을 활용한 영상촬영 및 편집기술,(1st)인비원 평생교육원,09040105,09040105,소형무인기운용·조종,경기,고양시,원격,2026-09-02,2026-10-02,진행중,500,0,0,,0,,0.0,0.0,,50490,50490,50490,22730,https://www.work24.go.kr/hr/a/a/3100/selectTracseDetl.do?tracseId=ACG20263001414787&tracseTme=26&crseTracseSe=C0031&trainstCstmrId=500044312625,0,1,0,드론
948,AIG20250000539903,46,파이썬으로 제어하는 AI드론,미라클평생교육원,20010202,20010202,응용SW엔지니어링,전북,전주시,원격,2026-09-02,2026-10-01,진행중,200,3,6,3,0,93.6,0.015,0.03,,490000,490000,0,49000,https://www.work24.go.kr/hr/a/a/3100/selectTracseDetl.do?tracseId=AIG20250000539903&tracseTme=46&crseTracseSe=C0105&trainstCstmrId=500033164282,0,0,0,드론
951,ACG20263001192049,121,드론 기초기술 현장적용 가이드,러닝플러스 주식회사,20010102,20010102,정보기술컨설팅,부산,부산진구,원격,2026-09-03,2026-10-02,진행중,500,0,0,,0,,0.0,0.0,,62370,62370,62370,28070,https://www.work24.go.kr/hr/a/a/3100/selectTracseDetl.do?tracseId=ACG20263001192049&tracseTme=121&crseTracseSe=C0031&trainstCstmrId=500020021711,0,1,0,드론
950,ACG20263001414787,27,[촬영용 드론] 드론을 활용한 영상촬영 및 편집기술,(1st)인비원 평생교육원,09040105,09040105,소형무인기운용·조종,경기,고양시,원격,2026-09-03,2026-10-03,진행중,500,0,0,,0,,0.0,0.0,,50490,50490,50490,22730,https://www.work24.go.kr/hr/a/a/3100/selectTracseDetl.do?tracseId=ACG20263001414787&tracseTme=27&crseTracseSe=C0031&trainstCstmrId=500044312625,0,1,0,드론
956,AIG20250000502620,17,초경량비행장치 무인멀티콥터(드론)조종자 1종 국가자격취득과정(이론+실기),중부드론교육원,09040105,09040105,소형무인기운용·조종,충북,음성군,비원격,2026-09-03,2026-09-23,진행중,8,0,1,,0,100.0,0.0,0.125,,858000,2000000,858000,1442300,https://www.work24.go.kr/hr/a/a/3100/selectTracseDetl.do?tracseId=AIG20250000502620&tracseTme=17&crseTracseSe=C0061&trainstCstmrId=500039127578,0,0,0,드론
954,AIG20250000510905,17,드론 국가자격증 1종[필기+실기]무인멀티콥터,새동엔지니어링(주) 드론교육원,09040105,09040105,소형무인기운용·조종,서울,관악구,비원격,2026-09-03,2026-09-29,진행중,12,6,9,6,0,92.9,0.5,0.75,,858000,1858000,858000,1386100,https://www.work24.go.kr/hr/a/a/3100/selectTracseDetl.do?tracseId=AIG20250000510905&tracseTme=17&crseTracseSe=C0061&trainstCstmrId=500037079851,0,0,0,드론
953,AIG20250000513132,17,드론 국가자격증 1종 실기반(무인멀티콥터),새동엔지니어링(주) 드론교육원,09040105,09040105,소형무인기운용·조종,서울,관악구,비원격,2026-09-03,2026-09-16,진행중,4,0,0,,0,100.0,0.0,0.0,,572000,1372000,572000,1057400,https://www.work24.go.kr/hr/a/a/3100/selectTracseDetl.do?tracseId=AIG20250000513132&tracseTme=17&crseTracseSe=C0061&trainstCstmrId=500037079851,0,0,0,드론
955,AIG20250000531840,9,드론 지도조종자(교관) 자격취득과정,중부드론교육원,09040105,09040105,소형무인기운용·조종,충북,음성군,비원격,2026-09-03,2026-10-12,진행중,2,0,0,,0,71.4,0.0,0.0,,1287000,3000000,1287000,2163450,https://www.work24.go.kr/hr/a/a/3100/selectTracseDetl.do?tracseId=AIG20250000531840&tracseTme=9&crseTracseSe=C0061&trainstCstmrId=500039127578,0,0,0,드론
957,AIG20250000531843,15,초경량비행장치(드론) 무인 멀티콥터 조종자 3종 자격증 취득과정,중부드론교육원,09040105,09040105,소형무인기운용·조종,충북,음성군,비원격,2026-09-03,2026-09-11,종료,8,0,0,,0,,0.0,0.0,,357500,600000,357500,367630,https://www.work24.go.kr/hr/a/a/3100/selectTracseDetl.do?tracseId=AIG20250000531843&tracseTme=15&crseTracseSe=C0061&trainstCstmrId=500039127578,0,1,0,드론
952,AVA20263001321903,6,"드론 활용실무(건설, 물류, 방제용 드론)",사단법인 한국에듀테크산업협회,09040105,09040105,소형무인기운용·조종,서울,강남구,원격,2026-09-03,2026-09-30,진행중,500,1,1,1,0,,0.002,0.002,,62370,62370,62370,28070,https://www.work24.go.kr/hr/a/a/3100/selectTracseDetl.do?tracseId=AVA20263001321903&tracseTme=6&crseTracseSe=C0055&trainstCstmrId=500020013301,0,1,0,드론
959,ACG20263001192049,122,드론 기초기술 현장적용 가이드,러닝플러스 주식회사,20010102,20010102,정보기술컨설팅,부산,부산진구,원격,2026-09-04,2026-10-03,진행중,500,0,0,,0,,0.0,0.0,,62370,62370,62370,28070,https://www.work24.go.kr/hr/a/a/3100/selectTracseDetl.do?tracseId=ACG20263001192049&tracseTme=122&crseTracseSe=C0031&trainstCstmrId=500020021711,0,1,0,드론
958,ACG20263001414787,28,[촬영용 드론] 드론을 활용한 영상촬영 및 편집기술,(1st)인비원 평생교육원,09040105,09040105,소형무인기운용·조종,경기,고양시,원격,2026-09-04,2026-10-04,진행중,500,0,0,,0,,0.0,0.0,,50490,50490,50490,22730,https://www.work24.go.kr/hr/a/a/3100/selectTracseDetl.do?tracseId=ACG20263001414787&tracseTme=28&crseTracseSe=C0031&trainstCstmrId=500044312625,0,1,0,드론
960,ACG20263001414787,29,[촬영용 드론] 드론을 활용한 영상촬영 및 편집기술,(1st)인비원 평생교육원,09040105,09040105,소형무인기운용·조종,경기,고양시,원격,2026-09-05,2026-10-05,진행중,500,0,0,,0,,0.0,0.0,,50490,50490,50490,22730,https://www.work24.go.kr/hr/a/a/3100/selectTracseDetl.do?tracseId=ACG20263001414787&tracseTme=29&crseTracseSe=C0031&trainstCstmrId=500044312625,0,1,0,드론
961,AIG20250000502445,5,드론 국가자격증 1종 취득과정(필기+실기) 주말반,미래드론아카데미,09040105,09040105,소형무인기운용·조종,경북,경주시,비원격,2026-09-05,2026-10-31,진행중,8,7,9,7,0,100.0,0.875,1.125,,858000,2058000,858000,1586100,https://www.work24.go.kr/hr/a/a/3100/selectTracseDetl.do?tracseId=AIG20250000502445&tracseTme=5&crseTracseSe=C0061&trainstCstmrId=500040529363,1,0,0,드론
962,AIG20250000532096,22,(드론)조종자 1종 국가 자격증 취득과정(실기),주식회사지디에이경기드론교육원,09040105,09040105,소형무인기운용·조종,서울,구로구,비원격,2026-09-05,2026-10-11,진행중,8,0,0,,0,88.9,0.0,0.0,,572000,1500000,572000,1185400,https://www.work24.go.kr/hr/a/a/3100/selectTracseDetl.do?tracseId=AIG20250000532096&tracseTme=22&crseTracseSe=C0061&trainstCstmrId=500042767878,0,0,0,드론
963,AIG20250000536056,5,드론정비사 1급 전문가과정,현대평생교육원,15090308,15090308,소형무인기정비,경남,김해시,비원격,2026-09-05,2026-09-12,종료,20,0,1,,0,85.7,0.0,0.05,,157440,357440,157440,270850,https://www.work24.go.kr/hr/a/a/3100/selectTracseDetl.do?tracseId=AIG20250000536056&tracseTme=5&crseTracseSe=C0061&trainstCstmrId=500020036606,0,0,0,드론
964,ACG20263001414787,30,[촬영용 드론] 드론을 활용한 영상촬영 및 편집기술,(1st)인비원 평생교육원,09040105,09040105,소형무인기운용·조종,경기,고양시,원격,2026-09-06,2026-10-06,진행중,500,0,0,,0,,0.0,0.0,,50490,50490,50490,22730,https://www.work24.go.kr/hr/a/a/3100/selectTracseDetl.do?tracseId=ACG20263001414787&tracseTme=30&crseTracseSe=C0031&trainstCstmrId=500044312625,0,1,0,드론
965,AIG20250000531836,16,드론 (1종) 국가자격증 취득 (실기),중부드론교육원,09040105,09040105,소형무인기운용·조종,충북,음성군,비원격,2026-09-06,2026-10-11,진행중,8,0,0,,0,,0.0,0.0,,572000,1500000,572000,1128200,https://www.work24.go.kr/hr/a/a/3100/selectTracseDetl.do?tracseId=AIG20250000531836&tracseTme=16&crseTracseSe=C0061&trainstCstmrId=500039127578,0,1,0,드론
967,ACG20263001192049,123,드론 기초기술 현장적용 가이드,러닝플러스 주식회사,20010102,20010102,정보기술컨설팅,부산,부산진구,원격,2026-09-07,2026-10-06,진행중,500,0,0,,0,,0.0,0.0,,62370,62370,62370,28070,https://www.work24.go.kr/hr/a/a/3100/selectTracseDetl.do?tracseId=ACG20263001192049&tracseTme=123&crseTracseSe=C0031&trainstCstmrId=500020021711,0,1,0,드론
966,ACG20263001414787,31,[촬영용 드론] 드론을 활용한 영상촬영 및 편집기술,(1st)인비원 평생교육원,09040105,09040105,소형무인기운용·조종,경기,고양시,원격,2026-09-07,2026-10-07,진행중,500,0,0,,0,,0.0,0.0,,50490,50490,50490,22730,https://www.work24.go.kr/hr/a/a/3100/selectTracseDetl.do?tracseId=ACG20263001414787&tracseTme=31&crseTracseSe=C0031&trainstCstmrId=500044312625,0,1,0,드론
971,AIG20250000505532,8,항공촬영드론조종교육 + 3종,서울드론교육원,09040105,09040105,소형무인기운용·조종,서울,서초구,비원격,2026-09-07,2026-09-18,진행중,12,0,3,,0,75.0,0.0,0.25,,572000,792000,572000,477400,https://www.work24.go.kr/hr/a/a/3100/selectTracseDetl.do?tracseId=AIG20250000505532&tracseTme=8&crseTracseSe=C0061&trainstCstmrId=500035861333,0,0,0,드론
974,AIG20250000509002,20,드론 1종 조종자 국가자격증(필기시험면제자체실기시험),이아이실용전문학원,09040105,09040105,소형무인기운용·조종,경기,시흥시,비원격,2026-09-07,2026-09-29,진행중,4,4,5,4,0,97.5,1.0,1.25,,858000,1958000,858000,1486100,https://www.work24.go.kr/hr/a/a/3100/selectTracseDetl.do?tracseId=AIG20250000509002&tracseTme=20&crseTracseSe=C0061&trainstCstmrId=500042912111,1,0,0,드론
970,AIG20250000509639,26,26년 드론 국가자격증 1종 실기교육,새만금항공주식회사,09040105,09040105,소형무인기운용·조종,전북,전주시,비원격,2026-09-07,2026-09-18,진행중,8,0,0,,0,100.0,0.0,0.0,,572000,1700000,572000,1385400,https://www.work24.go.kr/hr/a/a/3100/selectTracseDetl.do?tracseId=AIG20250000509639&tracseTme=26&crseTracseSe=C0061&trainstCstmrId=500034120375,0,0,0,드론
968,AIG20250000516351,8,초경량비행장치 무인멀티콥터(드론) 1종 자격(학과이론+모의비행),부산경상대학교산학협력단,09040105,09040105,소형무인기운용·조종,부산,연제구,비원격,2026-09-07,2026-09-15,종료,4,0,0,,0,,0.0,0.0,,286000,500000,286000,342700,https://www.work24.go.kr/hr/a/a/3100/selectTracseDetl.do?tracseId=AIG20250000516351&tracseTme=8&crseTracseSe=C0061&trainstCstmrId=500044212779,0,1,0,드론
969,AIG20250000516668,8,초경량비행장치 무인멀티콥터(드론) 1종 자격취득(이론+실기),부산경상대학교산학협력단,09040105,09040105,소형무인기운용·조종,부산,연제구,비원격,2026-09-07,2026-10-12,진행중,4,4,4,4,0,97.4,1.0,1.0,,1001000,2000000,1001000,1449450,https://www.work24.go.kr/hr/a/a/3100/selectTracseDetl.do?tracseId=AIG20250000516668&tracseTme=8&crseTracseSe=C0061&trainstCstmrId=500044212779,0,0,0,드론
975,AIG20250000520984,11,드론 1종 조종자 자격증 취득과정 (이론+실기)[평일반],주식회사스카이엔터프라이즈,09040105,09040105,소형무인기운용·조종,대구,달서구,비원격,2026-09-07,2026-10-01,진행중,8,4,4,8,0,96.4,0.5,0.5,,972400,1990000,972400,1455180,https://www.work24.go.kr/hr/a/a/3100/selectTracseDetl.do?tracseId=AIG20250000520984&tracseTme=11&crseTracseSe=C0061&trainstCstmrId=500035342034,0,0,0,드론
973,AIG20250000527495,17,초경량비행장치 드론 1종 국가자격증 취득 과정,알씨스카이 부설 무인기술UAV교육원,09040105,09040105,소형무인기운용·조종,경남,창원시,비원격,2026-09-07,2026-09-29,진행중,8,1,1,1,0,100.0,0.125,0.125,,858000,1980000,858000,1508100,https://www.work24.go.kr/hr/a/a/3100/selectTracseDetl.do?tracseId=AIG20250000527495&tracseTme=17&crseTracseSe=C0061&trainstCstmrId=500035425743,0,0,0,드론
977,AIG20250000532096,23,(드론)조종자 1종 국가 자격증 취득과정(실기),주식회사지디에이경기드론교육원,09040105,09040105,소형무인기운용·조종,서울,구로구,비원격,2026-09-07,2026-09-18,진행중,8,0,0,,0,88.9,0.0,0.0,,572000,1500000,572000,1185400,https://www.work24.go.kr/hr/a/a/3100/selectTracseDetl.do?tracseId=AIG20250000532096&tracseTme=23&crseTracseSe=C0061&trainstCstmrId=500042767878,0,0,0,드론
976,AIG20260000545759,4,(드론) 초경량비행장치 무인멀티콥터 1종 국가자격증 (이론 실기) 평일반,주식회사지디에이경기드론교육원,09040105,09040105,소형무인기운용·조종,서울,구로구,비원격,2026-09-07,2026-10-01,진행중,8,2,4,2,0,97.6,0.25,0.5,,858000,1980000,858000,1508100,https://www.work24.go.kr/hr/a/a/3100/selectTracseDetl.do?tracseId=AIG20260000545759&tracseTme=4&crseTracseSe=C0061&trainstCstmrId=500042767878,0,0,0,드론
972,AIG20263001344721,2,(산대특)드론맵핑을 이용한 자율비행 항공방제 전문가 양성과정,순천스카이드론교육원(미래진로직업체험센터),090401,,항공기조종운송,광주,순천시,비원격,2026-09-07,2026-10-23,진행중,8,8,10,8,0,94.3,1.0,1.25,,1859000,1859000,1859000,185900,https://www.work24.go.kr/hr/a/a/3100/selectTracseDetl.do?tracseId=AIG20263001344721&tracseTme=2&crseTracseSe=C0061&trainstCstmrId=500038928017,1,0,1,드론
978,AIG20263001344830,1,(산대특)스마트물류산업 분야 드론배송 실무자 양성과정_육성,파란직업전문학교,09040105,09040105,소형무인기운용·조종,광주,순천시,비원격,2026-09-07,2026-10-15,진행중,8,8,9,8,0,,1.0,1.125,,1301300,1301300,1301300,130130,https://www.work24.go.kr/hr/a/a/3100/selectTracseDetl.do?tracseId=AIG20263001344830&tracseTme=1&crseTracseSe=C0061&trainstCstmrId=500020056113,1,1,0,드론
980,ACG20263001192049,124,드론 기초기술 현장적용 가이드,러닝플러스 주식회사,20010102,20010102,정보기술컨설팅,부산,부산진구,원격,2026-09-08,2026-10-07,진행중,500,0,0,,0,,0.0,0.0,,62370,62370,62370,28070,https://www.work24.go.kr/hr/a/a/3100/selectTracseDetl.do?tracseId=ACG20263001192049&tracseTme=124&crseTracseSe=C0031&trainstCstmrId=500020021711,0,1,0,드론
979,ACG20263001414787,32,[촬영용 드론] 드론을 활용한 영상촬영 및 편집기술,(1st)인비원 평생교육원,09040105,09040105,소형무인기운용·조종,경기,고양시,원격,2026-09-08,2026-10-08,진행중,500,0,0,,0,,0.0,0.0,,50490,50490,50490,22730,https://www.work24.go.kr/hr/a/a/3100/selectTracseDetl.do?tracseId=ACG20263001414787&tracseTme=32&crseTracseSe=C0031&trainstCstmrId=500044312625,0,1,0,드론
986,ACG20263001154048,31,[촬영용 드론] 드론을 활용한 영상촬영 및 편집기술,케이지에듀원 원격평생교육원,09040105,09040105,소형무인기운용·조종,서울,동작구,원격,2026-09-09,2026-10-08,진행중,500,0,0,,0,100.0,0.0,0.0,,50490,50490,50490,22730,https://www.work24.go.kr/hr/a/a/3100/selectTracseDetl.do?tracseId=ACG20263001154048&tracseTme=31&crseTracseSe=C0031&trainstCstmrId=500020015894,0,0,0,드론
983,ACG20263001192049,125,드론 기초기술 현장적용 가이드,러닝플러스 주식회사,20010102,20010102,정보기술컨설팅,부산,부산진구,원격,2026-09-09,2026-10-08,진행중,500,0,0,,0,,0.0,0.0,,62370,62370,62370,28070,https://www.work24.go.kr/hr/a/a/3100/selectTracseDetl.do?tracseId=ACG20263001192049&tracseTme=125&crseTracseSe=C0031&trainstCstmrId=500020021711,0,1,0,드론
981,ACG20263001414787,33,[촬영용 드론] 드론을 활용한 영상촬영 및 편집기술,(1st)인비원 평생교육원,09040105,09040105,소형무인기운용·조종,경기,고양시,원격,2026-09-09,2026-10-09,진행중,500,0,0,,0,,0.0,0.0,,50490,50490,50490,22730,https://www.work24.go.kr/hr/a/a/3100/selectTracseDetl.do?tracseId=ACG20263001414787&tracseTme=33&crseTracseSe=C0031&trainstCstmrId=500044312625,0,1,0,드론
982,AIG20250000501335,8,AIOT 기반 드론 영상 관제시스템 프로젝트 개발,DW아카데미학원,20010202,20010202,응용SW엔지니어링,대전,중구,비원격,2026-09-09,2027-04-05,진행중,30,23,38,23,0,82.5,0.7666666666666667,1.2666666666666666,,10687040,10687040,10687040,400000,https://www.work24.go.kr/hr/a/a/3100/selectTracseDetl.do?tracseId=AIG20250000501335&tracseTme=8&crseTracseSe=C0061&trainstCstmrId=500020022702,1,0,0,드론
985,AIG20250000527104,1,초경량비행장치(드론) 1종 국가자격(이론+시뮬레이션),주식회사대구드론자격전문교육원,09040105,09040105,소형무인기운용·조종,대구,동구,비원격,2026-09-09,2026-09-15,종료,8,4,4,4,0,,0.5,0.5,0.0,286000,286000,286000,128700,https://www.work24.go.kr/hr/a/a/3100/selectTracseDetl.do?tracseId=AIG20250000527104&tracseTme=1&crseTracseSe=C0061&trainstCstmrId=500041426759,0,1,0,드론
984,AIG20250000539903,47,파이썬으로 제어하는 AI드론,미라클평생교육원,20010202,20010202,응용SW엔지니어링,전북,전주시,원격,2026-09-09,2026-10-08,진행중,200,8,9,8,0,93.6,0.04,0.045,,490000,490000,0,49000,https://www.work24.go.kr/hr/a/a/3100/selectTracseDetl.do?tracseId=AIG20250000539903&tracseTme=47&crseTracseSe=C0105&trainstCstmrId=500033164282,0,0,0,드론
989,ACG20263001192049,126,드론 기초기술 현장적용 가이드,러닝플러스 주식회사,20010102,20010102,정보기술컨설팅,부산,부산진구,원격,2026-09-10,2026-10-09,진행중,500,0,0,,0,,0.0,0.0,,62370,62370,62370,28070,https://www.work24.go.kr/hr/a/a/3100/selectTracseDetl.do?tracseId=ACG20263001192049&tracseTme=126&crseTracseSe=C0031&trainstCstmrId=500020021711,0,1,0,드론
987,ACG20263001414787,34,[촬영용 드론] 드론을 활용한 영상촬영 및 편집기술,(1st)인비원 평생교육원,09040105,09040105,소형무인기운용·조종,경기,고양시,원격,2026-09-10,2026-10-10,진행중,500,0,0,,0,,0.0,0.0,,50490,50490,50490,22730,https://www.work24.go.kr/hr/a/a/3100/selectTracseDetl.do?tracseId=ACG20263001414787&tracseTme=34&crseTracseSe=C0031&trainstCstmrId=500044312625,0,1,0,드론
988,AIG20250000508800,4,무인멀티콥터(드론) 1종 자격증 취득과정,금성직업전문학교,09040105,09040105,소형무인기운용·조종,광주,동구,비원격,2026-09-10,2026-11-11,진행중,8,7,9,7,0,92.9,0.875,1.125,,1001000,1501000,1001000,950450,https://www.work24.go.kr/hr/a/a/3100/selectTracseDetl.do?tracseId=AIG20250000508800&tracseTme=4&crseTracseSe=C0061&trainstCstmrId=500020036003,1,0,0,드론
991,AIG20250000513041,17,드론 국가자격증 3종[필기+실기]+촬영 무인멀티콥터,새동엔지니어링(주) 드론교육원,09040105,09040105,소형무인기운용·조종,서울,관악구,비원격,2026-09-10,2026-09-29,진행중,8,2,2,2,0,90.5,0.25,0.25,,572000,772000,572000,457400,https://www.work24.go.kr/hr/a/a/3100/selectTracseDetl.do?tracseId=AIG20250000513041&tracseTme=17&crseTracseSe=C0061&trainstCstmrId=500037079851,0,0,0,드론
990,AVA20263001321903,7,"드론 활용실무(건설, 물류, 방제용 드론)",사단법인 한국에듀테크산업협회,09040105,09040105,소형무인기운용·조종,서울,강남구,원격,2026-09-10,2026-10-07,진행중,500,0,0,,0,,0.0,0.0,,62370,62370,62370,28070,https://www.work24.go.kr/hr/a/a/3100/selectTracseDetl.do?tracseId=AVA20263001321903&tracseTme=7&crseTracseSe=C0055&trainstCstmrId=500020013301,0,1,0,드론
993,ACG20263001192049,127,드론 기초기술 현장적용 가이드,러닝플러스 주식회사,20010102,20010102,정보기술컨설팅,부산,부산진구,원격,2026-09-11,2026-10-10,진행중,500,0,0,,0,,0.0,0.0,,62370,62370,62370,28070,https://www.work24.go.kr/hr/a/a/3100/selectTracseDetl.do?tracseId=ACG20263001192049&tracseTme=127&crseTracseSe=C0031&trainstCstmrId=500020021711,0,1,0,드론
992,ACG20263001414787,35,[촬영용 드론] 드론을 활용한 영상촬영 및 편집기술,(1st)인비원 평생교육원,09040105,09040105,소형무인기운용·조종,경기,고양시,원격,2026-09-11,2026-10-11,진행중,500,0,0,,0,,0.0,0.0,,50490,50490,50490,22730,https://www.work24.go.kr/hr/a/a/3100/selectTracseDetl.do?tracseId=ACG20263001414787&tracseTme=35&crseTracseSe=C0031&trainstCstmrId=500044312625,0,1,0,드론
994,ACG20263001414787,36,[촬영용 드론] 드론을 활용한 영상촬영 및 편집기술,(1st)인비원 평생교육원,09040105,09040105,소형무인기운용·조종,경기,고양시,원격,2026-09-12,2026-10-12,진행중,500,0,0,,0,,0.0,0.0,,50490,50490,50490,22730,https://www.work24.go.kr/hr/a/a/3100/selectTracseDetl.do?tracseId=ACG20263001414787&tracseTme=36&crseTracseSe=C0031&trainstCstmrId=500044312625,0,1,0,드론
998,AIG20250000505519,20,1종 드론 국가자격증 필기+실기_평일반,서울드론교육원,09040105,09040105,소형무인기운용·조종,서울,서초구,비원격,2026-09-12,2026-11-08,진행중,12,0,0,,0,87.4,0.0,0.0,,915200,1915200,915200,1411840,https://www.work24.go.kr/hr/a/a/3100/selectTracseDetl.do?tracseId=AIG20250000505519&tracseTme=20&crseTracseSe=C0061&trainstCstmrId=500035861333,0,0,0,드론
995,AIG20250000508865,4,무인멀티콥터(드론)자격증 취득 실기 대비반,금성직업전문학교,09040105,09040105,소형무인기운용·조종,광주,동구,비원격,2026-09-12,2026-11-29,진행중,8,8,9,8,0,97.1,1.0,1.125,,950950,1450950,950950,927930,https://www.work24.go.kr/hr/a/a/3100/selectTracseDetl.do?tracseId=AIG20250000508865&tracseTme=4&crseTracseSe=C0061&trainstCstmrId=500020036003,1,0,0,드론
997,AIG20250000509639,25,26년 드론 국가자격증 1종 실기교육,새만금항공주식회사,09040105,09040105,소형무인기운용·조종,전북,전주시,비원격,2026-09-12,2026-10-18,진행중,8,2,2,2,0,100.0,0.25,0.25,,572000,1700000,572000,1385400,https://www.work24.go.kr/hr/a/a/3100/selectTracseDetl.do?tracseId=AIG20250000509639&tracseTme=25&crseTracseSe=C0061&trainstCstmrId=500034120375,0,0,0,드론
996,AIG20250000513132,18,드론 국가자격증 1종 실기반(무인멀티콥터),새동엔지니어링(주) 드론교육원,09040105,09040105,소형무인기운용·조종,서울,관악구,비원격,2026-09-12,2026-10-18,진행중,4,1,2,1,0,100.0,0.25,0.5,,572000,1372000,572000,1057400,https://www.work24.go.kr/hr/a/a/3100/selectTracseDetl.do?tracseId=AIG20250000513132&tracseTme=18&crseTracseSe=C0061&trainstCstmrId=500037079851,0,0,0,드론
999,ACG20263001414787,37,[촬영용 드론] 드론을 활용한 영상촬영 및 편집기술,(1st)인비원 평생교육원,09040105,09040105,소형무인기운용·조종,경기,고양시,원격,2026-09-13,2026-10-13,진행중,500,0,0,,0,,0.0,0.0,,50490,50490,50490,22730,https://www.work24.go.kr/hr/a/a/3100/selectTracseDetl.do?tracseId=ACG20263001414787&tracseTme=37&crseTracseSe=C0031&trainstCstmrId=500044312625,0,1,0,드론
1002,ACG20263001192049,128,드론 기초기술 현장적용 가이드,러닝플러스 주식회사,20010102,20010102,정보기술컨설팅,부산,부산진구,원격,2026-09-14,2026-10-13,진행중,500,0,0,,0,,0.0,0.0,,62370,62370,62370,28070,https://www.work24.go.kr/hr/a/a/3100/selectTracseDetl.do?tracseId=ACG20263001192049&tracseTme=128&crseTracseSe=C0031&trainstCstmrId=500020021711,0,1,0,드론
1000,ACG20263001414787,38,[촬영용 드론] 드론을 활용한 영상촬영 및 편집기술,(1st)인비원 평생교육원,09040105,09040105,소형무인기운용·조종,경기,고양시,원격,2026-09-14,2026-10-14,진행중,500,0,0,,0,,0.0,0.0,,50490,50490,50490,22730,https://www.work24.go.kr/hr/a/a/3100/selectTracseDetl.do?tracseId=ACG20263001414787&tracseTme=38&crseTracseSe=C0031&trainstCstmrId=500044312625,0,1,0,드론
1004,AIG20250000505519,19,1종 드론 국가자격증 필기+실기_평일반,서울드론교육원,09040105,09040105,소형무인기운용·조종,서울,서초구,비원격,2026-09-14,2026-10-13,진행중,12,9,12,12,0,87.4,0.75,1.0,,915200,1915200,915200,1411840,https://www.work24.go.kr/hr/a/a/3100/selectTracseDetl.do?tracseId=AIG20250000505519&tracseTme=19&crseTracseSe=C0061&trainstCstmrId=500035861333,0,0,0,드론
1005,AIG20250000505693,12,드론(무인멀티콥터) 국가자격증 1종 학과 교육 과정,주식회사 비아이티코퍼레이션,09040105,09040105,소형무인기운용·조종,전북,전주시,비원격,2026-09-14,2026-09-18,진행중,8,3,3,8,0,96.7,0.375,0.375,,286000,500000,286000,342700,https://www.work24.go.kr/hr/a/a/3100/selectTracseDetl.do?tracseId=AIG20250000505693&tracseTme=12&crseTracseSe=C0061&trainstCstmrId=500042783200,0,0,0,드론
1003,AIG20250000509552,25,26년 드론 국가자격증 학과교육,새만금항공주식회사,09040105,09040105,소형무인기운용·조종,전북,전주시,비원격,2026-09-14,2026-09-18,진행중,8,0,0,,0,100.0,0.0,0.0,,286000,300000,286000,142700,https://www.work24.go.kr/hr/a/a/3100/selectTracseDetl.do?tracseId=AIG20250000509552&tracseTme=25&crseTracseSe=C0061&trainstCstmrId=500034120375,0,0,0,드론
1001,AIG20250000510984,4,초경량비행장치(드론) 국가자격증취득과정(3종),고창드론항공교육원,09040105,09040105,소형무인기운용·조종,전북,고창군,비원격,2026-09-14,2026-09-29,진행중,4,1,1,1,0,100.0,0.25,0.25,,386100,700000,386100,487650,https://www.work24.go.kr/hr/a/a/3100/selectTracseDetl.do?tracseId=AIG20250000510984&tracseTme=4&crseTracseSe=C0061&trainstCstmrId=500042809521,0,0,0,드론
1008,ACG20263001192049,129,드론 기초기술 현장적용 가이드,러닝플러스 주식회사,20010102,20010102,정보기술컨설팅,부산,부산진구,원격,2026-09-15,2026-10-14,진행중,500,0,0,,0,,0.0,0.0,,62370,62370,62370,28070,https://www.work24.go.kr/hr/a/a/3100/selectTracseDetl.do?tracseId=ACG20263001192049&tracseTme=129&crseTracseSe=C0031&trainstCstmrId=500020021711,0,1,0,드론
1006,ACG20263001414787,39,[촬영용 드론] 드론을 활용한 영상촬영 및 편집기술,(1st)인비원 평생교육원,09040105,09040105,소형무인기운용·조종,경기,고양시,원격,2026-09-15,2026-10-15,진행중,500,0,1,,0,,0.0,0.002,,50490,50490,50490,22730,https://www.work24.go.kr/hr/a/a/3100/selectTracseDetl.do?tracseId=ACG20263001414787&tracseTme=39&crseTracseSe=C0031&trainstCstmrId=500044312625,0,1,0,드론
1009,AIG20250000530943,3,드론 운용관리 및 유지보수,부산평생교육원,09040105,09040105,소형무인기운용·조종,부산,중구,비원격,2026-09-15,2026-09-30,진행중,8,0,0,0,0,,0.0,0.0,,286000,800000,286000,642700,https://www.work24.go.kr/hr/a/a/3100/selectTracseDetl.do?tracseId=AIG20250000530943&tracseTme=3&crseTracseSe=C0061&trainstCstmrId=500020017811,0,1,0,드론
1007,AIG20250000531993,5,무인항공기 임무비행 전문가,디엠씨,09040105,09040105,소형무인기운용·조종,경남,양산시,비원격,2026-09-15,2026-11-13,진행중,8,2,2,2,0,100.0,0.25,0.25,,2288000,2288000,2288000,1029600,https://www.work24.go.kr/hr/a/a/3100/selectTracseDetl.do?tracseId=AIG20250000531993&tracseTme=5&crseTracseSe=C0061&trainstCstmrId=500038945686,0,0,0,드론
1014,ACG20263001154048,32,[촬영용 드론] 드론을 활용한 영상촬영 및 편집기술,케이지에듀원 원격평생교육원,09040105,09040105,소형무인기운용·조종,서울,동작구,원격,2026-09-16,2026-10-15,진행중,500,0,1,,0,100.0,0.0,0.002,,50490,50490,50490,22730,https://www.work24.go.kr/hr/a/a/3100/selectTracseDetl.do?tracseId=ACG20263001154048&tracseTme=32&crseTracseSe=C0031&trainstCstmrId=500020015894,0,0,0,드론
1011,ACG20263001192049,130,드론 기초기술 현장적용 가이드,러닝플러스 주식회사,20010102,20010102,정보기술컨설팅,부산,부산진구,원격,2026-09-16,2026-10-15,진행중,500,0,0,,0,,0.0,0.0,,62370,62370,62370,28070,https://www.work24.go.kr/hr/a/a/3100/selectTracseDetl.do?tracseId=ACG20263001192049&tracseTme=130&crseTracseSe=C0031&trainstCstmrId=500020021711,0,1,0,드론
1010,ACG20263001414787,40,[촬영용 드론] 드론을 활용한 영상촬영 및 편집기술,(1st)인비원 평생교육원,09040105,09040105,소형무인기운용·조종,경기,고양시,원격,2026-09-16,2026-10-16,진행중,500,0,0,,0,,0.0,0.0,,50490,50490,50490,22730,https://www.work24.go.kr/hr/a/a/3100/selectTracseDetl.do?tracseId=ACG20263001414787&tracseTme=40&crseTracseSe=C0031&trainstCstmrId=500044312625,0,1,0,드론
1013,AIG20250000516429,8,초경량비행장치 무인멀티콥터(드론) 1종 자격(실기비행),부산경상대학교산학협력단,09040105,09040105,소형무인기운용·조종,부산,연제구,비원격,2026-09-16,2026-10-08,진행중,4,0,1,,0,,0.0,0.25,,715000,1500000,715000,1106750,https://www.work24.go.kr/hr/a/a/3100/selectTracseDetl.do?tracseId=AIG20250000516429&tracseTme=8&crseTracseSe=C0061&trainstCstmrId=500044212779,0,1,0,드론
1012,AIG20250000539903,48,파이썬으로 제어하는 AI드론,미라클평생교육원,20010202,20010202,응용SW엔지니어링,전북,전주시,원격,2026-09-16,2026-10-15,진행중,200,2,2,2,0,93.6,0.01,0.01,,490000,490000,0,49000,https://www.work24.go.kr/hr/a/a/3100/selectTracseDetl.do?tracseId=AIG20250000539903&tracseTme=48&crseTracseSe=C0105&trainstCstmrId=500033164282,0,0,0,드론
1016,ACG20263001192049,131,드론 기초기술 현장적용 가이드,러닝플러스 주식회사,20010102,20010102,정보기술컨설팅,부산,부산진구,원격,2026-09-17,2026-10-16,예정,500,0,0,,0,,0.0,0.0,,62370,62370,62370,28070,https://www.work24.go.kr/hr/a/a/3100/selectTracseDetl.do?tracseId=ACG20263001192049&tracseTme=131&crseTracseSe=C0031&trainstCstmrId=500020021711,0,1,0,드론
1015,ACG20263001414787,41,[촬영용 드론] 드론을 활용한 영상촬영 및 편집기술,(1st)인비원 평생교육원,09040105,09040105,소형무인기운용·조종,경기,고양시,원격,2026-09-17,2026-10-17,예정,500,0,0,,0,,0.0,0.0,,50490,50490,50490,22730,https://www.work24.go.kr/hr/a/a/3100/selectTracseDetl.do?tracseId=ACG20263001414787&tracseTme=41&crseTracseSe=C0031&trainstCstmrId=500044312625,0,1,0,드론
1019,AIG20250000511074,4,[이론+실기]초경량비행장치 무인멀티콥터 드론 국가자격증 1종 취득과정 주중반[전문교육기관],한국항공대학교 산학협력단 (비행교육원),09040105,09040105,소형무인기운용·조종,경기,고양시,비원격,2026-09-17,2026-10-21,예정,9,1,2,1,0,94.6,0.1111111111111111,0.2222222222222222,,858000,3000000,858000,2528100,https://www.work24.go.kr/hr/a/a/3100/selectTracseDetl.do?tracseId=AIG20250000511074&tracseTme=4&crseTracseSe=C0061&trainstCstmrId=500020027370,0,0,0,드론
1017,AIG20250000513585,6,드론 국가자격증 필기과정 (이론 및 모의비행),부산직업능력교육원,09040105,09040105,소형무인기운용·조종,부산,북구,비원격,2026-09-17,2026-09-23,예정,12,2,2,2,0,100.0,0.16666666666666666,0.16666666666666666,,286000,300000,286000,142700,https://www.work24.go.kr/hr/a/a/3100/selectTracseDetl.do?tracseId=AIG20250000513585&tracseTme=6&crseTracseSe=C0061&trainstCstmrId=500020056246,0,0,0,드론
1018,AVA20263001321903,8,"드론 활용실무(건설, 물류, 방제용 드론)",사단법인 한국에듀테크산업협회,09040105,09040105,소형무인기운용·조종,서울,강남구,원격,2026-09-17,2026-10-14,예정,500,0,0,,0,,0.0,0.0,,62370,62370,62370,28070,https://www.work24.go.kr/hr/a/a/3100/selectTracseDetl.do?tracseId=AVA20263001321903&tracseTme=8&crseTracseSe=C0055&trainstCstmrId=500020013301,0,1,0,드론
1021,ACG20263001192049,132,드론 기초기술 현장적용 가이드,러닝플러스 주식회사,20010102,20010102,정보기술컨설팅,부산,부산진구,원격,2026-09-18,2026-10-17,예정,500,0,0,,0,,0.0,0.0,,62370,62370,62370,28070,https://www.work24.go.kr/hr/a/a/3100/selectTracseDetl.do?tracseId=ACG20263001192049&tracseTme=132&crseTracseSe=C0031&trainstCstmrId=500020021711,0,1,0,드론
1020,ACG20263001414787,42,[촬영용 드론] 드론을 활용한 영상촬영 및 편집기술,(1st)인비원 평생교육원,09040105,09040105,소형무인기운용·조종,경기,고양시,원격,2026-09-18,2026-10-18,예정,500,0,0,,0,,0.0,0.0,,50490,50490,50490,22730,https://www.work24.go.kr/hr/a/a/3100/selectTracseDetl.do?tracseId=ACG20263001414787&tracseTme=42&crseTracseSe=C0031&trainstCstmrId=500044312625,0,1,0,드론
1022,ACG20263001414787,43,[촬영용 드론] 드론을 활용한 영상촬영 및 편집기술,(1st)인비원 평생교육원,09040105,09040105,소형무인기운용·조종,경기,고양시,원격,2026-09-19,2026-10-19,예정,500,0,0,,0,,0.0,0.0,,50490,50490,50490,22730,https://www.work24.go.kr/hr/a/a/3100/selectTracseDetl.do?tracseId=ACG20263001414787&tracseTme=43&crseTracseSe=C0031&trainstCstmrId=500044312625,0,1,0,드론
1023,AIG20250000532020,22,초경량비행장치 (드론) 1종 국가자격취득과정(실기),KDA 한국드론교육원,09040105,09040105,소형무인기운용·조종,경기,화성시,비원격,2026-09-19,2026-10-25,예정,8,0,0,,0,98.0,0.0,0.0,,572000,1500000,572000,1185400,https://www.work24.go.kr/hr/a/a/3100/selectTracseDetl.do?tracseId=AIG20250000532020&tracseTme=22&crseTracseSe=C0061&trainstCstmrId=500042774065,0,0,0,드론
1024,AIG20263001345190,1,(산대특)산업현장의 시설물 관리 효율화를 위한 1인칭 시점 드론운용가 양성과정,순천스카이드론교육원(미래진로직업체험센터),090401,,항공기조종운송,광주,순천시,비원격,2026-09-19,2026-11-15,예정,15,14,15,14,0,,0.9333333333333333,1.0,,975970,975970,975970,97600,https://www.work24.go.kr/hr/a/a/3100/selectTracseDetl.do?tracseId=AIG20263001345190&tracseTme=1&crseTracseSe=C0061&trainstCstmrId=500038928017,0,1,1,드론
1025,ACG20263001414787,44,[촬영용 드론] 드론을 활용한 영상촬영 및 편집기술,(1st)인비원 평생교육원,09040105,09040105,소형무인기운용·조종,경기,고양시,원격,2026-09-20,2026-10-20,예정,500,0,0,,0,,0.0,0.0,,50490,50490,50490,22730,https://www.work24.go.kr/hr/a/a/3100/selectTracseDetl.do?tracseId=ACG20263001414787&tracseTme=44&crseTracseSe=C0031&trainstCstmrId=500044312625,0,1,0,드론
1026,AIG20250000509002,21,드론 1종 조종자 국가자격증(필기시험면제자체실기시험),이아이실용전문학원,09040105,09040105,소형무인기운용·조종,경기,시흥시,비원격,2026-09-20,2026-11-22,예정,4,4,7,4,0,97.5,1.0,1.75,,858000,1958000,858000,1486100,https://www.work24.go.kr/hr/a/a/3100/selectTracseDetl.do?tracseId=AIG20250000509002&tracseTme=21&crseTracseSe=C0061&trainstCstmrId=500042912111,1,0,0,드론
1029,ACG20263001192049,133,드론 기초기술 현장적용 가이드,러닝플러스 주식회사,20010102,20010102,정보기술컨설팅,부산,부산진구,원격,2026-09-21,2026-10-20,예정,500,0,0,,0,,0.0,0.0,,62370,62370,62370,28070,https://www.work24.go.kr/hr/a/a/3100/selectTracseDetl.do?tracseId=ACG20263001192049&tracseTme=133&crseTracseSe=C0031&trainstCstmrId=500020021711,0,1,0,드론
1027,ACG20263001414787,45,[촬영용 드론] 드론을 활용한 영상촬영 및 편집기술,(1st)인비원 평생교육원,09040105,09040105,소형무인기운용·조종,경기,고양시,원격,2026-09-21,2026-10-21,예정,500,0,0,,0,,0.0,0.0,,50490,50490,50490,22730,https://www.work24.go.kr/hr/a/a/3100/selectTracseDetl.do?tracseId=ACG20263001414787&tracseTme=45&crseTracseSe=C0031&trainstCstmrId=500044312625,0,1,0,드론
1033,AIG20250000508278,16,무인멀티콥터(드론) 국가자격증 1종 실기교육 과정,주식회사 비아이티코퍼레이션,09040105,09040105,소형무인기운용·조종,전북,전주시,비원격,2026-09-21,2026-10-07,예정,1,0,1,,0,100.0,0.0,1.0,,143000,1000000,143000,921350,https://www.work24.go.kr/hr/a/a/3100/selectTracseDetl.do?tracseId=AIG20250000508278&tracseTme=16&crseTracseSe=C0061&trainstCstmrId=500042783200,0,0,0,드론
1032,AIG20250000509002,22,드론 1종 조종자 국가자격증(필기시험면제자체실기시험),이아이실용전문학원,09040105,09040105,소형무인기운용·조종,경기,시흥시,비원격,2026-09-21,2026-10-15,예정,4,4,4,4,0,97.5,1.0,1.0,,858000,1958000,858000,1486100,https://www.work24.go.kr/hr/a/a/3100/selectTracseDetl.do?tracseId=AIG20250000509002&tracseTme=22&crseTracseSe=C0061&trainstCstmrId=500042912111,0,0,0,드론
1030,AIG20250000509778,5,26년 드론 국가자격증 3종 실기교육,새만금항공주식회사,09040105,09040105,소형무인기운용·조종,전북,전주시,비원격,2026-09-21,2026-09-23,예정,4,0,0,,0,,0.0,0.0,,171600,350000,171600,255620,https://www.work24.go.kr/hr/a/a/3100/selectTracseDetl.do?tracseId=AIG20250000509778&tracseTme=5&crseTracseSe=C0061&trainstCstmrId=500034120375,0,1,0,드론
1031,AIG20250000519760,7,드론 (1종) 국가자격증 취득과정(필기+실기),신한글로벌인재교육원,09040105,09040105,소형무인기운용·조종,경기,의정부시,비원격,2026-09-21,2026-10-23,예정,4,1,1,1,0,96.4,0.25,0.25,,858000,2048000,858000,1576100,https://www.work24.go.kr/hr/a/a/3100/selectTracseDetl.do?tracseId=AIG20250000519760&tracseTme=7&crseTracseSe=C0061&trainstCstmrId=500020031915,0,0,0,드론
1034,AIG20250000527825,1,초경량비행장치(드론) 1종 면허 실기과정,주식회사대구드론자격전문교육원,09040105,09040105,소형무인기운용·조종,대구,동구,비원격,2026-09-21,2026-10-08,예정,4,0,3,,0,,0.0,0.75,,572000,1272000,572000,957400,https://www.work24.go.kr/hr/a/a/3100/selectTracseDetl.do?tracseId=AIG20250000527825&tracseTme=1&crseTracseSe=C0061&trainstCstmrId=500041426759,0,1,0,드론
1028,AIG20250000529814,18,드론 1종 국가자격증 취득과정,(주)스마트항공,09040105,09040105,소형무인기운용·조종,부산,사상구,비원격,2026-09-21,2026-10-13,예정,8,0,1,,0,99.5,0.0,0.125,,858000,1980000,858000,1508100,https://www.work24.go.kr/hr/a/a/3100/selectTracseDetl.do?tracseId=AIG20250000529814&tracseTme=18&crseTracseSe=C0061&trainstCstmrId=500042519804,0,0,0,드론
1036,ACG20263001192049,134,드론 기초기술 현장적용 가이드,러닝플러스 주식회사,20010102,20010102,정보기술컨설팅,부산,부산진구,원격,2026-09-22,2026-10-21,예정,500,0,0,,0,,0.0,0.0,,62370,62370,62370,28070,https://www.work24.go.kr/hr/a/a/3100/selectTracseDetl.do?tracseId=ACG20263001192049&tracseTme=134&crseTracseSe=C0031&trainstCstmrId=500020021711,0,1,0,드론
1035,ACG20263001414787,46,[촬영용 드론] 드론을 활용한 영상촬영 및 편집기술,(1st)인비원 평생교육원,09040105,09040105,소형무인기운용·조종,경기,고양시,원격,2026-09-22,2026-10-22,예정,500,0,0,,0,,0.0,0.0,,50490,50490,50490,22730,https://www.work24.go.kr/hr/a/a/3100/selectTracseDetl.do?tracseId=ACG20263001414787&tracseTme=46&crseTracseSe=C0031&trainstCstmrId=500044312625,0,1,0,드론
1037,AIG20250000503351,8,드론국가자격증1종취득 실기,상무무인항공교육원,09040105,09040105,소형무인기운용·조종,광주,보성군,비원격,2026-09-22,2026-10-16,예정,4,0,0,,0,100.0,0.0,0.0,,858000,1900000,858000,1428100,https://www.work24.go.kr/hr/a/a/3100/selectTracseDetl.do?tracseId=AIG20250000503351&tracseTme=8&crseTracseSe=C0061&trainstCstmrId=500040134607,0,0,0,드론
1041,ACG20263001154048,33,[촬영용 드론] 드론을 활용한 영상촬영 및 편집기술,케이지에듀원 원격평생교육원,09040105,09040105,소형무인기운용·조종,서울,동작구,원격,2026-09-23,2026-10-22,예정,500,0,0,,0,100.0,0.0,0.0,,50490,50490,50490,22730,https://www.work24.go.kr/hr/a/a/3100/selectTracseDetl.do?tracseId=ACG20263001154048&tracseTme=33&crseTracseSe=C0031&trainstCstmrId=500020015894,0,0,0,드론
1039,ACG20263001192049,135,드론 기초기술 현장적용 가이드,러닝플러스 주식회사,20010102,20010102,정보기술컨설팅,부산,부산진구,원격,2026-09-23,2026-10-22,예정,500,0,0,,0,,0.0,0.0,,62370,62370,62370,28070,https://www.work24.go.kr/hr/a/a/3100/selectTracseDetl.do?tracseId=ACG20263001192049&tracseTme=135&crseTracseSe=C0031&trainstCstmrId=500020021711,0,1,0,드론
1038,ACG20263001414787,47,[촬영용 드론] 드론을 활용한 영상촬영 및 편집기술,(1st)인비원 평생교육원,09040105,09040105,소형무인기운용·조종,경기,고양시,원격,2026-09-23,2026-10-23,예정,500,0,0,,0,,0.0,0.0,,50490,50490,50490,22730,https://www.work24.go.kr/hr/a/a/3100/selectTracseDetl.do?tracseId=ACG20263001414787&tracseTme=47&crseTracseSe=C0031&trainstCstmrId=500044312625,0,1,0,드론
1040,AIG20250000539903,49,파이썬으로 제어하는 AI드론,미라클평생교육원,20010202,20010202,응용SW엔지니어링,전북,전주시,원격,2026-09-23,2026-10-22,예정,200,3,4,3,0,93.6,0.015,0.02,,490000,490000,0,49000,https://www.work24.go.kr/hr/a/a/3100/selectTracseDetl.do?tracseId=AIG20250000539903&tracseTme=49&crseTracseSe=C0105&trainstCstmrId=500033164282,0,0,0,드론
1042,ACG20263001414787,48,[촬영용 드론] 드론을 활용한 영상촬영 및 편집기술,(1st)인비원 평생교육원,09040105,09040105,소형무인기운용·조종,경기,고양시,원격,2026-09-24,2026-10-24,예정,500,0,0,,0,,0.0,0.0,,50490,50490,50490,22730,https://www.work24.go.kr/hr/a/a/3100/selectTracseDetl.do?tracseId=ACG20263001414787&tracseTme=48&crseTracseSe=C0031&trainstCstmrId=500044312625,0,1,0,드론
1043,AVA20263001321903,9,"드론 활용실무(건설, 물류, 방제용 드론)",사단법인 한국에듀테크산업협회,09040105,09040105,소형무인기운용·조종,서울,강남구,원격,2026-09-24,2026-10-21,예정,500,0,0,,0,,0.0,0.0,,62370,62370,62370,28070,https://www.work24.go.kr/hr/a/a/3100/selectTracseDetl.do?tracseId=AVA20263001321903&tracseTme=9&crseTracseSe=C0055&trainstCstmrId=500020013301,0,1,0,드론
1044,ACG20263001414787,49,[촬영용 드론] 드론을 활용한 영상촬영 및 편집기술,(1st)인비원 평생교육원,09040105,09040105,소형무인기운용·조종,경기,고양시,원격,2026-09-25,2026-10-25,예정,500,0,0,,0,,0.0,0.0,,50490,50490,50490,22730,https://www.work24.go.kr/hr/a/a/3100/selectTracseDetl.do?tracseId=ACG20263001414787&tracseTme=49&crseTracseSe=C0031&trainstCstmrId=500044312625,0,1,0,드론
1045,ACG20263001414787,50,[촬영용 드론] 드론을 활용한 영상촬영 및 편집기술,(1st)인비원 평생교육원,09040105,09040105,소형무인기운용·조종,경기,고양시,원격,2026-09-26,2026-10-26,예정,500,0,0,,0,,0.0,0.0,,50490,50490,50490,22730,https://www.work24.go.kr/hr/a/a/3100/selectTracseDetl.do?tracseId=ACG20263001414787&tracseTme=50&crseTracseSe=C0031&trainstCstmrId=500044312625,0,1,0,드론
1046,ACG20263001414787,51,[촬영용 드론] 드론을 활용한 영상촬영 및 편집기술,(1st)인비원 평생교육원,09040105,09040105,소형무인기운용·조종,경기,고양시,원격,2026-09-27,2026-10-27,예정,500,0,0,,0,,0.0,0.0,,50490,50490,50490,22730,https://www.work24.go.kr/hr/a/a/3100/selectTracseDetl.do?tracseId=ACG20263001414787&tracseTme=51&crseTracseSe=C0031&trainstCstmrId=500044312625,0,1,0,드론
1047,AIG20250000519760,4,드론 (1종) 국가자격증 취득과정(필기+실기),신한글로벌인재교육원,09040105,09040105,소형무인기운용·조종,경기,의정부시,비원격,2026-09-27,2026-11-15,예정,4,4,8,4,0,96.4,1.0,2.0,,858000,2048000,858000,1576100,https://www.work24.go.kr/hr/a/a/3100/selectTracseDetl.do?tracseId=AIG20250000519760&tracseTme=4&crseTracseSe=C0061&trainstCstmrId=500020031915,1,0,0,드론
1057,ACG20263001192049,136,드론 기초기술 현장적용 가이드,러닝플러스 주식회사,20010102,20010102,정보기술컨설팅,부산,부산진구,원격,2026-09-28,2026-10-27,예정,500,0,0,,0,,0.0,0.0,,62370,62370,62370,28070,https://www.work24.go.kr/hr/a/a/3100/selectTracseDetl.do?tracseId=ACG20263001192049&tracseTme=136&crseTracseSe=C0031&trainstCstmrId=500020021711,0,1,0,드론
1048,ACG20263001414787,52,[촬영용 드론] 드론을 활용한 영상촬영 및 편집기술,(1st)인비원 평생교육원,09040105,09040105,소형무인기운용·조종,경기,고양시,원격,2026-09-28,2026-10-28,예정,500,0,0,,0,,0.0,0.0,,50490,50490,50490,22730,https://www.work24.go.kr/hr/a/a/3100/selectTracseDetl.do?tracseId=ACG20263001414787&tracseTme=52&crseTracseSe=C0031&trainstCstmrId=500044312625,0,1,0,드론
1056,AIG20240000498076,9,"자율비행 드론 설계 및 제작(솔리드웍스,카티아,3D프린터,제어)",글로벌산업기술교육원,15090105,15090105,소형무인기비행체개발,서울,금천구,비원격,2026-09-28,2027-03-30,예정,20,5,10,5,0,96.4,0.25,0.5,,18150000,18150000,18150000,600000,https://www.work24.go.kr/hr/a/a/3100/selectTracseDetl.do?tracseId=AIG20240000498076&tracseTme=9&crseTracseSe=C0061&trainstCstmrId=500020021390,0,0,0,드론
1068,AIG20250000502620,18,초경량비행장치 무인멀티콥터(드론)조종자 1종 국가자격취득과정(이론+실기),중부드론교육원,09040105,09040105,소형무인기운용·조종,충북,음성군,비원격,2026-09-28,2026-10-16,예정,8,0,0,,0,100.0,0.0,0.0,,858000,2000000,858000,1442300,https://www.work24.go.kr/hr/a/a/3100/selectTracseDetl.do?tracseId=AIG20250000502620&tracseTme=18&crseTracseSe=C0061&trainstCstmrId=500039127578,0,0,0,드론
1049,AIG20250000506180,13,1종 드론국가자격증 취득과정 필기+실기 _평일반,(주)케이드론 부설 대한무인항공교육원,09040105,09040105,소형무인기운용·조종,강원,원주시,비원격,2026-09-28,2026-10-21,예정,12,0,1,,0,97.1,0.0,0.08333333333333333,,915200,1915200,915200,1411840,https://www.work24.go.kr/hr/a/a/3100/selectTracseDetl.do?tracseId=AIG20250000506180&tracseTme=13&crseTracseSe=C0061&trainstCstmrId=500035879387,0,0,0,드론
1061,AIG20250000509639,27,26년 드론 국가자격증 1종 실기교육,새만금항공주식회사,09040105,09040105,소형무인기운용·조종,전북,전주시,비원격,2026-09-28,2026-10-09,예정,8,0,1,,0,100.0,0.0,0.125,,572000,1700000,572000,1385400,https://www.work24.go.kr/hr/a/a/3100/selectTracseDetl.do?tracseId=AIG20250000509639&tracseTme=27&crseTracseSe=C0061&trainstCstmrId=500034120375,0,0,0,드론
1059,AIG20250000510905,19,드론 국가자격증 1종[필기+실기]무인멀티콥터,새동엔지니어링(주) 드론교육원,09040105,09040105,소형무인기운용·조종,서울,관악구,비원격,2026-09-28,2026-10-20,예정,12,0,2,,0,92.9,0.0,0.16666666666666666,,858000,1858000,858000,1386100,https://www.work24.go.kr/hr/a/a/3100/selectTracseDetl.do?tracseId=AIG20250000510905&tracseTme=19&crseTracseSe=C0061&trainstCstmrId=500037079851,0,0,0,드론
1058,AIG20250000513132,19,드론 국가자격증 1종 실기반(무인멀티콥터),새동엔지니어링(주) 드론교육원,09040105,09040105,소형무인기운용·조종,서울,관악구,비원격,2026-09-28,2026-10-13,예정,4,0,0,,0,100.0,0.0,0.0,,572000,1372000,572000,1057400,https://www.work24.go.kr/hr/a/a/3100/selectTracseDetl.do?tracseId=AIG20250000513132&tracseTme=19&crseTracseSe=C0061&trainstCstmrId=500037079851,0,0,0,드론
1060,AIG20250000513160,13,드론 지도조종자(교관) 실기반(무인멀티콥터),새동엔지니어링(주) 드론교육원,09040105,09040105,소형무인기운용·조종,서울,관악구,비원격,2026-09-28,2026-11-02,예정,4,1,1,1,0,100.0,0.25,0.25,,1372800,3072800,1372800,2317760,https://www.work24.go.kr/hr/a/a/3100/selectTracseDetl.do?tracseId=AIG20250000513160&tracseTme=13&crseTracseSe=C0061&trainstCstmrId=500037079851,0,0,0,드론
1063,AIG20250000516588,3,드론 조립 및 분해(유지보수),신한글로벌인재교육원,09040105,09040105,소형무인기운용·조종,경기,의정부시,비원격,2026-09-28,2026-10-06,예정,8,4,5,4,0,97.6,0.5,0.625,,257400,357400,257400,215830,https://www.work24.go.kr/hr/a/a/3100/selectTracseDetl.do?tracseId=AIG20250000516588&tracseTme=3&crseTracseSe=C0061&trainstCstmrId=500020031915,0,0,0,드론
1062,AIG20250000520729,1,드론 운용 및 구조물 안전진단 촬영편집(A반),신한글로벌인재교육원,09040105,09040105,소형무인기운용·조종,경기,의정부시,비원격,2026-09-28,2027-01-29,예정,10,0,5,,0,,0.0,0.5,,4862000,4862000,4862000,300000,https://www.work24.go.kr/hr/a/a/3100/selectTracseDetl.do?tracseId=AIG20250000520729&tracseTme=1&crseTracseSe=C0061&trainstCstmrId=500020031915,0,1,0,드론
1065,AIG20250000520984,12,드론 1종 조종자 자격증 취득과정 (이론+실기)[평일반],주식회사스카이엔터프라이즈,09040105,09040105,소형무인기운용·조종,대구,달서구,비원격,2026-09-28,2026-10-22,예정,8,0,5,,0,96.4,0.0,0.625,,972400,1990000,972400,1455180,https://www.work24.go.kr/hr/a/a/3100/selectTracseDetl.do?tracseId=AIG20250000520984&tracseTme=12&crseTracseSe=C0061&trainstCstmrId=500035342034,0,0,0,드론
1064,AIG20250000527495,18,초경량비행장치 드론 1종 국가자격증 취득 과정,알씨스카이 부설 무인기술UAV교육원,09040105,09040105,소형무인기운용·조종,경남,창원시,비원격,2026-09-28,2026-10-16,예정,8,0,0,,0,100.0,0.0,0.0,,858000,1980000,858000,1508100,https://www.work24.go.kr/hr/a/a/3100/selectTracseDetl.do?tracseId=AIG20250000527495&tracseTme=18&crseTracseSe=C0061&trainstCstmrId=500035425743,0,0,0,드론
1050,AIG20250000527644,3,촬영용드론 조종 + 3종 자격증,(주)케이드론 부설 대한무인항공교육원,09040105,09040105,소형무인기운용·조종,강원,원주시,비원격,2026-09-28,2026-10-13,예정,12,0,0,,0,,0.0,0.0,,572000,962000,572000,647400,https://www.work24.go.kr/hr/a/a/3100/selectTracseDetl.do?tracseId=AIG20250000527644&tracseTme=3&crseTracseSe=C0061&trainstCstmrId=500035879387,0,1,0,드론
1055,AIG20250000528466,8,드론 조종자 1종 국가자격 취득과정 (학과+실기_평일반),구름무인항공교육원,09040105,09040105,소형무인기운용·조종,경기,평택시,비원격,2026-09-28,2026-10-16,예정,8,2,7,2,0,100.0,0.25,0.875,,858000,1950000,858000,1478100,https://www.work24.go.kr/hr/a/a/3100/selectTracseDetl.do?tracseId=AIG20250000528466&tracseTme=8&crseTracseSe=C0061&trainstCstmrId=500042856540,0,0,0,드론
1069,AIG20250000531843,16,초경량비행장치(드론) 무인 멀티콥터 조종자 3종 자격증 취득과정,중부드론교육원,09040105,09040105,소형무인기운용·조종,충북,음성군,비원격,2026-09-28,2026-10-06,예정,8,0,1,,0,,0.0,0.125,,357500,600000,357500,367630,https://www.work24.go.kr/hr/a/a/3100/selectTracseDetl.do?tracseId=AIG20250000531843&tracseTme=16&crseTracseSe=C0061&trainstCstmrId=500039127578,0,1,0,드론
1054,AIG20250000531939,9,초경량비행장치 무인멀티콥터 조종자 3종,경남에스케이드론주식회사,09040105,09040105,소형무인기운용·조종,경남,고성군,비원격,2026-09-28,2026-10-06,예정,4,0,0,,0,100.0,0.0,0.0,,371800,800000,371800,595510,https://www.work24.go.kr/hr/a/a/3100/selectTracseDetl.do?tracseId=AIG20250000531939&tracseTme=9&crseTracseSe=C0061&trainstCstmrId=500045609416,0,0,0,드론
1052,AIG20250000532017,18,초경량비행장치 (드론) 1종 국가자격취득과정(이론+실기),KDA 한국드론교육원,09040105,09040105,소형무인기운용·조종,경기,화성시,비원격,2026-09-28,2026-10-16,예정,8,0,0,,0,96.8,0.0,0.0,,858000,1980000,858000,1508100,https://www.work24.go.kr/hr/a/a/3100/selectTracseDetl.do?tracseId=AIG20250000532017&tracseTme=18&crseTracseSe=C0061&trainstCstmrId=500042774065,0,0,0,드론
1051,AIG20250000532020,23,초경량비행장치 (드론) 1종 국가자격취득과정(실기),KDA 한국드론교육원,09040105,09040105,소형무인기운용·조종,경기,화성시,비원격,2026-09-28,2026-10-09,예정,8,0,0,,0,98.0,0.0,0.0,,572000,1500000,572000,1185400,https://www.work24.go.kr/hr/a/a/3100/selectTracseDetl.do?tracseId=AIG20250000532020&tracseTme=23&crseTracseSe=C0061&trainstCstmrId=500042774065,0,0,0,드론
1067,AIG20250000532096,24,(드론)조종자 1종 국가 자격증 취득과정(실기),주식회사지디에이경기드론교육원,09040105,09040105,소형무인기운용·조종,서울,구로구,비원격,2026-09-28,2026-10-09,예정,8,0,3,,0,88.9,0.0,0.375,,572000,1500000,572000,1185400,https://www.work24.go.kr/hr/a/a/3100/selectTracseDetl.do?tracseId=AIG20250000532096&tracseTme=24&crseTracseSe=C0061&trainstCstmrId=500042767878,0,0,0,드론
1053,AIG20250000534362,13,초경량비행장치 무인멀티콥터 취득과정(평일),강남무인항공,09040105,09040105,소형무인기운용·조종,전북,장수군,비원격,2026-09-28,2026-10-16,예정,8,0,2,,0,100.0,0.0,0.25,,858000,1500000,858000,1028100,https://www.work24.go.kr/hr/a/a/3100/selectTracseDetl.do?tracseId=AIG20250000534362&tracseTme=13&crseTracseSe=C0061&trainstCstmrId=500034689871,0,0,0,드론
1066,AIG20260000545759,5,(드론) 초경량비행장치 무인멀티콥터 1종 국가자격증 (이론 실기) 평일반,주식회사지디에이경기드론교육원,09040105,09040105,소형무인기운용·조종,서울,구로구,비원격,2026-09-28,2026-10-16,예정,8,0,1,,0,97.6,0.0,0.125,,858000,1980000,858000,1508100,https://www.work24.go.kr/hr/a/a/3100/selectTracseDetl.do?tracseId=AIG20260000545759&tracseTme=5&crseTracseSe=C0061&trainstCstmrId=500042767878,0,0,0,드론
1072,ACG20263001192049,137,드론 기초기술 현장적용 가이드,러닝플러스 주식회사,20010102,20010102,정보기술컨설팅,부산,부산진구,원격,2026-09-29,2026-10-28,예정,500,0,0,,0,,0.0,0.0,,62370,62370,62370,28070,https://www.work24.go.kr/hr/a/a/3100/selectTracseDetl.do?tracseId=ACG20263001192049&tracseTme=137&crseTracseSe=C0031&trainstCstmrId=500020021711,0,1,0,드론
1070,ACG20263001414787,53,[촬영용 드론] 드론을 활용한 영상촬영 및 편집기술,(1st)인비원 평생교육원,09040105,09040105,소형무인기운용·조종,경기,고양시,원격,2026-09-29,2026-10-29,예정,500,0,0,,0,,0.0,0.0,,50490,50490,50490,22730,https://www.work24.go.kr/hr/a/a/3100/selectTracseDetl.do?tracseId=ACG20263001414787&tracseTme=53&crseTracseSe=C0031&trainstCstmrId=500044312625,0,1,0,드론
1071,AIG20250000515594,11,초경량비행장치(드론 1종) 조종자 국가자격증 취득(필기면제),누리드론교육원,09040105,09040105,소형무인기운용·조종,경남,김해시,비원격,2026-09-29,2026-10-23,예정,8,0,2,,0,96.1,0.0,0.25,,972400,1472400,972400,937580,https://www.work24.go.kr/hr/a/a/3100/selectTracseDetl.do?tracseId=AIG20250000515594&tracseTme=11&crseTracseSe=C0061&trainstCstmrId=500041601289,0,0,0,드론
1075,ACG20263001154048,34,[촬영용 드론] 드론을 활용한 영상촬영 및 편집기술,케이지에듀원 원격평생교육원,09040105,09040105,소형무인기운용·조종,서울,동작구,원격,2026-09-30,2026-10-29,예정,500,0,0,,0,100.0,0.0,0.0,,50490,50490,50490,22730,https://www.work24.go.kr/hr/a/a/3100/selectTracseDetl.do?tracseId=ACG20263001154048&tracseTme=34&crseTracseSe=C0031&trainstCstmrId=500020015894,0,0,0,드론
1073,ACG20263001192049,138,드론 기초기술 현장적용 가이드,러닝플러스 주식회사,20010102,20010102,정보기술컨설팅,부산,부산진구,원격,2026-09-30,2026-10-29,예정,500,0,0,,0,,0.0,0.0,,62370,62370,62370,28070,https://www.work24.go.kr/hr/a/a/3100/selectTracseDetl.do?tracseId=ACG20263001192049&tracseTme=138&crseTracseSe=C0031&trainstCstmrId=500020021711,0,1,0,드론
1074,AIG20250000539903,50,파이썬으로 제어하는 AI드론,미라클평생교육원,20010202,20010202,응용SW엔지니어링,전북,전주시,원격,2026-09-30,2026-10-29,예정,200,0,0,,0,93.6,0.0,0.0,,490000,490000,0,49000,https://www.work24.go.kr/hr/a/a/3100/selectTracseDetl.do?tracseId=AIG20250000539903&tracseTme=50&crseTracseSe=C0105&trainstCstmrId=500033164282,0,0,0,드론
1076,ACG20263001192049,139,드론 기초기술 현장적용 가이드,러닝플러스 주식회사,20010102,20010102,정보기술컨설팅,부산,부산진구,원격,2026-10-01,2026-10-31,예정,500,0,0,,0,,0.0,0.0,,62370,62370,62370,28070,https://www.work24.go.kr/hr/a/a/3100/selectTracseDetl.do?tracseId=ACG20263001192049&tracseTme=139&crseTracseSe=C0031&trainstCstmrId=500020021711,0,1,0,드론
1078,AIG20263001384394,2,(산대특)드론정비자격 취득을 위한 유지보수 실무자 향상과정,스카이팜에듀교육원,09040105,09040105,소형무인기운용·조종,제주,제주시,비원격,2026-10-01,2026-10-16,예정,12,2,5,2,0,100.0,0.16666666666666666,0.4166666666666667,,557700,557700,557700,55770,https://www.work24.go.kr/hr/a/a/3100/selectTracseDetl.do?tracseId=AIG20263001384394&tracseTme=2&crseTracseSe=C0061&trainstCstmrId=500041625803,0,0,0,드론
1077,AVA20263001321903,10,"드론 활용실무(건설, 물류, 방제용 드론)",사단법인 한국에듀테크산업협회,09040105,09040105,소형무인기운용·조종,서울,강남구,원격,2026-10-01,2026-10-28,예정,500,0,0,,0,,0.0,0.0,,62370,62370,62370,28070,https://www.work24.go.kr/hr/a/a/3100/selectTracseDetl.do?tracseId=AVA20263001321903&tracseTme=10&crseTracseSe=C0055&trainstCstmrId=500020013301,0,1,0,드론
1079,ACG20263001192049,140,드론 기초기술 현장적용 가이드,러닝플러스 주식회사,20010102,20010102,정보기술컨설팅,부산,부산진구,원격,2026-10-02,2026-11-01,예정,500,0,0,,0,,0.0,0.0,,62370,62370,62370,28070,https://www.work24.go.kr/hr/a/a/3100/selectTracseDetl.do?tracseId=ACG20263001192049&tracseTme=140&crseTracseSe=C0031&trainstCstmrId=500020021711,0,1,0,드론
1080,AIG20250000515594,10,초경량비행장치(드론 1종) 조종자 국가자격증 취득(필기면제),누리드론교육원,09040105,09040105,소형무인기운용·조종,경남,김해시,비원격,2026-10-03,2026-11-28,예정,8,0,8,,0,96.1,0.0,1.0,,972400,1472400,972400,937580,https://www.work24.go.kr/hr/a/a/3100/selectTracseDetl.do?tracseId=AIG20250000515594&tracseTme=10&crseTracseSe=C0061&trainstCstmrId=500041601289,0,0,0,드론
1082,AIG20250000520098,1,드론 (3종) 국가자격증 취득 (실기),신한글로벌인재교육원,09040105,09040105,소형무인기운용·조종,경기,의정부시,비원격,2026-10-03,2026-10-11,예정,4,0,4,0,0,,0.0,1.0,,228800,428800,228800,302960,https://www.work24.go.kr/hr/a/a/3100/selectTracseDetl.do?tracseId=AIG20250000520098&tracseTme=1&crseTracseSe=C0061&trainstCstmrId=500020031915,0,1,0,드론
1081,AIG20260000547213,2,초경량비행장치(드론 vtol 1종) 조종자 국가자격증 취득,누리드론교육원,09040105,09040105,소형무인기운용·조종,경남,김해시,비원격,2026-10-03,2026-11-29,예정,4,0,0,,0,,0.0,0.0,,1029600,5529600,1029600,4963320,https://www.work24.go.kr/hr/a/a/3100/selectTracseDetl.do?tracseId=AIG20260000547213&tracseTme=2&crseTracseSe=C0061&trainstCstmrId=500041601289,0,1,0,드론
1084,AIG20250000509552,26,26년 드론 국가자격증 학과교육,새만금항공주식회사,09040105,09040105,소형무인기운용·조종,전북,전주시,비원격,2026-10-04,2026-10-18,예정,8,0,0,,0,100.0,0.0,0.0,,286000,300000,286000,142700,https://www.work24.go.kr/hr/a/a/3100/selectTracseDetl.do?tracseId=AIG20250000509552&tracseTme=26&crseTracseSe=C0061&trainstCstmrId=500034120375,0,0,0,드론
1083,AIG20250000513041,18,드론 국가자격증 3종[필기+실기]+촬영 무인멀티콥터,새동엔지니어링(주) 드론교육원,09040105,09040105,소형무인기운용·조종,서울,관악구,비원격,2026-10-04,2026-11-07,예정,8,1,4,1,0,90.5,0.125,0.5,,572000,772000,572000,457400,https://www.work24.go.kr/hr/a/a/3100/selectTracseDetl.do?tracseId=AIG20250000513041&tracseTme=18&crseTracseSe=C0061&trainstCstmrId=500037079851,0,0,0,드론
1085,AIG20250000527495,19,초경량비행장치 드론 1종 국가자격증 취득 과정,알씨스카이 부설 무인기술UAV교육원,09040105,09040105,소형무인기운용·조종,경남,창원시,비원격,2026-10-04,2026-11-22,예정,8,0,0,,0,100.0,0.0,0.0,,858000,1980000,858000,1508100,https://www.work24.go.kr/hr/a/a/3100/selectTracseDetl.do?tracseId=AIG20250000527495&tracseTme=19&crseTracseSe=C0061&trainstCstmrId=500035425743,0,0,0,드론
1087,AIG20250000509552,27,26년 드론 국가자격증 학과교육,새만금항공주식회사,09040105,09040105,소형무인기운용·조종,전북,전주시,비원격,2026-10-05,2026-10-09,예정,8,0,0,,0,100.0,0.0,0.0,,286000,300000,286000,142700,https://www.work24.go.kr/hr/a/a/3100/selectTracseDetl.do?tracseId=AIG20250000509552&tracseTme=27&crseTracseSe=C0061&trainstCstmrId=500034120375,0,0,0,드론
1086,AIG20263001247924,5,드론을 활용한 제주관광영상콘텐츠제작 실무자양성과정,드론항공평생교육원,08030212,08030212,드론콘텐츠제작,제주,서귀포시,비원격,2026-10-05,2026-11-04,예정,16,0,1,,0,94.4,0.0,0.0625,,1123200,1123200,1123200,112320,https://www.work24.go.kr/hr/a/a/3100/selectTracseDetl.do?tracseId=AIG20263001247924&tracseTme=5&crseTracseSe=C0061&trainstCstmrId=500035584309,0,0,0,드론
1090,ACG20263001192049,141,드론 기초기술 현장적용 가이드,러닝플러스 주식회사,20010102,20010102,정보기술컨설팅,부산,부산진구,원격,2026-10-06,2026-11-05,예정,500,0,0,,0,,0.0,0.0,,62370,62370,62370,28070,https://www.work24.go.kr/hr/a/a/3100/selectTracseDetl.do?tracseId=ACG20263001192049&tracseTme=141&crseTracseSe=C0031&trainstCstmrId=500020021711,0,1,0,드론
1088,AIG20250000504420,9,초경량 비행장치무인멀티콥터(드론)조종자1종과정,(주)규림,09040105,09040105,소형무인기운용·조종,경북,구미시,비원격,2026-10-06,2026-11-04,예정,8,0,0,,0,92.5,0.0,0.0,,1144000,1844000,1144000,1214800,https://www.work24.go.kr/hr/a/a/3100/selectTracseDetl.do?tracseId=AIG20250000504420&tracseTme=9&crseTracseSe=C0061&trainstCstmrId=500037029319,0,0,0,드론
1092,AIG20250000505519,22,1종 드론 국가자격증 필기+실기_평일반,서울드론교육원,09040105,09040105,소형무인기운용·조종,서울,서초구,비원격,2026-10-06,2026-10-28,예정,12,0,2,,0,87.4,0.0,0.16666666666666666,,915200,1915200,915200,1411840,https://www.work24.go.kr/hr/a/a/3100/selectTracseDetl.do?tracseId=AIG20250000505519&tracseTme=22&crseTracseSe=C0061&trainstCstmrId=500035861333,0,0,0,드론
1089,AIG20250000508720,1,초경량비행장치(드론) 국가자격증취득과정(1종),고창드론항공교육원,09040105,09040105,소형무인기운용·조종,전북,고창군,비원격,2026-10-06,2026-10-28,예정,4,0,0,,0,,0.0,0.0,,886600,2000000,886600,1512370,https://www.work24.go.kr/hr/a/a/3100/selectTracseDetl.do?tracseId=AIG20250000508720&tracseTme=1&crseTracseSe=C0061&trainstCstmrId=500042809521,0,1,0,드론
1091,AIG20250000513041,19,드론 국가자격증 3종[필기+실기]+촬영 무인멀티콥터,새동엔지니어링(주) 드론교육원,09040105,09040105,소형무인기운용·조종,서울,관악구,비원격,2026-10-06,2026-10-20,예정,8,0,0,,0,90.5,0.0,0.0,,572000,772000,572000,457400,https://www.work24.go.kr/hr/a/a/3100/selectTracseDetl.do?tracseId=AIG20250000513041&tracseTme=19&crseTracseSe=C0061&trainstCstmrId=500037079851,0,0,0,드론
1093,AIG20250000536111,8,드론국가자격1종과정,영천드론자격시험교육센터,09040105,09040105,소형무인기운용·조종,대구,동구,비원격,2026-10-06,2026-11-05,예정,8,0,0,,0,98.5,0.0,0.0,,1172600,1800000,1172600,1155070,https://www.work24.go.kr/hr/a/a/3100/selectTracseDetl.do?tracseId=AIG20250000536111&tracseTme=8&crseTracseSe=C0061&trainstCstmrId=500040315040,0,0,0,드론
1094,ACG20263001192049,142,드론 기초기술 현장적용 가이드,러닝플러스 주식회사,20010102,20010102,정보기술컨설팅,부산,부산진구,원격,2026-10-07,2026-11-06,예정,500,0,0,,0,,0.0,0.0,,62370,62370,62370,28070,https://www.work24.go.kr/hr/a/a/3100/selectTracseDetl.do?tracseId=ACG20263001192049&tracseTme=142&crseTracseSe=C0031&trainstCstmrId=500020021711,0,1,0,드론
1095,AIG20250000539903,51,파이썬으로 제어하는 AI드론,미라클평생교육원,20010202,20010202,응용SW엔지니어링,전북,전주시,원격,2026-10-07,2026-11-06,예정,200,0,0,,0,93.6,0.0,0.0,,490000,490000,0,49000,https://www.work24.go.kr/hr/a/a/3100/selectTracseDetl.do?tracseId=AIG20250000539903&tracseTme=51&crseTracseSe=C0105&trainstCstmrId=500033164282,0,0,0,드론
1096,ACG20263001192049,143,드론 기초기술 현장적용 가이드,러닝플러스 주식회사,20010102,20010102,정보기술컨설팅,부산,부산진구,원격,2026-10-08,2026-11-07,예정,500,0,0,,0,,0.0,0.0,,62370,62370,62370,28070,https://www.work24.go.kr/hr/a/a/3100/selectTracseDetl.do?tracseId=ACG20263001192049&tracseTme=143&crseTracseSe=C0031&trainstCstmrId=500020021711,0,1,0,드론
1097,AVA20263001321903,11,"드론 활용실무(건설, 물류, 방제용 드론)",사단법인 한국에듀테크산업협회,09040105,09040105,소형무인기운용·조종,서울,강남구,원격,2026-10-08,2026-11-04,예정,500,0,0,,0,,0.0,0.0,,62370,62370,62370,28070,https://www.work24.go.kr/hr/a/a/3100/selectTracseDetl.do?tracseId=AVA20263001321903&tracseTme=11&crseTracseSe=C0055&trainstCstmrId=500020013301,0,1,0,드론
1100,AIG20250000505519,23,1종 드론 국가자격증 필기+실기_평일반,서울드론교육원,09040105,09040105,소형무인기운용·조종,서울,서초구,비원격,2026-10-10,2026-11-29,예정,12,0,1,,0,87.4,0.0,0.08333333333333333,,915200,1915200,915200,1411840,https://www.work24.go.kr/hr/a/a/3100/selectTracseDetl.do?tracseId=AIG20250000505519&tracseTme=23&crseTracseSe=C0061&trainstCstmrId=500035861333,0,0,0,드론
1098,AIG20250000514827,5,1종 드론국가자격증 취득과정 필기+실기,(주)케이드론 부설 대한무인항공교육원,09040105,09040105,소형무인기운용·조종,강원,원주시,비원격,2026-10-10,2026-11-29,예정,12,0,2,,0,71.4,0.0,0.16666666666666666,,915200,1915200,915200,1411840,https://www.work24.go.kr/hr/a/a/3100/selectTracseDetl.do?tracseId=AIG20250000514827&tracseTme=5&crseTracseSe=C0061&trainstCstmrId=500035879387,0,0,0,드론
1099,AIG20250000532017,19,초경량비행장치 (드론) 1종 국가자격취득과정(이론+실기),KDA 한국드론교육원,09040105,09040105,소형무인기운용·조종,경기,화성시,비원격,2026-10-10,2026-11-28,예정,8,0,0,,0,96.8,0.0,0.0,,858000,1980000,858000,1508100,https://www.work24.go.kr/hr/a/a/3100/selectTracseDetl.do?tracseId=AIG20250000532017&tracseTme=19&crseTracseSe=C0061&trainstCstmrId=500042774065,0,0,0,드론
1101,AIG20250000536056,6,드론정비사 1급 전문가과정,현대평생교육원,15090308,15090308,소형무인기정비,경남,김해시,비원격,2026-10-10,2026-10-17,예정,20,0,0,,0,85.7,0.0,0.0,,157440,357440,157440,270850,https://www.work24.go.kr/hr/a/a/3100/selectTracseDetl.do?tracseId=AIG20250000536056&tracseTme=6&crseTracseSe=C0061&trainstCstmrId=500020036606,0,0,0,드론
1102,AIG20250000513585,7,드론 국가자격증 필기과정 (이론 및 모의비행),부산직업능력교육원,09040105,09040105,소형무인기운용·조종,부산,북구,비원격,2026-10-11,2026-10-25,예정,12,0,2,,0,100.0,0.0,0.16666666666666666,,286000,300000,286000,142700,https://www.work24.go.kr/hr/a/a/3100/selectTracseDetl.do?tracseId=AIG20250000513585&tracseTme=7&crseTracseSe=C0061&trainstCstmrId=500020056246,0,0,0,드론
1105,ACG20263001192049,144,드론 기초기술 현장적용 가이드,러닝플러스 주식회사,20010102,20010102,정보기술컨설팅,부산,부산진구,원격,2026-10-12,2026-11-11,예정,500,0,0,,0,,0.0,0.0,,62370,62370,62370,28070,https://www.work24.go.kr/hr/a/a/3100/selectTracseDetl.do?tracseId=ACG20263001192049&tracseTme=144&crseTracseSe=C0031&trainstCstmrId=500020021711,0,1,0,드론
1109,AIG20250000509002,23,드론 1종 조종자 국가자격증(필기시험면제자체실기시험),이아이실용전문학원,09040105,09040105,소형무인기운용·조종,경기,시흥시,비원격,2026-10-12,2026-10-30,예정,4,4,5,4,0,97.5,1.0,1.25,,858000,1958000,858000,1486100,https://www.work24.go.kr/hr/a/a/3100/selectTracseDetl.do?tracseId=AIG20250000509002&tracseTme=23&crseTracseSe=C0061&trainstCstmrId=500042912111,1,0,0,드론
1107,AIG20250000509639,28,26년 드론 국가자격증 1종 실기교육,새만금항공주식회사,09040105,09040105,소형무인기운용·조종,전북,전주시,비원격,2026-10-12,2026-10-23,예정,8,0,0,,0,100.0,0.0,0.0,,572000,1700000,572000,1385400,https://www.work24.go.kr/hr/a/a/3100/selectTracseDetl.do?tracseId=AIG20250000509639&tracseTme=28&crseTracseSe=C0061&trainstCstmrId=500034120375,0,0,0,드론
1106,AIG20250000513585,8,드론 국가자격증 필기과정 (이론 및 모의비행),부산직업능력교육원,09040105,09040105,소형무인기운용·조종,부산,북구,비원격,2026-10-12,2026-10-16,예정,12,0,0,,0,100.0,0.0,0.0,,286000,300000,286000,142700,https://www.work24.go.kr/hr/a/a/3100/selectTracseDetl.do?tracseId=AIG20250000513585&tracseTme=8&crseTracseSe=C0061&trainstCstmrId=500020056246,0,0,0,드론
1108,AIG20250000515012,2,무인멀티콥터(드론) 조종자 3종 국가자격취득 평일 (이론+실기),양주에이스원드론교육원,09040105,09040105,소형무인기운용·조종,경기,양주시,비원격,2026-10-12,2026-10-21,예정,4,0,0,,0,,0.0,0.0,,357500,800000,357500,603380,https://www.work24.go.kr/hr/a/a/3100/selectTracseDetl.do?tracseId=AIG20250000515012&tracseTme=2&crseTracseSe=C0061&trainstCstmrId=500039022552,0,1,0,드론
1110,AIG20250000527104,2,초경량비행장치(드론) 1종 국가자격(이론+시뮬레이션),주식회사대구드론자격전문교육원,09040105,09040105,소형무인기운용·조종,대구,동구,비원격,2026-10-12,2026-10-16,예정,8,0,0,,0,,0.0,0.0,,286000,286000,286000,128700,https://www.work24.go.kr/hr/a/a/3100/selectTracseDetl.do?tracseId=AIG20250000527104&tracseTme=2&crseTracseSe=C0061&trainstCstmrId=500041426759,0,1,0,드론
1103,AIG20250000529814,19,드론 1종 국가자격증 취득과정,(주)스마트항공,09040105,09040105,소형무인기운용·조종,부산,사상구,비원격,2026-10-12,2026-10-30,예정,8,0,0,,0,99.5,0.0,0.0,,858000,1980000,858000,1508100,https://www.work24.go.kr/hr/a/a/3100/selectTracseDetl.do?tracseId=AIG20250000529814&tracseTme=19&crseTracseSe=C0061&trainstCstmrId=500042519804,0,0,0,드론
1104,AIG20250000532020,24,초경량비행장치 (드론) 1종 국가자격취득과정(실기),KDA 한국드론교육원,09040105,09040105,소형무인기운용·조종,경기,화성시,비원격,2026-10-12,2026-10-23,예정,8,0,1,,0,98.0,0.0,0.125,,572000,1500000,572000,1185400,https://www.work24.go.kr/hr/a/a/3100/selectTracseDetl.do?tracseId=AIG20250000532020&tracseTme=24&crseTracseSe=C0061&trainstCstmrId=500042774065,0,0,0,드론
1111,AIG20250000532096,25,(드론)조종자 1종 국가 자격증 취득과정(실기),주식회사지디에이경기드론교육원,09040105,09040105,소형무인기운용·조종,서울,구로구,비원격,2026-10-12,2026-10-23,예정,8,0,0,,0,88.9,0.0,0.0,,572000,1500000,572000,1185400,https://www.work24.go.kr/hr/a/a/3100/selectTracseDetl.do?tracseId=AIG20250000532096&tracseTme=25&crseTracseSe=C0061&trainstCstmrId=500042767878,0,0,0,드론
1114,ACG20263001192049,145,드론 기초기술 현장적용 가이드,러닝플러스 주식회사,20010102,20010102,정보기술컨설팅,부산,부산진구,원격,2026-10-13,2026-11-12,예정,500,0,0,,0,,0.0,0.0,,62370,62370,62370,28070,https://www.work24.go.kr/hr/a/a/3100/selectTracseDetl.do?tracseId=ACG20263001192049&tracseTme=145&crseTracseSe=C0031&trainstCstmrId=500020021711,0,1,0,드론
1115,AIG20250000531840,10,드론 지도조종자(교관) 자격취득과정,중부드론교육원,09040105,09040105,소형무인기운용·조종,충북,음성군,비원격,2026-10-13,2026-11-17,예정,2,0,0,,0,71.4,0.0,0.0,,1287000,3000000,1287000,2163450,https://www.work24.go.kr/hr/a/a/3100/selectTracseDetl.do?tracseId=AIG20250000531840&tracseTme=10&crseTracseSe=C0061&trainstCstmrId=500039127578,0,0,0,드론
1113,AIG20260000547213,3,초경량비행장치(드론 vtol 1종) 조종자 국가자격증 취득,누리드론교육원,09040105,09040105,소형무인기운용·조종,경남,김해시,비원격,2026-10-13,2026-11-05,예정,4,0,0,,0,,0.0,0.0,,1029600,5529600,1029600,4963320,https://www.work24.go.kr/hr/a/a/3100/selectTracseDetl.do?tracseId=AIG20260000547213&tracseTme=3&crseTracseSe=C0061&trainstCstmrId=500041601289,0,1,0,드론
1112,AIG20263001425858,1,(산대특_단기)지능형 스마트 드론활용 경남관광 영상콘텐츠제작 기술인력 향상과정_지원대상,누리드론교육원,09040105,09040105,소형무인기운용·조종,경남,김해시,비원격,2026-10-13,2026-11-05,예정,12,0,1,,0,,0.0,0.08333333333333333,,986700,986700,986700,98670,https://www.work24.go.kr/hr/a/a/3100/selectTracseDetl.do?tracseId=AIG20263001425858&tracseTme=1&crseTracseSe=C0061&trainstCstmrId=500041601289,0,1,0,드론
1116,ACG20263001192049,146,드론 기초기술 현장적용 가이드,러닝플러스 주식회사,20010102,20010102,정보기술컨설팅,부산,부산진구,원격,2026-10-14,2026-11-13,예정,500,0,0,,0,,0.0,0.0,,62370,62370,62370,28070,https://www.work24.go.kr/hr/a/a/3100/selectTracseDetl.do?tracseId=ACG20263001192049&tracseTme=146&crseTracseSe=C0031&trainstCstmrId=500020021711,0,1,0,드론
1119,AIG20250000505532,9,항공촬영드론조종교육 + 3종,서울드론교육원,09040105,09040105,소형무인기운용·조종,서울,서초구,비원격,2026-10-14,2026-10-27,예정,12,0,0,,0,75.0,0.0,0.0,,572000,792000,572000,477400,https://www.work24.go.kr/hr/a/a/3100/selectTracseDetl.do?tracseId=AIG20250000505532&tracseTme=9&crseTracseSe=C0061&trainstCstmrId=500035861333,0,0,0,드론
1117,AIG20250000539903,52,파이썬으로 제어하는 AI드론,미라클평생교육원,20010202,20010202,응용SW엔지니어링,전북,전주시,원격,2026-10-14,2026-11-13,예정,200,0,0,,0,93.6,0.0,0.0,,490000,490000,0,49000,https://www.work24.go.kr/hr/a/a/3100/selectTracseDetl.do?tracseId=AIG20250000539903&tracseTme=52&crseTracseSe=C0105&trainstCstmrId=500033164282,0,0,0,드론
1118,AIG20260000543299,6,드론촬영 3D모델링 정사영상,새동엔지니어링(주) 드론교육원,09040105,09040105,소형무인기운용·조종,서울,관악구,비원격,2026-10-14,2026-10-20,예정,12,0,0,,0,,0.0,0.0,,286000,486000,286000,328700,https://www.work24.go.kr/hr/a/a/3100/selectTracseDetl.do?tracseId=AIG20260000543299&tracseTme=6&crseTracseSe=C0061&trainstCstmrId=500037079851,0,1,0,드론
1120,ACG20263001192049,147,드론 기초기술 현장적용 가이드,러닝플러스 주식회사,20010102,20010102,정보기술컨설팅,부산,부산진구,원격,2026-10-15,2026-11-14,예정,500,0,0,,0,,0.0,0.0,,62370,62370,62370,28070,https://www.work24.go.kr/hr/a/a/3100/selectTracseDetl.do?tracseId=ACG20263001192049&tracseTme=147&crseTracseSe=C0031&trainstCstmrId=500020021711,0,1,0,드론
1121,AIG20250000516351,9,초경량비행장치 무인멀티콥터(드론) 1종 자격(학과이론+모의비행),부산경상대학교산학협력단,09040105,09040105,소형무인기운용·조종,부산,연제구,비원격,2026-10-15,2026-10-21,예정,4,0,0,,0,,0.0,0.0,,286000,500000,286000,342700,https://www.work24.go.kr/hr/a/a/3100/selectTracseDetl.do?tracseId=AIG20250000516351&tracseTme=9&crseTracseSe=C0061&trainstCstmrId=500044212779,0,1,0,드론
1122,AIG20250000516668,9,초경량비행장치 무인멀티콥터(드론) 1종 자격취득(이론+실기),부산경상대학교산학협력단,09040105,09040105,소형무인기운용·조종,부산,연제구,비원격,2026-10-15,2026-11-13,예정,4,0,1,,0,97.4,0.0,0.25,,1001000,2000000,1001000,1449450,https://www.work24.go.kr/hr/a/a/3100/selectTracseDetl.do?tracseId=AIG20250000516668&tracseTme=9&crseTracseSe=C0061&trainstCstmrId=500044212779,0,0,0,드론
1124,AIG20250000520748,1,UAM 드론 & 드론관제 양성과정,한국연합드론전문교육원,09040105,09040105,소형무인기운용·조종,경남,양산시,비원격,2026-10-15,2027-01-29,예정,12,0,4,,0,,0.0,0.3333333333333333,,3560900,3560900,3303300,300000,https://www.work24.go.kr/hr/a/a/3100/selectTracseDetl.do?tracseId=AIG20250000520748&tracseTme=1&crseTracseSe=C0061&trainstCstmrId=500034237947,0,1,0,드론
1123,AVA20263001321903,12,"드론 활용실무(건설, 물류, 방제용 드론)",사단법인 한국에듀테크산업협회,09040105,09040105,소형무인기운용·조종,서울,강남구,원격,2026-10-15,2026-11-11,예정,500,0,0,,0,,0.0,0.0,,62370,62370,62370,28070,https://www.work24.go.kr/hr/a/a/3100/selectTracseDetl.do?tracseId=AVA20263001321903&tracseTme=12&crseTracseSe=C0055&trainstCstmrId=500020013301,0,1,0,드론
1125,ACG20263001192049,148,드론 기초기술 현장적용 가이드,러닝플러스 주식회사,20010102,20010102,정보기술컨설팅,부산,부산진구,원격,2026-10-16,2026-11-15,예정,500,0,0,,0,,0.0,0.0,,62370,62370,62370,28070,https://www.work24.go.kr/hr/a/a/3100/selectTracseDetl.do?tracseId=ACG20263001192049&tracseTme=148&crseTracseSe=C0031&trainstCstmrId=500020021711,0,1,0,드론
1131,AIG20250000502620,19,초경량비행장치 무인멀티콥터(드론)조종자 1종 국가자격취득과정(이론+실기),중부드론교육원,09040105,09040105,소형무인기운용·조종,충북,음성군,비원격,2026-10-17,2026-12-05,예정,8,0,0,,0,100.0,0.0,0.0,,858000,2000000,858000,1442300,https://www.work24.go.kr/hr/a/a/3100/selectTracseDetl.do?tracseId=AIG20250000502620&tracseTme=19&crseTracseSe=C0061&trainstCstmrId=500039127578,0,0,0,드론
1126,AIG20250000504590,3,초경량 비행장치무인멀티콥터(드론)조종자1종 주말과정,(주)규림,09040105,09040105,소형무인기운용·조종,경북,구미시,비원격,2026-10-17,2026-12-13,예정,8,0,1,,0,100.0,0.0,0.125,,1029600,2229600,1029600,1663320,https://www.work24.go.kr/hr/a/a/3100/selectTracseDetl.do?tracseId=AIG20250000504590&tracseTme=3&crseTracseSe=C0061&trainstCstmrId=500037029319,0,0,0,드론
1128,AIG20250000515467,18,드론 국가자격증1종[이론+실기],(주)충남무인항공교육원,09040105,09040105,소형무인기운용·조종,충남,천안시,비원격,2026-10-17,2026-12-05,예정,8,0,0,,0,98.0,0.0,0.0,,858000,1900000,858000,1428100,https://www.work24.go.kr/hr/a/a/3100/selectTracseDetl.do?tracseId=AIG20250000515467&tracseTme=18&crseTracseSe=C0061&trainstCstmrId=500034750847,0,0,0,드론
1127,AIG20250000529814,20,드론 1종 국가자격증 취득과정,(주)스마트항공,09040105,09040105,소형무인기운용·조종,부산,사상구,비원격,2026-10-17,2026-12-05,예정,8,0,1,,0,99.5,0.0,0.125,,858000,1980000,858000,1508100,https://www.work24.go.kr/hr/a/a/3100/selectTracseDetl.do?tracseId=AIG20250000529814&tracseTme=20&crseTracseSe=C0061&trainstCstmrId=500042519804,0,0,0,드론
1132,AIG20250000531843,17,초경량비행장치(드론) 무인 멀티콥터 조종자 3종 자격증 취득과정,중부드론교육원,09040105,09040105,소형무인기운용·조종,충북,음성군,비원격,2026-10-17,2026-11-07,예정,8,0,0,,0,,0.0,0.0,,357500,600000,357500,367630,https://www.work24.go.kr/hr/a/a/3100/selectTracseDetl.do?tracseId=AIG20250000531843&tracseTme=17&crseTracseSe=C0061&trainstCstmrId=500039127578,0,1,0,드론
1130,AIG20250000532096,26,(드론)조종자 1종 국가 자격증 취득과정(실기),주식회사지디에이경기드론교육원,09040105,09040105,소형무인기운용·조종,서울,구로구,비원격,2026-10-17,2026-11-15,예정,8,0,1,,0,88.9,0.0,0.125,,572000,1500000,572000,1185400,https://www.work24.go.kr/hr/a/a/3100/selectTracseDetl.do?tracseId=AIG20250000532096&tracseTme=26&crseTracseSe=C0061&trainstCstmrId=500042767878,0,0,0,드론
1129,AIG20250000536479,2,초경량비행장치 무인멀티콥터(드론) 3종 조종자 자격증 취득과정,(주)플라이존드론,09040105,09040105,소형무인기운용·조종,경기,안산시,비원격,2026-10-17,2026-10-31,예정,8,0,0,,0,,0.0,0.0,,286000,1000000,286000,842700,https://www.work24.go.kr/hr/a/a/3100/selectTracseDetl.do?tracseId=AIG20250000536479&tracseTme=2&crseTracseSe=C0061&trainstCstmrId=500034250157,0,1,0,드론
1133,AIG20250000529188,5,드론 조종자 1종 국가자격 취득 과정 (실기반_주말_오전),구름무인항공교육원,09040105,09040105,소형무인기운용·조종,경기,평택시,비원격,2026-10-18,2026-11-21,예정,4,0,0,,0,100.0,0.0,0.0,,286000,1500000,286000,1342700,https://www.work24.go.kr/hr/a/a/3100/selectTracseDetl.do?tracseId=AIG20250000529188&tracseTme=5&crseTracseSe=C0061&trainstCstmrId=500042856540,0,0,0,드론
1138,ACG20263001192049,149,드론 기초기술 현장적용 가이드,러닝플러스 주식회사,20010102,20010102,정보기술컨설팅,부산,부산진구,원격,2026-10-19,2026-11-18,예정,500,0,0,,0,,0.0,0.0,,62370,62370,62370,28070,https://www.work24.go.kr/hr/a/a/3100/selectTracseDetl.do?tracseId=ACG20263001192049&tracseTme=149&crseTracseSe=C0031&trainstCstmrId=500020021711,0,1,0,드론
1147,AIG20250000502620,20,초경량비행장치 무인멀티콥터(드론)조종자 1종 국가자격취득과정(이론+실기),중부드론교육원,09040105,09040105,소형무인기운용·조종,충북,음성군,비원격,2026-10-19,2026-11-06,예정,8,0,0,,0,100.0,0.0,0.0,,858000,2000000,858000,1442300,https://www.work24.go.kr/hr/a/a/3100/selectTracseDetl.do?tracseId=AIG20250000502620&tracseTme=20&crseTracseSe=C0061&trainstCstmrId=500039127578,0,0,0,드론
1139,AIG20250000503351,9,드론국가자격증1종취득 실기,상무무인항공교육원,09040105,09040105,소형무인기운용·조종,광주,보성군,비원격,2026-10-19,2026-11-06,예정,4,0,0,,0,100.0,0.0,0.0,,858000,1900000,858000,1428100,https://www.work24.go.kr/hr/a/a/3100/selectTracseDetl.do?tracseId=AIG20250000503351&tracseTme=9&crseTracseSe=C0061&trainstCstmrId=500040134607,0,0,0,드론
1144,AIG20250000505693,13,드론(무인멀티콥터) 국가자격증 1종 학과 교육 과정,주식회사 비아이티코퍼레이션,09040105,09040105,소형무인기운용·조종,전북,전주시,비원격,2026-10-19,2026-10-23,예정,8,0,0,,0,96.7,0.0,0.0,,286000,500000,286000,342700,https://www.work24.go.kr/hr/a/a/3100/selectTracseDetl.do?tracseId=AIG20250000505693&tracseTme=13&crseTracseSe=C0061&trainstCstmrId=500042783200,0,0,0,드론
1137,AIG20250000508800,5,무인멀티콥터(드론) 1종 자격증 취득과정,금성직업전문학교,09040105,09040105,소형무인기운용·조종,광주,동구,비원격,2026-10-19,2026-12-14,예정,8,0,1,,0,92.9,0.0,0.125,,1001000,1501000,1001000,950450,https://www.work24.go.kr/hr/a/a/3100/selectTracseDetl.do?tracseId=AIG20250000508800&tracseTme=5&crseTracseSe=C0061&trainstCstmrId=500020036003,0,0,0,드론
1140,AIG20250000509552,28,26년 드론 국가자격증 학과교육,새만금항공주식회사,09040105,09040105,소형무인기운용·조종,전북,전주시,비원격,2026-10-19,2026-10-23,예정,8,0,0,,0,100.0,0.0,0.0,,286000,300000,286000,142700,https://www.work24.go.kr/hr/a/a/3100/selectTracseDetl.do?tracseId=AIG20250000509552&tracseTme=28&crseTracseSe=C0061&trainstCstmrId=500034120375,0,0,0,드론
1141,AIG20250000511898,7,드론 국가기술자격 취득과정 1종,스카이팜에듀교육원,09040105,09040105,소형무인기운용·조종,제주,제주시,비원격,2026-10-19,2026-11-06,예정,8,0,0,,0,75.0,0.0,0.0,,858000,1800000,858000,1328100,https://www.work24.go.kr/hr/a/a/3100/selectTracseDetl.do?tracseId=AIG20250000511898&tracseTme=7&crseTracseSe=C0061&trainstCstmrId=500041625803,0,0,0,드론
1145,AIG20250000520984,13,드론 1종 조종자 자격증 취득과정 (이론+실기)[평일반],주식회사스카이엔터프라이즈,09040105,09040105,소형무인기운용·조종,대구,달서구,비원격,2026-10-19,2026-11-10,예정,8,0,1,,0,96.4,0.0,0.125,,972400,1990000,972400,1455180,https://www.work24.go.kr/hr/a/a/3100/selectTracseDetl.do?tracseId=AIG20250000520984&tracseTme=13&crseTracseSe=C0061&trainstCstmrId=500035342034,0,0,0,드론
1142,AIG20250000527495,20,초경량비행장치 드론 1종 국가자격증 취득 과정,알씨스카이 부설 무인기술UAV교육원,09040105,09040105,소형무인기운용·조종,경남,창원시,비원격,2026-10-19,2026-11-06,예정,8,0,0,,0,100.0,0.0,0.0,,858000,1980000,858000,1508100,https://www.work24.go.kr/hr/a/a/3100/selectTracseDetl.do?tracseId=AIG20250000527495&tracseTme=20&crseTracseSe=C0061&trainstCstmrId=500035425743,0,0,0,드론
1136,AIG20250000528466,9,드론 조종자 1종 국가자격 취득과정 (학과+실기_평일반),구름무인항공교육원,09040105,09040105,소형무인기운용·조종,경기,평택시,비원격,2026-10-19,2026-11-06,예정,8,0,0,,0,100.0,0.0,0.0,,858000,1950000,858000,1478100,https://www.work24.go.kr/hr/a/a/3100/selectTracseDetl.do?tracseId=AIG20250000528466&tracseTme=9&crseTracseSe=C0061&trainstCstmrId=500042856540,0,0,0,드론
1148,AIG20250000531843,18,초경량비행장치(드론) 무인 멀티콥터 조종자 3종 자격증 취득과정,중부드론교육원,09040105,09040105,소형무인기운용·조종,충북,음성군,비원격,2026-10-19,2026-10-27,예정,8,0,0,,0,,0.0,0.0,,357500,600000,357500,367630,https://www.work24.go.kr/hr/a/a/3100/selectTracseDetl.do?tracseId=AIG20250000531843&tracseTme=18&crseTracseSe=C0061&trainstCstmrId=500039127578,0,1,0,드론
1134,AIG20250000532017,20,초경량비행장치 (드론) 1종 국가자격취득과정(이론+실기),KDA 한국드론교육원,09040105,09040105,소형무인기운용·조종,경기,화성시,비원격,2026-10-19,2026-11-06,예정,8,0,0,,0,96.8,0.0,0.0,,858000,1980000,858000,1508100,https://www.work24.go.kr/hr/a/a/3100/selectTracseDetl.do?tracseId=AIG20250000532017&tracseTme=20&crseTracseSe=C0061&trainstCstmrId=500042774065,0,0,0,드론
1135,AIG20250000534362,14,초경량비행장치 무인멀티콥터 취득과정(평일),강남무인항공,09040105,09040105,소형무인기운용·조종,전북,장수군,비원격,2026-10-19,2026-11-06,예정,8,0,0,,0,100.0,0.0,0.0,,858000,1500000,858000,1028100,https://www.work24.go.kr/hr/a/a/3100/selectTracseDetl.do?tracseId=AIG20250000534362&tracseTme=14&crseTracseSe=C0061&trainstCstmrId=500034689871,0,0,0,드론
1146,AIG20260000545759,6,(드론) 초경량비행장치 무인멀티콥터 1종 국가자격증 (이론 실기) 평일반,주식회사지디에이경기드론교육원,09040105,09040105,소형무인기운용·조종,서울,구로구,비원격,2026-10-19,2026-11-06,예정,8,0,0,,0,97.6,0.0,0.0,,858000,1980000,858000,1508100,https://www.work24.go.kr/hr/a/a/3100/selectTracseDetl.do?tracseId=AIG20260000545759&tracseTme=6&crseTracseSe=C0061&trainstCstmrId=500042767878,0,0,0,드론
1143,AIG20263001328668,1,(산대특_일반)다목적 드론 방제 및 정비인력 양성과정_육성산업,영진기술교육원,09040105,09040105,소형무인기운용·조종,경남,고성군,비원격,2026-10-19,2027-01-18,예정,12,0,4,,0,,0.0,0.3333333333333333,,4089800,4089800,4089800,300000,https://www.work24.go.kr/hr/a/a/3100/selectTracseDetl.do?tracseId=AIG20263001328668&tracseTme=1&crseTracseSe=C0061&trainstCstmrId=500020052402,0,1,0,드론
1149,ACG20263001192049,150,드론 기초기술 현장적용 가이드,러닝플러스 주식회사,20010102,20010102,정보기술컨설팅,부산,부산진구,원격,2026-10-20,2026-11-19,예정,500,0,0,,0,,0.0,0.0,,62370,62370,62370,28070,https://www.work24.go.kr/hr/a/a/3100/selectTracseDetl.do?tracseId=ACG20263001192049&tracseTme=150&crseTracseSe=C0031&trainstCstmrId=500020021711,0,1,0,드론
1150,AIG20250000535769,3,드론제어를 활용한 드론정비기술인력 양성(아두이노 활용),현대평생교육원,20010203,20010203,임베디드SW엔지니어링,경남,김해시,비원격,2026-10-20,2027-02-03,예정,20,0,0,,0,,0.0,0.0,,4344840,4344840,4344840,300000,https://www.work24.go.kr/hr/a/a/3100/selectTracseDetl.do?tracseId=AIG20250000535769&tracseTme=3&crseTracseSe=C0061&trainstCstmrId=500020036606,0,1,0,드론
1151,ACG20263001192049,151,드론 기초기술 현장적용 가이드,러닝플러스 주식회사,20010102,20010102,정보기술컨설팅,부산,부산진구,원격,2026-10-21,2026-11-20,예정,500,0,0,,0,,0.0,0.0,,62370,62370,62370,28070,https://www.work24.go.kr/hr/a/a/3100/selectTracseDetl.do?tracseId=ACG20263001192049&tracseTme=151&crseTracseSe=C0031&trainstCstmrId=500020021711,0,1,0,드론
1153,AIG20250000510905,20,드론 국가자격증 1종[필기+실기]무인멀티콥터,새동엔지니어링(주) 드론교육원,09040105,09040105,소형무인기운용·조종,서울,관악구,비원격,2026-10-21,2026-11-10,예정,12,0,0,,0,92.9,0.0,0.0,,858000,1858000,858000,1386100,https://www.work24.go.kr/hr/a/a/3100/selectTracseDetl.do?tracseId=AIG20250000510905&tracseTme=20&crseTracseSe=C0061&trainstCstmrId=500037079851,0,0,0,드론
1152,AIG20250000513132,20,드론 국가자격증 1종 실기반(무인멀티콥터),새동엔지니어링(주) 드론교육원,09040105,09040105,소형무인기운용·조종,서울,관악구,비원격,2026-10-21,2026-11-03,예정,4,0,0,,0,100.0,0.0,0.0,,572000,1372000,572000,1057400,https://www.work24.go.kr/hr/a/a/3100/selectTracseDetl.do?tracseId=AIG20250000513132&tracseTme=20&crseTracseSe=C0061&trainstCstmrId=500037079851,0,0,0,드론
1154,ACG20263001192049,152,드론 기초기술 현장적용 가이드,러닝플러스 주식회사,20010102,20010102,정보기술컨설팅,부산,부산진구,원격,2026-10-22,2026-11-21,예정,500,0,0,,0,,0.0,0.0,,62370,62370,62370,28070,https://www.work24.go.kr/hr/a/a/3100/selectTracseDetl.do?tracseId=ACG20263001192049&tracseTme=152&crseTracseSe=C0031&trainstCstmrId=500020021711,0,1,0,드론
1155,AVA20263001321903,13,"드론 활용실무(건설, 물류, 방제용 드론)",사단법인 한국에듀테크산업협회,09040105,09040105,소형무인기운용·조종,서울,강남구,원격,2026-10-22,2026-11-18,예정,500,0,0,,0,,0.0,0.0,,62370,62370,62370,28070,https://www.work24.go.kr/hr/a/a/3100/selectTracseDetl.do?tracseId=AVA20263001321903&tracseTme=13&crseTracseSe=C0055&trainstCstmrId=500020013301,0,1,0,드론
1156,ACG20263001192049,153,드론 기초기술 현장적용 가이드,러닝플러스 주식회사,20010102,20010102,정보기술컨설팅,부산,부산진구,원격,2026-10-23,2026-11-22,예정,500,0,0,,0,,0.0,0.0,,62370,62370,62370,28070,https://www.work24.go.kr/hr/a/a/3100/selectTracseDetl.do?tracseId=ACG20263001192049&tracseTme=153&crseTracseSe=C0031&trainstCstmrId=500020021711,0,1,0,드론
1159,AIG20250000509002,24,드론 1종 조종자 국가자격증(필기시험면제자체실기시험),이아이실용전문학원,09040105,09040105,소형무인기운용·조종,경기,시흥시,비원격,2026-10-24,2026-12-12,예정,4,2,5,2,0,97.5,0.5,1.25,,858000,1958000,858000,1486100,https://www.work24.go.kr/hr/a/a/3100/selectTracseDetl.do?tracseId=AIG20250000509002&tracseTme=24&crseTracseSe=C0061&trainstCstmrId=500042912111,1,0,0,드론
1158,AIG20250000509639,29,26년 드론 국가자격증 1종 실기교육,새만금항공주식회사,09040105,09040105,소형무인기운용·조종,전북,전주시,비원격,2026-10-24,2026-11-22,예정,8,0,0,,0,100.0,0.0,0.0,,572000,1700000,572000,1385400,https://www.work24.go.kr/hr/a/a/3100/selectTracseDetl.do?tracseId=AIG20250000509639&tracseTme=29&crseTracseSe=C0061&trainstCstmrId=500034120375,0,0,0,드론
1160,AIG20250000521046,4,드론 2종 조종자 자격증 취득과정 (이론+실기)[주말반],주식회사스카이엔터프라이즈,09040105,09040105,소형무인기운용·조종,대구,달서구,비원격,2026-10-24,2026-12-12,예정,8,0,0,,0,,0.0,0.0,,643500,1490000,643500,1136080,https://www.work24.go.kr/hr/a/a/3100/selectTracseDetl.do?tracseId=AIG20250000521046&tracseTme=4&crseTracseSe=C0061&trainstCstmrId=500035342034,0,1,0,드론
1157,AIG20250000528935,5,드론조종 3종 양성과정(주말반),드론항공평생교육원,09040105,09040105,소형무인기운용·조종,제주,서귀포시,비원격,2026-10-24,2026-11-14,예정,8,0,2,,0,100.0,0.0,0.25,,357500,560000,357500,363380,https://www.work24.go.kr/hr/a/a/3100/selectTracseDetl.do?tracseId=AIG20250000528935&tracseTme=5&crseTracseSe=C0061&trainstCstmrId=500035584309,0,0,0,드론
1161,AIG20260000545764,2,(드론) 초경량비행장치 무인멀티콥터 1종 국가자격증 (이론 실기) 주말반,주식회사지디에이경기드론교육원,09040105,09040105,소형무인기운용·조종,서울,구로구,비원격,2026-10-24,2026-12-12,예정,8,0,1,,0,,0.0,0.125,,858000,1980000,858000,1508100,https://www.work24.go.kr/hr/a/a/3100/selectTracseDetl.do?tracseId=AIG20260000545764&tracseTme=2&crseTracseSe=C0061&trainstCstmrId=500042767878,0,1,0,드론
1162,ACG20263001192049,154,드론 기초기술 현장적용 가이드,러닝플러스 주식회사,20010102,20010102,정보기술컨설팅,부산,부산진구,원격,2026-10-26,2026-11-25,예정,500,0,0,,0,,0.0,0.0,,62370,62370,62370,28070,https://www.work24.go.kr/hr/a/a/3100/selectTracseDetl.do?tracseId=ACG20263001192049&tracseTme=154&crseTracseSe=C0031&trainstCstmrId=500020021711,0,1,0,드론
1165,AIG20250000505519,24,1종 드론 국가자격증 필기+실기_평일반,서울드론교육원,09040105,09040105,소형무인기운용·조종,서울,서초구,비원격,2026-10-26,2026-11-16,예정,12,0,0,,0,87.4,0.0,0.0,,915200,1915200,915200,1411840,https://www.work24.go.kr/hr/a/a/3100/selectTracseDetl.do?tracseId=AIG20250000505519&tracseTme=24&crseTracseSe=C0061&trainstCstmrId=500035861333,0,0,0,드론
1167,AIG20250000508278,25,무인멀티콥터(드론) 국가자격증 1종 실기교육 과정,주식회사 비아이티코퍼레이션,09040105,09040105,소형무인기운용·조종,전북,전주시,비원격,2026-10-26,2026-11-06,예정,1,0,0,,0,100.0,0.0,0.0,,143000,1000000,143000,921350,https://www.work24.go.kr/hr/a/a/3100/selectTracseDetl.do?tracseId=AIG20250000508278&tracseTme=25&crseTracseSe=C0061&trainstCstmrId=500042783200,0,0,0,드론
1166,AIG20250000509002,25,드론 1종 조종자 국가자격증(필기시험면제자체실기시험),이아이실용전문학원,09040105,09040105,소형무인기운용·조종,경기,시흥시,비원격,2026-10-26,2026-11-13,예정,4,1,3,1,0,97.5,0.25,0.75,,858000,1958000,858000,1486100,https://www.work24.go.kr/hr/a/a/3100/selectTracseDetl.do?tracseId=AIG20250000509002&tracseTme=25&crseTracseSe=C0061&trainstCstmrId=500042912111,0,0,0,드론
1164,AIG20250000509639,30,26년 드론 국가자격증 1종 실기교육,새만금항공주식회사,09040105,09040105,소형무인기운용·조종,전북,전주시,비원격,2026-10-26,2026-11-06,예정,8,0,0,,0,100.0,0.0,0.0,,572000,1700000,572000,1385400,https://www.work24.go.kr/hr/a/a/3100/selectTracseDetl.do?tracseId=AIG20250000509639&tracseTme=30&crseTracseSe=C0061&trainstCstmrId=500034120375,0,0,0,드론
1169,AIG20250000511074,5,[이론+실기]초경량비행장치 무인멀티콥터 드론 국가자격증 1종 취득과정 주중반[전문교육기관],한국항공대학교 산학협력단 (비행교육원),09040105,09040105,소형무인기운용·조종,경기,고양시,비원격,2026-10-26,2026-11-23,예정,9,0,0,,0,94.6,0.0,0.0,,858000,3000000,858000,2528100,https://www.work24.go.kr/hr/a/a/3100/selectTracseDetl.do?tracseId=AIG20250000511074&tracseTme=5&crseTracseSe=C0061&trainstCstmrId=500020027370,0,0,0,드론
1163,AIG20250000516429,9,초경량비행장치 무인멀티콥터(드론) 1종 자격(실기비행),부산경상대학교산학협력단,09040105,09040105,소형무인기운용·조종,부산,연제구,비원격,2026-10-26,2026-11-12,예정,4,0,0,,0,,0.0,0.0,,715000,1500000,715000,1106750,https://www.work24.go.kr/hr/a/a/3100/selectTracseDetl.do?tracseId=AIG20250000516429&tracseTme=9&crseTracseSe=C0061&trainstCstmrId=500044212779,0,1,0,드론
1168,AIG20250000531836,18,드론 (1종) 국가자격증 취득 (실기),중부드론교육원,09040105,09040105,소형무인기운용·조종,충북,음성군,비원격,2026-10-26,2026-11-06,예정,8,0,0,,0,,0.0,0.0,,572000,1500000,572000,1128200,https://www.work24.go.kr/hr/a/a/3100/selectTracseDetl.do?tracseId=AIG20250000531836&tracseTme=18&crseTracseSe=C0061&trainstCstmrId=500039127578,0,1,0,드론
1170,ACG20263001192049,155,드론 기초기술 현장적용 가이드,러닝플러스 주식회사,20010102,20010102,정보기술컨설팅,부산,부산진구,원격,2026-10-27,2026-11-26,예정,500,0,0,,0,,0.0,0.0,,62370,62370,62370,28070,https://www.work24.go.kr/hr/a/a/3100/selectTracseDetl.do?tracseId=ACG20263001192049&tracseTme=155&crseTracseSe=C0031&trainstCstmrId=500020021711,0,1,0,드론
1171,ACG20263001192049,156,드론 기초기술 현장적용 가이드,러닝플러스 주식회사,20010102,20010102,정보기술컨설팅,부산,부산진구,원격,2026-10-28,2026-11-27,예정,500,0,0,,0,,0.0,0.0,,62370,62370,62370,28070,https://www.work24.go.kr/hr/a/a/3100/selectTracseDetl.do?tracseId=ACG20263001192049&tracseTme=156&crseTracseSe=C0031&trainstCstmrId=500020021711,0,1,0,드론
1172,AIG20250000513041,20,드론 국가자격증 3종[필기+실기]+촬영 무인멀티콥터,새동엔지니어링(주) 드론교육원,09040105,09040105,소형무인기운용·조종,서울,관악구,비원격,2026-10-28,2026-11-10,예정,8,0,1,,0,90.5,0.0,0.125,,572000,772000,572000,457400,https://www.work24.go.kr/hr/a/a/3100/selectTracseDetl.do?tracseId=AIG20250000513041&tracseTme=20&crseTracseSe=C0061&trainstCstmrId=500037079851,0,0,0,드론
1173,ACG20263001192049,157,드론 기초기술 현장적용 가이드,러닝플러스 주식회사,20010102,20010102,정보기술컨설팅,부산,부산진구,원격,2026-10-29,2026-11-28,예정,500,0,0,,0,,0.0,0.0,,62370,62370,62370,28070,https://www.work24.go.kr/hr/a/a/3100/selectTracseDetl.do?tracseId=ACG20263001192049&tracseTme=157&crseTracseSe=C0031&trainstCstmrId=500020021711,0,1,0,드론
1174,AVA20263001321903,14,"드론 활용실무(건설, 물류, 방제용 드론)",사단법인 한국에듀테크산업협회,09040105,09040105,소형무인기운용·조종,서울,강남구,원격,2026-10-29,2026-11-25,예정,500,0,0,,0,,0.0,0.0,,62370,62370,62370,28070,https://www.work24.go.kr/hr/a/a/3100/selectTracseDetl.do?tracseId=AVA20263001321903&tracseTme=14&crseTracseSe=C0055&trainstCstmrId=500020013301,0,1,0,드론
1175,ACG20263001192049,158,드론 기초기술 현장적용 가이드,러닝플러스 주식회사,20010102,20010102,정보기술컨설팅,부산,부산진구,원격,2026-10-30,2026-11-29,예정,500,0,0,,0,,0.0,0.0,,62370,62370,62370,28070,https://www.work24.go.kr/hr/a/a/3100/selectTracseDetl.do?tracseId=ACG20263001192049&tracseTme=158&crseTracseSe=C0031&trainstCstmrId=500020021711,0,1,0,드론
1177,AIG20250000525906,3,[이론+실기]초경량비행장치 무인멀티콥터 드론 국가자격증 1종 취득과정 주말반[전문교육기관],한국항공대학교 산학협력단 (비행교육원),09040105,09040105,소형무인기운용·조종,경기,고양시,비원격,2026-10-31,2026-12-20,예정,9,0,0,,0,100.0,0.0,0.0,,872300,3000000,872300,2520240,https://www.work24.go.kr/hr/a/a/3100/selectTracseDetl.do?tracseId=AIG20250000525906&tracseTme=3&crseTracseSe=C0061&trainstCstmrId=500020027370,0,0,0,드론
1176,AIG20250000532020,25,초경량비행장치 (드론) 1종 국가자격취득과정(실기),KDA 한국드론교육원,09040105,09040105,소형무인기운용·조종,경기,화성시,비원격,2026-10-31,2026-11-29,예정,8,0,0,,0,98.0,0.0,0.0,,572000,1500000,572000,1185400,https://www.work24.go.kr/hr/a/a/3100/selectTracseDetl.do?tracseId=AIG20250000532020&tracseTme=25&crseTracseSe=C0061&trainstCstmrId=500042774065,0,0,0,드론
1178,AIG20250000531836,19,드론 (1종) 국가자격증 취득 (실기),중부드론교육원,09040105,09040105,소형무인기운용·조종,충북,음성군,비원격,2026-11-01,2026-12-05,예정,8,0,0,,0,,0.0,0.0,,572000,1500000,572000,1128200,https://www.work24.go.kr/hr/a/a/3100/selectTracseDetl.do?tracseId=AIG20250000531836&tracseTme=19&crseTracseSe=C0061&trainstCstmrId=500039127578,0,1,0,드론
1181,ACG20263001192049,159,드론 기초기술 현장적용 가이드,러닝플러스 주식회사,20010102,20010102,정보기술컨설팅,부산,부산진구,원격,2026-11-02,2026-12-01,예정,500,0,0,,0,,0.0,0.0,,62370,62370,62370,28070,https://www.work24.go.kr/hr/a/a/3100/selectTracseDetl.do?tracseId=ACG20263001192049&tracseTme=159&crseTracseSe=C0031&trainstCstmrId=500020021711,0,1,0,드론
1182,AIG20250000509552,29,26년 드론 국가자격증 학과교육,새만금항공주식회사,09040105,09040105,소형무인기운용·조종,전북,전주시,비원격,2026-11-02,2026-11-06,예정,8,0,0,,0,100.0,0.0,0.0,,286000,300000,286000,142700,https://www.work24.go.kr/hr/a/a/3100/selectTracseDetl.do?tracseId=AIG20250000509552&tracseTme=29&crseTracseSe=C0061&trainstCstmrId=500034120375,0,0,0,드론
1180,AIG20250000510984,5,초경량비행장치(드론) 국가자격증취득과정(3종),고창드론항공교육원,09040105,09040105,소형무인기운용·조종,전북,고창군,비원격,2026-11-02,2026-11-13,예정,4,0,0,,0,100.0,0.0,0.0,,386100,700000,386100,487650,https://www.work24.go.kr/hr/a/a/3100/selectTracseDetl.do?tracseId=AIG20250000510984&tracseTme=5&crseTracseSe=C0061&trainstCstmrId=500042809521,0,0,0,드론
1179,AIG20250000529814,21,드론 1종 국가자격증 취득과정,(주)스마트항공,09040105,09040105,소형무인기운용·조종,부산,사상구,비원격,2026-11-02,2026-11-20,예정,8,0,0,,0,99.5,0.0,0.0,,858000,1980000,858000,1508100,https://www.work24.go.kr/hr/a/a/3100/selectTracseDetl.do?tracseId=AIG20250000529814&tracseTme=21&crseTracseSe=C0061&trainstCstmrId=500042519804,0,0,0,드론
1183,ACG20263001192049,160,드론 기초기술 현장적용 가이드,러닝플러스 주식회사,20010102,20010102,정보기술컨설팅,부산,부산진구,원격,2026-11-03,2026-12-02,예정,500,0,0,,0,,0.0,0.0,,62370,62370,62370,28070,https://www.work24.go.kr/hr/a/a/3100/selectTracseDetl.do?tracseId=ACG20263001192049&tracseTme=160&crseTracseSe=C0031&trainstCstmrId=500020021711,0,1,0,드론
1184,ACG20263001192049,161,드론 기초기술 현장적용 가이드,러닝플러스 주식회사,20010102,20010102,정보기술컨설팅,부산,부산진구,원격,2026-11-04,2026-12-03,예정,500,0,0,,0,,0.0,0.0,,62370,62370,62370,28070,https://www.work24.go.kr/hr/a/a/3100/selectTracseDetl.do?tracseId=ACG20263001192049&tracseTme=161&crseTracseSe=C0031&trainstCstmrId=500020021711,0,1,0,드론
1185,AIG20263001344721,3,(산대특)드론맵핑을 이용한 자율비행 항공방제 전문가 양성과정,순천스카이드론교육원(미래진로직업체험센터),090401,,항공기조종운송,광주,순천시,비원격,2026-11-04,2026-12-18,예정,8,1,5,1,0,94.3,0.125,0.625,,1859000,1859000,1859000,185900,https://www.work24.go.kr/hr/a/a/3100/selectTracseDetl.do?tracseId=AIG20263001344721&tracseTme=3&crseTracseSe=C0061&trainstCstmrId=500038928017,0,0,1,드론
1187,ACG20263001192049,162,드론 기초기술 현장적용 가이드,러닝플러스 주식회사,20010102,20010102,정보기술컨설팅,부산,부산진구,원격,2026-11-05,2026-12-04,예정,500,0,0,,0,,0.0,0.0,,62370,62370,62370,28070,https://www.work24.go.kr/hr/a/a/3100/selectTracseDetl.do?tracseId=ACG20263001192049&tracseTme=162&crseTracseSe=C0031&trainstCstmrId=500020021711,0,1,0,드론
1186,AIG20250000504420,10,초경량 비행장치무인멀티콥터(드론)조종자1종과정,(주)규림,09040105,09040105,소형무인기운용·조종,경북,구미시,비원격,2026-11-05,2026-12-02,예정,8,0,0,,0,92.5,0.0,0.0,,1144000,1844000,1144000,1214800,https://www.work24.go.kr/hr/a/a/3100/selectTracseDetl.do?tracseId=AIG20250000504420&tracseTme=10&crseTracseSe=C0061&trainstCstmrId=500037029319,0,0,0,드론
1188,AVA20263001321903,15,"드론 활용실무(건설, 물류, 방제용 드론)",사단법인 한국에듀테크산업협회,09040105,09040105,소형무인기운용·조종,서울,강남구,원격,2026-11-05,2026-12-02,예정,500,0,0,,0,,0.0,0.0,,62370,62370,62370,28070,https://www.work24.go.kr/hr/a/a/3100/selectTracseDetl.do?tracseId=AVA20263001321903&tracseTme=15&crseTracseSe=C0055&trainstCstmrId=500020013301,0,1,0,드론
1189,ACG20263001192049,163,드론 기초기술 현장적용 가이드,러닝플러스 주식회사,20010102,20010102,정보기술컨설팅,부산,부산진구,원격,2026-11-06,2026-12-05,예정,500,0,0,,0,,0.0,0.0,,62370,62370,62370,28070,https://www.work24.go.kr/hr/a/a/3100/selectTracseDetl.do?tracseId=ACG20263001192049&tracseTme=163&crseTracseSe=C0031&trainstCstmrId=500020021711,0,1,0,드론
1191,AIG20250000510905,21,드론 국가자격증 1종[필기+실기]무인멀티콥터,새동엔지니어링(주) 드론교육원,09040105,09040105,소형무인기운용·조종,서울,관악구,비원격,2026-11-07,2026-12-26,예정,12,0,0,,0,92.9,0.0,0.0,,858000,1858000,858000,1386100,https://www.work24.go.kr/hr/a/a/3100/selectTracseDetl.do?tracseId=AIG20250000510905&tracseTme=21&crseTracseSe=C0061&trainstCstmrId=500037079851,0,0,0,드론
1190,AIG20250000513132,21,드론 국가자격증 1종 실기반(무인멀티콥터),새동엔지니어링(주) 드론교육원,09040105,09040105,소형무인기운용·조종,서울,관악구,비원격,2026-11-07,2026-12-06,예정,4,0,0,,0,100.0,0.0,0.0,,572000,1372000,572000,1057400,https://www.work24.go.kr/hr/a/a/3100/selectTracseDetl.do?tracseId=AIG20250000513132&tracseTme=21&crseTracseSe=C0061&trainstCstmrId=500037079851,0,0,0,드론
1192,AIG20250000509552,30,26년 드론 국가자격증 학과교육,새만금항공주식회사,09040105,09040105,소형무인기운용·조종,전북,전주시,비원격,2026-11-08,2026-11-22,예정,8,0,0,,0,100.0,0.0,0.0,,286000,300000,286000,142700,https://www.work24.go.kr/hr/a/a/3100/selectTracseDetl.do?tracseId=AIG20250000509552&tracseTme=30&crseTracseSe=C0061&trainstCstmrId=500034120375,0,0,0,드론
1196,ACG20263001192049,164,드론 기초기술 현장적용 가이드,러닝플러스 주식회사,20010102,20010102,정보기술컨설팅,부산,부산진구,원격,2026-11-09,2026-12-08,예정,500,0,0,,0,,0.0,0.0,,62370,62370,62370,28070,https://www.work24.go.kr/hr/a/a/3100/selectTracseDetl.do?tracseId=ACG20263001192049&tracseTme=164&crseTracseSe=C0031&trainstCstmrId=500020021711,0,1,0,드론
1202,AIG20250000502620,21,초경량비행장치 무인멀티콥터(드론)조종자 1종 국가자격취득과정(이론+실기),중부드론교육원,09040105,09040105,소형무인기운용·조종,충북,음성군,비원격,2026-11-09,2026-11-27,예정,8,0,0,,0,100.0,0.0,0.0,,858000,2000000,858000,1442300,https://www.work24.go.kr/hr/a/a/3100/selectTracseDetl.do?tracseId=AIG20250000502620&tracseTme=21&crseTracseSe=C0061&trainstCstmrId=500039127578,0,0,0,드론
1200,AIG20250000505693,14,드론(무인멀티콥터) 국가자격증 1종 학과 교육 과정,주식회사 비아이티코퍼레이션,09040105,09040105,소형무인기운용·조종,전북,전주시,비원격,2026-11-09,2026-11-13,예정,8,0,0,,0,96.7,0.0,0.0,,286000,500000,286000,342700,https://www.work24.go.kr/hr/a/a/3100/selectTracseDetl.do?tracseId=AIG20250000505693&tracseTme=14&crseTracseSe=C0061&trainstCstmrId=500042783200,0,0,0,드론
1199,AIG20250000509002,26,드론 1종 조종자 국가자격증(필기시험면제자체실기시험),이아이실용전문학원,09040105,09040105,소형무인기운용·조종,경기,시흥시,비원격,2026-11-09,2026-11-27,예정,4,0,0,,0,97.5,0.0,0.0,,858000,1958000,858000,1486100,https://www.work24.go.kr/hr/a/a/3100/selectTracseDetl.do?tracseId=AIG20250000509002&tracseTme=26&crseTracseSe=C0061&trainstCstmrId=500042912111,0,0,0,드론
1197,AIG20250000509639,31,26년 드론 국가자격증 1종 실기교육,새만금항공주식회사,09040105,09040105,소형무인기운용·조종,전북,전주시,비원격,2026-11-09,2026-11-20,예정,8,0,0,,0,100.0,0.0,0.0,,572000,1700000,572000,1385400,https://www.work24.go.kr/hr/a/a/3100/selectTracseDetl.do?tracseId=AIG20250000509639&tracseTme=31&crseTracseSe=C0061&trainstCstmrId=500034120375,0,0,0,드론
1198,AIG20250000527495,21,초경량비행장치 드론 1종 국가자격증 취득 과정,알씨스카이 부설 무인기술UAV교육원,09040105,09040105,소형무인기운용·조종,경남,창원시,비원격,2026-11-09,2026-11-27,예정,8,0,0,,0,100.0,0.0,0.0,,858000,1980000,858000,1508100,https://www.work24.go.kr/hr/a/a/3100/selectTracseDetl.do?tracseId=AIG20250000527495&tracseTme=21&crseTracseSe=C0061&trainstCstmrId=500035425743,0,0,0,드론
1203,AIG20250000531843,19,초경량비행장치(드론) 무인 멀티콥터 조종자 3종 자격증 취득과정,중부드론교육원,09040105,09040105,소형무인기운용·조종,충북,음성군,비원격,2026-11-09,2026-11-17,예정,8,0,0,,0,,0.0,0.0,,357500,600000,357500,367630,https://www.work24.go.kr/hr/a/a/3100/selectTracseDetl.do?tracseId=AIG20250000531843&tracseTme=19&crseTracseSe=C0061&trainstCstmrId=500039127578,0,1,0,드론
1193,AIG20250000532017,21,초경량비행장치 (드론) 1종 국가자격취득과정(이론+실기),KDA 한국드론교육원,09040105,09040105,소형무인기운용·조종,경기,화성시,비원격,2026-11-09,2026-11-27,예정,8,0,0,,0,96.8,0.0,0.0,,858000,1980000,858000,1508100,https://www.work24.go.kr/hr/a/a/3100/selectTracseDetl.do?tracseId=AIG20250000532017&tracseTme=21&crseTracseSe=C0061&trainstCstmrId=500042774065,0,0,0,드론
1194,AIG20250000534362,15,초경량비행장치 무인멀티콥터 취득과정(평일),강남무인항공,09040105,09040105,소형무인기운용·조종,전북,장수군,비원격,2026-11-09,2026-11-27,예정,8,0,0,,0,100.0,0.0,0.0,,858000,1500000,858000,1028100,https://www.work24.go.kr/hr/a/a/3100/selectTracseDetl.do?tracseId=AIG20250000534362&tracseTme=15&crseTracseSe=C0061&trainstCstmrId=500034689871,0,0,0,드론
1201,AIG20260000545759,7,(드론) 초경량비행장치 무인멀티콥터 1종 국가자격증 (이론 실기) 평일반,주식회사지디에이경기드론교육원,09040105,09040105,소형무인기운용·조종,서울,구로구,비원격,2026-11-09,2026-11-27,예정,8,0,0,,0,97.6,0.0,0.0,,858000,1980000,858000,1508100,https://www.work24.go.kr/hr/a/a/3100/selectTracseDetl.do?tracseId=AIG20260000545759&tracseTme=7&crseTracseSe=C0061&trainstCstmrId=500042767878,0,0,0,드론
1195,AIG20263001247924,6,드론을 활용한 제주관광영상콘텐츠제작 실무자양성과정,드론항공평생교육원,08030212,08030212,드론콘텐츠제작,제주,서귀포시,비원격,2026-11-09,2026-12-09,예정,16,0,0,,0,94.4,0.0,0.0,,1123200,1123200,1123200,112320,https://www.work24.go.kr/hr/a/a/3100/selectTracseDetl.do?tracseId=AIG20263001247924&tracseTme=6&crseTracseSe=C0061&trainstCstmrId=500035584309,0,0,0,드론
1204,ACG20263001192049,165,드론 기초기술 현장적용 가이드,러닝플러스 주식회사,20010102,20010102,정보기술컨설팅,부산,부산진구,원격,2026-11-10,2026-12-09,예정,500,0,0,,0,,0.0,0.0,,62370,62370,62370,28070,https://www.work24.go.kr/hr/a/a/3100/selectTracseDetl.do?tracseId=ACG20263001192049&tracseTme=165&crseTracseSe=C0031&trainstCstmrId=500020021711,0,1,0,드론
1205,ACG20263001192049,166,드론 기초기술 현장적용 가이드,러닝플러스 주식회사,20010102,20010102,정보기술컨설팅,부산,부산진구,원격,2026-11-11,2026-12-10,예정,500,0,0,,0,,0.0,0.0,,62370,62370,62370,28070,https://www.work24.go.kr/hr/a/a/3100/selectTracseDetl.do?tracseId=ACG20263001192049&tracseTme=166&crseTracseSe=C0031&trainstCstmrId=500020021711,0,1,0,드론
1207,AIG20250000510905,22,드론 국가자격증 1종[필기+실기]무인멀티콥터,새동엔지니어링(주) 드론교육원,09040105,09040105,소형무인기운용·조종,서울,관악구,비원격,2026-11-11,2026-12-01,예정,12,0,0,,0,92.9,0.0,0.0,,858000,1858000,858000,1386100,https://www.work24.go.kr/hr/a/a/3100/selectTracseDetl.do?tracseId=AIG20250000510905&tracseTme=22&crseTracseSe=C0061&trainstCstmrId=500037079851,0,0,0,드론
1206,AIG20250000513132,22,드론 국가자격증 1종 실기반(무인멀티콥터),새동엔지니어링(주) 드론교육원,09040105,09040105,소형무인기운용·조종,서울,관악구,비원격,2026-11-11,2026-11-24,예정,4,0,0,,0,100.0,0.0,0.0,,572000,1372000,572000,1057400,https://www.work24.go.kr/hr/a/a/3100/selectTracseDetl.do?tracseId=AIG20250000513132&tracseTme=22&crseTracseSe=C0061&trainstCstmrId=500037079851,0,0,0,드론
1208,ACG20263001192049,167,드론 기초기술 현장적용 가이드,러닝플러스 주식회사,20010102,20010102,정보기술컨설팅,부산,부산진구,원격,2026-11-12,2026-12-11,예정,500,0,0,,0,,0.0,0.0,,62370,62370,62370,28070,https://www.work24.go.kr/hr/a/a/3100/selectTracseDetl.do?tracseId=ACG20263001192049&tracseTme=167&crseTracseSe=C0031&trainstCstmrId=500020021711,0,1,0,드론
1209,AVA20263001321903,16,"드론 활용실무(건설, 물류, 방제용 드론)",사단법인 한국에듀테크산업협회,09040105,09040105,소형무인기운용·조종,서울,강남구,원격,2026-11-12,2026-12-09,예정,500,0,0,,0,,0.0,0.0,,62370,62370,62370,28070,https://www.work24.go.kr/hr/a/a/3100/selectTracseDetl.do?tracseId=AVA20263001321903&tracseTme=16&crseTracseSe=C0055&trainstCstmrId=500020013301,0,1,0,드론
1210,ACG20263001192049,168,드론 기초기술 현장적용 가이드,러닝플러스 주식회사,20010102,20010102,정보기술컨설팅,부산,부산진구,원격,2026-11-13,2026-12-12,예정,500,0,0,,0,,0.0,0.0,,62370,62370,62370,28070,https://www.work24.go.kr/hr/a/a/3100/selectTracseDetl.do?tracseId=ACG20263001192049&tracseTme=168&crseTracseSe=C0031&trainstCstmrId=500020021711,0,1,0,드론
1211,AIG20250000508924,4,"드론 조종,항공 촬영과 기초 영상편집(4종 자격 지원)",현대평생교육원,09040105,09040105,소형무인기운용·조종,대구,달서구,비원격,2026-11-14,2026-11-28,예정,20,0,1,,0,100.0,0.0,0.05,,128700,128700,128700,57920,https://www.work24.go.kr/hr/a/a/3100/selectTracseDetl.do?tracseId=AIG20250000508924&tracseTme=4&crseTracseSe=C0061&trainstCstmrId=500020018082,0,0,0,드론
1212,AIG20250000528935,6,드론조종 3종 양성과정(주말반),드론항공평생교육원,09040105,09040105,소형무인기운용·조종,제주,서귀포시,비원격,2026-11-15,2026-12-06,예정,8,0,0,,0,100.0,0.0,0.0,,357500,560000,357500,363380,https://www.work24.go.kr/hr/a/a/3100/selectTracseDetl.do?tracseId=AIG20250000528935&tracseTme=6&crseTracseSe=C0061&trainstCstmrId=500035584309,0,0,0,드론
1213,ACG20263001192049,169,드론 기초기술 현장적용 가이드,러닝플러스 주식회사,20010102,20010102,정보기술컨설팅,부산,부산진구,원격,2026-11-16,2026-12-15,예정,500,0,0,,0,,0.0,0.0,,62370,62370,62370,28070,https://www.work24.go.kr/hr/a/a/3100/selectTracseDetl.do?tracseId=ACG20263001192049&tracseTme=169&crseTracseSe=C0031&trainstCstmrId=500020021711,0,1,0,드론
1214,AIG20250000504936,1,내가 만든 드론으로 영상 크리에이터,미래직업기술학원,08030204,08030204,광고콘텐츠제작,울산,남구,비원격,2026-11-16,2026-12-29,예정,20,0,3,0,0,,0.0,0.15,,873600,873600,873600,393120,https://www.work24.go.kr/hr/a/a/3100/selectTracseDetl.do?tracseId=AIG20250000504936&tracseTme=1&crseTracseSe=C0061&trainstCstmrId=500020018101,0,1,0,드론
1216,AIG20250000508278,26,무인멀티콥터(드론) 국가자격증 1종 실기교육 과정,주식회사 비아이티코퍼레이션,09040105,09040105,소형무인기운용·조종,전북,전주시,비원격,2026-11-16,2026-11-27,예정,1,0,0,,0,100.0,0.0,0.0,,143000,1000000,143000,921350,https://www.work24.go.kr/hr/a/a/3100/selectTracseDetl.do?tracseId=AIG20250000508278&tracseTme=26&crseTracseSe=C0061&trainstCstmrId=500042783200,0,0,0,드론
1217,AIG20250000531836,20,드론 (1종) 국가자격증 취득 (실기),중부드론교육원,09040105,09040105,소형무인기운용·조종,충북,음성군,비원격,2026-11-16,2026-11-27,예정,8,0,0,,0,,0.0,0.0,,572000,1500000,572000,1128200,https://www.work24.go.kr/hr/a/a/3100/selectTracseDetl.do?tracseId=AIG20250000531836&tracseTme=20&crseTracseSe=C0061&trainstCstmrId=500039127578,0,1,0,드론
1215,AIG20263001359663,2,(산대특) AI 기반 드론·로봇 영상관제 시스템 운영 및 데이터 분석 실무과정,비젼직업전문학교,20010202,20010202,응용SW엔지니어링,대전,중구,비원격,2026-11-16,2027-05-10,예정,20,0,0,,0,,0.0,0.0,,5163600,5163600,5163600,300000,https://www.work24.go.kr/hr/a/a/3100/selectTracseDetl.do?tracseId=AIG20263001359663&tracseTme=2&crseTracseSe=C0061&trainstCstmrId=500020031480,0,1,0,드론
1218,ACG20263001192049,170,드론 기초기술 현장적용 가이드,러닝플러스 주식회사,20010102,20010102,정보기술컨설팅,부산,부산진구,원격,2026-11-17,2026-12-16,예정,500,0,0,,0,,0.0,0.0,,62370,62370,62370,28070,https://www.work24.go.kr/hr/a/a/3100/selectTracseDetl.do?tracseId=ACG20263001192049&tracseTme=170&crseTracseSe=C0031&trainstCstmrId=500020021711,0,1,0,드론
1219,ACG20263001192049,171,드론 기초기술 현장적용 가이드,러닝플러스 주식회사,20010102,20010102,정보기술컨설팅,부산,부산진구,원격,2026-11-18,2026-12-17,예정,500,0,0,,0,,0.0,0.0,,62370,62370,62370,28070,https://www.work24.go.kr/hr/a/a/3100/selectTracseDetl.do?tracseId=ACG20263001192049&tracseTme=171&crseTracseSe=C0031&trainstCstmrId=500020021711,0,1,0,드론
1220,AIG20250000513041,21,드론 국가자격증 3종[필기+실기]+촬영 무인멀티콥터,새동엔지니어링(주) 드론교육원,09040105,09040105,소형무인기운용·조종,서울,관악구,비원격,2026-11-18,2026-12-01,예정,8,0,0,,0,90.5,0.0,0.0,,572000,772000,572000,457400,https://www.work24.go.kr/hr/a/a/3100/selectTracseDetl.do?tracseId=AIG20250000513041&tracseTme=21&crseTracseSe=C0061&trainstCstmrId=500037079851,0,0,0,드론
1221,ACG20263001192049,172,드론 기초기술 현장적용 가이드,러닝플러스 주식회사,20010102,20010102,정보기술컨설팅,부산,부산진구,원격,2026-11-19,2026-12-18,예정,500,0,0,,0,,0.0,0.0,,62370,62370,62370,28070,https://www.work24.go.kr/hr/a/a/3100/selectTracseDetl.do?tracseId=ACG20263001192049&tracseTme=172&crseTracseSe=C0031&trainstCstmrId=500020021711,0,1,0,드론
1222,AVA20263001321903,17,"드론 활용실무(건설, 물류, 방제용 드론)",사단법인 한국에듀테크산업협회,09040105,09040105,소형무인기운용·조종,서울,강남구,원격,2026-11-19,2026-12-16,예정,500,0,0,,0,,0.0,0.0,,62370,62370,62370,28070,https://www.work24.go.kr/hr/a/a/3100/selectTracseDetl.do?tracseId=AVA20263001321903&tracseTme=17&crseTracseSe=C0055&trainstCstmrId=500020013301,0,1,0,드론
1223,ACG20263001192049,173,드론 기초기술 현장적용 가이드,러닝플러스 주식회사,20010102,20010102,정보기술컨설팅,부산,부산진구,원격,2026-11-20,2026-12-19,예정,500,0,0,,0,,0.0,0.0,,62370,62370,62370,28070,https://www.work24.go.kr/hr/a/a/3100/selectTracseDetl.do?tracseId=ACG20263001192049&tracseTme=173&crseTracseSe=C0031&trainstCstmrId=500020021711,0,1,0,드론
1224,AIG20250000509002,27,드론 1종 조종자 국가자격증(필기시험면제자체실기시험),이아이실용전문학원,09040105,09040105,소형무인기운용·조종,경기,시흥시,비원격,2026-11-21,2027-01-09,예정,4,0,2,,0,97.5,0.0,0.5,,858000,1958000,858000,1486100,https://www.work24.go.kr/hr/a/a/3100/selectTracseDetl.do?tracseId=AIG20250000509002&tracseTme=27&crseTracseSe=C0061&trainstCstmrId=500042912111,0,0,0,드론
1225,AIG20250000513041,22,드론 국가자격증 3종[필기+실기]+촬영 무인멀티콥터,새동엔지니어링(주) 드론교육원,09040105,09040105,소형무인기운용·조종,서울,관악구,비원격,2026-11-22,2026-12-26,예정,8,0,0,,0,90.5,0.0,0.0,,572000,772000,572000,457400,https://www.work24.go.kr/hr/a/a/3100/selectTracseDetl.do?tracseId=AIG20250000513041&tracseTme=22&crseTracseSe=C0061&trainstCstmrId=500037079851,0,0,0,드론
1226,AIG20250000519760,8,드론 (1종) 국가자격증 취득과정(필기+실기),신한글로벌인재교육원,09040105,09040105,소형무인기운용·조종,경기,의정부시,비원격,2026-11-22,2027-01-10,예정,4,0,2,,0,96.4,0.0,0.5,,858000,2048000,858000,1576100,https://www.work24.go.kr/hr/a/a/3100/selectTracseDetl.do?tracseId=AIG20250000519760&tracseTme=8&crseTracseSe=C0061&trainstCstmrId=500020031915,0,0,0,드론
1228,ACG20263001192049,174,드론 기초기술 현장적용 가이드,러닝플러스 주식회사,20010102,20010102,정보기술컨설팅,부산,부산진구,원격,2026-11-23,2026-12-22,예정,500,0,0,,0,,0.0,0.0,,62370,62370,62370,28070,https://www.work24.go.kr/hr/a/a/3100/selectTracseDetl.do?tracseId=ACG20263001192049&tracseTme=174&crseTracseSe=C0031&trainstCstmrId=500020021711,0,1,0,드론
1232,AIG20250000509002,28,드론 1종 조종자 국가자격증(필기시험면제자체실기시험),이아이실용전문학원,09040105,09040105,소형무인기운용·조종,경기,시흥시,비원격,2026-11-23,2026-12-11,예정,4,0,0,,0,97.5,0.0,0.0,,858000,1958000,858000,1486100,https://www.work24.go.kr/hr/a/a/3100/selectTracseDetl.do?tracseId=AIG20250000509002&tracseTme=28&crseTracseSe=C0061&trainstCstmrId=500042912111,0,0,0,드론
1229,AIG20250000516351,10,초경량비행장치 무인멀티콥터(드론) 1종 자격(학과이론+모의비행),부산경상대학교산학협력단,09040105,09040105,소형무인기운용·조종,부산,연제구,비원격,2026-11-23,2026-11-27,예정,4,0,0,,0,,0.0,0.0,,286000,500000,286000,342700,https://www.work24.go.kr/hr/a/a/3100/selectTracseDetl.do?tracseId=AIG20250000516351&tracseTme=10&crseTracseSe=C0061&trainstCstmrId=500044212779,0,1,0,드론
1230,AIG20250000516668,10,초경량비행장치 무인멀티콥터(드론) 1종 자격취득(이론+실기),부산경상대학교산학협력단,09040105,09040105,소형무인기운용·조종,부산,연제구,비원격,2026-11-23,2026-12-22,예정,4,0,0,,0,97.4,0.0,0.0,,1001000,2000000,1001000,1449450,https://www.work24.go.kr/hr/a/a/3100/selectTracseDetl.do?tracseId=AIG20250000516668&tracseTme=10&crseTracseSe=C0061&trainstCstmrId=500044212779,0,0,0,드론
1231,AIG20250000520672,1,드론 조종(수중드론) 및 영상촬영편집(A반),신한글로벌인재교육원,09040105,09040105,소형무인기운용·조종,경기,의정부시,비원격,2026-11-23,2027-03-19,예정,10,0,1,,0,,0.0,0.1,,4525950,4525950,4525950,300000,https://www.work24.go.kr/hr/a/a/3100/selectTracseDetl.do?tracseId=AIG20250000520672&tracseTme=1&crseTracseSe=C0061&trainstCstmrId=500020031915,0,1,0,드론
1227,AIG20250000529814,22,드론 1종 국가자격증 취득과정,(주)스마트항공,09040105,09040105,소형무인기운용·조종,부산,사상구,비원격,2026-11-23,2026-12-11,예정,8,0,0,,0,99.5,0.0,0.0,,858000,1980000,858000,1508100,https://www.work24.go.kr/hr/a/a/3100/selectTracseDetl.do?tracseId=AIG20250000529814&tracseTme=22&crseTracseSe=C0061&trainstCstmrId=500042519804,0,0,0,드론
1233,ACG20263001192049,175,드론 기초기술 현장적용 가이드,러닝플러스 주식회사,20010102,20010102,정보기술컨설팅,부산,부산진구,원격,2026-11-24,2026-12-23,예정,500,0,0,,0,,0.0,0.0,,62370,62370,62370,28070,https://www.work24.go.kr/hr/a/a/3100/selectTracseDetl.do?tracseId=ACG20263001192049&tracseTme=175&crseTracseSe=C0031&trainstCstmrId=500020021711,0,1,0,드론
1234,ACG20263001192049,176,드론 기초기술 현장적용 가이드,러닝플러스 주식회사,20010102,20010102,정보기술컨설팅,부산,부산진구,원격,2026-11-25,2026-12-24,예정,500,0,0,,0,,0.0,0.0,,62370,62370,62370,28070,https://www.work24.go.kr/hr/a/a/3100/selectTracseDetl.do?tracseId=ACG20263001192049&tracseTme=176&crseTracseSe=C0031&trainstCstmrId=500020021711,0,1,0,드론
1235,ACG20263001192049,177,드론 기초기술 현장적용 가이드,러닝플러스 주식회사,20010102,20010102,정보기술컨설팅,부산,부산진구,원격,2026-11-26,2026-12-25,예정,500,0,0,,0,,0.0,0.0,,62370,62370,62370,28070,https://www.work24.go.kr/hr/a/a/3100/selectTracseDetl.do?tracseId=ACG20263001192049&tracseTme=177&crseTracseSe=C0031&trainstCstmrId=500020021711,0,1,0,드론
1236,AVA20263001321903,18,"드론 활용실무(건설, 물류, 방제용 드론)",사단법인 한국에듀테크산업협회,09040105,09040105,소형무인기운용·조종,서울,강남구,원격,2026-11-26,2026-12-23,예정,500,0,0,,0,,0.0,0.0,,62370,62370,62370,28070,https://www.work24.go.kr/hr/a/a/3100/selectTracseDetl.do?tracseId=AVA20263001321903&tracseTme=18&crseTracseSe=C0055&trainstCstmrId=500020013301,0,1,0,드론
1237,ACG20263001192049,178,드론 기초기술 현장적용 가이드,러닝플러스 주식회사,20010102,20010102,정보기술컨설팅,부산,부산진구,원격,2026-11-27,2026-12-26,예정,500,0,0,,0,,0.0,0.0,,62370,62370,62370,28070,https://www.work24.go.kr/hr/a/a/3100/selectTracseDetl.do?tracseId=ACG20263001192049&tracseTme=178&crseTracseSe=C0031&trainstCstmrId=500020021711,0,1,0,드론
1238,AIG20250000527495,22,초경량비행장치 드론 1종 국가자격증 취득 과정,알씨스카이 부설 무인기술UAV교육원,09040105,09040105,소형무인기운용·조종,경남,창원시,비원격,2026-11-28,2027-01-16,예정,8,0,0,,0,100.0,0.0,0.0,,858000,1980000,858000,1508100,https://www.work24.go.kr/hr/a/a/3100/selectTracseDetl.do?tracseId=AIG20250000527495&tracseTme=22&crseTracseSe=C0061&trainstCstmrId=500035425743,0,0,0,드론
1240,ACG20263001192049,179,드론 기초기술 현장적용 가이드,러닝플러스 주식회사,20010102,20010102,정보기술컨설팅,부산,부산진구,원격,2026-11-30,2026-12-29,예정,500,0,0,,0,,0.0,0.0,,62370,62370,62370,28070,https://www.work24.go.kr/hr/a/a/3100/selectTracseDetl.do?tracseId=ACG20263001192049&tracseTme=179&crseTracseSe=C0031&trainstCstmrId=500020021711,0,1,0,드론
1244,AIG20250000505693,15,드론(무인멀티콥터) 국가자격증 1종 학과 교육 과정,주식회사 비아이티코퍼레이션,09040105,09040105,소형무인기운용·조종,전북,전주시,비원격,2026-11-30,2026-12-04,예정,8,0,0,,0,96.7,0.0,0.0,,286000,500000,286000,342700,https://www.work24.go.kr/hr/a/a/3100/selectTracseDetl.do?tracseId=AIG20250000505693&tracseTme=15&crseTracseSe=C0061&trainstCstmrId=500042783200,0,0,0,드론
1243,AIG20250000509002,29,드론 1종 조종자 국가자격증(필기시험면제자체실기시험),이아이실용전문학원,09040105,09040105,소형무인기운용·조종,경기,시흥시,비원격,2026-11-30,2026-12-18,예정,4,0,0,,0,97.5,0.0,0.0,,858000,1958000,858000,1486100,https://www.work24.go.kr/hr/a/a/3100/selectTracseDetl.do?tracseId=AIG20250000509002&tracseTme=29&crseTracseSe=C0061&trainstCstmrId=500042912111,0,0,0,드론
1241,AIG20250000516429,10,초경량비행장치 무인멀티콥터(드론) 1종 자격(실기비행),부산경상대학교산학협력단,09040105,09040105,소형무인기운용·조종,부산,연제구,비원격,2026-11-30,2026-12-21,예정,4,0,0,,0,,0.0,0.0,,715000,1500000,715000,1106750,https://www.work24.go.kr/hr/a/a/3100/selectTracseDetl.do?tracseId=AIG20250000516429&tracseTme=10&crseTracseSe=C0061&trainstCstmrId=500044212779,0,1,0,드론
1242,AIG20250000527495,23,초경량비행장치 드론 1종 국가자격증 취득 과정,알씨스카이 부설 무인기술UAV교육원,09040105,09040105,소형무인기운용·조종,경남,창원시,비원격,2026-11-30,2026-12-18,예정,8,0,0,,0,100.0,0.0,0.0,,858000,1980000,858000,1508100,https://www.work24.go.kr/hr/a/a/3100/selectTracseDetl.do?tracseId=AIG20250000527495&tracseTme=23&crseTracseSe=C0061&trainstCstmrId=500035425743,0,0,0,드론
1239,AIG20250000534362,16,초경량비행장치 무인멀티콥터 취득과정(평일),강남무인항공,09040105,09040105,소형무인기운용·조종,전북,장수군,비원격,2026-11-30,2026-12-18,예정,8,0,0,,0,100.0,0.0,0.0,,858000,1500000,858000,1028100,https://www.work24.go.kr/hr/a/a/3100/selectTracseDetl.do?tracseId=AIG20250000534362&tracseTme=16&crseTracseSe=C0061&trainstCstmrId=500034689871,0,0,0,드론
1245,AIG20250000504420,11,초경량 비행장치무인멀티콥터(드론)조종자1종과정,(주)규림,09040105,09040105,소형무인기운용·조종,경북,구미시,비원격,2026-12-03,2026-12-31,예정,8,0,0,,0,92.5,0.0,0.0,,1144000,1844000,1144000,1214800,https://www.work24.go.kr/hr/a/a/3100/selectTracseDetl.do?tracseId=AIG20250000504420&tracseTme=11&crseTracseSe=C0061&trainstCstmrId=500037029319,0,0,0,드론
1246,AVA20263001321903,19,"드론 활용실무(건설, 물류, 방제용 드론)",사단법인 한국에듀테크산업협회,09040105,09040105,소형무인기운용·조종,서울,강남구,원격,2026-12-03,2026-12-30,예정,500,0,0,,0,,0.0,0.0,,62370,62370,62370,28070,https://www.work24.go.kr/hr/a/a/3100/selectTracseDetl.do?tracseId=AVA20263001321903&tracseTme=19&crseTracseSe=C0055&trainstCstmrId=500020013301,0,1,0,드론
1247,AIG20250000532702,1,초경량 비행장치(드론) 1종 조종자 취득과정,디엠씨,09040105,09040105,소형무인기운용·조종,경남,양산시,비원격,2026-12-04,2026-12-31,예정,8,0,5,,0,,0.0,0.625,,1144000,1744000,1144000,1114800,https://www.work24.go.kr/hr/a/a/3100/selectTracseDetl.do?tracseId=AIG20250000532702&tracseTme=1&crseTracseSe=C0061&trainstCstmrId=500038945686,0,1,0,드론
1248,AIG20250000529814,23,드론 1종 국가자격증 취득과정,(주)스마트항공,09040105,09040105,소형무인기운용·조종,부산,사상구,비원격,2026-12-06,2027-01-24,예정,8,0,0,,0,99.5,0.0,0.0,,858000,1980000,858000,1508100,https://www.work24.go.kr/hr/a/a/3100/selectTracseDetl.do?tracseId=AIG20250000529814&tracseTme=23&crseTracseSe=C0061&trainstCstmrId=500042519804,0,0,0,드론
1250,AIG20250000508278,27,무인멀티콥터(드론) 국가자격증 1종 실기교육 과정,주식회사 비아이티코퍼레이션,09040105,09040105,소형무인기운용·조종,전북,전주시,비원격,2026-12-07,2026-12-18,예정,1,0,0,,0,100.0,0.0,0.0,,143000,1000000,143000,921350,https://www.work24.go.kr/hr/a/a/3100/selectTracseDetl.do?tracseId=AIG20250000508278&tracseTme=27&crseTracseSe=C0061&trainstCstmrId=500042783200,0,0,0,드론
1249,AIG20250000513278,5,드론 AI소프트웨어 개발[픽스호크+아두파일럿](무인멀티콥터),새동엔지니어링(주) 드론교육원,09040105,09040105,소형무인기운용·조종,서울,관악구,비원격,2026-12-07,2027-06-17,예정,16,0,1,,0,,0.0,0.0625,,5577000,5577000,5577000,300000,https://www.work24.go.kr/hr/a/a/3100/selectTracseDetl.do?tracseId=AIG20250000513278&tracseTme=5&crseTracseSe=C0061&trainstCstmrId=500037079851,0,1,0,드론
1251,AIG20250000519400,6,드론 지도조종자[교관],(주)충남무인항공교육원,09040105,09040105,소형무인기운용·조종,충남,천안시,비원격,2026-12-08,2027-01-07,예정,2,0,0,,0,100.0,0.0,0.0,,1315600,3200000,1315600,2476420,https://www.work24.go.kr/hr/a/a/3100/selectTracseDetl.do?tracseId=AIG20250000519400&tracseTme=6&crseTracseSe=C0061&trainstCstmrId=500034750847,0,0,0,드론
1252,AVA20263001321903,20,"드론 활용실무(건설, 물류, 방제용 드론)",사단법인 한국에듀테크산업협회,09040105,09040105,소형무인기운용·조종,서울,강남구,원격,2026-12-10,2027-01-06,예정,500,0,0,,0,,0.0,0.0,,62370,62370,62370,28070,https://www.work24.go.kr/hr/a/a/3100/selectTracseDetl.do?tracseId=AVA20263001321903&tracseTme=20&crseTracseSe=C0055&trainstCstmrId=500020013301,0,1,0,드론
1253,AIG20250000509002,30,드론 1종 조종자 국가자격증(필기시험면제자체실기시험),이아이실용전문학원,09040105,09040105,소형무인기운용·조종,경기,시흥시,비원격,2026-12-12,2027-01-30,예정,4,0,0,,0,97.5,0.0,0.0,,858000,1958000,858000,1486100,https://www.work24.go.kr/hr/a/a/3100/selectTracseDetl.do?tracseId=AIG20250000509002&tracseTme=30&crseTracseSe=C0061&trainstCstmrId=500042912111,0,0,0,드론
1255,AIG20250000509002,31,드론 1종 조종자 국가자격증(필기시험면제자체실기시험),이아이실용전문학원,09040105,09040105,소형무인기운용·조종,경기,시흥시,비원격,2026-12-14,2027-01-06,예정,4,0,1,,0,97.5,0.0,0.25,,858000,1958000,858000,1486100,https://www.work24.go.kr/hr/a/a/3100/selectTracseDetl.do?tracseId=AIG20250000509002&tracseTme=31&crseTracseSe=C0061&trainstCstmrId=500042912111,0,0,0,드론
1254,AIG20250000529814,24,드론 1종 국가자격증 취득과정,(주)스마트항공,09040105,09040105,소형무인기운용·조종,부산,사상구,비원격,2026-12-14,2027-01-04,예정,8,0,0,,0,99.5,0.0,0.0,,858000,1980000,858000,1508100,https://www.work24.go.kr/hr/a/a/3100/selectTracseDetl.do?tracseId=AIG20250000529814&tracseTme=24&crseTracseSe=C0061&trainstCstmrId=500042519804,0,0,0,드론
1256,AVA20263001321903,21,"드론 활용실무(건설, 물류, 방제용 드론)",사단법인 한국에듀테크산업협회,09040105,09040105,소형무인기운용·조종,서울,강남구,원격,2026-12-17,2027-01-13,예정,500,0,0,,0,,0.0,0.0,,62370,62370,62370,28070,https://www.work24.go.kr/hr/a/a/3100/selectTracseDetl.do?tracseId=AVA20263001321903&tracseTme=21&crseTracseSe=C0055&trainstCstmrId=500020013301,0,1,0,드론
1258,AIG20250000505693,16,드론(무인멀티콥터) 국가자격증 1종 학과 교육 과정,주식회사 비아이티코퍼레이션,09040105,09040105,소형무인기운용·조종,전북,전주시,비원격,2026-12-21,2026-12-28,예정,8,0,0,,0,96.7,0.0,0.0,,286000,500000,286000,342700,https://www.work24.go.kr/hr/a/a/3100/selectTracseDetl.do?tracseId=AIG20250000505693&tracseTme=16&crseTracseSe=C0061&trainstCstmrId=500042783200,0,0,0,드론
1257,AIG20250000527495,24,초경량비행장치 드론 1종 국가자격증 취득 과정,알씨스카이 부설 무인기술UAV교육원,09040105,09040105,소형무인기운용·조종,경남,창원시,비원격,2026-12-21,2027-01-11,예정,8,0,0,,0,100.0,0.0,0.0,,858000,1980000,858000,1508100,https://www.work24.go.kr/hr/a/a/3100/selectTracseDetl.do?tracseId=AIG20250000527495&tracseTme=24&crseTracseSe=C0061&trainstCstmrId=500035425743,0,0,0,드론
1259,AVA20263001321903,22,"드론 활용실무(건설, 물류, 방제용 드론)",사단법인 한국에듀테크산업협회,09040105,09040105,소형무인기운용·조종,서울,강남구,원격,2026-12-24,2027-01-20,예정,500,0,0,,0,,0.0,0.0,,62370,62370,62370,28070,https://www.work24.go.kr/hr/a/a/3100/selectTracseDetl.do?tracseId=AVA20263001321903&tracseTme=22&crseTracseSe=C0055&trainstCstmrId=500020013301,0,1,0,드론
1260,AIG20250000519317,4,드론 국가자격증1종[실기],(주)충남무인항공교육원,09040105,09040105,소형무인기운용·조종,충남,천안시,비원격,2026-12-26,2027-01-24,예정,4,0,0,,0,93.9,0.0,0.0,,572000,1600000,572000,1285400,https://www.work24.go.kr/hr/a/a/3100/selectTracseDetl.do?tracseId=AIG20250000519317&tracseTme=4&crseTracseSe=C0061&trainstCstmrId=500034750847,0,0,0,드론
1261,AIG20250000508278,28,무인멀티콥터(드론) 국가자격증 1종 실기교육 과정,주식회사 비아이티코퍼레이션,09040105,09040105,소형무인기운용·조종,전북,전주시,비원격,2026-12-29,2027-01-13,예정,1,0,0,,0,100.0,0.0,0.0,,143000,1000000,143000,921350,https://www.work24.go.kr/hr/a/a/3100/selectTracseDetl.do?tracseId=AIG20250000508278&tracseTme=28&crseTracseSe=C0061&trainstCstmrId=500042783200,0,0,0,드론
1262,AVA20263001321903,23,"드론 활용실무(건설, 물류, 방제용 드론)",사단법인 한국에듀테크산업협회,09040105,09040105,소형무인기운용·조종,서울,강남구,원격,2026-12-31,2027-01-27,예정,500,0,0,,0,,0.0,0.0,,62370,62370,62370,28070,https://www.work24.go.kr/hr/a/a/3100/selectTracseDetl.do?tracseId=AVA20263001321903&tracseTme=23&crseTracseSe=C0055&trainstCstmrId=500020013301,0,1,0,드론
